<TEI xmlns="http://www.tei-c.org/ns/1.0" xmlns:voice="http://www.univie.ac.at/voice/ns/1.0" xmlns:xi="http://www.w3.org/2001/XInclude" version="5" xml:id="EDint604" xml:lang="eng">
   <teiHeader>
      <fileDesc>
         <titleStmt>
            <title>interview about attitudes towards the use of English and Maltese in Malta</title>
            <principal>Prof. Barbara Seidlhofer</principal>
            <editor/>
            <funder>Austrian Science Foundation (FWF)</funder>
            <sponsor/>
            <respStmt>
               <resp>Corpus Compilation</resp>
               <orgName>VOICE Project</orgName>
               <persName>Barbara Seidlhofer</persName>
               <persName>Angelika Breiteneder</persName>
               <persName>Marie-Luise Pitzl</persName>
               <persName>Stefan Majewski</persName>
               <persName>Theresa Klimpfinger</persName>
            </respStmt>
         </titleStmt>
         <editionStmt>
		<edition>Version 1.0 XML, <date>May 2011</date></edition>
	  <respStmt>
		<resp>Researchers</resp>
		<name>Barbara Seidlhofer</name> 		
		<name>Angelika Breiteneder</name> 
		<name>Theresa Klimpfinger</name> 
		<name>Stefan Majewski</name> 
		<name>Marie-Luise Pitzl</name> 
	  </respStmt>
	</editionStmt>
         <publicationStmt>
		<publisher>Barbara Seidlhofer, Stefan Majewski, Marie-Luise Pitzl</publisher> 
	  <distributor>VOICE Project, University of Vienna, Austria</distributor> 
	  <address>
		<addrLine>Spitalgasse 2, AAKH Hof 8</addrLine> 
		<addrLine>1090 Vienna</addrLine> 
		<addrLine>Austria</addrLine> 
		<addrLine>Telephone: +43 1 427742446</addrLine> 
	  	<addrLine>Email: voice@univie.ac.at</addrLine> 
		<addrLine>Website: http://www.univie.ac.at/voice</addrLine> 
	  </address>
	  <availability status="free">
	  	<p>
		  The Vienna-Oxford International Corpus of English (VOICE)
		  was created by Barbara Seidlhofer (project director) and
		  Angelika Breiteneder, Theresa Klimpfinger, Stefan Majewski,
		  Marie-Luise Pitzl (project researchers). VOICE 1.0 XML is
		  available for download at the VOICE Project's website <ref target="http://www.univie.ac.at/voice/">http://www.univie.ac.at/voice/</ref>
		  under a Creative Commons
		  Attribution-NonCommercial-ShareAlike 3.0 Unported (CC
		  BY-NC-SA 3.0) License (<ref target="http://creativecommons.org/licenses/by-nc-sa/3.0/">
		  http://creativecommons.org/licenses/by-nc-sa/3.0/
		  </ref>). The original audio files are held at the Department
		  of English, University of Vienna. 23 selected audio files
		  are available as audio streams in the VOICE Online interface
		  at the VOICE Project's website <ref target="http://www.univie.ac.at/voice">http://www.univie.ac.at/voice</ref>.
		</p>
		<p>
		The recommended citation for VOICE 1.0 XML is:
		</p>
		<p>
		<bibl><title>VOICE</title>. <date>2011</date>. <title level="m">The Vienna-Oxford International Corpus of
		English</title> (<edition>version 1.0
		XML</edition>). Director: Barbara Seidlhofer; Researchers:
		Angelika Breiteneder, Theresa Klimpfinger, Stefan Majewski,
		Marie-Luise Pitzl.</bibl>
		</p>
		<p>The short citation for VOICE 1.0 XML is:
		</p>
		<p>
		<bibl><title>VOICE</title>. <date>2011</date>. <title level="m">The Vienna-Oxford International Corpus of
		English</title> (<edition>version 1.0
		XML</edition>).</bibl></p>
		<p>
		  For further information about availability and copyright
		  permissions, please see the README file included in the
		  download package. For further enquiries please contact the
		  VOICE Project at <ref target="mailto:voice@univie.ac.at">voice@univie.ac.at</ref>.
		</p>
	  </availability>
	</publicationStmt>
         <notesStmt>
            <note xml:id="EDint604_wc">Words: 1599</note>
            <note xml:id="EDint604_tn_0">This interview is conducted by S1, a Serbian student at the University of Vienna, as part of her final thesis project which focuses on language attitudes in Malta. S1 randomly interviews students who are passing by on a Maltese campus to find out about their language attitudes concerning the use of English and Maltese in Malta. S3 and S4 are friends and fellow students.  </note>
         </notesStmt>
         <sourceDesc>
            <recordingStmt>
               <recording dur="PT00H08M24S" type="audio">
                  <date>2006-05-25</date>
                  <equipment>
                     <p>Portable minidisc recorder with electret condenser stereo microphone</p>
                  </equipment>
                  <respStmt>
                     <resp>recording</resp>
                     <name>R11</name>
                  </respStmt>
               </recording>
            </recordingStmt>
         </sourceDesc>
      </fileDesc>
      <encodingDesc>
         <classDecl>
            <taxonomy>
               <category xml:id="EDint604_domain">
                  <catDesc>Domain</catDesc>
                  <category sameAs="#ED" xml:id="EDint604_ED">
                     <catDesc>educational</catDesc>
                  </category>
                  <category sameAs="#LE" xml:id="EDint604_LE">
                     <catDesc>leisure</catDesc>
                  </category>
                  <category sameAs="#PB" xml:id="EDint604_PB">
                     <catDesc>professional business</catDesc>
                  </category>
                  <category sameAs="#PO" xml:id="EDint604_PO">
                     <catDesc>professional organizational</catDesc>
                  </category>
                  <category sameAs="#PR" xml:id="EDint604_PR">
                     <catDesc>professional research/science</catDesc>
                  </category>
               </category>
               <category xml:id="EDint604_spet">
                  <catDesc>Speech Event Type</catDesc>
                  <category sameAs="#int" xml:id="EDint604_int">
                     <catDesc>interview</catDesc>
                  </category>
                  <category sameAs="#prc" xml:id="EDint604_prc">
                     <catDesc>press conference</catDesc>
                  </category>
                  <category sameAs="#sve" xml:id="EDint604_sve">
                     <catDesc>service encounter</catDesc>
                  </category>
                  <category sameAs="#sed" xml:id="EDint604_sed">
                     <catDesc>seminar discussion</catDesc>
                  </category>
                  <category sameAs="#wgd" xml:id="EDint604_wgd">
                     <catDesc>working group discussion</catDesc>
                  </category>
                  <category sameAs="#wsd" xml:id="EDint604_wsd">
                     <catDesc>workshop discussion</catDesc>
                  </category>
                  <category sameAs="#mtg" xml:id="EDint604_mtg">
                     <catDesc>meeting</catDesc>
                  </category>
                  <category sameAs="#pan" xml:id="EDint604_pan">
                     <catDesc>panel</catDesc>
                  </category>
                  <category sameAs="#qas" xml:id="EDint604_qas">
                     <catDesc>question-answer session</catDesc>
                  </category>
                  <category sameAs="#con" xml:id="EDint604_con">
                     <catDesc>conversation</catDesc>
                  </category>
               </category>
            </taxonomy>
         </classDecl>
         <tagsDecl><namespace name="http://www.tei-c.org/ns/1.0">
      <tagUsage gi="TEI" occurs="1"/>
      <tagUsage gi="teiHeader" occurs="1"/>
      <tagUsage gi="fileDesc" occurs="1"/>
      <tagUsage gi="titleStmt" occurs="1"/>
      <tagUsage gi="title" occurs="5"/>
      <tagUsage gi="principal" occurs="1"/>
      <tagUsage gi="editor" occurs="1"/>
      <tagUsage gi="funder" occurs="1"/>
      <tagUsage gi="sponsor" occurs="1"/>
      <tagUsage gi="respStmt" occurs="3"/>
      <tagUsage gi="resp" occurs="3"/>
      <tagUsage gi="orgName" occurs="1"/>
      <tagUsage gi="persName" occurs="5"/>
      <tagUsage gi="editionStmt" occurs="1"/>
      <tagUsage gi="edition" occurs="3"/>
      <tagUsage gi="date" occurs="4"/>
      <tagUsage gi="name" occurs="8"/>
      <tagUsage gi="publicationStmt" occurs="1"/>
      <tagUsage gi="publisher" occurs="1"/>
      <tagUsage gi="distributor" occurs="1"/>
      <tagUsage gi="address" occurs="1"/>
      <tagUsage gi="addrLine" occurs="6"/>
      <tagUsage gi="availability" occurs="1"/>
      <tagUsage gi="p" occurs="7"/>
      <tagUsage gi="ref" occurs="5"/>
      <tagUsage gi="bibl" occurs="2"/>
      <tagUsage gi="notesStmt" occurs="1"/>
      <tagUsage gi="note" occurs="2"/>
      <tagUsage gi="sourceDesc" occurs="1"/>
      <tagUsage gi="recordingStmt" occurs="1"/>
      <tagUsage gi="recording" occurs="1"/>
      <tagUsage gi="equipment" occurs="1"/>
      <tagUsage gi="encodingDesc" occurs="1"/>
      <tagUsage gi="classDecl" occurs="1"/>
      <tagUsage gi="taxonomy" occurs="1"/>
      <tagUsage gi="category" occurs="17"/>
      <tagUsage gi="catDesc" occurs="17"/>
      <tagUsage gi="tagsDecl" occurs="1"/>
      <tagUsage gi="namespace" occurs="2"/>
      <tagUsage gi="tagUsage" occurs="81"/>
      <tagUsage gi="gi" occurs="5"/>
      <tagUsage gi="att" occurs="15"/>
      <tagUsage gi="list" occurs="11"/>
      <tagUsage gi="label" occurs="20"/>
      <tagUsage gi="val" occurs="42"/>
      <tagUsage gi="item" occurs="40"/>
      <tagUsage gi="profileDesc" occurs="1"/>
      <tagUsage gi="textClass" occurs="1"/>
      <tagUsage gi="catRef" occurs="2"/>
      <tagUsage gi="settingDesc" occurs="1"/>
      <tagUsage gi="setting" occurs="1"/>
      <tagUsage gi="locale" occurs="1"/>
      <tagUsage gi="activity" occurs="1"/>
      <tagUsage gi="particDesc" occurs="1"/>
      <tagUsage gi="listPerson" occurs="3"/>
      <tagUsage gi="personGrp" occurs="2"/>
      <tagUsage gi="person" occurs="3"/>
      <tagUsage gi="age" occurs="3"/>
      <tagUsage gi="sex" occurs="3"/>
      <tagUsage gi="occupation" occurs="3"/>
      <tagUsage gi="langKnowledge" occurs="3"/>
      <tagUsage gi="langKnown" occurs="4"/>
      <tagUsage gi="relationGrp" occurs="1"/>
      <tagUsage gi="relation" occurs="2"/>
      <tagUsage gi="revisionDesc" occurs="1"/>
      <tagUsage gi="change" occurs="5"/>
      <tagUsage gi="text" occurs="1"/>
      <tagUsage gi="body" occurs="1"/>
      <tagUsage gi="div" occurs="1"/>
      <tagUsage gi="u" occurs="230">Used to mark a stretch of speech commonly
		preceded and followed by a pause or by a change of speaker. A
		<gi>u</gi> is, however, not required to be bounded by a pause or
		a change of speaker, nor does it represent a turn in a
		conversation analytic sense. At a minimum, a <gi>u</gi> is some
		phonetic production or noise made by a given speaker or a group of speakers.</tagUsage>
      <tagUsage gi="incident" occurs="2">Used to mark contextual information
		relevant to the understanding of the interaction or the
		interaction as such. The <att>voice:desc</att> attribute
		provides a short prose description of the contextual
		event.</tagUsage>
      <tagUsage gi="pause" occurs="189">Used to mark a pause either between or
		within utterances. Used without <att>dur</att> attribute to
		indicate a brief pause up to half a second.
		</tagUsage>
      <tagUsage gi="emph" occurs="20">Used to mark speech which is stressed or
		emphasized in a way that goes beyond regular nuclear
		stress.</tagUsage>
      <tagUsage gi="vocal" occurs="23">Used to mark laughter and other speaker
		noises and non-verbal feedback.
        <list>
          <label>
            <val>speaker_noise</val>
          </label>
          <item>
            <list>
              <item>
                <val>coughing</val>
              </item>
              <item>
                <val>nods</val>
              </item>
              <item>
                <val>shakes head</val>
              </item>
              <item>
                <val>smacks lips</val>
              </item>
              <item>
                <val>sniffs</val>
              </item>
              <item>
                <val>swallows</val>
              </item>
              <item>
                <val>whistles</val>
              </item>
            </list>
          </item>
          <label>
            <val>wordlike</val>
          </label>
          <item>
            <val>laughing</val>
          </item>
        </list>
        </tagUsage>
      <tagUsage gi="shift" occurs="28">Used to mark the point at which some
		paralinguistic feature changes. The following attribute values
		are used to mark:
		<list>
          <label>
            <val>voice</val>
          </label>
          <item>voice quality
          <list>
            <item><val>imitating</val></item>
            <item><val>laugh</val></item>
            <item><val>neutral</val></item>
            <item><val>phone</val></item>
            <item><val>reading</val></item>
            <item><val>reading_aloud</val></item>
            <item><val>sigh</val></item>
            <item><val>singing</val></item>
            <item><val>whisp</val></item>
            <item><val>yawning</val></item>
          </list>
          </item>
          <label>
          <val>tempo</val></label>
          <item>speed of utterance
            <list>
              <label><val>a</val></label>
              <item>accelerando</item>
              <label><val>l</val></label>
              <item>lento</item>
              <label><val>neutral</val></label>
              <item>neutral</item>
            </list>
          </item>
          <label>
          <val>loud</val></label>
          <item>loudness
            <list>
              <item><val>f</val></item>
              <item><val>neutral</val></item>
              <item><val>p</val></item>
            </list>
          </item>
		  </list>
		</tagUsage>
      <tagUsage gi="seg" occurs="138">Used with different <att>type</att> attributes to mark:
		<list>
		  <label><att>type</att><val>overlap</val></label>
		  <item>overlaps</item>
		  <label><att>type</att><val>onomatopoeia</val></label>
		  <item>onomatopoeic sounds</item>
		  <label><att>type</att><val>ipa</val></label>
		  <item>transcriptions in the international phonetic alphabet</item>
		</list>
		</tagUsage>
      <tagUsage gi="c" occurs="35">Used to mark lengthening of sounds and
		intonation (fall, rise). The following <att>type</att>
		attributes are used to mark:
		<list>
		  <label><val>lengthening</val></label><item>lengthened
		  sounds</item>
		  <label><val>intonation</val></label><item>a significant change in
		  intonation, marked with the following <att>function</att>
		  attribute for:
		  <list>
			<label><val>fall</val></label><item>falling
			intonation</item>
			<label><val>rise</val></label><item>rising intonation</item>
		  </list>
		</item>
		</list>
		Intonation may or may not coincide with
		syntactic boundaries.
		</tagUsage>
      <tagUsage gi="anchor" occurs="32">Used to mark other-continuation,
		i.e. whenever a speaker continues another speaker's <gi>u</gi>
		without a pause. Other-continuation is to be interpreted
		temporally and does not relate to form or content of the
		speakers' utterances.</tagUsage>
      <tagUsage gi="foreign" occurs="5">Used to mark a word or phrase as
		belonging to some language other than English. The following
		values for the <att>type</att> attribute are used to mark:
		<list>
		  <label><val>L1</val></label><item>the speaker's first
		  language</item>
		  <label><val>LN</val></label><item>a language other than the
		  speaker's first language</item>
		  <label><val>LQ</val></label><item>a language where it cannot
		  be ascertained whether it is the speaker's first or other
		  language.</item>
		</list>
		Whenever possible, the 
		<att>voice:translation</att> attribute provides a rough translation of the
		non-English speech into English.
		</tagUsage>
      <tagUsage gi="supplied" occurs="4">Used to mark text supplied by the
		transcriber because the original is unintelligible or needed to
		be anonymized. The <att>reason</att> attribute is used to mark:
		<list>
		  <label><val>unintelligible</val></label><item>unintelligible
		  speech</item>
		  <label><val>anonymization</val></label><item>anonymized
		  speech</item>
		</list>
		</tagUsage>
      <tagUsage gi="w" occurs="1">
		  Used with the <att>type</att> attribute set to
		  <val>spelt</val> to mark words or word fragments which are
		  spelt out, i.e. words whose constituents are pronounced as
		  individual letters.
		</tagUsage></namespace><namespace name="http://www.univie.ac.at/voice/ns/1.0">
      <tagUsage gi="voice:track" occurs="2">Used to mark the beginning of a new
		audio track used in transcription (usually three minutes in length) and thus refers to the audio recording
		of the transcribed speech event.
		</tagUsage>
      <tagUsage gi="voice:pvc" occurs="1">Used to mark a pronunciation variation
		or coinage as described in <ref target="http://www.univie.ac.at/voice/documents/VOICE_mark-up_conventions_v2-1.pdf">the
			VOICE mark-up conventions [2.1].</ref>the
			VOICE mark-up conventions [2.1]. An existing word corresponding to the PVC may be provided within a <att>comment</att>comment attribute within the <gi>voice:pvc</gi>voice:pvc element. Additional phonetic
			transcription may be provided within a <att>voice:ipa</att>voice:ipa attribute
			within the <gi>voice:pvc</gi>voice:pvc element.</tagUsage>
      <tagUsage gi="voice:to" occurs="4">Used to mark speech directed towards a
		particular speaker. The <att>who</att>who attribute indicates the
		addressed speaker.</tagUsage></namespace></tagsDecl>
      </encodingDesc>
      <profileDesc>
         <textClass>
            <catRef target="#EDint604_ED #EDint604_int"/>
            <catRef target="#ED #int"/>
         </textClass>
         <settingDesc>
            <setting>
               <name type="country">MT</name>
               <name type="city">unknown</name>
               <locale>university campus</locale>
               <activity>none</activity>
            </setting>
         </settingDesc>
         <particDesc>
            <listPerson type="main">
               <listPerson type="groups">
                  <personGrp role="speakers" size="3"/>
                  <personGrp role="interactants" size="3"/>
               </listPerson>
               <listPerson type="identified">
                  <person role="interviewee" sameAs="#P264" xml:id="EDint604_S3">
                     <age value="1">17-24</age>
                     <sex value="1">male</sex>
                     <occupation>student</occupation>
                     <langKnowledge>
                        <langKnown level="L1" tag="mlt-MT"/>
                        <langKnown level="L1" tag="ger-AT"/>
                     </langKnowledge>
                  </person>
                  <person role="interviewee" sameAs="#P265" xml:id="EDint604_S4">
                     <age value="1">17-24</age>
                     <sex value="1">male</sex>
                     <occupation>student</occupation>
                     <langKnowledge>
                        <langKnown level="L1" tag="mlt-MT"/>
                     </langKnowledge>
                  </person>
                  <person role="interviewer" sameAs="#P168" xml:id="EDint604_S1">
                     <age value="1">17-24</age>
                     <sex value="2">female</sex>
                     <occupation>student</occupation>
                     <langKnowledge>
                        <langKnown level="L1" tag="scc-RS"/>
                     </langKnowledge>
                  </person>
               </listPerson>
               <relationGrp>
                  <relation mutual="#EDint604_S1 #EDint604_S3 #EDint604_S4" name="fairly_symmetrical" type="power"/>
                  <relation mutual="#EDint604_S1 #EDint604_S3 #EDint604_S4" name="predominantly_unacquainted" type="acquaintedness"/>
               </relationGrp>
            </listPerson>
         </particDesc>
      </profileDesc>
      <revisionDesc>
         <change when="2009-05-19" who="SM">conversion to XML</change>
         <change when="2009-05-08" who="MLP">finalized for publication</change>
         <change when="2009-02-20" who="AB">proof-reading</change>
         <change when="2007-02-07" who="TK">checking</change>
         <change when="2006-09-11" who="LO">transcription</change>
      </revisionDesc>
   </teiHeader>
   <text>
      <body>
         <div type="medium" voice:end="02:45" voice:end_medium_number="1" voice:end_track="6" voice:medium_type="md" voice:start="00:31" voice:start_medium_number="1" voice:start_track="4">
            <u who="#EDint604_S1" xml:id="EDint604_u_1"> don't pay attention to this <incident voice:desc="points to microphone"/><pause/> it's like <pause/> nothing <pause/><emph> really </emph><vocal subtype="wordstart" type="wordlike" voice:desc="laughing" voice:syl="2"/></u>
            <u who="#EDint604_S3" xml:id="EDint604_u_2"> what is it about so  </u>
            <u who="#EDint604_S1" xml:id="EDint604_u_3"> so i'm writing my thesis about english and maltese <pause/> in malta <pause/> and i'm trying to to get to know what people think about english and maltese <pause/> hh <emph> when </emph> do you use it when do you speak it to whom and in which situation <pause dur="PT2S"/> so yeah <pause/> i'd like basically to know <pause/><emph> how </emph> do you see english in malta <pause dur="PT2S"/></u>
            <u who="#EDint604_S3" xml:id="EDint604_u_4"><shift corresp="#EDint604_s_2" feature="loud" new="p" xml:id="EDint604_s_1"/> how do you see english <seg n="1" type="overlap" xml:id="EDint604_ol_0"> in malta </seg><shift corresp="#EDint604_s_1" feature="loud" new="neutral" xml:id="EDint604_s_2"/></u>
            <u who="#EDint604_S4" xml:id="EDint604_u_5"><seg n="1" synch="#EDint604_ol_0" type="overlap" xml:id="EDint604_ol_1"> in comparison </seg> to maltese you mean<c function="rise" type="intonation"/></u>
            <u who="#EDint604_S1" xml:id="EDint604_u_6"> yes for example <pause dur="PT2S"/> do you <seg n="2" type="overlap" xml:id="EDint604_ol_2"> like it<c function="rise" type="intonation"/></seg></u>
            <u who="#EDint604_S4" xml:id="EDint604_u_7"><seg n="2" synch="#EDint604_ol_2" type="overlap" xml:id="EDint604_ol_3"> i- it's it's </seg> it's like erm<c type="lengthening"/> our second language <pause/></u>
            <u who="#EDint604_S1" xml:id="EDint604_u_8"> yeah <pause/></u>
            <u who="#EDint604_S4" xml:id="EDint604_u_9"> since we're i mean we are brought up <pause/> from first first year you know <pause/> till till now <pause/> we're taught english every year so <pause/> it's different to  other countries <anchor synch="#EDint604_oc_1" type="other_continuation" xml:id="EDint604_oc_0"/></u>
            <u who="#EDint604_S1" xml:id="EDint604_u_10"><anchor synch="#EDint604_oc_0" type="other_continuation" xml:id="EDint604_oc_1"/> you mean er at school </u>
            <u who="#EDint604_S4" xml:id="EDint604_u_11"> yes it was a compulsory subject </u>
            <u who="#EDint604_S1" xml:id="EDint604_u_12"> mhm <pause/> and y- your parents are maltese <pause/></u>
            <u who="#EDint604_S3" xml:id="EDint604_u_13"><seg n="3" type="overlap" xml:id="EDint604_ol_4"> my<c type="lengthening"/></seg><pause/> my father is austrian <pause/> my mother <seg n="4" type="overlap" xml:id="EDint604_ol_5"> is </seg> maltese </u>
            <u who="#EDint604_S4" xml:id="EDint604_u_14"><seg n="3" synch="#EDint604_ol_4" type="overlap" xml:id="EDint604_ol_6"> no </seg></u>
            <u who="#EDint604_S1" xml:id="EDint604_u_15"><seg n="4" synch="#EDint604_ol_5" type="overlap" xml:id="EDint604_ol_7"><emph> really </emph><c function="rise" type="intonation"/></seg></u>
            <u who="#EDint604_S1" xml:id="EDint604_u_16"> i live in vienna <pause/></u>
            <u who="#EDint604_S3" xml:id="EDint604_u_17"> you <seg n="5" type="overlap" xml:id="EDint604_ol_8"> live in vienna </seg></u>
            <u who="#EDint604_S1" xml:id="EDint604_u_18"><seg n="5" synch="#EDint604_ol_8" type="overlap" xml:id="EDint604_ol_9"> i'm studying there </seg><pause/><seg n="6" type="overlap" xml:id="EDint604_ol_10"> yeah </seg> i'm serbian <pause/></u>
            <u who="#EDint604_S3" xml:id="EDint604_u_19"><seg n="6" synch="#EDint604_ol_10" type="overlap" xml:id="EDint604_ol_11"> yeah<c function="rise" type="intonation"/></seg></u>
            <u who="#EDint604_S1" xml:id="EDint604_u_20"> though but <pause/> i'm studying there <pause/></u>
            <u who="#EDint604_S3" xml:id="EDint604_u_21"> studying <anchor synch="#EDint604_oc_3" type="other_continuation" xml:id="EDint604_oc_2"/></u>
            <u who="#EDint604_S1" xml:id="EDint604_u_22"><anchor synch="#EDint604_oc_2" type="other_continuation" xml:id="EDint604_oc_3"/> in vienna <pause/> i'm studying english <pause/><seg n="7" type="overlap" xml:id="EDint604_ol_12"> there </seg></u>
            <u who="#EDint604_S3" xml:id="EDint604_u_23"><seg n="7" synch="#EDint604_ol_12" type="overlap" xml:id="EDint604_ol_13"> english </seg> there <anchor synch="#EDint604_oc_5" type="other_continuation" xml:id="EDint604_oc_4"/></u>
            <u who="#EDint604_S1" xml:id="EDint604_u_24"><anchor synch="#EDint604_oc_4" type="other_continuation" xml:id="EDint604_oc_5"/> yeah <pause/> so where's your father from <pause/></u>
            <u who="#EDint604_S3" xml:id="EDint604_u_25"> er erm <pause/> st- styria </u>
            <u who="#EDint604_S1" xml:id="EDint604_u_26"> styria <pause/><seg n="8" type="overlap" xml:id="EDint604_ol_14"> really </seg></u>
            <u who="#EDint604_S3" xml:id="EDint604_u_27"><seg n="8" synch="#EDint604_ol_14" type="overlap" xml:id="EDint604_ol_15"> yeah </seg> from <foreign type="LN" voice:translation="town in austria" xml:lang="ger"> breitenau </foreign><pause/> it's near <foreign type="LN" voice:translation="city in austria" xml:lang="ger"> graz </foreign></u>
            <u who="#EDint604_S1" xml:id="EDint604_u_28"> a<c type="lengthening"/>h okay <pause/> okay like <pause/><shift corresp="#EDint604_s_4" feature="voice" new="laugh" xml:id="EDint604_s_3"/> schwarzenegger <shift corresp="#EDint604_s_3" feature="voice" new="neutral" xml:id="EDint604_s_4"/><vocal subtype="wordstart" type="wordlike" voice:desc="laughing" voice:syl="2"/></u>
            <u who="#EDint604_S3" xml:id="EDint604_u_29"><emph> yes </emph><seg n="9" type="overlap" xml:id="EDint604_ol_16"> hh <shift corresp="#EDint604_s_6" feature="voice" new="laugh" xml:id="EDint604_s_5"/> exactly <shift corresp="#EDint604_s_5" feature="voice" new="neutral" xml:id="EDint604_s_6"/></seg><pause dur="PT1S"/></u>
            <u who="#EDint604_S1" xml:id="EDint604_u_30"><seg n="9" synch="#EDint604_ol_16" type="overlap" xml:id="EDint604_ol_17"><vocal subtype="wordstart" type="wordlike" voice:desc="laughing" voice:syl="4"/></seg></u>
            <u who="#EDint604_S3" xml:id="EDint604_u_31"> you love him over there yeah <anchor synch="#EDint604_oc_7" type="other_continuation" xml:id="EDint604_oc_6"/></u>
            <u who="#EDint604_S1" xml:id="EDint604_u_32"><anchor synch="#EDint604_oc_6" type="other_continuation" xml:id="EDint604_oc_7"/> yeah </u>
            <u who="#EDint604_S3" xml:id="EDint604_u_33"> our hero <anchor synch="#EDint604_oc_9" type="other_continuation" xml:id="EDint604_oc_8"/></u>
            <u who="#EDint604_S1" xml:id="EDint604_u_34"><anchor synch="#EDint604_oc_8" type="other_continuation" xml:id="EDint604_oc_9"/> l- laugh about his english <anchor synch="#EDint604_oc_11" type="other_continuation" xml:id="EDint604_oc_10"/></u>
            <u who="#EDint604_S3" xml:id="EDint604_u_35"><anchor synch="#EDint604_oc_10" type="other_continuation" xml:id="EDint604_oc_11"/><vocal subtype="wordstart" type="wordlike" voice:desc="laughing" voice:syl="3"/></u>
            <u who="#EDint604_S1" xml:id="EDint604_u_36"><vocal subtype="wordstart" type="wordlike" voice:desc="laughing" voice:syl="3"/></u>
            <u who="#EDint604_S3" xml:id="EDint604_u_37"> well laugh about his english so much you want man he's <emph> governor </emph><pause/> so<c type="lengthening"/><seg n="1" type="overlap" xml:id="EDint604_ol_18"><vocal subtype="wordstart" type="wordlike" voice:desc="laughing" voice:syl="3"/></seg><pause/></u>
            <u who="#EDint604_S1" xml:id="EDint604_u_38"><seg n="1" synch="#EDint604_ol_18" type="overlap" xml:id="EDint604_ol_19"> yah yah yah </seg></u>
            <u who="#EDint604_S1" xml:id="EDint604_u_39"> he's still a governor<c function="rise" type="intonation"/><pause/> yeah <vocal subtype="wordstart" type="wordlike" voice:desc="laughing" voice:syl="3"/> okay <pause dur="PT2S"/></u>
            <u who="#EDint604_S3" xml:id="EDint604_u_40"> how i see maltese is is basically the language that <pause/> is used <pause/> on a day-to-day basis but <pause/> when you get <pause/> technical like school stuff or  </u>
            <u who="#EDint604_S1" xml:id="EDint604_u_41"> mhm  </u>
            <u who="#EDint604_S3" xml:id="EDint604_u_42"> erm <pause/> i don't know jobs and stuff like that then english is the primary language </u>
            <u who="#EDint604_S1" xml:id="EDint604_u_43"> yes </u>
            <u who="#EDint604_S3" xml:id="EDint604_u_44"> maltese is more in use between <seg n="2" type="overlap" xml:id="EDint604_ol_20"> friends </seg> when you're <seg n="3" type="overlap" xml:id="EDint604_ol_21"> out </seg></u>
            <u who="#EDint604_S1" xml:id="EDint604_u_45"><seg n="2" synch="#EDint604_ol_20" type="overlap" xml:id="EDint604_ol_22"> mhm </seg></u>
            <u who="#EDint604_S1" xml:id="EDint604_u_46"><seg n="3" synch="#EDint604_ol_21" type="overlap" xml:id="EDint604_ol_23"> yes </seg> yes </u>
            <u who="#EDint604_S3" xml:id="EDint604_u_47"> at <seg n="4" type="overlap" xml:id="EDint604_ol_24"> home </seg><pause/></u>
            <u who="#EDint604_S1" xml:id="EDint604_u_48"><seg n="4" synch="#EDint604_ol_24" type="overlap" xml:id="EDint604_ol_25"> yes </seg></u>
            <u who="#EDint604_S3" xml:id="EDint604_u_49"> with your <seg n="5" type="overlap" xml:id="EDint604_ol_26"> parents </seg><pause/></u>
            <u who="#EDint604_S1" xml:id="EDint604_u_50"><seg n="5" synch="#EDint604_ol_26" type="overlap" xml:id="EDint604_ol_27"> ah okay </seg></u>
            <u who="#EDint604_S3" xml:id="EDint604_u_51"> but not really used <pause dur="PT1S"/> academically </u>
            <u who="#EDint604_S1" xml:id="EDint604_u_52"> okay <pause/> d- do you know maltese<c function="rise" type="intonation"/></u>
            <u who="#EDint604_S3" xml:id="EDint604_u_53"> yes </u>
            <u who="#EDint604_S1" xml:id="EDint604_u_54"> y- you speak it fluently </u>
            <u who="#EDint604_S3" xml:id="EDint604_u_55"> yeah </u>
            <u who="#EDint604_S1" xml:id="EDint604_u_56"> like your english </u>
            <u who="#EDint604_S3" xml:id="EDint604_u_57"> yes yes </u>
            <u who="#EDint604_S1" xml:id="EDint604_u_58"> o<c type="lengthening"/>kay <pause/> your mom is maltese </u>
            <u who="#EDint604_S3" xml:id="EDint604_u_59"> my mom is maltese<c function="fall" type="intonation"/></u>
            <u who="#EDint604_S1" xml:id="EDint604_u_60"> okay <pause/> i <seg n="6" type="overlap" xml:id="EDint604_ol_28"> see </seg></u>
            <u who="#EDint604_S3" xml:id="EDint604_u_61"><seg n="6" synch="#EDint604_ol_28" type="overlap" xml:id="EDint604_ol_29"> i </seg> speak it fluently but <pause/> writing is much harder <pause/> so </u>
            <u who="#EDint604_S1" xml:id="EDint604_u_62"><vocal subtype="wordstart" type="wordlike" voice:desc="laughing" voice:syl="3"/>  o<c type="lengthening"/>kay <pause/> so how people generally<c type="lengthening"/><pause/> see english in malta<c function="fall" type="intonation"/><pause/> do they disapprove of it o<c type="lengthening"/>r <pause/> do they like it what do you think <pause/> though it's hard to to <pause/> you know <pause/><seg n="7" type="overlap" xml:id="EDint604_ol_30"> to say such a general thing </seg></u>
            <u who="#EDint604_S3" xml:id="EDint604_u_63"><seg n="7" synch="#EDint604_ol_30" type="overlap" xml:id="EDint604_ol_31"> i don't think they disapprove of it i'm </seg><pause/> and <pause/> they shouldn't disapprove of <seg n="8" type="overlap" xml:id="EDint604_ol_32"> it </seg> i mean <pause dur="PT1S"/></u>
            <u who="#EDint604_S1" xml:id="EDint604_u_64"><seg n="8" synch="#EDint604_ol_32" type="overlap" xml:id="EDint604_ol_33"> yeah </seg></u>
            <u who="#EDint604_S3" xml:id="EDint604_u_65"> it's very important to have english <voice:track medium="1" num="5" type="md"/> you can't just get by  with only maltese </u>
            <u who="#EDint604_S1" xml:id="EDint604_u_66"><shift corresp="#EDint604_s_8" feature="tempo" new="a" xml:id="EDint604_s_7"/> y<c type="lengthening"/>eah yeah <shift corresp="#EDint604_s_7" feature="tempo" new="neutral" xml:id="EDint604_s_8"/></u>
            <u who="#EDint604_S3" xml:id="EDint604_u_67"> of course not erm <pause dur="PT2S"/> every <pause/> basically we're here a <voice:pvc> touristic </voice:pvc> country <pause/></u>
            <u who="#EDint604_S1" xml:id="EDint604_u_68"> mhm </u>
            <u who="#EDint604_S3" xml:id="EDint604_u_69"> tourists <pause/> we rely on tourism and </u>
            <u who="#EDint604_S1" xml:id="EDint604_u_70"> yes <pause/></u>
            <u who="#EDint604_S3" xml:id="EDint604_u_71"> english surely is needed <pause/> you can't disapprove of english </u>
            <u who="#EDint604_S1" xml:id="EDint604_u_72"> mhm <pause/></u>
            <u who="#EDint604_S3" xml:id="EDint604_u_73"><voice:to who="#EDint604_S4"><supplied reason="anonymization"> [S4] </supplied><c function="rise" type="intonation"/></voice:to><vocal subtype="wordstart" type="wordlike" voice:desc="laughing" voice:syl="1"/></u>
            <u who="#EDint604_S1" xml:id="EDint604_u_74"><vocal subtype="wordstart" type="wordlike" voice:desc="laughing" voice:syl="2"/></u>
            <u who="#EDint604_S4" xml:id="EDint604_u_75"> hm i agree with that or i mean <pause dur="PT2S"/> english is one of the most <pause/> widely used <pause/> languages in the world it's very important <seg n="1" type="overlap" xml:id="EDint604_ol_34"> you know </seg> to </u>
            <u who="#EDint604_S1" xml:id="EDint604_u_76"><seg n="1" synch="#EDint604_ol_34" type="overlap" xml:id="EDint604_ol_35"> yes </seg></u>
            <u who="#EDint604_S3" xml:id="EDint604_u_77"> we're lucky actually </u>
            <u who="#EDint604_S4" xml:id="EDint604_u_78"> live <seg n="3" type="overlap" xml:id="EDint604_ol_36"> abroad </seg> work abroad <pause/></u>
            <u who="#EDint604_S1" xml:id="EDint604_u_79"><seg n="3" synch="#EDint604_ol_36" type="overlap" xml:id="EDint604_ol_37"> yeah </seg></u>
            <u who="#EDint604_S4" xml:id="EDint604_u_80"> to to have an english background <seg n="4" type="overlap" xml:id="EDint604_ol_38"> english </seg> language background so <pause/></u>
            <u who="#EDint604_S1" xml:id="EDint604_u_81"><seg n="4" synch="#EDint604_ol_38" type="overlap" xml:id="EDint604_ol_39"> mhm </seg></u>
            <u who="#EDint604_S4" xml:id="EDint604_u_82"> i agree with that <pause/> don't you i don't see why <anchor synch="#EDint604_oc_13" type="other_continuation" xml:id="EDint604_oc_12"/></u>
            <u who="#EDint604_S3" xml:id="EDint604_u_83"><anchor synch="#EDint604_oc_12" type="other_continuation" xml:id="EDint604_oc_13"/> i consider ourselves lucky actually that <seg n="5" type="overlap" xml:id="EDint604_ol_40"> we are taught </seg> two languages from <pause/> small from small up </u>
            <u who="#EDint604_S1" xml:id="EDint604_u_84"><seg n="5" synch="#EDint604_ol_40" type="overlap" xml:id="EDint604_ol_41"> yes yes yes </seg></u>
            <u who="#EDint604_S4" xml:id="EDint604_u_85"> the only <seg n="6" type="overlap" xml:id="EDint604_ol_42"> thing is that some </seg> people don't really like the fact that most <pause dur="PT1S"/></u>
            <u who="#EDint604_S1" xml:id="EDint604_u_86"><seg n="6" synch="#EDint604_ol_42" type="overlap" xml:id="EDint604_ol_43"> i think that as well <vocal subtype="wordstart" type="wordlike" voice:desc="laughing" voice:syl="1"/></seg></u>
            <u who="#EDint604_S4" xml:id="EDint604_u_87"> teenagers maybe <pause/></u>
            <u who="#EDint604_S1" xml:id="EDint604_u_88"> mhm </u>
            <u who="#EDint604_S4" xml:id="EDint604_u_89"> speak english </u>
            <u who="#EDint604_S1" xml:id="EDint604_u_90"> yeah <pause dur="PT1S"/><seg n="7" type="overlap" xml:id="EDint604_ol_44"> today </seg></u>
            <u who="#EDint604_S4" xml:id="EDint604_u_91"><seg n="7" synch="#EDint604_ol_44" type="overlap" xml:id="EDint604_ol_45"> rather tha- </seg> rather than maltese <anchor synch="#EDint604_oc_15" type="other_continuation" xml:id="EDint604_oc_14"/></u>
            <u who="#EDint604_S1" xml:id="EDint604_u_92"><anchor synch="#EDint604_oc_14" type="other_continuation" xml:id="EDint604_oc_15"/> yes </u>
            <u who="#EDint604_S4" xml:id="EDint604_u_93"> maybe <emph> that's </emph><seg n="1" type="overlap" xml:id="EDint604_ol_46"> because </seg> we're a maltese country </u>
            <u who="#EDint604_S1" xml:id="EDint604_u_94"><seg n="1" synch="#EDint604_ol_46" type="overlap" xml:id="EDint604_ol_47"> mhm </seg></u>
            <u who="#EDint604_S1" xml:id="EDint604_u_95"> yes <anchor synch="#EDint604_oc_17" type="other_continuation" xml:id="EDint604_oc_16"/></u>
            <u who="#EDint604_S4" xml:id="EDint604_u_96"><anchor synch="#EDint604_oc_16" type="other_continuation" xml:id="EDint604_oc_17"/> it's always there's always a dilemma about it <seg n="2" type="overlap" xml:id="EDint604_ol_48"> you </seg> know but </u>
            <u who="#EDint604_S1" xml:id="EDint604_u_97"><seg n="2" synch="#EDint604_ol_48" type="overlap" xml:id="EDint604_ol_49"> yeah yeah </seg></u>
            <u who="#EDint604_S1" xml:id="EDint604_u_98"><voice:to who="#EDint604_S4"> you know today i tried to interview a receptionist at a hotel <pause/> and i <pause/> i asked him i have some questionnaires with with me and i ask him <pause/> do you like it in maltese or in english <pause dur="PT1S"/> and he he was <emph> really </emph> like offended and he told me like <shift corresp="#EDint604_s_10" feature="voice" new="imitating" xml:id="EDint604_s_9"/><emph> maltese </emph><pause/> of course <pause/> we are maltese <pause/> it's <shift corresp="#EDint604_s_12" feature="voice" new="laugh" xml:id="EDint604_s_11"/> our national <shift corresp="#EDint604_s_11" feature="voice" new="neutral" xml:id="EDint604_s_12"/> language <shift corresp="#EDint604_s_9" feature="voice" new="neutral" xml:id="EDint604_s_10"/><seg n="3" type="overlap" xml:id="EDint604_ol_50"> you know </seg><pause/></voice:to></u>
            <u who="#EDint604_S4" xml:id="EDint604_u_99"><seg n="3" synch="#EDint604_ol_50" type="overlap" xml:id="EDint604_ol_51"> mhm </seg></u>
            <u who="#EDint604_S1" xml:id="EDint604_u_100"><voice:to who="#EDint604_S3"><shift corresp="#EDint604_s_14" feature="voice" new="laugh" xml:id="EDint604_s_13"/> today i had bad experience <vocal subtype="wordstart" type="wordlike" voice:desc="laughing" voice:syl="1"/> you know <shift corresp="#EDint604_s_13" feature="voice" new="neutral" xml:id="EDint604_s_14"/><vocal subtype="wordstart" type="wordlike" voice:desc="laughing" voice:syl="1"/></voice:to></u>
            <u who="#EDint604_S3" xml:id="EDint604_u_101"> why<c function="fall" type="intonation"/></u>
            <u who="#EDint604_S1" xml:id="EDint604_u_102"><voice:to who="#EDint604_S3"> hh because i i tried to ask er to interview a receptionist at a hotel in <foreign type="LN" voice:translation="city in malta" xml:lang="mlt"> sliema </foreign> a<c type="lengthening"/>nd <pause/> i ask  with whether he would like a questionnaire in english or in maltese <pause dur="PT1S"/> exactly the same <pause/> and he was like <shift corresp="#EDint604_s_16" feature="voice" new="imitating" xml:id="EDint604_s_15"/> of course in maltese <shift corresp="#EDint604_s_15" feature="voice" new="neutral" xml:id="EDint604_s_16"/> but li- like really offended </voice:to></u>
            <u who="#EDint604_S3" xml:id="EDint604_u_103"> yeah <vocal subtype="wordstart" type="wordlike" voice:desc="laughing" voice:syl="2"/> so i guess some people are <seg n="4" type="overlap" xml:id="EDint604_ol_52"> not that happy about it </seg><pause/></u>
            <u who="#EDint604_S4" xml:id="EDint604_u_104"><seg n="4" synch="#EDint604_ol_52" type="overlap" xml:id="EDint604_ol_53"> yeah we do we <emph> do </emph> have some </seg></u>
            <u who="#EDint604_S1" xml:id="EDint604_u_105"> but <pause/><seg n="5" type="overlap" xml:id="EDint604_ol_54"> er younger </seg> people i assume <pause/></u>
            <u who="#EDint604_S4" xml:id="EDint604_u_106"><seg n="5" synch="#EDint604_ol_54" type="overlap" xml:id="EDint604_ol_55"> i mean we </seg></u>
            <u who="#EDint604_S4" xml:id="EDint604_u_107"> no not really <pause/> depends <pause/> it has to do with some <incident voice:desc="mobile phone receives a message"/> areas in the country too </u>
            <u who="#EDint604_S3" xml:id="EDint604_u_108"> and it's also about <pause/> patriotism i think well </u>
            <u who="#EDint604_S1" xml:id="EDint604_u_109"><emph> yes </emph><anchor synch="#EDint604_oc_19" type="other_continuation" xml:id="EDint604_oc_18"/></u>
            <u who="#EDint604_S3" xml:id="EDint604_u_110"><anchor synch="#EDint604_oc_18" type="other_continuation" xml:id="EDint604_oc_19"/> in such a small country with our own language </u>
            <u who="#EDint604_S1" xml:id="EDint604_u_111"> yes <pause/></u>
            <u who="#EDint604_S3" xml:id="EDint604_u_112"> it's <pause/> quite a big thing <shift corresp="#EDint604_s_18" feature="voice" new="laugh" xml:id="EDint604_s_17"/><seg n="5" type="overlap" xml:id="EDint604_ol_56"> and we should take care of them </seg><shift corresp="#EDint604_s_17" feature="voice" new="neutral" xml:id="EDint604_s_18"/> and mostly now <pause/></u>
            <u who="#EDint604_S1" xml:id="EDint604_u_113"><seg n="5" synch="#EDint604_ol_56" type="overlap" xml:id="EDint604_ol_57"><vocal subtype="wordstart" type="wordlike" voice:desc="laughing" voice:syl="3"/></seg></u>
            <u who="#EDint604_S3" xml:id="EDint604_u_114"> hh i find it a good thing that european union has accepted our language as an official language and all the documents are <seg n="6" type="overlap" xml:id="EDint604_ol_58"> being </seg> translated </u>
            <u who="#EDint604_S1" xml:id="EDint604_u_115"><seg n="6" synch="#EDint604_ol_58" type="overlap" xml:id="EDint604_ol_59"> mhm </seg></u>
            <u who="#EDint604_S3" xml:id="EDint604_u_116"> that's that's a good thing <pause/><seg n="7" type="overlap" xml:id="EDint604_ol_60"> that </seg> shows that you know </u>
            <u who="#EDint604_S1" xml:id="EDint604_u_117"><seg n="7" synch="#EDint604_ol_60" type="overlap" xml:id="EDint604_ol_61"> mhm </seg></u>
            <u who="#EDint604_S1" xml:id="EDint604_u_118"> yes </u>
            <u who="#EDint604_S3" xml:id="EDint604_u_119"> our heritage is being <pause/> protected kind of <pause dur="PT1S"/></u>
            <u who="#EDint604_S1" xml:id="EDint604_u_120"> and with the european union d- do you do you think you have more rights <pause/> a<c type="lengthening"/>nd er is the  <w voice:mode="spelt"> e u  </w> backing up your language o<c type="lengthening"/>r <pause dur="PT1S"/> er <anchor synch="#EDint604_oc_21" type="other_continuation" xml:id="EDint604_oc_20"/></u>
            <u who="#EDint604_S3" xml:id="EDint604_u_121"><anchor synch="#EDint604_oc_20" type="other_continuation" xml:id="EDint604_oc_21"/> yes </u>
            <u who="#EDint604_S1" xml:id="EDint604_u_122"> do you think <seg n="1" type="overlap" xml:id="EDint604_ol_62"> it's more spread </seg> because of it <pause/> o<c type="lengthening"/>r <pause/></u>
            <u who="#EDint604_S3" xml:id="EDint604_u_123"><seg n="1" synch="#EDint604_ol_62" type="overlap" xml:id="EDint604_ol_63"> i think the </seg></u>
            <u who="#EDint604_S3" xml:id="EDint604_u_124"> more spread <pause/><seg n="2" type="overlap" xml:id="EDint604_ol_64"> not really </seg><pause dur="PT1S"/></u>
            <u who="#EDint604_S1" xml:id="EDint604_u_125"><seg n="2" synch="#EDint604_ol_64" type="overlap" xml:id="EDint604_ol_65"> not really </seg></u>
            <u who="#EDint604_S3" xml:id="EDint604_u_126"> not really more spread but erm i think they <pause/> we <emph> do </emph> have <seg n="3" type="overlap" xml:id="EDint604_ol_66"> support </seg> from the european union </u>
            <u who="#EDint604_S1" xml:id="EDint604_u_127"><seg n="3" synch="#EDint604_ol_66" type="overlap" xml:id="EDint604_ol_67"> mhm </seg></u>
            <u who="#EDint604_S1" xml:id="EDint604_u_128"> yes <anchor synch="#EDint604_oc_23" type="other_continuation" xml:id="EDint604_oc_22"/></u>
            <u who="#EDint604_S3" xml:id="EDint604_u_129"><anchor synch="#EDint604_oc_22" type="other_continuation" xml:id="EDint604_oc_23"/> to upkeep our own language <seg n="4" type="overlap" xml:id="EDint604_ol_68"> maltese </seg> basically <pause dur="PT2S"/></u>
            <u who="#EDint604_S1" xml:id="EDint604_u_130"><seg n="4" synch="#EDint604_ol_68" type="overlap" xml:id="EDint604_ol_69"> yes </seg></u>
            <u who="#EDint604_S1" xml:id="EDint604_u_131"> and i also heard that er <pause/> you used to speak more english ten years ago or fifteen years ago but maybe it's hard to say for you because </u>
            <u who="#EDint604_S3" xml:id="EDint604_u_132"> yeah it's hard <seg n="5" type="overlap" xml:id="EDint604_ol_70"> to say </seg></u>
            <u who="#EDint604_S1" xml:id="EDint604_u_133"><seg n="5" synch="#EDint604_ol_70" type="overlap" xml:id="EDint604_ol_71"><shift corresp="#EDint604_s_20" feature="voice" new="laugh" xml:id="EDint604_s_19"/> i mean <shift corresp="#EDint604_s_19" feature="voice" new="neutral" xml:id="EDint604_s_20"/></seg> you were <pause/> you were like ten then <vocal subtype="wordstart" type="wordlike" voice:desc="laughing" voice:syl="2"/><pause dur="PT2S"/></u>
            <u who="#EDint604_S4" xml:id="EDint604_u_134"> i don't think i don't think there's been much of a change i mean <pause dur="PT2S"/> hh <pause/> i i speak english more than maltese that's what i can tell you <seg n="6" type="overlap" xml:id="EDint604_ol_72"> but </seg><pause/></u>
            <u who="#EDint604_S1" xml:id="EDint604_u_135"><seg n="6" synch="#EDint604_ol_72" type="overlap" xml:id="EDint604_ol_73"> mhm </seg></u>
            <u who="#EDint604_S4" xml:id="EDint604_u_136"> the most  of the people i know that spoke english a few year ten years ago <pause dur="PT1S"/> remained the same they didn't actually <pause dur="PT1S"/> maybe speaking more english than maltese <voice:track medium="1" num="6" type="md"/></u>
            <u who="#EDint604_S1" xml:id="EDint604_u_137"> yeah </u>
            <u who="#EDint604_S4" xml:id="EDint604_u_138"> in my opinion but <pause dur="PT1S"/></u>
            <u who="#EDint604_S1" xml:id="EDint604_u_139"> yeah </u>
            <u who="#EDint604_S4" xml:id="EDint604_u_140"> i don't know all the people in malta you know so </u>
            <u who="#EDint604_S1" xml:id="EDint604_u_141"><vocal subtype="wordstart" type="wordlike" voice:desc="laughing" voice:syl="2"/><pause dur="PT1S"/>  yeah </u>
            <u who="#EDint604_S4" xml:id="EDint604_u_142"> it might have changed <pause/> might have changed <pause dur="PT2S"/><seg n="1" type="overlap" xml:id="EDint604_ol_74"> but </seg> the need for english is is er more important than the need for maltese <pause/></u>
            <u who="#EDint604_S1" xml:id="EDint604_u_143"><seg n="1" synch="#EDint604_ol_74" type="overlap" xml:id="EDint604_ol_75"> you </seg></u>
            <u who="#EDint604_S4" xml:id="EDint604_u_144"> especially <pause/> now that we're in europe you know </u>
            <u who="#EDint604_S1" xml:id="EDint604_u_145"> yes <pause dur="PT1S"/></u>
            <u who="#EDint604_S4" xml:id="EDint604_u_146"> even before but <pause dur="PT2S"/></u>
            <u who="#EDint604_S1" xml:id="EDint604_u_147"> and if you want to get a better job <pause/> you you should know english or <pause dur="PT1S"/></u>
            <u who="#EDint604_S4" xml:id="EDint604_u_148"> it's an advantage <pause dur="PT1S"/></u>
            <u who="#EDint604_S1" xml:id="EDint604_u_149"> er do you think is <emph> ne</emph>cessary <pause/></u>
            <u who="#EDint604_S4" xml:id="EDint604_u_150"> it <emph> is </emph><pause/><seg n="2" type="overlap" xml:id="EDint604_ol_76"> definitely necessary </seg></u>
            <u who="#EDint604_S1" xml:id="EDint604_u_151"><seg n="2" synch="#EDint604_ol_76" type="overlap" xml:id="EDint604_ol_77"> could could </seg> you get a job without knowing english <pause/> here </u>
            <u who="#EDint604_S4" xml:id="EDint604_u_152"> it will be harder <pause/> i mean you <seg n="3" type="overlap" xml:id="EDint604_ol_78"> might </seg> s- <pause/></u>
            <u who="#EDint604_S1" xml:id="EDint604_u_153"><seg n="3" synch="#EDint604_ol_78" type="overlap" xml:id="EDint604_ol_79"> yeah </seg></u>
            <u who="#EDint604_S4" xml:id="EDint604_u_154"> i'm pretty sure that everyone in malta has a good background of english but maybe <seg n="4" type="overlap" xml:id="EDint604_ol_80"> not as </seg><pause/></u>
            <u who="#EDint604_S1" xml:id="EDint604_u_155"><seg n="4" synch="#EDint604_ol_80" type="overlap" xml:id="EDint604_ol_81"> yeah yeah </seg></u>
            <u who="#EDint604_S4" xml:id="EDint604_u_156"> up on a certain level <pause/><seg n="5" type="overlap" xml:id="EDint604_ol_82"> you know </seg><pause/></u>
            <u who="#EDint604_S1" xml:id="EDint604_u_157"><seg n="5" synch="#EDint604_ol_82" type="overlap" xml:id="EDint604_ol_83"> yea<c type="lengthening"/>h </seg></u>
            <u who="#EDint604_S3" xml:id="EDint604_u_158"> depends which jobs you're </u>
            <u who="#EDint604_S4" xml:id="EDint604_u_159"> exactly <anchor synch="#EDint604_oc_25" type="other_continuation" xml:id="EDint604_oc_24"/></u>
            <u who="#EDint604_S3" xml:id="EDint604_u_160"><anchor synch="#EDint604_oc_24" type="other_continuation" xml:id="EDint604_oc_25"/> willing to work in </u>
            <u who="#EDint604_S1" xml:id="EDint604_u_161"> yeah <pause/></u>
            <u who="#EDint604_S3" xml:id="EDint604_u_162"> if you only hav<c type="lengthening"/>e <pause/> contact with <pause/> maltese people let's say i don't know<c function="fall" type="intonation"/><pause dur="PT2S"/> you're a delivery man <pause/> of <pause/> appliances or something <pause/> english is not really necessary <pause/> but obviously if you work in a tourism area which many jobs <pause/><seg n="6" type="overlap" xml:id="EDint604_ol_84"> are in </seg> tourism area <pause/></u>
            <u who="#EDint604_S1" xml:id="EDint604_u_163"><seg n="6" synch="#EDint604_ol_84" type="overlap" xml:id="EDint604_ol_85"> yes </seg></u>
            <u who="#EDint604_S3" xml:id="EDint604_u_164"> obviously you <emph> need </emph> english for sure </u>
            <u who="#EDint604_S1" xml:id="EDint604_u_165"> yes </u>
            <u who="#EDint604_S3" xml:id="EDint604_u_166"> and even <pause/> if you can speak english well you always have an advantage in <emph> any </emph> job <pause/><seg n="7" type="overlap" xml:id="EDint604_ol_86"> over </seg><pause/></u>
            <u who="#EDint604_S1" xml:id="EDint604_u_167"><seg n="7" synch="#EDint604_ol_86" type="overlap" xml:id="EDint604_ol_87"> yes </seg></u>
            <u who="#EDint604_S3" xml:id="EDint604_u_168"> it's not cos it's english cos you have a second language <seg n="1" type="overlap" xml:id="EDint604_ol_88"> because </seg> you know a second language <pause/></u>
            <u who="#EDint604_S1" xml:id="EDint604_u_169"><seg n="1" synch="#EDint604_ol_88" type="overlap" xml:id="EDint604_ol_89"> mhm </seg></u>
            <u who="#EDint604_S3" xml:id="EDint604_u_170"> it reflects good on you that <seg n="2" type="overlap" xml:id="EDint604_ol_90"> you </seg> you <seg n="3" type="overlap" xml:id="EDint604_ol_91"> you </seg> have a good command of english </u>
            <u who="#EDint604_S1" xml:id="EDint604_u_171"><seg n="2" synch="#EDint604_ol_90" type="overlap" xml:id="EDint604_ol_92"> mhm </seg></u>
            <u who="#EDint604_S1" xml:id="EDint604_u_172"><seg n="3" synch="#EDint604_ol_91" type="overlap" xml:id="EDint604_ol_93"> yes </seg></u>
            <u who="#EDint604_S1" xml:id="EDint604_u_173"> yes <pause/></u>
            <u who="#EDint604_S3" xml:id="EDint604_u_174"> but necessary in <pause/> if you wanna good job <emph> yes </emph> i would say <seg n="4" type="overlap" xml:id="EDint604_ol_94"> it's necessary </seg><pause/></u>
            <u who="#EDint604_S1" xml:id="EDint604_u_175"><seg n="4" synch="#EDint604_ol_94" type="overlap" xml:id="EDint604_ol_95"> yes yes </seg></u>
            <u who="#EDint604_S3" xml:id="EDint604_u_176"> if you're willing to <pause/> not climb up <pause/> then </u>
            <u who="#EDint604_S1" xml:id="EDint604_u_177"> mhm </u>
            <u who="#EDint604_S3" xml:id="EDint604_u_178"> you can <pause/> just have maltese <anchor synch="#EDint604_oc_27" type="other_continuation" xml:id="EDint604_oc_26"/></u>
            <u who="#EDint604_S1" xml:id="EDint604_u_179"><anchor synch="#EDint604_oc_26" type="other_continuation" xml:id="EDint604_oc_27"/> yes i see and you're studying i- information technology <seg n="5" type="overlap" xml:id="EDint604_ol_96"> like </seg><supplied reason="anonymization"> [first name1] </supplied><pause/></u>
            <u who="#EDint604_S3" xml:id="EDint604_u_180"><seg n="5" synch="#EDint604_ol_96" type="overlap" xml:id="EDint604_ol_97"> yes </seg></u>
            <u who="#EDint604_S1" xml:id="EDint604_u_181"> okay<c function="fall" type="intonation"/><pause dur="PT1S"/> especially for you <shift corresp="#EDint604_s_22" feature="voice" new="laugh" xml:id="EDint604_s_21"/> it's <pause/> like <shift corresp="#EDint604_s_21" feature="voice" new="neutral" xml:id="EDint604_s_22"/><vocal subtype="wordstart" type="wordlike" voice:desc="laughing" voice:syl="1"/></u>
            <u who="#EDint604_S3" xml:id="EDint604_u_182"> of course <vocal subtype="wordstart" type="wordlike" voice:desc="laughing" voice:syl="2"/></u>
            <u who="#EDint604_S1" xml:id="EDint604_u_183"><shift corresp="#EDint604_s_24" feature="voice" new="laugh" xml:id="EDint604_s_23"/> necessary <shift corresp="#EDint604_s_23" feature="voice" new="neutral" xml:id="EDint604_s_24"/><pause dur="PT2S"/> so now you have er exams soon <pause/></u>
            <u who="#EDint604_S3" xml:id="EDint604_u_184"><seg n="5" type="overlap" xml:id="EDint604_ol_98"> yeah </seg></u>
            <u who="#EDint604_S4" xml:id="EDint604_u_185"><seg n="5" synch="#EDint604_ol_98" type="overlap" xml:id="EDint604_ol_99"> mhm </seg> next week </u>
            <u who="#EDint604_S3" xml:id="EDint604_u_186"> next week </u>
            <u who="#EDint604_S1" xml:id="EDint604_u_187"><seg n="6" type="overlap" xml:id="EDint604_ol_100"> a<c type="lengthening"/>h </seg></u>
            <u who="#EDint604_S4" xml:id="EDint604_u_188"><seg n="6" synch="#EDint604_ol_100" type="overlap" xml:id="EDint604_ol_101"> all </seg> all throughout june </u>
            <u who="#EDint604_S1" xml:id="EDint604_u_189"> yeah <pause dur="PT1S"/></u>
            <u who="#EDint604_S4" xml:id="EDint604_u_190"> then then holidays <pause/><seg n="7" type="overlap" xml:id="EDint604_ol_102"> that's that's what we're looking forward to </seg></u>
            <u who="#EDint604_S1" xml:id="EDint604_u_191"><seg n="7" synch="#EDint604_ol_102" type="overlap" xml:id="EDint604_ol_103"><vocal subtype="wordstart" type="wordlike" voice:desc="laughing" voice:syl="3"/></seg><seg n="8" type="overlap" xml:id="EDint604_ol_104"><vocal subtype="wordstart" type="wordlike" voice:desc="laughing" voice:syl="2"/></seg></u>
            <u who="#EDint604_S3" xml:id="EDint604_u_192"><seg n="8" synch="#EDint604_ol_104" type="overlap" xml:id="EDint604_ol_105"><shift corresp="#EDint604_s_26" feature="voice" new="laugh" xml:id="EDint604_s_25"/> yeah <shift corresp="#EDint604_s_25" feature="voice" new="neutral" xml:id="EDint604_s_26"/></seg></u>
            <u who="#EDint604_S1" xml:id="EDint604_u_193"> are you going somewhere<c function="fall" type="intonation"/><pause dur="PT1S"/></u>
            <u who="#EDint604_S4" xml:id="EDint604_u_194"> yeah <pause/> in er <pause/> july we're going to perugia then to amsterdam </u>
            <u who="#EDint604_S1" xml:id="EDint604_u_195"> mhm <pause dur="PT1S"/><seg n="1" type="overlap" xml:id="EDint604_ol_106"> so </seg></u>
            <u who="#EDint604_S3" xml:id="EDint604_u_196"><seg n="1" synch="#EDint604_ol_106" type="overlap" xml:id="EDint604_ol_107"> s- </seg> september <foreign type="LN" voice:translation="beer festival in germany" xml:lang="ger"> oktoberfest </foreign><pause/></u>
            <u who="#EDint604_S1" xml:id="EDint604_u_197"> yeah<c function="rise" type="intonation"/></u>
            <u who="#EDint604_S3" xml:id="EDint604_u_198"> and <pause/> amsterdam i think like <supplied reason="unintelligible"> xx </supplied><seg n="2" type="overlap" xml:id="EDint604_ol_108"> not sure yet </seg><pause/></u>
            <u who="#EDint604_S1" xml:id="EDint604_u_199"><seg n="2" synch="#EDint604_ol_108" type="overlap" xml:id="EDint604_ol_109"> great </seg></u>
            <u who="#EDint604_S3" xml:id="EDint604_u_200"> still far away <pause/> just looking forward to <seg n="3" type="overlap" xml:id="EDint604_ol_110"> summer </seg> not <seg n="4" type="overlap" xml:id="EDint604_ol_111"> to </seg> holiday </u>
            <u who="#EDint604_S1" xml:id="EDint604_u_201"><seg n="3" synch="#EDint604_ol_110" type="overlap" xml:id="EDint604_ol_112"> mhm </seg></u>
            <u who="#EDint604_S1" xml:id="EDint604_u_202"><seg n="4" synch="#EDint604_ol_111" type="overlap" xml:id="EDint604_ol_113"> mhm </seg></u>
            <u who="#EDint604_S1" xml:id="EDint604_u_203"> and have you been to austria i <seg n="5" type="overlap" xml:id="EDint604_ol_114"> i assume you've been there </seg><pause/></u>
            <u who="#EDint604_S3" xml:id="EDint604_u_204"><seg n="5" synch="#EDint604_ol_114" type="overlap" xml:id="EDint604_ol_115"> y<c type="lengthening"/>es yes many times </seg></u>
            <u who="#EDint604_S1" xml:id="EDint604_u_205"> and your father travels there <pause dur="PT1S"/><seg n="6" type="overlap" xml:id="EDint604_ol_116"> a lot </seg></u>
            <u who="#EDint604_S3" xml:id="EDint604_u_206"><seg n="6" synch="#EDint604_ol_116" type="overlap" xml:id="EDint604_ol_117"> yeah he used to </seg> but <pause/> i used to live in germany not in austria cos he <seg n="7" type="overlap" xml:id="EDint604_ol_118"> had this </seg> job in<c type="lengthening"/><seg n="1" type="overlap" xml:id="EDint604_ol_119"> in </seg> germany in munich <pause/></u>
            <u who="#EDint604_S1" xml:id="EDint604_u_207"><seg n="7" synch="#EDint604_ol_118" type="overlap" xml:id="EDint604_ol_120"> really </seg></u>
            <u who="#EDint604_S1" xml:id="EDint604_u_208"><seg n="1" synch="#EDint604_ol_119" type="overlap" xml:id="EDint604_ol_121"> mhm </seg></u>
            <u who="#EDint604_S1" xml:id="EDint604_u_209"> mhm <anchor synch="#EDint604_oc_29" type="other_continuation" xml:id="EDint604_oc_28"/></u>
            <u who="#EDint604_S3" xml:id="EDint604_u_210"><anchor synch="#EDint604_oc_28" type="other_continuation" xml:id="EDint604_oc_29"/> and we mostly traveled to germany <seg n="2" type="overlap" xml:id="EDint604_ol_122"> not </seg> to austria <pause/></u>
            <u who="#EDint604_S1" xml:id="EDint604_u_211"><seg n="2" synch="#EDint604_ol_122" type="overlap" xml:id="EDint604_ol_123"> yes </seg></u>
            <u who="#EDint604_S1" xml:id="EDint604_u_212"> you speak german <pause/><seg n="3" type="overlap" xml:id="EDint604_ol_124"> fluently </seg><pause dur="PT1S"/></u>
            <u who="#EDint604_S3" xml:id="EDint604_u_213"><seg n="3" synch="#EDint604_ol_124" type="overlap" xml:id="EDint604_ol_125"> yes </seg></u>
            <u who="#EDint604_S1" xml:id="EDint604_u_214"><vocal subtype="wordstart" type="wordlike" voice:desc="laughing" voice:syl="1"/>  great <pause/></u>
            <u who="#EDint604_S4" xml:id="EDint604_u_215"> shall we make a move<c function="rise" type="intonation"/></u>
            <u who="#EDint604_S1" xml:id="EDint604_u_216"> okay if if you guys are in a hurry just <anchor synch="#EDint604_oc_31" type="other_continuation" xml:id="EDint604_oc_30"/></u>
            <u who="#EDint604_S3" xml:id="EDint604_u_217"><anchor synch="#EDint604_oc_30" type="other_continuation" xml:id="EDint604_oc_31"/> yeah <pause/> we need to leave<c function="fall" type="intonation"/></u>
            <u who="#EDint604_S4" xml:id="EDint604_u_218"> cos <seg n="4" type="overlap" xml:id="EDint604_ol_126"> th- the lectures start at three </seg> yeah i'm sorry <seg n="5" type="overlap" xml:id="EDint604_ol_127"> er but </seg></u>
            <u who="#EDint604_S1" xml:id="EDint604_u_219"><seg n="4" synch="#EDint604_ol_126" type="overlap" xml:id="EDint604_ol_128"> yes <emph> please </emph> leave </seg></u>
            <u who="#EDint604_S1" xml:id="EDint604_u_220"><seg n="5" synch="#EDint604_ol_127" type="overlap" xml:id="EDint604_ol_129"> yes </seg></u>
            <u who="#EDint604_S1" xml:id="EDint604_u_221"> no problem <seg n="6" type="overlap" xml:id="EDint604_ol_130"> thanks you </seg></u>
            <u who="#EDint604_S3" xml:id="EDint604_u_222"><seg n="6" synch="#EDint604_ol_130" type="overlap" xml:id="EDint604_ol_131"><shift corresp="#EDint604_s_28" feature="voice" new="laugh" xml:id="EDint604_s_27"/> he's our manager <shift corresp="#EDint604_s_27" feature="voice" new="neutral" xml:id="EDint604_s_28"/></seg> yes <seg n="7" type="overlap" xml:id="EDint604_ol_132"><supplied reason="unintelligible"> xxx </supplied></seg></u>
            <u who="#EDint604_S1" xml:id="EDint604_u_223"><seg n="7" synch="#EDint604_ol_132" type="overlap" xml:id="EDint604_ol_133"> thank you <emph> very </emph><emph> much </emph></seg><pause/></u>
            <u who="#EDint604_S4" xml:id="EDint604_u_224"><vocal subtype="wordstart" type="wordlike" voice:desc="laughing" voice:syl="2"/></u>
            <u who="#EDint604_S1" xml:id="EDint604_u_225"> thanks a lot </u>
            <u who="#EDint604_S3" xml:id="EDint604_u_226"><seg n="7" type="overlap" xml:id="EDint604_ol_134"> thanks </seg> bye bye <pause/></u>
            <u who="#EDint604_S4" xml:id="EDint604_u_227"><seg n="7" synch="#EDint604_ol_134" type="overlap" xml:id="EDint604_ol_135"> you're welcome </seg></u>
            <u who="#EDint604_S1" xml:id="EDint604_u_228"> okay <seg n="8" type="overlap" xml:id="EDint604_ol_136"> maybe </seg> i see you again <pause/></u>
            <u who="#EDint604_S4" xml:id="EDint604_u_229"><seg n="8" synch="#EDint604_ol_136" type="overlap" xml:id="EDint604_ol_137"> you're welcome </seg></u>
            <u who="#EDint604_S1" xml:id="EDint604_u_230"> buy you a coffee <pause/> or something <pause dur="PT1S"/> thanks for this <pause/> bye<c function="fall" type="intonation"/><pause dur="PT1S"/><foreign type="L1" voice:translation="okay" xml:lang="scc"> vazi </foreign></u>
         </div>
      </body>
   </text>
</TEI>