<TEI xmlns="http://www.tei-c.org/ns/1.0" xmlns:voice="http://www.univie.ac.at/voice/ns/1.0" xmlns:xi="http://www.w3.org/2001/XInclude" version="5" xml:id="EDint605" xml:lang="eng">
   <teiHeader>
      <fileDesc>
         <titleStmt>
            <title>interview about the use of English and Maltese in Malta</title>
            <principal>Prof. Barbara Seidlhofer</principal>
            <editor/>
            <funder>Austrian Science Foundation (FWF)</funder>
            <sponsor/>
            <respStmt>
               <resp>Corpus Compilation</resp>
               <orgName>VOICE Project</orgName>
               <persName>Barbara Seidlhofer</persName>
               <persName>Angelika Breiteneder</persName>
               <persName>Marie-Luise Pitzl</persName>
               <persName>Stefan Majewski</persName>
               <persName>Theresa Klimpfinger</persName>
            </respStmt>
         </titleStmt>
         <editionStmt>
		<edition>Version 1.0 XML, <date>May 2011</date></edition>
	  <respStmt>
		<resp>Researchers</resp>
		<name>Barbara Seidlhofer</name> 		
		<name>Angelika Breiteneder</name> 
		<name>Theresa Klimpfinger</name> 
		<name>Stefan Majewski</name> 
		<name>Marie-Luise Pitzl</name> 
	  </respStmt>
	</editionStmt>
         <publicationStmt>
		<publisher>Barbara Seidlhofer, Stefan Majewski, Marie-Luise Pitzl</publisher> 
	  <distributor>VOICE Project, University of Vienna, Austria</distributor> 
	  <address>
		<addrLine>Spitalgasse 2, AAKH Hof 8</addrLine> 
		<addrLine>1090 Vienna</addrLine> 
		<addrLine>Austria</addrLine> 
		<addrLine>Telephone: +43 1 427742446</addrLine> 
	  	<addrLine>Email: voice@univie.ac.at</addrLine> 
		<addrLine>Website: http://www.univie.ac.at/voice</addrLine> 
	  </address>
	  <availability status="free">
	  	<p>
		  The Vienna-Oxford International Corpus of English (VOICE)
		  was created by Barbara Seidlhofer (project director) and
		  Angelika Breiteneder, Theresa Klimpfinger, Stefan Majewski,
		  Marie-Luise Pitzl (project researchers). VOICE 1.0 XML is
		  available for download at the VOICE Project's website <ref target="http://www.univie.ac.at/voice/">http://www.univie.ac.at/voice/</ref>
		  under a Creative Commons
		  Attribution-NonCommercial-ShareAlike 3.0 Unported (CC
		  BY-NC-SA 3.0) License (<ref target="http://creativecommons.org/licenses/by-nc-sa/3.0/">
		  http://creativecommons.org/licenses/by-nc-sa/3.0/
		  </ref>). The original audio files are held at the Department
		  of English, University of Vienna. 23 selected audio files
		  are available as audio streams in the VOICE Online interface
		  at the VOICE Project's website <ref target="http://www.univie.ac.at/voice">http://www.univie.ac.at/voice</ref>.
		</p>
		<p>
		The recommended citation for VOICE 1.0 XML is:
		</p>
		<p>
		<bibl><title>VOICE</title>. <date>2011</date>. <title level="m">The Vienna-Oxford International Corpus of
		English</title> (<edition>version 1.0
		XML</edition>). Director: Barbara Seidlhofer; Researchers:
		Angelika Breiteneder, Theresa Klimpfinger, Stefan Majewski,
		Marie-Luise Pitzl.</bibl>
		</p>
		<p>The short citation for VOICE 1.0 XML is:
		</p>
		<p>
		<bibl><title>VOICE</title>. <date>2011</date>. <title level="m">The Vienna-Oxford International Corpus of
		English</title> (<edition>version 1.0
		XML</edition>).</bibl></p>
		<p>
		  For further information about availability and copyright
		  permissions, please see the README file included in the
		  download package. For further enquiries please contact the
		  VOICE Project at <ref target="mailto:voice@univie.ac.at">voice@univie.ac.at</ref>.
		</p>
	  </availability>
	</publicationStmt>
         <notesStmt>
            <note xml:id="EDint605_wc">Words: 1862</note>
            <note xml:id="EDint605_tn_0">This interview is conducted by S1, a Serbian student at the University of Vienna, as part of her final thesis project which focuses on language attitudes in Malta. S1 randomly interviews students who are passing by on a Maltese campus to find out about their language attitudes concerning the use of English and Maltese in Malta. S5 is being interviewed when her friend S6 turns up to pick her up in order to study together for their exams. </note>
         </notesStmt>
         <sourceDesc>
            <recordingStmt>
               <recording dur="PT00H09M15S" type="audio">
                  <date>2006-05-25</date>
                  <equipment>
                     <p>Portable minidisc recorder with electret condenser stereo microphone</p>
                  </equipment>
                  <respStmt>
                     <resp>recording</resp>
                     <name>R11</name>
                  </respStmt>
               </recording>
            </recordingStmt>
         </sourceDesc>
      </fileDesc>
      <encodingDesc>
         <classDecl>
            <taxonomy>
               <category xml:id="EDint605_domain">
                  <catDesc>Domain</catDesc>
                  <category sameAs="#ED" xml:id="EDint605_ED">
                     <catDesc>educational</catDesc>
                  </category>
                  <category sameAs="#LE" xml:id="EDint605_LE">
                     <catDesc>leisure</catDesc>
                  </category>
                  <category sameAs="#PB" xml:id="EDint605_PB">
                     <catDesc>professional business</catDesc>
                  </category>
                  <category sameAs="#PO" xml:id="EDint605_PO">
                     <catDesc>professional organizational</catDesc>
                  </category>
                  <category sameAs="#PR" xml:id="EDint605_PR">
                     <catDesc>professional research/science</catDesc>
                  </category>
               </category>
               <category xml:id="EDint605_spet">
                  <catDesc>Speech Event Type</catDesc>
                  <category sameAs="#int" xml:id="EDint605_int">
                     <catDesc>interview</catDesc>
                  </category>
                  <category sameAs="#prc" xml:id="EDint605_prc">
                     <catDesc>press conference</catDesc>
                  </category>
                  <category sameAs="#sve" xml:id="EDint605_sve">
                     <catDesc>service encounter</catDesc>
                  </category>
                  <category sameAs="#sed" xml:id="EDint605_sed">
                     <catDesc>seminar discussion</catDesc>
                  </category>
                  <category sameAs="#wgd" xml:id="EDint605_wgd">
                     <catDesc>working group discussion</catDesc>
                  </category>
                  <category sameAs="#wsd" xml:id="EDint605_wsd">
                     <catDesc>workshop discussion</catDesc>
                  </category>
                  <category sameAs="#mtg" xml:id="EDint605_mtg">
                     <catDesc>meeting</catDesc>
                  </category>
                  <category sameAs="#pan" xml:id="EDint605_pan">
                     <catDesc>panel</catDesc>
                  </category>
                  <category sameAs="#qas" xml:id="EDint605_qas">
                     <catDesc>question-answer session</catDesc>
                  </category>
                  <category sameAs="#con" xml:id="EDint605_con">
                     <catDesc>conversation</catDesc>
                  </category>
               </category>
            </taxonomy>
         </classDecl>
         <tagsDecl><namespace name="http://www.tei-c.org/ns/1.0">
      <tagUsage gi="TEI" occurs="1"/>
      <tagUsage gi="teiHeader" occurs="1"/>
      <tagUsage gi="fileDesc" occurs="1"/>
      <tagUsage gi="titleStmt" occurs="1"/>
      <tagUsage gi="title" occurs="5"/>
      <tagUsage gi="principal" occurs="1"/>
      <tagUsage gi="editor" occurs="1"/>
      <tagUsage gi="funder" occurs="1"/>
      <tagUsage gi="sponsor" occurs="1"/>
      <tagUsage gi="respStmt" occurs="3"/>
      <tagUsage gi="resp" occurs="3"/>
      <tagUsage gi="orgName" occurs="1"/>
      <tagUsage gi="persName" occurs="5"/>
      <tagUsage gi="editionStmt" occurs="1"/>
      <tagUsage gi="edition" occurs="3"/>
      <tagUsage gi="date" occurs="4"/>
      <tagUsage gi="name" occurs="8"/>
      <tagUsage gi="publicationStmt" occurs="1"/>
      <tagUsage gi="publisher" occurs="1"/>
      <tagUsage gi="distributor" occurs="1"/>
      <tagUsage gi="address" occurs="1"/>
      <tagUsage gi="addrLine" occurs="6"/>
      <tagUsage gi="availability" occurs="1"/>
      <tagUsage gi="p" occurs="7"/>
      <tagUsage gi="ref" occurs="4"/>
      <tagUsage gi="bibl" occurs="2"/>
      <tagUsage gi="notesStmt" occurs="1"/>
      <tagUsage gi="note" occurs="2"/>
      <tagUsage gi="sourceDesc" occurs="1"/>
      <tagUsage gi="recordingStmt" occurs="1"/>
      <tagUsage gi="recording" occurs="1"/>
      <tagUsage gi="equipment" occurs="1"/>
      <tagUsage gi="encodingDesc" occurs="1"/>
      <tagUsage gi="classDecl" occurs="1"/>
      <tagUsage gi="taxonomy" occurs="1"/>
      <tagUsage gi="category" occurs="17"/>
      <tagUsage gi="catDesc" occurs="17"/>
      <tagUsage gi="tagsDecl" occurs="1"/>
      <tagUsage gi="namespace" occurs="2"/>
      <tagUsage gi="tagUsage" occurs="81"/>
      <tagUsage gi="gi" occurs="3"/>
      <tagUsage gi="att" occurs="13"/>
      <tagUsage gi="list" occurs="11"/>
      <tagUsage gi="label" occurs="20"/>
      <tagUsage gi="val" occurs="42"/>
      <tagUsage gi="item" occurs="40"/>
      <tagUsage gi="profileDesc" occurs="1"/>
      <tagUsage gi="textClass" occurs="1"/>
      <tagUsage gi="catRef" occurs="2"/>
      <tagUsage gi="settingDesc" occurs="1"/>
      <tagUsage gi="setting" occurs="1"/>
      <tagUsage gi="locale" occurs="1"/>
      <tagUsage gi="activity" occurs="1"/>
      <tagUsage gi="particDesc" occurs="1"/>
      <tagUsage gi="listPerson" occurs="3"/>
      <tagUsage gi="personGrp" occurs="2"/>
      <tagUsage gi="person" occurs="3"/>
      <tagUsage gi="age" occurs="3"/>
      <tagUsage gi="sex" occurs="3"/>
      <tagUsage gi="occupation" occurs="3"/>
      <tagUsage gi="langKnowledge" occurs="3"/>
      <tagUsage gi="langKnown" occurs="3"/>
      <tagUsage gi="relationGrp" occurs="1"/>
      <tagUsage gi="relation" occurs="2"/>
      <tagUsage gi="revisionDesc" occurs="1"/>
      <tagUsage gi="change" occurs="5"/>
      <tagUsage gi="text" occurs="1"/>
      <tagUsage gi="body" occurs="1"/>
      <tagUsage gi="div" occurs="1"/>
      <tagUsage gi="u" occurs="276">Used to mark a stretch of speech commonly
		preceded and followed by a pause or by a change of speaker. A
		<gi>u</gi> is, however, not required to be bounded by a pause or
		a change of speaker, nor does it represent a turn in a
		conversation analytic sense. At a minimum, a <gi>u</gi> is some
		phonetic production or noise made by a given speaker or a group of speakers.</tagUsage>
      <tagUsage gi="c" occurs="42">Used to mark lengthening of sounds and
		intonation (fall, rise). The following <att>type</att>
		attributes are used to mark:
		<list>
		  <label><val>lengthening</val></label><item>lengthened
		  sounds</item>
		  <label><val>intonation</val></label><item>a significant change in
		  intonation, marked with the following <att>function</att>
		  attribute for:
		  <list>
			<label><val>fall</val></label><item>falling
			intonation</item>
			<label><val>rise</val></label><item>rising intonation</item>
		  </list>
		</item>
		</list>
		Intonation may or may not coincide with
		syntactic boundaries.
		</tagUsage>
      <tagUsage gi="pause" occurs="164">Used to mark a pause either between or
		within utterances. Used without <att>dur</att> attribute to
		indicate a brief pause up to half a second.
		</tagUsage>
      <tagUsage gi="seg" occurs="219">Used with different <att>type</att> attributes to mark:
		<list>
		  <label><att>type</att><val>overlap</val></label>
		  <item>overlaps</item>
		  <label><att>type</att><val>onomatopoeia</val></label>
		  <item>onomatopoeic sounds</item>
		  <label><att>type</att><val>ipa</val></label>
		  <item>transcriptions in the international phonetic alphabet</item>
		</list>
		</tagUsage>
      <tagUsage gi="incident" occurs="2">Used to mark contextual information
		relevant to the understanding of the interaction or the
		interaction as such. The <att>voice:desc</att> attribute
		provides a short prose description of the contextual
		event.</tagUsage>
      <tagUsage gi="supplied" occurs="15">Used to mark text supplied by the
		transcriber because the original is unintelligible or needed to
		be anonymized. The <att>reason</att> attribute is used to mark:
		<list>
		  <label><val>unintelligible</val></label><item>unintelligible
		  speech</item>
		  <label><val>anonymization</val></label><item>anonymized
		  speech</item>
		</list>
		</tagUsage>
      <tagUsage gi="unclear" occurs="3">Used to mark speech which cannot be
		transcribed with certainty, because it is difficult to hear or
		understand for the transcriber.</tagUsage>
      <tagUsage gi="w" occurs="5">
		  Used with the <att>type</att> attribute set to
		  <val>spelt</val> to mark words or word fragments which are
		  spelt out, i.e. words whose constituents are pronounced as
		  individual letters.
		</tagUsage>
      <tagUsage gi="emph" occurs="8">Used to mark speech which is stressed or
		emphasized in a way that goes beyond regular nuclear
		stress.</tagUsage>
      <tagUsage gi="vocal" occurs="17">Used to mark laughter and other speaker
		noises and non-verbal feedback.
        <list>
          <label>
            <val>speaker_noise</val>
          </label>
          <item>
            <list>
              <item>
                <val>coughing</val>
              </item>
              <item>
                <val>nods</val>
              </item>
              <item>
                <val>shakes head</val>
              </item>
              <item>
                <val>smacks lips</val>
              </item>
              <item>
                <val>sniffs</val>
              </item>
              <item>
                <val>swallows</val>
              </item>
              <item>
                <val>whistles</val>
              </item>
            </list>
          </item>
          <label>
            <val>wordlike</val>
          </label>
          <item>
            <val>laughing</val>
          </item>
        </list>
        </tagUsage>
      <tagUsage gi="shift" occurs="26">Used to mark the point at which some
		paralinguistic feature changes. The following attribute values
		are used to mark:
		<list>
          <label>
            <val>voice</val>
          </label>
          <item>voice quality
          <list>
            <item><val>imitating</val></item>
            <item><val>laugh</val></item>
            <item><val>neutral</val></item>
            <item><val>phone</val></item>
            <item><val>reading</val></item>
            <item><val>reading_aloud</val></item>
            <item><val>sigh</val></item>
            <item><val>singing</val></item>
            <item><val>whisp</val></item>
            <item><val>yawning</val></item>
          </list>
          </item>
          <label>
          <val>tempo</val></label>
          <item>speed of utterance
            <list>
              <label><val>a</val></label>
              <item>accelerando</item>
              <label><val>l</val></label>
              <item>lento</item>
              <label><val>neutral</val></label>
              <item>neutral</item>
            </list>
          </item>
          <label>
          <val>loud</val></label>
          <item>loudness
            <list>
              <item><val>f</val></item>
              <item><val>neutral</val></item>
              <item><val>p</val></item>
            </list>
          </item>
		  </list>
		</tagUsage>
      <tagUsage gi="anchor" occurs="44">Used to mark other-continuation,
		i.e. whenever a speaker continues another speaker's <gi>u</gi>
		without a pause. Other-continuation is to be interpreted
		temporally and does not relate to form or content of the
		speakers' utterances.</tagUsage>
      <tagUsage gi="foreign" occurs="23">Used to mark a word or phrase as
		belonging to some language other than English. The following
		values for the <att>type</att> attribute are used to mark:
		<list>
		  <label><val>L1</val></label><item>the speaker's first
		  language</item>
		  <label><val>LN</val></label><item>a language other than the
		  speaker's first language</item>
		  <label><val>LQ</val></label><item>a language where it cannot
		  be ascertained whether it is the speaker's first or other
		  language.</item>
		</list>
		Whenever possible, the 
		<att>voice:translation</att> attribute provides a rough translation of the
		non-English speech into English.
		</tagUsage></namespace><namespace name="http://www.univie.ac.at/voice/ns/1.0">
      <tagUsage gi="voice:track" occurs="3">Used to mark the beginning of a new
		audio track used in transcription (usually three minutes in length) and thus refers to the audio recording
		of the transcribed speech event.
		</tagUsage>
      <tagUsage gi="voice:to" occurs="5">Used to mark speech directed towards a
		particular speaker. The <att>who</att>who attribute indicates the
		addressed speaker.</tagUsage></namespace></tagsDecl>
      </encodingDesc>
      <profileDesc>
         <textClass>
            <catRef target="#EDint605_ED #EDint605_int"/>
            <catRef target="#ED #int"/>
         </textClass>
         <settingDesc>
            <setting>
               <name type="country">MT</name>
               <name type="city">unlnown</name>
               <locale>university campus</locale>
               <activity>none</activity>
            </setting>
         </settingDesc>
         <particDesc>
            <listPerson type="main">
               <listPerson type="groups">
                  <personGrp role="speakers" size="3"/>
                  <personGrp role="interactants" size="2"/>
               </listPerson>
               <listPerson type="identified">
                  <person role="interviewee" sameAs="#P266" xml:id="EDint605_S5">
                     <age value="1">17-24</age>
                     <sex value="2">female</sex>
                     <occupation>student of Maltese and Economics</occupation>
                     <langKnowledge>
                        <langKnown level="L1" tag="mlt-MT"/>
                     </langKnowledge>
                  </person>
                  <person role="non-participant" sameAs="#P267" xml:id="EDint605_S6">
                     <age value="1">17-24</age>
                     <sex value="2">female</sex>
                     <occupation>student of economics</occupation>
                     <langKnowledge>
                        <langKnown level="L1" tag="mlt-MT"/>
                     </langKnowledge>
                  </person>
                  <person role="interviewer" sameAs="#P168" xml:id="EDint605_S1">
                     <age value="1">17-24</age>
                     <sex value="2">female</sex>
                     <occupation>student</occupation>
                     <langKnowledge>
                        <langKnown level="L1" tag="scc-RS"/>
                     </langKnowledge>
                  </person>
               </listPerson>
               <relationGrp>
                  <relation mutual="#EDint605_S1 #EDint605_S5" name="fairly_symmetrical" type="power"/>
                  <relation mutual="#EDint605_S1 #EDint605_S5" name="predominantly_unacquainted" type="acquaintedness"/>
               </relationGrp>
            </listPerson>
         </particDesc>
      </profileDesc>
      <revisionDesc>
         <change when="2009-05-19" who="SM">conversion to XML</change>
         <change when="2009-05-08" who="MLP">finalized for publication</change>
         <change when="2009-02-20" who="AB">proof-reading</change>
         <change when="2007-02-07" who="TK">checking</change>
         <change when="2006-09-11" who="LO">transcription</change>
      </revisionDesc>
   </teiHeader>
   <text>
      <body>
         <div type="medium" voice:end="00:42" voice:end_medium_number="1" voice:end_track="10" voice:medium_type="md" voice:start="00:30" voice:start_medium_number="1" voice:start_track="7">
            <u who="#EDint605_S1" xml:id="EDint605_u_1"> er excuse me<c function="fall" type="intonation"/> are you maltese<c function="rise" type="intonation"/></u>
            <u who="#EDint605_S5" xml:id="EDint605_u_2"> yes </u>
            <u who="#EDint605_S1" xml:id="EDint605_u_3"> yes<c function="rise" type="intonation"/><pause dur="PT1S"/> would you like to do an interview with me maybe <pause/> i'm doing a little research about english and maltese <pause/> here in malta </u>
            <u who="#EDint605_S5" xml:id="EDint605_u_4"> it's okay </u>
            <u who="#EDint605_S1" xml:id="EDint605_u_5"> if <seg n="1" type="overlap" xml:id="EDint605_ol_0"> you have time </seg></u>
            <u who="#EDint605_S5" xml:id="EDint605_u_6"><seg n="1" synch="#EDint605_ol_0" type="overlap" xml:id="EDint605_ol_1"> how long does </seg> it take <pause/> is it <seg n="2" type="overlap" xml:id="EDint605_ol_2"> for long<c function="rise" type="intonation"/></seg><pause/></u>
            <u who="#EDint605_S1" xml:id="EDint605_u_7"><seg n="2" synch="#EDint605_ol_2" type="overlap" xml:id="EDint605_ol_3"> like </seg></u>
            <u who="#EDint605_S1" xml:id="EDint605_u_8"> no no no <pause dur="PT1S"/><seg n="3" type="overlap" xml:id="EDint605_ol_4"> it's <pause/> gonna take like </seg> five minutes <pause dur="PT5S"/><incident dur="PT5S" voice:desc="S1 and S5 move to a more sheltered location because of the strong wind "/></u>
            <u who="#EDint605_S5" xml:id="EDint605_u_9"><seg n="3" synch="#EDint605_ol_4" type="overlap" xml:id="EDint605_ol_5"><supplied reason="unintelligible"> xxxxx </supplied></seg></u>
            <u who="#EDint605_S1" xml:id="EDint605_u_10"> since you have very little time <pause/> would you mind e<c type="lengthening"/>rm me taping you like <pause dur="PT1S"/> asking you a questions like e<c type="lengthening"/>r <pause/> do you like maltese er when do you speak it to whom <seg n="4" type="overlap" xml:id="EDint605_ol_6"> in which situations </seg></u>
            <u who="#EDint605_S5" xml:id="EDint605_u_11"><seg n="4" synch="#EDint605_ol_6" type="overlap" xml:id="EDint605_ol_7"> okay </seg> it's no problem <pause/></u>
            <u who="#EDint605_S1" xml:id="EDint605_u_12"><unclear> may i have a paper </unclear><pause dur="PT6S"/><incident dur="PT6S" voice:desc="S1 opens her bag to get out some paper "/></u>
            <u who="#EDint605_S5" xml:id="EDint605_u_13"> what are you studying<c function="fall" type="intonation"/></u>
            <u who="#EDint605_S1" xml:id="EDint605_u_14"> i'm studying er english <pause/> er <pause/> and er i'm coming from the university of vienna </u>
            <u who="#EDint605_S5" xml:id="EDint605_u_15"> aha </u>
            <u who="#EDint605_S1" xml:id="EDint605_u_16"> and i'm doing my  <w voice:mode="spelt"> m a  </w> there <seg n="5" type="overlap" xml:id="EDint605_ol_8"> and i'm writing </seg> about malta and er <pause/></u>
            <u who="#EDint605_S5" xml:id="EDint605_u_17"><seg n="5" synch="#EDint605_ol_8" type="overlap" xml:id="EDint605_ol_9"> a<c type="lengthening"/>h <pause/> that's nice </seg></u>
            <u who="#EDint605_S1" xml:id="EDint605_u_18"> about english a- and maltese here in malta so hh i <emph> really </emph> appre<seg n="6" type="overlap" xml:id="EDint605_ol_10">ciate </seg></u>
            <u who="#EDint605_S5" xml:id="EDint605_u_19"><seg n="6" synch="#EDint605_ol_10" type="overlap" xml:id="EDint605_ol_11"> you're </seg> doing a  <w voice:mode="spelt"> b a  </w> a  </u>
            <u who="#EDint605_S1" xml:id="EDint605_u_20"> no no no </u>
            <u who="#EDint605_S5" xml:id="EDint605_u_21"> what are you doing<c function="rise" type="intonation"/></u>
            <u who="#EDint605_S1" xml:id="EDint605_u_22"><w voice:mode="spelt">  m a  </w><seg n="7" type="overlap" xml:id="EDint605_ol_12"><w voice:mode="spelt"> m a  </w></seg><pause/></u>
            <u who="#EDint605_S5" xml:id="EDint605_u_23"><seg n="7" synch="#EDint605_ol_12" type="overlap" xml:id="EDint605_ol_13"><w voice:mode="spelt">  m a  </w></seg></u>
            <u who="#EDint605_S1" xml:id="EDint605_u_24"> yes my <seg n="1" type="overlap" xml:id="EDint605_ol_14"> masters </seg></u>
            <u who="#EDint605_S5" xml:id="EDint605_u_25"><seg n="1" synch="#EDint605_ol_14" type="overlap" xml:id="EDint605_ol_15"> okay </seg> your <seg n="2" type="overlap" xml:id="EDint605_ol_16"> masters </seg><pause/></u>
            <u who="#EDint605_S1" xml:id="EDint605_u_26"><seg n="2" synch="#EDint605_ol_16" type="overlap" xml:id="EDint605_ol_17"> yes </seg></u>
            <u who="#EDint605_S1" xml:id="EDint605_u_27"> yes  </u>
            <u who="#EDint605_S5" xml:id="EDint605_u_28"> okay <pause dur="PT1S"/><seg n="3" type="overlap" xml:id="EDint605_ol_18"> nice </seg><pause/></u>
            <u who="#EDint605_S1" xml:id="EDint605_u_29"><seg n="3" synch="#EDint605_ol_18" type="overlap" xml:id="EDint605_ol_19"><vocal subtype="wordstart" type="wordlike" voice:desc="laughing" voice:syl="2"/></seg></u>
            <u who="#EDint605_S5" xml:id="EDint605_u_30"> congratulations then </u>
            <u who="#EDint605_S1" xml:id="EDint605_u_31"><vocal subtype="wordstart" type="wordlike" voice:desc="laughing" voice:syl="3"/><shift corresp="#EDint605_s_2" feature="voice" new="laugh" xml:id="EDint605_s_1"/>  thanks <shift corresp="#EDint605_s_1" feature="voice" new="neutral" xml:id="EDint605_s_2"/><pause/> what are you studying<c function="fall" type="intonation"/><pause/></u>
            <u who="#EDint605_S5" xml:id="EDint605_u_32"> i'm studying to become a teacher be at <supplied reason="unintelligible"> xxx </supplied> course </u>
            <u who="#EDint605_S1" xml:id="EDint605_u_33"> a<c type="lengthening"/>h really </u>
            <u who="#EDint605_S5" xml:id="EDint605_u_34"> yes<c type="lengthening"/><pause/></u>
            <u who="#EDint605_S1" xml:id="EDint605_u_35"> okay <pause dur="PT1S"/> so er you speak both er <anchor synch="#EDint605_oc_1" type="other_continuation" xml:id="EDint605_oc_0"/></u>
            <u who="#EDint605_S5" xml:id="EDint605_u_36"><anchor synch="#EDint605_oc_0" type="other_continuation" xml:id="EDint605_oc_1"/> and in fact i er <pause/> this is my last year </u>
            <u who="#EDint605_S1" xml:id="EDint605_u_37"> mhm </u>
            <u who="#EDint605_S5" xml:id="EDint605_u_38"> and i'm studying to become a teacher of maltese and a teacher o<c type="lengthening"/>f <pause/></u>
            <u who="#EDint605_S1" xml:id="EDint605_u_39"> really </u>
            <u who="#EDint605_S5" xml:id="EDint605_u_40"> on economics yes </u>
            <u who="#EDint605_S1" xml:id="EDint605_u_41"><shift corresp="#EDint605_s_4" feature="voice" new="laugh" xml:id="EDint605_s_3"/> so you're the <shift corresp="#EDint605_s_3" feature="voice" new="neutral" xml:id="EDint605_s_4"/> r- right person to talk to  </u>
            <u who="#EDint605_S5" xml:id="EDint605_u_42"><shift corresp="#EDint605_s_6" feature="voice" new="laugh" xml:id="EDint605_s_5"/> hm <shift corresp="#EDint605_s_5" feature="voice" new="neutral" xml:id="EDint605_s_6"/><pause/><seg n="4" type="overlap" xml:id="EDint605_ol_20"> yes </seg></u>
            <u who="#EDint605_S1" xml:id="EDint605_u_43"><seg n="4" synch="#EDint605_ol_20" type="overlap" xml:id="EDint605_ol_21"> really </seg> so <pause/> you're bilingual <pause/> i assume <pause dur="PT1S"/></u>
            <u who="#EDint605_S5" xml:id="EDint605_u_44"> e<c type="lengthening"/>rm i speak maltese  </u>
            <u who="#EDint605_S1" xml:id="EDint605_u_45"> mhm <pause/></u>
            <u who="#EDint605_S5" xml:id="EDint605_u_46"> but i <emph> speak </emph> english <pause/> for exampl<c type="lengthening"/>e <vocal type="speaker_noise" voice:desc="smacks lips"/><pause/> most of the time i speak maltese <seg n="5" type="overlap" xml:id="EDint605_ol_22"> i speak e- </seg> i speak english for example during when i'm<c type="lengthening"/> doing a presentation or something like <emph> that </emph></u>
            <u who="#EDint605_S1" xml:id="EDint605_u_47"><seg n="5" synch="#EDint605_ol_22" type="overlap" xml:id="EDint605_ol_23"> yes </seg></u>
            <u who="#EDint605_S1" xml:id="EDint605_u_48"> mhm <pause/></u>
            <u who="#EDint605_S5" xml:id="EDint605_u_49"> erm when i sms i like to use english <seg n="6" type="overlap" xml:id="EDint605_ol_24"> on the </seg> mobile i mean </u>
            <u who="#EDint605_S1" xml:id="EDint605_u_50"><seg n="6" synch="#EDint605_ol_24" type="overlap" xml:id="EDint605_ol_25"> mhm </seg></u>
            <u who="#EDint605_S1" xml:id="EDint605_u_51"> yes </u>
            <u who="#EDint605_S5" xml:id="EDint605_u_52"> but usually i speak maltese </u>
            <u who="#EDint605_S1" xml:id="EDint605_u_53"> yes among your friends your family </u>
            <u who="#EDint605_S5" xml:id="EDint605_u_54"> with my friends it depends if they speak english i have to speak english <seg n="7" type="overlap" xml:id="EDint605_ol_26"> in english </seg><pause/></u>
            <u who="#EDint605_S1" xml:id="EDint605_u_55"><seg n="7" synch="#EDint605_ol_26" type="overlap" xml:id="EDint605_ol_27"><shift corresp="#EDint605_s_8" feature="voice" new="laugh" xml:id="EDint605_s_7"/> yes <shift corresp="#EDint605_s_7" feature="voice" new="neutral" xml:id="EDint605_s_8"/></seg></u>
            <u who="#EDint605_S5" xml:id="EDint605_u_56"> but if they speak in maltese i speak in maltese </u>
            <u who="#EDint605_S1" xml:id="EDint605_u_57"> yes yes yes <seg n="8" type="overlap" xml:id="EDint605_ol_28"> i </seg> see s- <seg n="1" type="overlap" xml:id="EDint605_ol_29"> s- </seg></u>
            <u who="#EDint605_S5" xml:id="EDint605_u_58"><seg n="8" synch="#EDint605_ol_28" type="overlap" xml:id="EDint605_ol_30"> so </seg></u>
            <u who="#EDint605_S5" xml:id="EDint605_u_59"><seg n="1" synch="#EDint605_ol_29" type="overlap" xml:id="EDint605_ol_31"> many </seg> of m- my f- friends speak <seg n="2" type="overlap" xml:id="EDint605_ol_32"> in maltese </seg> so i <seg n="3" type="overlap" xml:id="EDint605_ol_33"> speak in maltese </seg><pause/></u>
            <u who="#EDint605_S1" xml:id="EDint605_u_60"><seg n="2" synch="#EDint605_ol_32" type="overlap" xml:id="EDint605_ol_34"> mhm </seg></u>
            <u who="#EDint605_S1" xml:id="EDint605_u_61"><seg n="3" synch="#EDint605_ol_33" type="overlap" xml:id="EDint605_ol_35"> yes i see </seg></u>
            <u who="#EDint605_S1" xml:id="EDint605_u_62"> hh and how do you see maltese in malta <pause/> do you like it or <seg n="4" type="overlap" xml:id="EDint605_ol_36"> do you think it's </seg> important <pause/></u>
            <u who="#EDint605_S5" xml:id="EDint605_u_63"><seg n="4" synch="#EDint605_ol_36" type="overlap" xml:id="EDint605_ol_37"> yes i like it </seg></u>
            <u who="#EDint605_S5" xml:id="EDint605_u_64"> i like maltese in fact i chose <seg n="5" type="overlap" xml:id="EDint605_ol_38"> maltese </seg> as one of <seg n="6" type="overlap" xml:id="EDint605_ol_39"> my areas </seg> teaching areas <pause/></u>
            <u who="#EDint605_S1" xml:id="EDint605_u_65"><seg n="5" synch="#EDint605_ol_38" type="overlap" xml:id="EDint605_ol_40"> mhm </seg></u>
            <u who="#EDint605_S1" xml:id="EDint605_u_66"><seg n="6" synch="#EDint605_ol_39" type="overlap" xml:id="EDint605_ol_41"> yes yes </seg></u>
            <u who="#EDint605_S5" xml:id="EDint605_u_67"> i think it's very important since it's our language <pause/></u>
            <u who="#EDint605_S1" xml:id="EDint605_u_68"> mhm </u>
            <u who="#EDint605_S5" xml:id="EDint605_u_69"> a<c type="lengthening"/>nd the problem is that <pause/> er many people especially tee<emph>na</emph>gers not only tee<emph>na</emph>gers but <pause/> there're some people who <pause/><voice:track medium="1" num="8" type="md"/> erm don't like maltese they are maltese but <seg n="1" type="overlap" xml:id="EDint605_ol_42"> they </seg> prefer to speak in english <seg n="2" type="overlap" xml:id="EDint605_ol_43"> instead </seg><pause/></u>
            <u who="#EDint605_S1" xml:id="EDint605_u_70"><seg n="1" synch="#EDint605_ol_42" type="overlap" xml:id="EDint605_ol_44"> mhm </seg></u>
            <u who="#EDint605_S1" xml:id="EDint605_u_71"><seg n="2" synch="#EDint605_ol_43" type="overlap" xml:id="EDint605_ol_45"> mhm </seg></u>
            <u who="#EDint605_S5" xml:id="EDint605_u_72"><seg n="3" type="overlap" xml:id="EDint605_ol_46"> when </seg> they can speak in maltese <seg n="4" type="overlap" xml:id="EDint605_ol_47"> in sit</seg>uations like i don't know <pause/></u>
            <u who="#EDint605_S1" xml:id="EDint605_u_73"><seg n="3" synch="#EDint605_ol_46" type="overlap" xml:id="EDint605_ol_48"> yes </seg></u>
            <u who="#EDint605_S1" xml:id="EDint605_u_74"><seg n="4" synch="#EDint605_ol_47" type="overlap" xml:id="EDint605_ol_49"> mhm </seg></u>
            <u who="#EDint605_S5" xml:id="EDint605_u_75"> erm with their friends <pause/></u>
            <u who="#EDint605_S1" xml:id="EDint605_u_76"> yes <seg n="5" type="overlap" xml:id="EDint605_ol_50"> yes </seg></u>
            <u who="#EDint605_S5" xml:id="EDint605_u_77"><seg n="5" synch="#EDint605_ol_50" type="overlap" xml:id="EDint605_ol_51"> they </seg> speak they're they're maltese but they don't speak maltese <seg n="6" type="overlap" xml:id="EDint605_ol_52"> they they </seg> prefer to speak in english <anchor synch="#EDint605_oc_3" type="other_continuation" xml:id="EDint605_oc_2"/></u>
            <u who="#EDint605_S1" xml:id="EDint605_u_78"><seg n="6" synch="#EDint605_ol_52" type="overlap" xml:id="EDint605_ol_53"><vocal subtype="wordstart" type="wordlike" voice:desc="laughing" voice:syl="2"/><shift corresp="#EDint605_s_10" feature="voice" new="laugh" xml:id="EDint605_s_9"/>  really <shift corresp="#EDint605_s_9" feature="voice" new="neutral" xml:id="EDint605_s_10"/></seg></u>
            <u who="#EDint605_S1" xml:id="EDint605_u_79"><anchor synch="#EDint605_oc_2" type="other_continuation" xml:id="EDint605_oc_3"/> aha <pause/></u>
            <u who="#EDint605_S5" xml:id="EDint605_u_80"> some of them no- not so </u>
            <u who="#EDint605_S1" xml:id="EDint605_u_81"> mhm </u>
            <u who="#EDint605_S5" xml:id="EDint605_u_82"> i mea<c type="lengthening"/>n </u>
            <u who="#EDint605_S1" xml:id="EDint605_u_83"> mhm <anchor synch="#EDint605_oc_5" type="other_continuation" xml:id="EDint605_oc_4"/></u>
            <u who="#EDint605_S5" xml:id="EDint605_u_84"><anchor synch="#EDint605_oc_4" type="other_continuation" xml:id="EDint605_oc_5"/> for exampl<c type="lengthening"/>e er those living in <foreign type="L1" voice:translation="city in malta" xml:lang="mlt"><supplied reason="unintelligible"> xx </supplied> sliema </foreign></u>
            <u who="#EDint605_S1" xml:id="EDint605_u_85"> mhm <anchor synch="#EDint605_oc_7" type="other_continuation" xml:id="EDint605_oc_6"/></u>
            <u who="#EDint605_S5" xml:id="EDint605_u_86"><anchor synch="#EDint605_oc_6" type="other_continuation" xml:id="EDint605_oc_7"/> something <seg n="7" type="overlap" xml:id="EDint605_ol_54"> like that </seg></u>
            <u who="#EDint605_S1" xml:id="EDint605_u_87"><seg n="7" synch="#EDint605_ol_54" type="overlap" xml:id="EDint605_ol_55"> yes yes yes </seg> and you <pause/> you think you should stick <pause/> you should use both or you should <seg n="1" type="overlap" xml:id="EDint605_ol_56"> stick to your own </seg></u>
            <u who="#EDint605_S5" xml:id="EDint605_u_88"><seg n="1" synch="#EDint605_ol_56" type="overlap" xml:id="EDint605_ol_57"> i think we should </seg> use both <pause/> we s- we <seg n="2" type="overlap" xml:id="EDint605_ol_58"> should </seg> use both <pause/></u>
            <u who="#EDint605_S1" xml:id="EDint605_u_89"><seg n="2" synch="#EDint605_ol_58" type="overlap" xml:id="EDint605_ol_59"> equally </seg></u>
            <u who="#EDint605_S5" xml:id="EDint605_u_90"> ye<c type="lengthening"/>s but either you speak o- only maltese or else you speak only <seg n="3" type="overlap" xml:id="EDint605_ol_60"> in en</seg>glish <pause/></u>
            <u who="#EDint605_S1" xml:id="EDint605_u_91"><seg n="3" synch="#EDint605_ol_60" type="overlap" xml:id="EDint605_ol_61"> yes </seg></u>
            <u who="#EDint605_S1" xml:id="EDint605_u_92"><seg n="4" type="overlap" xml:id="EDint605_ol_62"> yes i heard </seg><pause/> that many people mix <pause/></u>
            <u who="#EDint605_S5" xml:id="EDint605_u_93"><seg n="4" synch="#EDint605_ol_62" type="overlap" xml:id="EDint605_ol_63"> cos otherwise </seg></u>
            <u who="#EDint605_S5" xml:id="EDint605_u_94"> that's the <seg n="5" type="overlap" xml:id="EDint605_ol_64"> problem when </seg> they mix not when they speak in english when <seg n="6" type="overlap" xml:id="EDint605_ol_65"> they </seg> mix it it's the main problem when s- they mix <anchor synch="#EDint605_oc_9" type="other_continuation" xml:id="EDint605_oc_8"/></u>
            <u who="#EDint605_S1" xml:id="EDint605_u_95"><seg n="5" synch="#EDint605_ol_64" type="overlap" xml:id="EDint605_ol_66"> mix english </seg></u>
            <u who="#EDint605_S1" xml:id="EDint605_u_96"><seg n="6" synch="#EDint605_ol_65" type="overlap" xml:id="EDint605_ol_67"> yes </seg></u>
            <u who="#EDint605_S1" xml:id="EDint605_u_97"><anchor synch="#EDint605_oc_8" type="other_continuation" xml:id="EDint605_oc_9"/> aha <pause/> yes so you don't see it as a good habit <pause/> it's </u>
            <u who="#EDint605_S5" xml:id="EDint605_u_98"> no i don't see it <seg n="7" type="overlap" xml:id="EDint605_ol_68"> as a good habit </seg></u>
            <u who="#EDint605_S1" xml:id="EDint605_u_99"><seg n="7" synch="#EDint605_ol_68" type="overlap" xml:id="EDint605_ol_69"><shift corresp="#EDint605_s_12" feature="voice" new="laugh" xml:id="EDint605_s_11"/> yeah yeah yeah <shift corresp="#EDint605_s_11" feature="voice" new="neutral" xml:id="EDint605_s_12"/></seg> many people <anchor synch="#EDint605_oc_11" type="other_continuation" xml:id="EDint605_oc_10"/></u>
            <u who="#EDint605_S5" xml:id="EDint605_u_100"><anchor synch="#EDint605_oc_10" type="other_continuation" xml:id="EDint605_oc_11"/> either they <seg n="8" type="overlap" xml:id="EDint605_ol_70"> speak in english or they speak in maltese </seg></u>
            <u who="#EDint605_S1" xml:id="EDint605_u_101"><seg n="8" synch="#EDint605_ol_70" type="overlap" xml:id="EDint605_ol_71"> told me <pause/> told me </seg> it's very bad <vocal subtype="wordstart" type="wordlike" voice:desc="laughing" voice:syl="3"/></u>
            <u who="#EDint605_S5" xml:id="EDint605_u_102"> sorry </u>
            <u who="#EDint605_S1" xml:id="EDint605_u_103"> many people told me that's a very bad habit </u>
            <u who="#EDint605_S5" xml:id="EDint605_u_104"> yes it's a very bad <seg n="1" type="overlap" xml:id="EDint605_ol_72"> habit </seg></u>
            <u who="#EDint605_S1" xml:id="EDint605_u_105"><seg n="1" synch="#EDint605_ol_72" type="overlap" xml:id="EDint605_ol_73"> especially </seg> in <foreign type="LN" voice:translation="city in malta" xml:lang="mlt"> sliema </foreign> they told me </u>
            <u who="#EDint605_S5" xml:id="EDint605_u_106"> aha <seg n="2" type="overlap" xml:id="EDint605_ol_74"> aha </seg> because they mix <seg n="3" type="overlap" xml:id="EDint605_ol_75"> everything </seg> up <seg n="4" type="overlap" xml:id="EDint605_ol_76"> there </seg><pause/></u>
            <u who="#EDint605_S1" xml:id="EDint605_u_107"><seg n="2" synch="#EDint605_ol_74" type="overlap" xml:id="EDint605_ol_77"><vocal subtype="wordstart" type="wordlike" voice:desc="laughing" voice:syl="3"/></seg></u>
            <u who="#EDint605_S1" xml:id="EDint605_u_108"><seg n="3" synch="#EDint605_ol_75" type="overlap" xml:id="EDint605_ol_78"> okay </seg></u>
            <u who="#EDint605_S1" xml:id="EDint605_u_109"><seg n="4" synch="#EDint605_ol_76" type="overlap" xml:id="EDint605_ol_79"> yes </seg></u>
            <u who="#EDint605_S1" xml:id="EDint605_u_110"> a- <seg n="5" type="overlap" xml:id="EDint605_ol_80"> and </seg> what do you think about english<c function="rise" type="intonation"/><pause dur="PT1S"/></u>
            <u who="#EDint605_S5" xml:id="EDint605_u_111"><seg n="5" synch="#EDint605_ol_80" type="overlap" xml:id="EDint605_ol_81"> you know </seg></u>
            <u who="#EDint605_S5" xml:id="EDint605_u_112"> i like <seg n="6" type="overlap" xml:id="EDint605_ol_82"> i i </seg> love english and <seg n="7" type="overlap" xml:id="EDint605_ol_83"><supplied reason="unintelligible"> xxx </supplied> and </seg> e<c type="lengthening"/>rm <pause/></u>
            <u who="#EDint605_S1" xml:id="EDint605_u_113"><seg n="6" synch="#EDint605_ol_82" type="overlap" xml:id="EDint605_ol_84"> mhm </seg></u>
            <u who="#EDint605_S1" xml:id="EDint605_u_114"><seg n="7" synch="#EDint605_ol_83" type="overlap" xml:id="EDint605_ol_85"> mhm </seg></u>
            <u who="#EDint605_S5" xml:id="EDint605_u_115"> obviously it's my second <seg n="1" type="overlap" xml:id="EDint605_ol_86"> language </seg><pause/></u>
            <u who="#EDint605_S1" xml:id="EDint605_u_116"><seg n="1" synch="#EDint605_ol_86" type="overlap" xml:id="EDint605_ol_87"> mhm </seg></u>
            <u who="#EDint605_S5" xml:id="EDint605_u_117"> i use it when i teach home economics <seg n="2" type="overlap" xml:id="EDint605_ol_88"> in the </seg> classroom <seg n="3" type="overlap" xml:id="EDint605_ol_89"> because </seg> we're <pause/></u>
            <u who="#EDint605_S1" xml:id="EDint605_u_118"><seg n="2" synch="#EDint605_ol_88" type="overlap" xml:id="EDint605_ol_90"> mhm </seg></u>
            <u who="#EDint605_S1" xml:id="EDint605_u_119"><seg n="3" synch="#EDint605_ol_89" type="overlap" xml:id="EDint605_ol_91"> yes </seg></u>
            <u who="#EDint605_S5" xml:id="EDint605_u_120"> erm we <pause/> we're told to speak in english cos we <pause/> cos since it's our language hh even when we read books when we when <pause/> we do research we find it is english so <seg n="4" type="overlap" xml:id="EDint605_ol_92"> we </seg> have to speak in english we have to get <seg n="5" type="overlap" xml:id="EDint605_ol_93"> used </seg> speaking in <seg n="6" type="overlap" xml:id="EDint605_ol_94"> english </seg> and to read and understa<seg n="7" type="overlap" xml:id="EDint605_ol_95">nd </seg><pause/></u>
            <u who="#EDint605_S1" xml:id="EDint605_u_121"><seg n="4" synch="#EDint605_ol_92" type="overlap" xml:id="EDint605_ol_96"> yes </seg></u>
            <u who="#EDint605_S1" xml:id="EDint605_u_122"><seg n="5" synch="#EDint605_ol_93" type="overlap" xml:id="EDint605_ol_97"> yes </seg></u>
            <u who="#EDint605_S1" xml:id="EDint605_u_123"><seg n="6" synch="#EDint605_ol_94" type="overlap" xml:id="EDint605_ol_98"> yes </seg></u>
            <u who="#EDint605_S1" xml:id="EDint605_u_124"><seg n="7" synch="#EDint605_ol_95" type="overlap" xml:id="EDint605_ol_99"> mhm </seg></u>
            <u who="#EDint605_S5" xml:id="EDint605_u_125"> it's very important for us as well <pause/></u>
            <u who="#EDint605_S1" xml:id="EDint605_u_126"> mhm <pause/> for like academic purposes <seg n="1" type="overlap" xml:id="EDint605_ol_100"> more </seg> yes </u>
            <u who="#EDint605_S5" xml:id="EDint605_u_127"><seg n="1" synch="#EDint605_ol_100" type="overlap" xml:id="EDint605_ol_101"> for academic pur- </seg></u>
            <u who="#EDint605_S5" xml:id="EDint605_u_128"> yes it's more for academic purposes </u>
            <u who="#EDint605_S1" xml:id="EDint605_u_129"> okay i see <pause/></u>
            <u who="#EDint605_S5" xml:id="EDint605_u_130"> mhm </u>
            <u who="#EDint605_S1" xml:id="EDint605_u_131"> so you you like both <seg n="3" type="overlap" xml:id="EDint605_ol_102"> and you </seg> think that people should <seg n="4" type="overlap" xml:id="EDint605_ol_103"> er use </seg> them equally <seg n="5" type="overlap" xml:id="EDint605_ol_104"> like in malta </seg></u>
            <u who="#EDint605_S5" xml:id="EDint605_u_132"><seg n="3" synch="#EDint605_ol_102" type="overlap" xml:id="EDint605_ol_105"> i like both of them </seg></u>
            <u who="#EDint605_S5" xml:id="EDint605_u_133"><seg n="4" synch="#EDint605_ol_103" type="overlap" xml:id="EDint605_ol_106"><supplied reason="unintelligible"> xxx </supplied></seg></u>
            <u who="#EDint605_S5" xml:id="EDint605_u_134"><seg n="5" synch="#EDint605_ol_104" type="overlap" xml:id="EDint605_ol_107"> yes </seg> bilingually <pause/><seg n="6" type="overlap" xml:id="EDint605_ol_108"> yes </seg></u>
            <u who="#EDint605_S1" xml:id="EDint605_u_135"><seg n="6" synch="#EDint605_ol_108" type="overlap" xml:id="EDint605_ol_109"> yes </seg> yes yes <pause/> i find it very interesting <pause/> how you use it in different situations for example you would speak hh maltese to your father but you would speak i don't know english to your boyfriend o<c type="lengthening"/>r <seg n="7" type="overlap" xml:id="EDint605_ol_110"> i don't </seg> know to a friend of yours or something like that </u>
            <u who="#EDint605_S5" xml:id="EDint605_u_136"><seg n="7" synch="#EDint605_ol_110" type="overlap" xml:id="EDint605_ol_111"> yes </seg></u>
            <u who="#EDint605_S5" xml:id="EDint605_u_137"> aha </u>
            <u who="#EDint605_S1" xml:id="EDint605_u_138"> and do you think that people speak english to express some kind of power <pause/> like when <seg n="1" type="overlap" xml:id="EDint605_ol_112"> talking to </seg><pause/></u>
            <u who="#EDint605_S5" xml:id="EDint605_u_139"><seg n="1" synch="#EDint605_ol_112" type="overlap" xml:id="EDint605_ol_113"> yes </seg></u>
            <u who="#EDint605_S5" xml:id="EDint605_u_140"> yes <anchor synch="#EDint605_oc_13" type="other_continuation" xml:id="EDint605_oc_12"/></u>
            <u who="#EDint605_S1" xml:id="EDint605_u_141"><anchor synch="#EDint605_oc_12" type="other_continuation" xml:id="EDint605_oc_13"/> you're a teacher <seg n="2" type="overlap" xml:id="EDint605_ol_114"> and </seg> i met some teachers and i interviewed them and they told me <pause/></u>
            <u who="#EDint605_S5" xml:id="EDint605_u_142"><seg n="2" synch="#EDint605_ol_114" type="overlap" xml:id="EDint605_ol_115"> aha </seg></u>
            <u who="#EDint605_S1" xml:id="EDint605_u_143"> when they want to remain in power <pause/><shift corresp="#EDint605_s_14" feature="voice" new="laugh" xml:id="EDint605_s_13"/><seg n="3" type="overlap" xml:id="EDint605_ol_116"> when </seg> they like <shift corresp="#EDint605_s_13" feature="voice" new="neutral" xml:id="EDint605_s_14"/> quarrel with students or with pupils <anchor synch="#EDint605_oc_15" type="other_continuation" xml:id="EDint605_oc_14"/></u>
            <u who="#EDint605_S5" xml:id="EDint605_u_144"><seg n="3" synch="#EDint605_ol_116" type="overlap" xml:id="EDint605_ol_117"> aha </seg></u>
            <u who="#EDint605_S5" xml:id="EDint605_u_145"><anchor synch="#EDint605_oc_14" type="other_continuation" xml:id="EDint605_oc_15"/> i don't do that <seg n="4" type="overlap" xml:id="EDint605_ol_118"> but er because </seg> when i when i <pause/></u>
            <u who="#EDint605_S1" xml:id="EDint605_u_146"><seg n="4" synch="#EDint605_ol_118" type="overlap" xml:id="EDint605_ol_119"><vocal subtype="wordstart" type="wordlike" voice:desc="laughing" voice:syl="2"/></seg></u>
            <u who="#EDint605_S5" xml:id="EDint605_u_147"> when i speak to my students especially if they don't und- <pause/> if they don't understand english i don't use eng- u- use eng- <pause/> -lish <pause/></u>
            <u who="#EDint605_S1" xml:id="EDint605_u_148"> yes <pause dur="PT1S"/></u>
            <u who="#EDint605_S5" xml:id="EDint605_u_149"> erm as a form of power over  them <seg n="5" type="overlap" xml:id="EDint605_ol_120"> or </seg></u>
            <u who="#EDint605_S1" xml:id="EDint605_u_150"><seg n="5" synch="#EDint605_ol_120" type="overlap" xml:id="EDint605_ol_121"> yes </seg> yes yes <pause/> but <seg n="6" type="overlap" xml:id="EDint605_ol_122"> many </seg> people <pause/></u>
            <u who="#EDint605_S5" xml:id="EDint605_u_151"><seg n="6" synch="#EDint605_ol_122" type="overlap" xml:id="EDint605_ol_123"> because </seg></u>
            <u who="#EDint605_S1" xml:id="EDint605_u_152"> do that </u>
            <u who="#EDint605_S5" xml:id="EDint605_u_153"> er <pause/> yes i think s- yes it could be <pause/> it could be <anchor synch="#EDint605_oc_17" type="other_continuation" xml:id="EDint605_oc_16"/></u>
            <u who="#EDint605_S1" xml:id="EDint605_u_154"><anchor synch="#EDint605_oc_16" type="other_continuation" xml:id="EDint605_oc_17"/> maybe bad <seg n="7" type="overlap" xml:id="EDint605_ol_124"> teachers </seg></u>
            <u who="#EDint605_S5" xml:id="EDint605_u_155"><seg n="7" synch="#EDint605_ol_124" type="overlap" xml:id="EDint605_ol_125"> not only </seg> teachers not only <seg n="8" type="overlap" xml:id="EDint605_ol_126"> teachers </seg> do that er <anchor synch="#EDint605_oc_19" type="other_continuation" xml:id="EDint605_oc_18"/></u>
            <u who="#EDint605_S1" xml:id="EDint605_u_156"><seg n="8" synch="#EDint605_ol_126" type="overlap" xml:id="EDint605_ol_127"> aha </seg></u>
            <u who="#EDint605_S1" xml:id="EDint605_u_157"><anchor synch="#EDint605_oc_18" type="other_continuation" xml:id="EDint605_oc_19"/> yes <anchor synch="#EDint605_oc_21" type="other_continuation" xml:id="EDint605_oc_20"/></u>
            <u who="#EDint605_S5" xml:id="EDint605_u_158"><anchor synch="#EDint605_oc_20" type="other_continuation" xml:id="EDint605_oc_21"/> i think not only teachers to feel something like you know </u>
            <u who="#EDint605_S1" xml:id="EDint605_u_159"> mhm </u>
            <u who="#EDint605_S5" xml:id="EDint605_u_160"><supplied reason="unintelligible"> xxx </supplied> even <pause/> i don't know <pause/> they speak english not but only not only teachers <anchor synch="#EDint605_oc_23" type="other_continuation" xml:id="EDint605_oc_22"/></u>
            <u who="#EDint605_S1" xml:id="EDint605_u_161"><anchor synch="#EDint605_oc_22" type="other_continuation" xml:id="EDint605_oc_23"/> yes yes yes </u>
            <u who="#EDint605_S5" xml:id="EDint605_u_162"> i think everybody does does <pause/></u>
            <u who="#EDint605_S1" xml:id="EDint605_u_163"> like in same in same er <pause/> circumstances like a language of power <voice:track medium="1" num="9" type="md"/> or something like that <anchor synch="#EDint605_oc_25" type="other_continuation" xml:id="EDint605_oc_24"/></u>
            <u who="#EDint605_S5" xml:id="EDint605_u_164"><anchor synch="#EDint605_oc_24" type="other_continuation" xml:id="EDint605_oc_25"/> yes sometimes it seems like <seg n="1" type="overlap" xml:id="EDint605_ol_128"> that </seg> english <pause/></u>
            <u who="#EDint605_S1" xml:id="EDint605_u_165"><seg n="1" synch="#EDint605_ol_128" type="overlap" xml:id="EDint605_ol_129"> mhm </seg></u>
            <u who="#EDint605_S5" xml:id="EDint605_u_166"> especially <seg n="2" type="overlap" xml:id="EDint605_ol_130"> here </seg> in malta i don't know in other countries how <seg n="3" type="overlap" xml:id="EDint605_ol_131"> is it </seg> used but <seg n="4" type="overlap" xml:id="EDint605_ol_132"> here </seg> in malta <pause/></u>
            <u who="#EDint605_S1" xml:id="EDint605_u_167"><seg n="2" synch="#EDint605_ol_130" type="overlap" xml:id="EDint605_ol_133"> mhm </seg></u>
            <u who="#EDint605_S1" xml:id="EDint605_u_168"><seg n="3" synch="#EDint605_ol_131" type="overlap" xml:id="EDint605_ol_134"> mhm </seg></u>
            <u who="#EDint605_S1" xml:id="EDint605_u_169"><seg n="4" synch="#EDint605_ol_132" type="overlap" xml:id="EDint605_ol_135"> yes </seg></u>
            <u who="#EDint605_S5" xml:id="EDint605_u_170"> there are cases when it's used like that </u>
            <u who="#EDint605_S1" xml:id="EDint605_u_171"> aha <pause/> and when do you use maltese <pause/> when you're more <pause/> kind of <pause/> er familiar with er with something and erm <pause/> when you're more intimate m- maybe with your friends or something<c function="fall" type="intonation"/> in which situation <emph> do </emph> you use <seg n="5" type="overlap" xml:id="EDint605_ol_136"> for example </seg> maltese <pause/></u>
            <u who="#EDint605_S5" xml:id="EDint605_u_172"><seg n="5" synch="#EDint605_ol_136" type="overlap" xml:id="EDint605_ol_137"> maltese </seg></u>
            <u who="#EDint605_S1" xml:id="EDint605_u_173"> when do you choose to use maltese <pause/><seg n="6" type="overlap" xml:id="EDint605_ol_138"> to </seg> express <emph> what </emph> you know <pause dur="PT1S"/></u>
            <u who="#EDint605_S5" xml:id="EDint605_u_174"><seg n="6" synch="#EDint605_ol_138" type="overlap" xml:id="EDint605_ol_139"> erm<c type="lengthening"/></seg></u>
            <u who="#EDint605_S5" xml:id="EDint605_u_175"> i think everything i <pause dur="PT1S"/> i think sorry excuse me <pause/><seg n="7" type="overlap" xml:id="EDint605_ol_140"> i think </seg> i think i use maltese <pause/> in every context i don't know <anchor synch="#EDint605_oc_27" type="other_continuation" xml:id="EDint605_oc_26"/></u>
            <u who="#EDint605_S1" xml:id="EDint605_u_176"><seg n="7" synch="#EDint605_ol_140" type="overlap" xml:id="EDint605_ol_141"> no problem </seg></u>
            <u who="#EDint605_S1" xml:id="EDint605_u_177"><anchor synch="#EDint605_oc_26" type="other_continuation" xml:id="EDint605_oc_27"/> mhm <pause/></u>
            <u who="#EDint605_S5" xml:id="EDint605_u_178"> hh for bu<c type="lengthening"/>t in othe<c type="lengthening"/>r <pause dur="PT1S"/><shift corresp="#EDint605_s_16" feature="tempo" new="a" xml:id="EDint605_s_15"/> we let me tell you <shift corresp="#EDint605_s_15" feature="tempo" new="neutral" xml:id="EDint605_s_16"/> er i use english especially <shift corresp="#EDint605_s_18" feature="tempo" new="a" xml:id="EDint605_s_17"/> because i didn't tell you before <shift corresp="#EDint605_s_17" feature="tempo" new="neutral" xml:id="EDint605_s_18"/><pause/> for example in formal in formal situations <anchor synch="#EDint605_oc_29" type="other_continuation" xml:id="EDint605_oc_28"/></u>
            <u who="#EDint605_S1" xml:id="EDint605_u_179"><anchor synch="#EDint605_oc_28" type="other_continuation" xml:id="EDint605_oc_29"/><voice:to who="#EDint605_S6"><shift corresp="#EDint605_s_20" feature="voice" new="laugh" xml:id="EDint605_s_19"/> hi <shift corresp="#EDint605_s_19" feature="voice" new="neutral" xml:id="EDint605_s_20"/></voice:to></u>
            <u who="#EDint605_S5" xml:id="EDint605_u_180"> hi <pause/></u>
            <u who="#EDint605_S6" xml:id="EDint605_u_181"><shift corresp="#EDint605_s_22" feature="loud" new="p" xml:id="EDint605_s_21"/><supplied reason="unintelligible"> xxxxxxxx </supplied><shift corresp="#EDint605_s_21" feature="loud" new="neutral" xml:id="EDint605_s_22"/></u>
            <u who="#EDint605_S1" xml:id="EDint605_u_182"> o<c type="lengthening"/>h no problem you can interrupt it's <pause/> just <anchor synch="#EDint605_oc_31" type="other_continuation" xml:id="EDint605_oc_30"/></u>
            <u who="#EDint605_S6" xml:id="EDint605_u_183"><anchor synch="#EDint605_oc_30" type="other_continuation" xml:id="EDint605_oc_31"/><supplied reason="unintelligible"> xxxxxxx </supplied></u>
            <u who="#EDint605_S1" xml:id="EDint605_u_184"> yeah </u>
            <u who="#EDint605_S5" xml:id="EDint605_u_185"> sorry <seg n="1" type="overlap" xml:id="EDint605_ol_142"><vocal subtype="wordstart" type="wordlike" voice:desc="laughing" voice:syl="3"/></seg> aha <voice:to who="#EDint605_S6"><foreign type="L1" voice:translation="well" xml:lang="mlt"> mella <supplied reason="unintelligible"> xxxxxxx </supplied></foreign></voice:to> you want to switch it off or you <pause/><seg n="2" type="overlap" xml:id="EDint605_ol_143"> you want to continue<c function="rise" type="intonation"/></seg><pause/></u>
            <u who="#EDint605_S1" xml:id="EDint605_u_186"><seg n="1" synch="#EDint605_ol_142" type="overlap" xml:id="EDint605_ol_144"><vocal subtype="wordstart" type="wordlike" voice:desc="laughing" voice:syl="3"/></seg></u>
            <u who="#EDint605_S1" xml:id="EDint605_u_187"><seg n="2" synch="#EDint605_ol_143" type="overlap" xml:id="EDint605_ol_145"> no no no </seg></u>
            <u who="#EDint605_S1" xml:id="EDint605_u_188"> it doesn't matter really <anchor synch="#EDint605_oc_33" type="other_continuation" xml:id="EDint605_oc_32"/></u>
            <u who="#EDint605_S5" xml:id="EDint605_u_189"><anchor synch="#EDint605_oc_32" type="other_continuation" xml:id="EDint605_oc_33"/><voice:to who="#EDint605_S6"> she's asked me to <supplied reason="unintelligible"> xx </supplied><unclear> been able </unclear> to <supplied reason="unintelligible"> xx </supplied><seg n="3" type="overlap" xml:id="EDint605_ol_146"> to speak about when i do use maltese </seg> and when i do use english<c function="rise" type="intonation"/></voice:to></u>
            <u who="#EDint605_S1" xml:id="EDint605_u_190"><voice:to who="#EDint605_S6"><seg n="3" synch="#EDint605_ol_146" type="overlap" xml:id="EDint605_ol_147"> about <pause/> maltese and english </seg></voice:to></u>
            <u who="#EDint605_S6" xml:id="EDint605_u_191"> aha <pause/> okay so what <supplied reason="unintelligible"> xx </supplied></u>
            <u who="#EDint605_S1" xml:id="EDint605_u_192"> she's very good at it <pause/> very relaxed <seg n="4" type="overlap" xml:id="EDint605_ol_148"> natural so <pause/> i really appreciate </seg> having <pause/> people like this <vocal subtype="wordstart" type="wordlike" voice:desc="laughing" voice:syl="3"/><seg n="5" type="overlap" xml:id="EDint605_ol_149"><vocal type="wordlike" voice:desc="laughing" voice:syl="3"/></seg></u>
            <u who="#EDint605_S5" xml:id="EDint605_u_193"><seg n="4" synch="#EDint605_ol_148" type="overlap" xml:id="EDint605_ol_150"><vocal subtype="wordstart" type="wordlike" voice:desc="laughing" voice:syl="4"/></seg></u>
            <u who="#EDint605_S6" xml:id="EDint605_u_194"><seg n="4" synch="#EDint605_ol_148" type="overlap" xml:id="EDint605_ol_151"><vocal subtype="wordstart" type="wordlike" voice:desc="laughing" voice:syl="4"/></seg></u>
            <u who="#EDint605_S5" xml:id="EDint605_u_195"><seg n="5" synch="#EDint605_ol_149" type="overlap" xml:id="EDint605_ol_152"><vocal subtype="wordstart" type="wordlike" voice:desc="laughing" voice:syl="3"/></seg>  so what was i <pause/> what was i tell <seg n="6" type="overlap" xml:id="EDint605_ol_153"> you </seg></u>
            <u who="#EDint605_S1" xml:id="EDint605_u_196"><seg n="6" synch="#EDint605_ol_153" type="overlap" xml:id="EDint605_ol_154"> er </seg> you forgot to tell me something when you use english <pause/></u>
            <u who="#EDint605_S5" xml:id="EDint605_u_197"> aha er we use engl- english in formal situations for example <pause/> e<c type="lengthening"/><c type="lengthening"/>rm <pause dur="PT1S"/> i don't know for example <pause/><shift corresp="#EDint605_s_24" feature="tempo" new="a" xml:id="EDint605_s_23"/> at university when we <seg n="7" type="overlap" xml:id="EDint605_ol_155"> as- </seg> when we ask something to  our lecturers <shift corresp="#EDint605_s_23" feature="tempo" new="neutral" xml:id="EDint605_s_24"/><pause/></u>
            <u who="#EDint605_S1" xml:id="EDint605_u_198"><seg n="7" synch="#EDint605_ol_155" type="overlap" xml:id="EDint605_ol_156"> mhm </seg></u>
            <u who="#EDint605_S1" xml:id="EDint605_u_199"> mhm <pause/></u>
            <u who="#EDint605_S5" xml:id="EDint605_u_200"> not during maltese lectures <pause/> especially during home economics lectures and something like that <pause/> e<c type="lengthening"/>rm when we speak <pause/> with i don't know <pause/> e<c type="lengthening"/>rm <pause dur="PT3S"/><shift corresp="#EDint605_s_26" feature="tempo" new="a" xml:id="EDint605_s_25"/> as i told you before during a presentation when we need to bring  a presenta<seg n="8" type="overlap" xml:id="EDint605_ol_157">tion </seg> or something <shift corresp="#EDint605_s_25" feature="tempo" new="neutral" xml:id="EDint605_s_26"/> like that <pause/></u>
            <u who="#EDint605_S1" xml:id="EDint605_u_201"><seg n="8" synch="#EDint605_ol_157" type="overlap" xml:id="EDint605_ol_158"> mhm </seg></u>
            <u who="#EDint605_S5" xml:id="EDint605_u_202"> hh and maltese i use it <pause/> in every<c type="lengthening"/><pause/> in every context in every situation <anchor synch="#EDint605_oc_35" type="other_continuation" xml:id="EDint605_oc_34"/></u>
            <u who="#EDint605_S1" xml:id="EDint605_u_203"><anchor synch="#EDint605_oc_34" type="other_continuation" xml:id="EDint605_oc_35"/> yes <pause dur="PT1S"/><seg n="9" type="overlap" xml:id="EDint605_ol_159"> so it's more maltese </seg> than english yes <pause/></u>
            <u who="#EDint605_S5" xml:id="EDint605_u_204"><seg n="9" synch="#EDint605_ol_159" type="overlap" xml:id="EDint605_ol_160"> okay <pause/> i think i told </seg></u>
            <u who="#EDint605_S5" xml:id="EDint605_u_205"> yes in <seg n="1" type="overlap" xml:id="EDint605_ol_161"> my case </seg><seg n="2" type="overlap" xml:id="EDint605_ol_162"> i use </seg> more maltese than <seg n="3" type="overlap" xml:id="EDint605_ol_163"> english because </seg> my friends speak maltese as i <seg n="4" type="overlap" xml:id="EDint605_ol_164"> told </seg> you before <pause/></u>
            <u who="#EDint605_S6" xml:id="EDint605_u_206"><seg n="1" synch="#EDint605_ol_161" type="overlap" xml:id="EDint605_ol_165"> yes </seg></u>
            <u who="#EDint605_S1" xml:id="EDint605_u_207"><seg n="2" synch="#EDint605_ol_162" type="overlap" xml:id="EDint605_ol_166"> kind of </seg></u>
            <u who="#EDint605_S1" xml:id="EDint605_u_208"><seg n="3" synch="#EDint605_ol_163" type="overlap" xml:id="EDint605_ol_167"> yes yes yes </seg></u>
            <u who="#EDint605_S1" xml:id="EDint605_u_209"><seg n="4" synch="#EDint605_ol_164" type="overlap" xml:id="EDint605_ol_168"> yeah </seg></u>
            <u who="#EDint605_S6" xml:id="EDint605_u_210"> it depends <seg n="5" type="overlap" xml:id="EDint605_ol_169"> on </seg> the area as well <pause/></u>
            <u who="#EDint605_S5" xml:id="EDint605_u_211"><seg n="5" synch="#EDint605_ol_169" type="overlap" xml:id="EDint605_ol_170"> most </seg></u>
            <u who="#EDint605_S1" xml:id="EDint605_u_212"> yes </u>
            <u who="#EDint605_S5" xml:id="EDint605_u_213"> aha i <seg n="6" type="overlap" xml:id="EDint605_ol_171"> told her it's in fact it's here <unclear> from </unclear></seg><pause/></u>
            <u who="#EDint605_S1" xml:id="EDint605_u_214"><seg n="6" synch="#EDint605_ol_171" type="overlap" xml:id="EDint605_ol_172"> and wher- where are you from<c function="rise" type="intonation"/></seg></u>
            <u who="#EDint605_S5" xml:id="EDint605_u_215"> h i'm from <foreign type="L1" voice:translation="city in malta" xml:lang="mlt"> siggiewi </foreign> i come from <foreign type="L1" voice:translation="city in malta" xml:lang="mlt"> siggiewi </foreign><pause dur="PT1S"/></u>
            <u who="#EDint605_S1" xml:id="EDint605_u_216"> er where is that in the north<c function="rise" type="intonation"/><pause/></u>
            <u who="#EDint605_S6" xml:id="EDint605_u_217"> no in <seg n="7" type="overlap" xml:id="EDint605_ol_173"> the south </seg></u>
            <u who="#EDint605_S5" xml:id="EDint605_u_218"><seg n="7" synch="#EDint605_ol_173" type="overlap" xml:id="EDint605_ol_174"> no<c type="lengthening"/></seg> in the south <anchor synch="#EDint605_oc_37" type="other_continuation" xml:id="EDint605_oc_36"/></u>
            <u who="#EDint605_S1" xml:id="EDint605_u_219"><anchor synch="#EDint605_oc_36" type="other_continuation" xml:id="EDint605_oc_37"/><foreign type="LN" xml:lang="mlt"> sen- </foreign><pause/> how do you pronounce it <foreign type="LN" xml:lang="mlt"> sen- </foreign></u>
            <u who="#EDint605_S5" xml:id="EDint605_u_220"><foreign type="L1" voice:translation="city in malta" xml:lang="mlt"> siggiewi </foreign><pause/></u>
            <u who="#EDint605_S1" xml:id="EDint605_u_221"> a<c type="lengthening"/>h <seg n="1" type="overlap" xml:id="EDint605_ol_175"> okay </seg></u>
            <u who="#EDint605_S5" xml:id="EDint605_u_222"><seg n="1" synch="#EDint605_ol_175" type="overlap" xml:id="EDint605_ol_176"><foreign type="L1" voice:translation="city in malta" xml:lang="mlt"> siggiewi </foreign></seg></u>
            <u who="#EDint605_S6" xml:id="EDint605_u_223"> there <seg n="2" type="overlap" xml:id="EDint605_ol_177"> is the </seg> limestone </u>
            <u who="#EDint605_S1" xml:id="EDint605_u_224"><seg n="2" synch="#EDint605_ol_177" type="overlap" xml:id="EDint605_ol_178"> okay er </seg></u>
            <u who="#EDint605_S1" xml:id="EDint605_u_225"> i <seg n="3" type="overlap" xml:id="EDint605_ol_179"> can't pronounce it </seg></u>
            <u who="#EDint605_S5" xml:id="EDint605_u_226"><seg n="3" synch="#EDint605_ol_179" type="overlap" xml:id="EDint605_ol_180"> the limestone heritage </seg> have you <pause/> have you <seg n="4" type="overlap" xml:id="EDint605_ol_181"> been there </seg><pause/></u>
            <u who="#EDint605_S1" xml:id="EDint605_u_227"><seg n="4" synch="#EDint605_ol_181" type="overlap" xml:id="EDint605_ol_182"> er no <pause/> no </seg></u>
            <u who="#EDint605_S5" xml:id="EDint605_u_228"> limestone heritage <pause/><seg n="5" type="overlap" xml:id="EDint605_ol_183"> there's </seg><supplied reason="unintelligible"> xx </supplied><pause/></u>
            <u who="#EDint605_S1" xml:id="EDint605_u_229"><seg n="5" synch="#EDint605_ol_183" type="overlap" xml:id="EDint605_ol_184"> i've </seg></u>
            <u who="#EDint605_S5" xml:id="EDint605_u_230"> i don't know <anchor synch="#EDint605_oc_39" type="other_continuation" xml:id="EDint605_oc_38"/></u>
            <u who="#EDint605_S1" xml:id="EDint605_u_231"><anchor synch="#EDint605_oc_38" type="other_continuation" xml:id="EDint605_oc_39"/> mhm i've been to <foreign type="LN" voice:translation="city in malta" xml:lang="mlt"> mdina </foreign><vocal subtype="wordstart" type="wordlike" voice:desc="laughing" voice:syl="2"/><seg n="6" type="overlap" xml:id="EDint605_ol_185"> that's </seg></u>
            <u who="#EDint605_S5" xml:id="EDint605_u_232"><seg n="6" synch="#EDint605_ol_185" type="overlap" xml:id="EDint605_ol_186"> ah to </seg><foreign type="L1" voice:translation="city in malta" xml:lang="mlt"> mdina </foreign> that's cl- it's </u>
            <u who="#EDint605_S1" xml:id="EDint605_u_233"> it's <seg n="7" type="overlap" xml:id="EDint605_ol_187"> close </seg></u>
            <u who="#EDint605_S5" xml:id="EDint605_u_234"><seg n="7" synch="#EDint605_ol_187" type="overlap" xml:id="EDint605_ol_188"> quite </seg> close <seg n="8" type="overlap" xml:id="EDint605_ol_189"> to </seg><foreign type="L1" voice:translation="city in malta" xml:lang="mlt"> siggiewi </foreign><supplied reason="unintelligible"> xx </supplied><foreign type="L1" voice:translation="city in malta" xml:lang="mlt"> mdina </foreign> is situated in the <supplied reason="unintelligible"> xx </supplied> over <foreign type="L1" voice:translation="city in malta" xml:lang="mlt"> rabat </foreign></u>
            <u who="#EDint605_S1" xml:id="EDint605_u_235"><seg n="8" synch="#EDint605_ol_189" type="overlap" xml:id="EDint605_ol_190"> aha </seg></u>
            <u who="#EDint605_S1" xml:id="EDint605_u_236"> yeah i know <foreign type="LN" voice:translation="cities in malta" xml:lang="mlt"> rabat m- mdina </foreign> and <anchor synch="#EDint605_oc_41" type="other_continuation" xml:id="EDint605_oc_40"/></u>
            <u who="#EDint605_S5" xml:id="EDint605_u_237"><anchor synch="#EDint605_oc_40" type="other_continuation" xml:id="EDint605_oc_41"/> aha and <foreign type="L1" voice:translation="city in malta" xml:lang="mlt"> siggiewi </foreign> is quite close to <seg n="9" type="overlap" xml:id="EDint605_ol_191"><foreign type="L1" xml:lang="mlt"> ra- </foreign> to <foreign type="L1" voice:translation="city in malta" xml:lang="mlt"> rabat </foreign></seg><pause/></u>
            <u who="#EDint605_S1" xml:id="EDint605_u_238"><seg n="9" synch="#EDint605_ol_191" type="overlap" xml:id="EDint605_ol_192"> okay </seg><pause/></u>
            <u who="#EDint605_S1" xml:id="EDint605_u_239"> okay i see and <voice:to who="#EDint605_S6"> where are you from </voice:to></u>
            <u who="#EDint605_S6" xml:id="EDint605_u_240"> i live in <foreign type="L1" voice:translation="city in malta" xml:lang="mlt"> san gwann </foreign></u>
            <u who="#EDint605_S1" xml:id="EDint605_u_241"> you live in <foreign type="LN" voice:translation="city in malta" xml:lang="mlt"> san gwann </foreign><pause/> okay  </u>
            <u who="#EDint605_S6" xml:id="EDint605_u_242"> it's near </u>
            <u who="#EDint605_S1" xml:id="EDint605_u_243"> and <foreign type="LN" voice:translation="city in malta" xml:lang="mlt"> san gwann </foreign> is e<c type="lengthening"/>r <pause/> in the north <pause/><seg n="1" type="overlap" xml:id="EDint605_ol_193"> no </seg></u>
            <u who="#EDint605_S6" xml:id="EDint605_u_244"><seg n="1" synch="#EDint605_ol_193" type="overlap" xml:id="EDint605_ol_194"> yes </seg> more in the north </u>
            <u who="#EDint605_S1" xml:id="EDint605_u_245"> more in the <seg n="2" type="overlap" xml:id="EDint605_ol_195"> north </seg><pause/></u>
            <u who="#EDint605_S6" xml:id="EDint605_u_246"><seg n="2" synch="#EDint605_ol_195" type="overlap" xml:id="EDint605_ol_196"> yeah </seg></u>
            <u who="#EDint605_S1" xml:id="EDint605_u_247"> is it close to<c type="lengthening"/><pause/></u>
            <u who="#EDint605_S6" xml:id="EDint605_u_248"> close to<c type="lengthening"/> saint julians  </u>
            <u who="#EDint605_S1" xml:id="EDint605_u_249"> saint julians yes yes yes <voice:track medium="1" num="10" type="md"/> i've been there i've been to couple of schools <pause/></u>
            <u who="#EDint605_S6" xml:id="EDint605_u_250"> mhm </u>
            <u who="#EDint605_S1" xml:id="EDint605_u_251"> do you know <pause/><foreign type="LN" voice:translation="name of a school in malta" xml:lang="mlt"> san luigi <seg n="3" type="overlap" xml:id="EDint605_ol_197"> preziosi </seg></foreign></u>
            <u who="#EDint605_S5" xml:id="EDint605_u_252"><seg n="3" synch="#EDint605_ol_197" type="overlap" xml:id="EDint605_ol_198"><foreign type="L1" xml:lang="mlt"> prezioso </foreign></seg></u>
            <u who="#EDint605_S6" xml:id="EDint605_u_253"> yes it's in saint andrews that's why </u>
            <u who="#EDint605_S1" xml:id="EDint605_u_254"> yes yes <pause/> so <seg n="4" type="overlap" xml:id="EDint605_ol_199"> i </seg> i've been there <seg n="5" type="overlap" xml:id="EDint605_ol_200"> so </seg> i n- i know i saw the area </u>
            <u who="#EDint605_S6" xml:id="EDint605_u_255"><seg n="4" synch="#EDint605_ol_199" type="overlap" xml:id="EDint605_ol_201"> mhm </seg></u>
            <u who="#EDint605_S6" xml:id="EDint605_u_256"><seg n="5" synch="#EDint605_ol_200" type="overlap" xml:id="EDint605_ol_202"> mhm </seg></u>
            <u who="#EDint605_S6" xml:id="EDint605_u_257"> mhm </u>
            <u who="#EDint605_S1" xml:id="EDint605_u_258"> it's very nice <pause/><seg n="6" type="overlap" xml:id="EDint605_ol_203"><vocal subtype="wordstart" type="wordlike" voice:desc="laughing" voice:syl="2"/></seg><pause dur="PT2S"/></u>
            <u who="#EDint605_S5" xml:id="EDint605_u_259"><seg n="6" synch="#EDint605_ol_203" type="overlap" xml:id="EDint605_ol_204"> okay </seg></u>
            <u who="#EDint605_S1" xml:id="EDint605_u_260"> just tell me when you have to leave <pause dur="PT1S"/> er if if if if you want to leave <pause/></u>
            <u who="#EDint605_S5" xml:id="EDint605_u_261"> er we need to study a bit that's <seg n="7" type="overlap" xml:id="EDint605_ol_205"> why otherwise </seg><pause/></u>
            <u who="#EDint605_S1" xml:id="EDint605_u_262"><seg n="7" synch="#EDint605_ol_205" type="overlap" xml:id="EDint605_ol_206"> okay okay </seg></u>
            <u who="#EDint605_S1" xml:id="EDint605_u_263"> yes yes <pause/> i really <seg n="8" type="overlap" xml:id="EDint605_ol_207"> appreciate it </seg></u>
            <u who="#EDint605_S5" xml:id="EDint605_u_264"><seg n="8" synch="#EDint605_ol_207" type="overlap" xml:id="EDint605_ol_208"> er i'd like </seg> to stay er but </u>
            <u who="#EDint605_S1" xml:id="EDint605_u_265"> i know it's <pause/> look <vocal subtype="wordstart" type="wordlike" voice:desc="laughing" voice:syl="1"/><pause/> there is nobody <anchor synch="#EDint605_oc_43" type="other_continuation" xml:id="EDint605_oc_42"/></u>
            <u who="#EDint605_S5" xml:id="EDint605_u_266"><anchor synch="#EDint605_oc_42" type="other_continuation" xml:id="EDint605_oc_43"/> but today we have a test and we have to study <seg n="9" type="overlap" xml:id="EDint605_ol_209"> a bit you know </seg></u>
            <u who="#EDint605_S1" xml:id="EDint605_u_267"><seg n="9" synch="#EDint605_ol_209" type="overlap" xml:id="EDint605_ol_210"> i know i know </seg> thanks a lot i <seg n="1" type="overlap" xml:id="EDint605_ol_211"> really appreciate it </seg></u>
            <u who="#EDint605_S5" xml:id="EDint605_u_268"><seg n="1" synch="#EDint605_ol_211" type="overlap" xml:id="EDint605_ol_212"> you're welcome </seg> good luck </u>
            <u who="#EDint605_S1" xml:id="EDint605_u_269"> okay <seg n="2" type="overlap" xml:id="EDint605_ol_213"> good luck </seg> with your exams <pause/></u>
            <u who="#EDint605_S6" xml:id="EDint605_u_270"><seg n="2" synch="#EDint605_ol_213" type="overlap" xml:id="EDint605_ol_214"> you're welcome </seg></u>
            <u who="#EDint605_S5" xml:id="EDint605_u_271"> thanks </u>
            <u who="#EDint605_S1" xml:id="EDint605_u_272"> good luck <seg n="3" type="overlap" xml:id="EDint605_ol_215"> with everything </seg> thank <emph> you </emph></u>
            <u who="#EDint605_S5" xml:id="EDint605_u_273"><seg n="3" synch="#EDint605_ol_215" type="overlap" xml:id="EDint605_ol_216"> very much </seg></u>
            <u who="#EDint605_S6" xml:id="EDint605_u_274"><seg n="4" type="overlap" xml:id="EDint605_ol_217"> bye bye </seg></u>
            <u who="#EDint605_S5" xml:id="EDint605_u_275"><seg n="4" synch="#EDint605_ol_217" type="overlap" xml:id="EDint605_ol_218"> bye bye </seg></u>
            <u who="#EDint605_S1" xml:id="EDint605_u_276"> bye </u>
         </div>
      </body>
   </text>
</TEI>