<TEI xmlns="http://www.tei-c.org/ns/1.0" xmlns:voice="http://www.univie.ac.at/voice/ns/1.0" xmlns:xi="http://www.w3.org/2001/XInclude" version="5" xml:id="EDsve451" xml:lang="eng">
   <teiHeader>
      <fileDesc>
         <titleStmt>
            <title>service encounter about important administrative matters for international students</title>
            <principal>Prof. Barbara Seidlhofer</principal>
            <editor/>
            <funder>Austrian Science Foundation (FWF)</funder>
            <sponsor/>
            <respStmt>
               <resp>Corpus Compilation</resp>
               <orgName>VOICE Project</orgName>
               <persName>Barbara Seidlhofer</persName>
               <persName>Angelika Breiteneder</persName>
               <persName>Marie-Luise Pitzl</persName>
               <persName>Stefan Majewski</persName>
               <persName>Theresa Klimpfinger</persName>
            </respStmt>
         </titleStmt>
         <editionStmt>
		<edition>Version 1.0 XML, <date>May 2011</date></edition>
	  <respStmt>
		<resp>Researchers</resp>
		<name>Barbara Seidlhofer</name> 		
		<name>Angelika Breiteneder</name> 
		<name>Theresa Klimpfinger</name> 
		<name>Stefan Majewski</name> 
		<name>Marie-Luise Pitzl</name> 
	  </respStmt>
	</editionStmt>
         <publicationStmt>
		<publisher>Barbara Seidlhofer, Stefan Majewski, Marie-Luise Pitzl</publisher> 
	  <distributor>VOICE Project, University of Vienna, Austria</distributor> 
	  <address>
		<addrLine>Spitalgasse 2, AAKH Hof 8</addrLine> 
		<addrLine>1090 Vienna</addrLine> 
		<addrLine>Austria</addrLine> 
		<addrLine>Telephone: +43 1 427742446</addrLine> 
	  	<addrLine>Email: voice@univie.ac.at</addrLine> 
		<addrLine>Website: http://www.univie.ac.at/voice</addrLine> 
	  </address>
	  <availability status="free">
	  	<p>
		  The Vienna-Oxford International Corpus of English (VOICE)
		  was created by Barbara Seidlhofer (project director) and
		  Angelika Breiteneder, Theresa Klimpfinger, Stefan Majewski,
		  Marie-Luise Pitzl (project researchers). VOICE 1.0 XML is
		  available for download at the VOICE Project's website <ref target="http://www.univie.ac.at/voice/">http://www.univie.ac.at/voice/</ref>
		  under a Creative Commons
		  Attribution-NonCommercial-ShareAlike 3.0 Unported (CC
		  BY-NC-SA 3.0) License (<ref target="http://creativecommons.org/licenses/by-nc-sa/3.0/">
		  http://creativecommons.org/licenses/by-nc-sa/3.0/
		  </ref>). The original audio files are held at the Department
		  of English, University of Vienna. 23 selected audio files
		  are available as audio streams in the VOICE Online interface
		  at the VOICE Project's website <ref target="http://www.univie.ac.at/voice">http://www.univie.ac.at/voice</ref>.
		</p>
		<p>
		The recommended citation for VOICE 1.0 XML is:
		</p>
		<p>
		<bibl><title>VOICE</title>. <date>2011</date>. <title level="m">The Vienna-Oxford International Corpus of
		English</title> (<edition>version 1.0
		XML</edition>). Director: Barbara Seidlhofer; Researchers:
		Angelika Breiteneder, Theresa Klimpfinger, Stefan Majewski,
		Marie-Luise Pitzl.</bibl>
		</p>
		<p>The short citation for VOICE 1.0 XML is:
		</p>
		<p>
		<bibl><title>VOICE</title>. <date>2011</date>. <title level="m">The Vienna-Oxford International Corpus of
		English</title> (<edition>version 1.0
		XML</edition>).</bibl></p>
		<p>
		  For further information about availability and copyright
		  permissions, please see the README file included in the
		  download package. For further enquiries please contact the
		  VOICE Project at <ref target="mailto:voice@univie.ac.at">voice@univie.ac.at</ref>.
		</p>
	  </availability>
	</publicationStmt>
         <notesStmt>
            <note xml:id="EDsve451_wc">Words: 1281</note>
            <note xml:id="EDsve451_tn_0">In this service encounter, S1 (a student advisor at the international office) informs three exchange students (S2, S3, S4) about some administrative procedures at the university they are visiting. S1 hands them forms to fill out and explains the most important steps for them to register as students. There is a friendly atmosphere, S1 steers the conversation, S2 participates very actively, S4 is rather silent.</note>
         </notesStmt>
         <sourceDesc>
            <recordingStmt>
               <recording dur="PT00H08M59S" type="audio">
                  <date>2005-10-04</date>
                  <equipment>
                     <p>Portable minidisc recorder with electret condenser stereo microphone</p>
                  </equipment>
                  <respStmt>
                     <resp>recording</resp>
                     <name>R14</name>
                  </respStmt>
               </recording>
            </recordingStmt>
         </sourceDesc>
      </fileDesc>
      <encodingDesc>
         <classDecl>
            <taxonomy>
               <category xml:id="EDsve451_domain">
                  <catDesc>Domain</catDesc>
                  <category sameAs="#ED" xml:id="EDsve451_ED">
                     <catDesc>educational</catDesc>
                  </category>
                  <category sameAs="#LE" xml:id="EDsve451_LE">
                     <catDesc>leisure</catDesc>
                  </category>
                  <category sameAs="#PB" xml:id="EDsve451_PB">
                     <catDesc>professional business</catDesc>
                  </category>
                  <category sameAs="#PO" xml:id="EDsve451_PO">
                     <catDesc>professional organizational</catDesc>
                  </category>
                  <category sameAs="#PR" xml:id="EDsve451_PR">
                     <catDesc>professional research/science</catDesc>
                  </category>
               </category>
               <category xml:id="EDsve451_spet">
                  <catDesc>Speech Event Type</catDesc>
                  <category sameAs="#int" xml:id="EDsve451_int">
                     <catDesc>interview</catDesc>
                  </category>
                  <category sameAs="#prc" xml:id="EDsve451_prc">
                     <catDesc>press conference</catDesc>
                  </category>
                  <category sameAs="#sve" xml:id="EDsve451_sve">
                     <catDesc>service encounter</catDesc>
                  </category>
                  <category sameAs="#sed" xml:id="EDsve451_sed">
                     <catDesc>seminar discussion</catDesc>
                  </category>
                  <category sameAs="#wgd" xml:id="EDsve451_wgd">
                     <catDesc>working group discussion</catDesc>
                  </category>
                  <category sameAs="#wsd" xml:id="EDsve451_wsd">
                     <catDesc>workshop discussion</catDesc>
                  </category>
                  <category sameAs="#mtg" xml:id="EDsve451_mtg">
                     <catDesc>meeting</catDesc>
                  </category>
                  <category sameAs="#pan" xml:id="EDsve451_pan">
                     <catDesc>panel</catDesc>
                  </category>
                  <category sameAs="#qas" xml:id="EDsve451_qas">
                     <catDesc>question-answer session</catDesc>
                  </category>
                  <category sameAs="#con" xml:id="EDsve451_con">
                     <catDesc>conversation</catDesc>
                  </category>
               </category>
            </taxonomy>
         </classDecl>
         <tagsDecl><namespace name="http://www.tei-c.org/ns/1.0">
      <tagUsage gi="TEI" occurs="1"/>
      <tagUsage gi="teiHeader" occurs="1"/>
      <tagUsage gi="fileDesc" occurs="1"/>
      <tagUsage gi="titleStmt" occurs="1"/>
      <tagUsage gi="title" occurs="5"/>
      <tagUsage gi="principal" occurs="1"/>
      <tagUsage gi="editor" occurs="1"/>
      <tagUsage gi="funder" occurs="1"/>
      <tagUsage gi="sponsor" occurs="1"/>
      <tagUsage gi="respStmt" occurs="3"/>
      <tagUsage gi="resp" occurs="3"/>
      <tagUsage gi="orgName" occurs="1"/>
      <tagUsage gi="persName" occurs="5"/>
      <tagUsage gi="editionStmt" occurs="1"/>
      <tagUsage gi="edition" occurs="3"/>
      <tagUsage gi="date" occurs="4"/>
      <tagUsage gi="name" occurs="8"/>
      <tagUsage gi="publicationStmt" occurs="1"/>
      <tagUsage gi="publisher" occurs="1"/>
      <tagUsage gi="distributor" occurs="1"/>
      <tagUsage gi="address" occurs="1"/>
      <tagUsage gi="addrLine" occurs="6"/>
      <tagUsage gi="availability" occurs="1"/>
      <tagUsage gi="p" occurs="7"/>
      <tagUsage gi="ref" occurs="4"/>
      <tagUsage gi="bibl" occurs="2"/>
      <tagUsage gi="notesStmt" occurs="1"/>
      <tagUsage gi="note" occurs="2"/>
      <tagUsage gi="sourceDesc" occurs="1"/>
      <tagUsage gi="recordingStmt" occurs="1"/>
      <tagUsage gi="recording" occurs="1"/>
      <tagUsage gi="equipment" occurs="1"/>
      <tagUsage gi="encodingDesc" occurs="1"/>
      <tagUsage gi="classDecl" occurs="1"/>
      <tagUsage gi="taxonomy" occurs="1"/>
      <tagUsage gi="category" occurs="17"/>
      <tagUsage gi="catDesc" occurs="17"/>
      <tagUsage gi="tagsDecl" occurs="1"/>
      <tagUsage gi="namespace" occurs="2"/>
      <tagUsage gi="tagUsage" occurs="81"/>
      <tagUsage gi="gi" occurs="3"/>
      <tagUsage gi="att" occurs="13"/>
      <tagUsage gi="list" occurs="11"/>
      <tagUsage gi="label" occurs="20"/>
      <tagUsage gi="val" occurs="42"/>
      <tagUsage gi="item" occurs="40"/>
      <tagUsage gi="profileDesc" occurs="1"/>
      <tagUsage gi="textClass" occurs="1"/>
      <tagUsage gi="catRef" occurs="2"/>
      <tagUsage gi="settingDesc" occurs="1"/>
      <tagUsage gi="setting" occurs="1"/>
      <tagUsage gi="locale" occurs="1"/>
      <tagUsage gi="activity" occurs="1"/>
      <tagUsage gi="particDesc" occurs="1"/>
      <tagUsage gi="listPerson" occurs="4"/>
      <tagUsage gi="personGrp" occurs="2"/>
      <tagUsage gi="person" occurs="6"/>
      <tagUsage gi="age" occurs="4"/>
      <tagUsage gi="sex" occurs="4"/>
      <tagUsage gi="occupation" occurs="4"/>
      <tagUsage gi="langKnowledge" occurs="4"/>
      <tagUsage gi="langKnown" occurs="4"/>
      <tagUsage gi="relationGrp" occurs="1"/>
      <tagUsage gi="relation" occurs="2"/>
      <tagUsage gi="revisionDesc" occurs="1"/>
      <tagUsage gi="change" occurs="5"/>
      <tagUsage gi="text" occurs="1"/>
      <tagUsage gi="body" occurs="1"/>
      <tagUsage gi="div" occurs="1"/>
      <tagUsage gi="u" occurs="119">Used to mark a stretch of speech commonly
		preceded and followed by a pause or by a change of speaker. A
		<gi>u</gi> is, however, not required to be bounded by a pause or
		a change of speaker, nor does it represent a turn in a
		conversation analytic sense. At a minimum, a <gi>u</gi> is some
		phonetic production or noise made by a given speaker or a group of speakers.</tagUsage>
      <tagUsage gi="pause" occurs="227">Used to mark a pause either between or
		within utterances. Used without <att>dur</att> attribute to
		indicate a brief pause up to half a second.
		</tagUsage>
      <tagUsage gi="c" occurs="64">Used to mark lengthening of sounds and
		intonation (fall, rise). The following <att>type</att>
		attributes are used to mark:
		<list>
		  <label><val>lengthening</val></label><item>lengthened
		  sounds</item>
		  <label><val>intonation</val></label><item>a significant change in
		  intonation, marked with the following <att>function</att>
		  attribute for:
		  <list>
			<label><val>fall</val></label><item>falling
			intonation</item>
			<label><val>rise</val></label><item>rising intonation</item>
		  </list>
		</item>
		</list>
		Intonation may or may not coincide with
		syntactic boundaries.
		</tagUsage>
      <tagUsage gi="supplied" occurs="7">Used to mark text supplied by the
		transcriber because the original is unintelligible or needed to
		be anonymized. The <att>reason</att> attribute is used to mark:
		<list>
		  <label><val>unintelligible</val></label><item>unintelligible
		  speech</item>
		  <label><val>anonymization</val></label><item>anonymized
		  speech</item>
		</list>
		</tagUsage>
      <tagUsage gi="incident" occurs="15">Used to mark contextual information
		relevant to the understanding of the interaction or the
		interaction as such. The <att>voice:desc</att> attribute
		provides a short prose description of the contextual
		event.</tagUsage>
      <tagUsage gi="seg" occurs="42">Used with different <att>type</att> attributes to mark:
		<list>
		  <label><att>type</att><val>overlap</val></label>
		  <item>overlaps</item>
		  <label><att>type</att><val>onomatopoeia</val></label>
		  <item>onomatopoeic sounds</item>
		  <label><att>type</att><val>ipa</val></label>
		  <item>transcriptions in the international phonetic alphabet</item>
		</list>
		</tagUsage>
      <tagUsage gi="anchor" occurs="12">Used to mark other-continuation,
		i.e. whenever a speaker continues another speaker's <gi>u</gi>
		without a pause. Other-continuation is to be interpreted
		temporally and does not relate to form or content of the
		speakers' utterances.</tagUsage>
      <tagUsage gi="shift" occurs="6">Used to mark the point at which some
		paralinguistic feature changes. The following attribute values
		are used to mark:
		<list>
          <label>
            <val>voice</val>
          </label>
          <item>voice quality
          <list>
            <item><val>imitating</val></item>
            <item><val>laugh</val></item>
            <item><val>neutral</val></item>
            <item><val>phone</val></item>
            <item><val>reading</val></item>
            <item><val>reading_aloud</val></item>
            <item><val>sigh</val></item>
            <item><val>singing</val></item>
            <item><val>whisp</val></item>
            <item><val>yawning</val></item>
          </list>
          </item>
          <label>
          <val>tempo</val></label>
          <item>speed of utterance
            <list>
              <label><val>a</val></label>
              <item>accelerando</item>
              <label><val>l</val></label>
              <item>lento</item>
              <label><val>neutral</val></label>
              <item>neutral</item>
            </list>
          </item>
          <label>
          <val>loud</val></label>
          <item>loudness
            <list>
              <item><val>f</val></item>
              <item><val>neutral</val></item>
              <item><val>p</val></item>
            </list>
          </item>
		  </list>
		</tagUsage>
      <tagUsage gi="unclear" occurs="1">Used to mark speech which cannot be
		transcribed with certainty, because it is difficult to hear or
		understand for the transcriber.</tagUsage>
      <tagUsage gi="foreign" occurs="15">Used to mark a word or phrase as
		belonging to some language other than English. The following
		values for the <att>type</att> attribute are used to mark:
		<list>
		  <label><val>L1</val></label><item>the speaker's first
		  language</item>
		  <label><val>LN</val></label><item>a language other than the
		  speaker's first language</item>
		  <label><val>LQ</val></label><item>a language where it cannot
		  be ascertained whether it is the speaker's first or other
		  language.</item>
		</list>
		Whenever possible, the 
		<att>voice:translation</att> attribute provides a rough translation of the
		non-English speech into English.
		</tagUsage>
      <tagUsage gi="w" occurs="5">
		  Used with the <att>type</att> attribute set to
		  <val>spelt</val> to mark words or word fragments which are
		  spelt out, i.e. words whose constituents are pronounced as
		  individual letters.
		</tagUsage>
      <tagUsage gi="vocal" occurs="3">Used to mark laughter and other speaker
		noises and non-verbal feedback.
        <list>
          <label>
            <val>speaker_noise</val>
          </label>
          <item>
            <list>
              <item>
                <val>coughing</val>
              </item>
              <item>
                <val>nods</val>
              </item>
              <item>
                <val>shakes head</val>
              </item>
              <item>
                <val>smacks lips</val>
              </item>
              <item>
                <val>sniffs</val>
              </item>
              <item>
                <val>swallows</val>
              </item>
              <item>
                <val>whistles</val>
              </item>
            </list>
          </item>
          <label>
            <val>wordlike</val>
          </label>
          <item>
            <val>laughing</val>
          </item>
        </list>
        </tagUsage>
      <tagUsage gi="emph" occurs="2">Used to mark speech which is stressed or
		emphasized in a way that goes beyond regular nuclear
		stress.</tagUsage></namespace><namespace name="http://www.univie.ac.at/voice/ns/1.0">
      <tagUsage gi="voice:track" occurs="2">Used to mark the beginning of a new
		audio track used in transcription (usually three minutes in length) and thus refers to the audio recording
		of the transcribed speech event.
		</tagUsage>
      <tagUsage gi="voice:to" occurs="4">Used to mark speech directed towards a
		particular speaker. The <att>who</att>who attribute indicates the
		addressed speaker.</tagUsage></namespace></tagsDecl>
      </encodingDesc>
      <profileDesc>
         <textClass>
            <catRef target="#EDsve451_ED #EDsve451_sve"/>
            <catRef target="#ED #sve"/>
         </textClass>
         <settingDesc>
            <setting>
               <name type="country">AT</name>
               <name type="city">Vienna</name>
               <locale>office at university</locale>
               <activity>handing out information sheets, filling out forms</activity>
            </setting>
         </settingDesc>
         <particDesc>
            <listPerson type="main">
               <listPerson type="groups">
                  <personGrp role="speakers" size="4"/>
                  <personGrp role="interactants" size="4"/>
               </listPerson>
               <listPerson type="identified">
                  <person role="participant" sameAs="#P428" xml:id="EDsve451_S1">
                     <age value="1">17-24</age>
                     <sex value="2">female</sex>
                     <occupation>student counsellor</occupation>
                     <langKnowledge>
                        <langKnown level="L1" tag="ger-AT"/>
                     </langKnowledge>
                  </person>
                  <person role="participant" sameAs="#P429" xml:id="EDsve451_S3">
                     <age value="1">17-24</age>
                     <sex value="2">female</sex>
                     <occupation>student</occupation>
                     <langKnowledge>
                        <langKnown level="L1" tag="spa-ES"/>
                     </langKnowledge>
                  </person>
                  <person role="participant" sameAs="#P430" xml:id="EDsve451_S2">
                     <age value="1">17-24</age>
                     <sex value="1">male</sex>
                     <occupation>student</occupation>
                     <langKnowledge>
                        <langKnown level="L1" tag="spa-ES"/>
                     </langKnowledge>
                  </person>
                  <person role="participant" sameAs="#P431" xml:id="EDsve451_S4">
                     <age value="1">17-24</age>
                     <sex value="2">female</sex>
                     <occupation>student</occupation>
                     <langKnowledge>
                        <langKnown level="L1" tag="fre-FR"/>
                     </langKnowledge>
                  </person>
               </listPerson>
               <listPerson type="not_identified">
                  <person corresp="#EDsve451_S4" sameAs="#SX" xml:id="EDsve451_SX-4"/>
                  <person sameAs="#SS" xml:id="EDsve451_SS"/>
               </listPerson>
               <relationGrp>
                  <relation mutual="#EDsve451_S1 #EDsve451_S2 #EDsve451_S3 #EDsve451_S4" name="fairly_symmetrical" type="power"/>
                  <relation mutual="#EDsve451_S1 #EDsve451_S2 #EDsve451_S3 #EDsve451_S4" name="predominantly_unacquainted" type="acquaintedness"/>
               </relationGrp>
            </listPerson>
         </particDesc>
      </profileDesc>
      <revisionDesc>
         <change when="2009-05-19" who="SM">conversion to XML</change>
         <change when="2009-05-11" who="MLP">finalized for publication</change>
         <change when="2009-02-20" who="MLP">proof-reading</change>
         <change when="2007-04-27" who="TK">checking</change>
         <change when="2005-11-09" who="CH">transcription</change>
      </revisionDesc>
   </teiHeader>
   <text>
      <body>
         <div type="medium" voice:end="03:00" voice:end_medium_number="1" voice:end_track="3" voice:medium_type="md" voice:start="00:00" voice:start_medium_number="1" voice:start_track="1">
            <u who="#EDsve451_S1" xml:id="EDsve451_u_1"> now <pause dur="PT1S"/> er <pause dur="PT1S"/> what exactly did she explain you so far<c function="rise" type="intonation"/><pause dur="PT2S"/><supplied reason="anonymization"> [first name1] </supplied><c function="rise" type="intonation"/><pause/> the person who has been here <pause/> just ri- before me<c function="rise" type="intonation"/><pause/> what exactly did she explain you<c function="rise" type="intonation"/><pause/> like did she already tell you what you have to do with this<c function="rise" type="intonation"/><pause dur="PT1S"/><incident voice:desc="S1 shows them a form"/></u>
            <u who="#EDsve451_SS" xml:id="EDsve451_u_2"> no <pause/></u>
            <u who="#EDsve451_S2" xml:id="EDsve451_u_3"> but <pause/> we <seg n="1" type="overlap" xml:id="EDsve451_ol_0"> don't have </seg> this </u>
            <u who="#EDsve451_S1" xml:id="EDsve451_u_4"><seg n="1" synch="#EDsve451_ol_0" type="overlap" xml:id="EDsve451_ol_1"> okay </seg></u>
            <u who="#EDsve451_S1" xml:id="EDsve451_u_5"> yeah </u>
            <u who="#EDsve451_S2" xml:id="EDsve451_u_6"> cos <anchor synch="#EDsve451_oc_1" type="other_continuation" xml:id="EDsve451_oc_0"/></u>
            <u who="#EDsve451_S1" xml:id="EDsve451_u_7"><anchor synch="#EDsve451_oc_0" type="other_continuation" xml:id="EDsve451_oc_1"/> she's just looking for it </u>
            <u who="#EDsve451_S2" xml:id="EDsve451_u_8"> o<c type="lengthening"/>kay </u>
            <u who="#EDsve451_S1" xml:id="EDsve451_u_9"> okay<c function="rise" type="intonation"/><pause dur="PT1S"/> now <pause/> i just go through with you step by step </u>
            <u who="#EDsve451_S2" xml:id="EDsve451_u_10"> yah <pause dur="PT1S"/></u>
            <u who="#EDsve451_S1" xml:id="EDsve451_u_11"> now the first thing that you received is the payment form <pause dur="PT1S"/> erm <pause dur="PT1S"/> it's the <seg n="2" type="overlap" xml:id="EDsve451_ol_2"> fifteen eur- </seg></u>
            <u who="#EDsve451_S3" xml:id="EDsve451_u_12"><seg n="2" synch="#EDsve451_ol_2" type="overlap" xml:id="EDsve451_ol_3"> but we don't </seg> have it </u>
            <u who="#EDsve451_S1" xml:id="EDsve451_u_13"> you will get it </u>
            <u who="#EDsve451_S3" xml:id="EDsve451_u_14"> a<c type="lengthening"/>h o<seg n="3" type="overlap" xml:id="EDsve451_ol_4">kay </seg></u>
            <u who="#EDsve451_S1" xml:id="EDsve451_u_15"><seg n="3" synch="#EDsve451_ol_4" type="overlap" xml:id="EDsve451_ol_5"> she's </seg> just looking what went wrong with the <pause dur="PT1S"/> nomination and everything okay<c function="rise" type="intonation"/></u>
            <u who="#EDsve451_S3" xml:id="EDsve451_u_16"> okay </u>
            <u who="#EDsve451_S1" xml:id="EDsve451_u_17"> she just checks with your university <pause dur="PT1S"/> now the fifteen euro thirty-six is the money for the<c type="lengthening"/><pause/> er austrian students association <pause/> so <pause/> when you pay with this sheet you will get inscribed at the university <pause/> and erm <pause/> you is you're automatically member <pause/> and you're insured as well <pause/> so if something should happen to you on the university campus <pause dur="PT1S"/> you're insured <pause/> okay<c function="rise" type="intonation"/><pause dur="PT1S"/> now when you go to the post office <pause/> you will get this blue form back </u>
            <u who="#EDsve451_S2" xml:id="EDsve451_u_18"> m<seg n="4" type="overlap" xml:id="EDsve451_ol_6">hm </seg></u>
            <u who="#EDsve451_S1" xml:id="EDsve451_u_19"><seg n="4" synch="#EDsve451_ol_6" type="overlap" xml:id="EDsve451_ol_7"> so </seg> just keep this very well <anchor synch="#EDsve451_oc_3" type="other_continuation" xml:id="EDsve451_oc_2"/></u>
            <u who="#EDsve451_S2" xml:id="EDsve451_u_20"><anchor synch="#EDsve451_oc_2" type="other_continuation" xml:id="EDsve451_oc_3"/> to the post office<c function="rise" type="intonation"/></u>
            <u who="#EDsve451_S1" xml:id="EDsve451_u_21"> yes <pause/> you you can pay it <seg n="5" type="overlap" xml:id="EDsve451_ol_8"> at the post office </seg><pause/></u>
            <u who="#EDsve451_S3" xml:id="EDsve451_u_22"><seg n="5" synch="#EDsve451_ol_8" type="overlap" xml:id="EDsve451_ol_9"><shift corresp="#EDsve451_s_2" feature="loud" new="p" xml:id="EDsve451_s_1"/><unclear> at the </unclear><foreign type="L1" voice:translation="post office" xml:lang="spa"> correos </foreign><shift corresp="#EDsve451_s_1" feature="loud" new="neutral" xml:id="EDsve451_s_2"/></seg></u>
            <u who="#EDsve451_S1" xml:id="EDsve451_u_23"> which might be best </u>
            <u who="#EDsve451_S2" xml:id="EDsve451_u_24"> mhm </u>
            <u who="#EDsve451_S1" xml:id="EDsve451_u_25"> you can also pay it at a bank </u>
            <u who="#EDsve451_S2" xml:id="EDsve451_u_26"> oh </u>
            <u who="#EDsve451_S1" xml:id="EDsve451_u_27"> but the post office is better <pause/> er there's one in <foreign type="L1" voice:translation="street name" xml:lang="ger"> garnisongasse </foreign><pause/> you can also find it on your paper right there <incident voice:desc="S1 points at a sheet"/></u>
            <u who="#EDsve451_S2" xml:id="EDsve451_u_28"> yeah </u>
            <u who="#EDsve451_S1" xml:id="EDsve451_u_29"> erm<c type="lengthening"/><pause dur="PT1S"/> so <pause/> we're here with the university so <pause/> you just turn left you keep going straight ahead <pause/> and <pause/> right here is the <foreign type="L1" voice:translation="street name" xml:lang="ger"> garnisongasse </foreign></u>
            <u who="#EDsve451_S2" xml:id="EDsve451_u_30"> okay </u>
            <u who="#EDsve451_S1" xml:id="EDsve451_u_31"> so it's <pause/> like eight minutes from here <pause/></u>
            <u who="#EDsve451_S3" xml:id="EDsve451_u_32"> okay </u>
            <u who="#EDsve451_S1" xml:id="EDsve451_u_33"> it says  <w voice:mode="spelt"> p s k  </w><pause dur="PT1S"/> okay<c function="rise" type="intonation"/><pause/> erm <pause dur="PT1S"/> now <pause dur="PT2S"/> do you stay one semester or <seg n="6" type="overlap" xml:id="EDsve451_ol_10"> two<c function="rise" type="intonation"/></seg></u>
            <u who="#EDsve451_S2" xml:id="EDsve451_u_34"><seg n="6" synch="#EDsve451_ol_10" type="overlap" xml:id="EDsve451_ol_11"> no </seg><seg n="7" type="overlap" xml:id="EDsve451_ol_12"> we stay two </seg></u>
            <u who="#EDsve451_S3" xml:id="EDsve451_u_35"><seg n="7" synch="#EDsve451_ol_12" type="overlap" xml:id="EDsve451_ol_13"> two semesters </seg></u>
            <u who="#EDsve451_S1" xml:id="EDsve451_u_36"> okay <pause/> now <pause/> for you <pause dur="PT1S"/> er <pause/> you already get both payment forms <pause/> the one for the winter and for the summer semester <pause/> but please <pause/> just pay this one first <incident voice:desc="S1 shows them the form"/> and don't pay this one before january <pause/> okay<c function="rise" type="intonation"/></u>
            <u who="#EDsve451_S3" xml:id="EDsve451_u_37"> okay <pause dur="PT2S"/></u>
            <u who="#EDsve451_S1" xml:id="EDsve451_u_38"> and what is important as well <pause/> here is your <foreign type="L1" voice:translation="student registration number" xml:lang="ger"> matrikelnummer </foreign><pause dur="PT1S"/> you will need it whenever you <seg n="8" type="overlap" xml:id="EDsve451_ol_14"> want </seg> to sign in for courses or exams <pause dur="PT1S"/></u>
            <u who="#EDsve451_S2" xml:id="EDsve451_u_39"><seg n="8" synch="#EDsve451_ol_14" type="overlap" xml:id="EDsve451_ol_15"> yeah </seg></u>
            <u who="#EDsve451_S1" xml:id="EDsve451_u_40"> okay<c function="rise" type="intonation"/></u>
            <u who="#EDsve451_S3" xml:id="EDsve451_u_41"> okay <pause dur="PT2S"/><shift corresp="#EDsve451_s_4" feature="loud" new="p" xml:id="EDsve451_s_3"/> good <shift corresp="#EDsve451_s_3" feature="loud" new="neutral" xml:id="EDsve451_s_4"/></u>
            <u who="#EDsve451_S1" xml:id="EDsve451_u_42"> then <pause dur="PT1S"/> there's an orientation taking place this this friday <pause/> it's from <pause dur="PT1S"/> er <pause/> two  <w voice:mode="spelt"> p m  </w> until four  <w voice:mode="spelt"> p m  </w><pause/> there's <pause/> a sheet that you got it's also written down there <pause dur="PT1S"/> it's this one here <pause dur="PT1S"/><incident voice:desc="S1 presents the sheet"/> er <pause/> it's kind of an information afternoon where you will just get further <pause/> information on how life and studying is in vienna <pause/> erm what is very important for you at the beginning <pause dur="PT1S"/> what is very important just take erm <pause dur="PT1S"/><vocal type="speaker_noise" voice:desc="smacks lips"/> a picture with you you need for your student's card like the size of a passport picture <pause/> and erm<c type="lengthening"/><pause/> your passport <pause/> it's just erm or identity <seg n="1" type="overlap" xml:id="EDsve451_ol_16"> card </seg></u>
            <u who="#EDsve451_S2" xml:id="EDsve451_u_43"><seg n="1" synch="#EDsve451_ol_16" type="overlap" xml:id="EDsve451_ol_17"> yeah </seg> yeah </u>
            <u who="#EDsve451_S1" xml:id="EDsve451_u_44"> cos when you pick up the student's card we just need erm <pause dur="PT1S"/><vocal type="speaker_noise" voice:desc="smacks lips"/> a document <pause/> hh er <pause/> the <pause/><foreign type="L1" voice:translation="name of hall" xml:lang="ger"> elise richter saal </foreign><pause/> er we will sign it out <pause/> so in fact it's if you <seg n="2" type="overlap" xml:id="EDsve451_ol_18"> come in the main entran- </seg><pause/></u>
            <u who="#EDsve451_S2" xml:id="EDsve451_u_45"><seg n="2" synch="#EDsve451_ol_18" type="overlap" xml:id="EDsve451_ol_19"> but it's here in the </seg></u>
            <u who="#EDsve451_S1" xml:id="EDsve451_u_46"> it's here at the building <pause dur="PT1S"/> so if you come in at the main entrance <pause/> you just turn left and you keep going upstairs <pause/> and then you see the statue of emperor <pause/><foreign type="L1" xml:lang="ger"> franz joseph </foreign><voice:track medium="1" num="2" type="md"/><pause dur="PT1S"/> and it's right behind there </u>
            <u who="#EDsve451_S2" xml:id="EDsve451_u_47"> o<c type="lengthening"/>h <anchor synch="#EDsve451_oc_5" type="other_continuation" xml:id="EDsve451_oc_4"/></u>
            <u who="#EDsve451_S1" xml:id="EDsve451_u_48"><anchor synch="#EDsve451_oc_4" type="other_continuation" xml:id="EDsve451_oc_5"/> so you <seg n="3" type="overlap" xml:id="EDsve451_ol_20"> can't miss </seg> it but we will sign it out okay<c function="rise" type="intonation"/><pause/></u>
            <u who="#EDsve451_S3" xml:id="EDsve451_u_49"><seg n="3" synch="#EDsve451_ol_20" type="overlap" xml:id="EDsve451_ol_21"> okay </seg></u>
            <u who="#EDsve451_S1" xml:id="EDsve451_u_50"> and <pause/> or if you have any problems whenever you want to looks  fo<c type="lengthening"/>r <pause/> rooms here at university you can ask at the <foreign type="L1" voice:translation="receptionist" xml:lang="ger"> portier </foreign><pause dur="PT2S"/> okay<c function="rise" type="intonation"/><pause dur="PT1S"/> erm<c type="lengthening"/><pause/> now do you all have time this friday<c function="rise" type="intonation"/><pause dur="PT1S"/> so i just give you the list to sign in </u>
            <u who="#EDsve451_S2" xml:id="EDsve451_u_51"> yes one moment </u>
            <u who="#EDsve451_S3" xml:id="EDsve451_u_52"> okay <pause dur="PT3S"/><incident dur="PT3S" voice:desc="S1 goes to get the list "/></u>
            <u who="#EDsve451_S1" xml:id="EDsve451_u_53"> okay <pause/> now <pause/> just sign in with you<c type="lengthening"/>r <pause/> er last name and your first name <pause/> okay<c function="rise" type="intonation"/><pause dur="PT9S"/><incident voice:desc="S2 and S3 are writing down their names"/> do you need a pen<c function="rise" type="intonation"/><pause/></u>
            <u who="#EDsve451_S3" xml:id="EDsve451_u_54"> i have a pen <pause dur="PT13S"/><incident dur="PT2S" voice:desc="S3 hands S4 a pen "/></u>
            <u who="#EDsve451_S4" xml:id="EDsve451_u_55"><foreign type="LN" voice:translation="thank you" xml:lang="ger"> danke </foreign><pause dur="PT4S"/></u>
            <u who="#EDsve451_S1" xml:id="EDsve451_u_56"> okay now <pause dur="PT1S"/> erm <pause/> i also give you this certificate to fill out <pause dur="PT1S"/> erm <pause/> it's erm<c type="lengthening"/><pause/> it says that you're inscribed here at the university that you're a student here <pause/> and you can just fill it out with your name <pause dur="PT1S"/> your university where you're from <pause dur="PT1S"/> and <pause/> as you all stay for one year <pause/> it's from the first of october <pause dur="PT1S"/> two thousand five until <pause/> the <seg n="4" type="overlap" xml:id="EDsve451_ol_22"> thirtieth of june </seg></u>
            <u who="#EDsve451_S2" xml:id="EDsve451_u_57"><seg n="4" synch="#EDsve451_ol_22" type="overlap" xml:id="EDsve451_ol_23"> the thirtieth of <supplied reason="unintelligible"> xx </supplied></seg> all right <anchor synch="#EDsve451_oc_7" type="other_continuation" xml:id="EDsve451_oc_6"/></u>
            <u who="#EDsve451_S1" xml:id="EDsve451_u_58"><anchor synch="#EDsve451_oc_6" type="other_continuation" xml:id="EDsve451_oc_7"/> okay<c function="rise" type="intonation"/><pause/> so you can fill it out by yourself <pause dur="PT5S"/><incident dur="PT5S" voice:desc="S2, S3 and S4 are filling out forms "/></u>
            <u who="#EDsve451_S1" xml:id="EDsve451_u_59"> okay <pause dur="PT7S"/></u>
            <u who="#EDsve451_SX-4" xml:id="EDsve451_u_60"><shift corresp="#EDsve451_s_6" feature="voice" new="whisp" xml:id="EDsve451_s_5"/> do you have a pencil please<c function="rise" type="intonation"/><shift corresp="#EDsve451_s_5" feature="voice" new="neutral" xml:id="EDsve451_s_6"/></u>
            <u who="#EDsve451_S3" xml:id="EDsve451_u_61"> i have <pause dur="PT1S"/></u>
            <u who="#EDsve451_S1" xml:id="EDsve451_u_62"> get one yes <pause dur="PT13S"/><incident dur="PT13S" voice:desc="S1 goes to get a pencil "/></u>
            <u who="#EDsve451_S3" xml:id="EDsve451_u_63"><incident voice:desc="S1 hands S4 the pencil"/><foreign type="L1" voice:translation="thank you" xml:lang="spa"> gracias </foreign></u>
            <u who="#EDsve451_S1" xml:id="EDsve451_u_64"> you're welcome <pause dur="PT30S"/> okay <pause dur="PT1S"/> erm<c type="lengthening"/> you just write two thousand five <pause/> slash  <w voice:mode="spelt"> o  </w> six <pause dur="PT2S"/> and you as well <pause dur="PT1S"/> just two thousand five <pause/><w voice:mode="spelt"> o  </w> six <pause dur="PT4S"/> okay now this stays for you <pause/> cos you might need it </u>
            <u who="#EDsve451_S2" xml:id="EDsve451_u_65"> o<c type="lengthening"/>h </u>
            <u who="#EDsve451_S1" xml:id="EDsve451_u_66"> for example if you<c type="lengthening"/><pause/> want to buy the <pause dur="PT1S"/> ticket for the public transports </u>
            <u who="#EDsve451_S2" xml:id="EDsve451_u_67"> okay </u>
            <u who="#EDsve451_S1" xml:id="EDsve451_u_68"> okay <pause dur="PT2S"/></u>
            <u who="#EDsve451_S2" xml:id="EDsve451_u_69"> but i don't have any <foreign type="LN" voice:translation="register number" xml:lang="ger"> matri -matrikelnummer </foreign><foreign type="L1" xml:lang="spa"> no<c function="rise" type="intonation"/></foreign></u>
            <u who="#EDsve451_S1" xml:id="EDsve451_u_70"> er <pause/> not yet <pause/> because you don't have the payment form yet <pause/> but i'll ask <pause/> my colleague <pause dur="PT1S"/><seg n="5" type="overlap" xml:id="EDsve451_ol_24"> o</seg>kay<c function="rise" type="intonation"/><pause dur="PT4S"/></u>
            <u who="#EDsve451_S2" xml:id="EDsve451_u_71"><seg n="5" synch="#EDsve451_ol_24" type="overlap" xml:id="EDsve451_ol_25"> o<c type="lengthening"/>h </seg></u>
            <u who="#EDsve451_S1" xml:id="EDsve451_u_72"><voice:track medium="1" num="3" type="md"/> e<c type="lengthening"/>rm <pause dur="PT1S"/><voice:to who="#EDsve451_S4"> do you also want to write down your first name<c function="rise" type="intonation"/></voice:to></u>
            <u who="#EDsve451_S4" xml:id="EDsve451_u_73"> okay <pause dur="PT5S"/><incident dur="PT5S" voice:desc="S4 is writing "/></u>
            <u who="#EDsve451_S1" xml:id="EDsve451_u_74"> okay <pause/> now for your for the public transports <pause dur="PT1S"/> as you don't have your student's card yet <pause/> you can also buy it with this certificate <pause/> with the blue part of the payment form this one <pause/> and with the <foreign type="L1" voice:translation="registration form" xml:lang="ger"> meldezettel </foreign><pause dur="PT1S"/> erm <pause/> do you already have an apartment here in vienna<c function="rise" type="intonation"/><pause dur="PT1S"/> okay<c function="fall" type="intonation"/> now <pause dur="PT1S"/> did you get this sheet<c function="rise" type="intonation"/><pause dur="PT1S"/></u>
            <u who="#EDsve451_S2" xml:id="EDsve451_u_75"> no </u>
            <u who="#EDsve451_S3" xml:id="EDsve451_u_76"> no </u>
            <u who="#EDsve451_S1" xml:id="EDsve451_u_77"> okay <voice:to who="#EDsve451_S4"> did you get one<c function="rise" type="intonation"/></voice:to><pause/></u>
            <u who="#EDsve451_S4" xml:id="EDsve451_u_78"><vocal type="speaker_noise" voice:desc="nods"/></u>
            <u who="#EDsve451_S1" xml:id="EDsve451_u_79"> okay <pause dur="PT1S"/> now with this sheet <pause/> erm <pause/> you just fill it out <pause dur="PT1S"/> the person who rents the apartment has to sign here <pause dur="PT1S"/> here <pause/><seg n="6" type="overlap" xml:id="EDsve451_ol_26"> and you send </seg></u>
            <u who="#EDsve451_S2" xml:id="EDsve451_u_80"><foreign type="LN" voice:translation="we are in a student hostel" xml:lang="ger"><seg n="6" synch="#EDsve451_ol_26" type="overlap" xml:id="EDsve451_ol_27"> wir sind </seg> im studentenheim </foreign><pause/></u>
            <u who="#EDsve451_S1" xml:id="EDsve451_u_81"> then <foreign type="L1" voice:translation="the students hostel just that they put a stamp on it and sign it" xml:lang="ger"> das studentenheim <pause dur="PT1S"/> einfach das die einen stempel raufgeben und unterschreiben </foreign><pause dur="PT1S"/> and then you go with <pause/> this sheet and your passport to one of these offices in the back you can choose any <pause dur="PT2S"/> okay<c function="rise" type="intonation"/></u>
            <u who="#EDsve451_S3" xml:id="EDsve451_u_82"> okay <pause dur="PT2S"/></u>
            <u who="#EDsve451_S1" xml:id="EDsve451_u_83"> erm <pause dur="PT2S"/> o<c type="lengthening"/>h yeah <pause/> and you got <pause/> the paper with your coordinator well <pause dur="PT1S"/> you <incident voice:desc="S1 is looking at S2 and S3"/> didn't yet <pause/> cos we just have to check <pause dur="PT1S"/> hh er <pause/> what are you studying<c function="rise" type="intonation"/><pause/></u>
            <u who="#EDsve451_S2" xml:id="EDsve451_u_84"> phar<seg n="7" type="overlap" xml:id="EDsve451_ol_28">macy </seg></u>
            <u who="#EDsve451_S3" xml:id="EDsve451_u_85"><seg n="7" synch="#EDsve451_ol_28" type="overlap" xml:id="EDsve451_ol_29"> pharma</seg>cy <pause dur="PT1S"/></u>
            <u who="#EDsve451_S2" xml:id="EDsve451_u_86"> we know <pause/> our coordinator </u>
            <u who="#EDsve451_S1" xml:id="EDsve451_u_87"> who is it<c function="rise" type="intonation"/></u>
            <u who="#EDsve451_S2" xml:id="EDsve451_u_88"><supplied reason="anonymization"> [last name2] </supplied><pause dur="PT1S"/></u>
            <u who="#EDsve451_S1" xml:id="EDsve451_u_89"> aha <anchor synch="#EDsve451_oc_9" type="other_continuation" xml:id="EDsve451_oc_8"/></u>
            <u who="#EDsve451_S2" xml:id="EDsve451_u_90"><anchor synch="#EDsve451_oc_8" type="other_continuation" xml:id="EDsve451_oc_9"/><supplied reason="anonymization"> [first name2] </supplied><supplied reason="anonymization"> [last name2] </supplied></u>
            <u who="#EDsve451_S1" xml:id="EDsve451_u_91"><voice:to who="#EDsve451_S3"> and for you as well<c function="rise" type="intonation"/></voice:to></u>
            <u who="#EDsve451_S2" xml:id="EDsve451_u_92"> yes <anchor synch="#EDsve451_oc_11" type="other_continuation" xml:id="EDsve451_oc_10"/></u>
            <u who="#EDsve451_S3" xml:id="EDsve451_u_93"><anchor synch="#EDsve451_oc_10" type="other_continuation" xml:id="EDsve451_oc_11"/> yeah </u>
            <u who="#EDsve451_S1" xml:id="EDsve451_u_94"> okay <pause dur="PT1S"/> so <pause/> did <supplied reason="anonymization"> [first name1] </supplied> already give you the <pause/> sheet<c function="rise" type="intonation"/><pause dur="PT1S"/> no<c function="fall" type="intonation"/><pause dur="PT4S"/><incident dur="PT4S" voice:desc="S1 looks for sheets "/> did you already contact your coordinator<c function="rise" type="intonation"/><pause dur="PT1S"/> like did you already write an email or some<seg n="1" type="overlap" xml:id="EDsve451_ol_30">thing<c function="rise" type="intonation"/></seg></u>
            <u who="#EDsve451_S2" xml:id="EDsve451_u_95"><seg n="1" synch="#EDsve451_ol_30" type="overlap" xml:id="EDsve451_ol_31"> yes </seg> yes <pause dur="PT1S"/> er yesterday we met <pause/> her </u>
            <u who="#EDsve451_S1" xml:id="EDsve451_u_96"><emph> o</emph><c type="lengthening"/><emph>h </emph><pause/> so you've already been there<c function="rise" type="intonation"/></u>
            <u who="#EDsve451_S2" xml:id="EDsve451_u_97"> yeah </u>
            <u who="#EDsve451_S1" xml:id="EDsve451_u_98"> okay <pause dur="PT1S"/> perfect <pause/> do you need the sheet<c function="rise" type="intonation"/><pause dur="PT2S"/> no you don't <pause dur="PT1S"/> like <pause dur="PT1S"/> there's the address and the<c type="lengthening"/><pause/> er phone number and everything on it </u>
            <u who="#EDsve451_S2" xml:id="EDsve451_u_99"> a<c type="lengthening"/>h <seg n="2" type="overlap" xml:id="EDsve451_ol_32"> no no </seg></u>
            <u who="#EDsve451_S1" xml:id="EDsve451_u_100"><seg n="2" synch="#EDsve451_ol_32" type="overlap" xml:id="EDsve451_ol_33"> do you </seg> still need it<c function="rise" type="intonation"/></u>
            <u who="#EDsve451_S2" xml:id="EDsve451_u_101"> no no </u>
            <u who="#EDsve451_S1" xml:id="EDsve451_u_102"> okay <pause dur="PT1S"/> now erm <pause dur="PT1S"/><voice:to who="#EDsve451_S4"> for you </voice:to><pause dur="PT1S"/> erm <pause dur="PT1S"/> it's important to contact your coordinator as soon as possible <incident voice:desc="parallel conversation between S2 and S3 starts"/><pause dur="PT1S"/> er <pause dur="PT1S"/> cos erm <pause/> like wednesday <pause dur="PT1S"/> there's a <pause/><foreign type="L1" voice:translation="office hours" xml:lang="ger"> sprechstunde </foreign> so <pause dur="PT1S"/> just call him and ask if you can come <pause dur="PT1S"/> er on wednesday <pause/> cos erm <pause/> he can help you exactly how it works to sign in for the courses <incident voice:desc="parallel conversation between S2 and S3 ends"/><pause/> and he can counsel you individually <pause/></u>
            <u who="#EDsve451_S4" xml:id="EDsve451_u_103"> okay </u>
            <u who="#EDsve451_S1" xml:id="EDsve451_u_104"> on different <pause/> like <pause/> whatever you want to choose <pause dur="PT1S"/> for your studies here <pause dur="PT1S"/> just do it as soon as possible okay<c function="rise" type="intonation"/></u>
            <u who="#EDsve451_S4" xml:id="EDsve451_u_105"> okay <pause dur="PT3S"/></u>
            <u who="#EDsve451_S1" xml:id="EDsve451_u_106"> do you have any more questions<c function="rise" type="intonation"/><pause dur="PT1S"/> cos so far we're done <pause dur="PT2S"/></u>
            <u who="#EDsve451_S2" xml:id="EDsve451_u_107"> no we have no<seg n="3" type="overlap" xml:id="EDsve451_ol_34">thing </seg></u>
            <u who="#EDsve451_S1" xml:id="EDsve451_u_108"><seg n="3" synch="#EDsve451_ol_34" type="overlap" xml:id="EDsve451_ol_35"> now </seg> the most important thing <pause/> is <pause/> to pay the <pause dur="PT1S"/> fifteen euro thirty-six <pause dur="PT1S"/> to<c type="lengthening"/> come to the orientation on friday <pause dur="PT1S"/> and to contact the coordinator <pause dur="PT1S"/> which you already did <seg n="4" type="overlap" xml:id="EDsve451_ol_36"> so that's </seg> fine <pause/></u>
            <u who="#EDsve451_S3" xml:id="EDsve451_u_109"><seg n="4" synch="#EDsve451_ol_36" type="overlap" xml:id="EDsve451_ol_37"> okay </seg></u>
            <u who="#EDsve451_S1" xml:id="EDsve451_u_110"> now <pause/> we're just <pause/> i just check with my<c type="lengthening"/><pause/> col<seg n="5" type="overlap" xml:id="EDsve451_ol_38">league </seg></u>
            <u who="#EDsve451_S3" xml:id="EDsve451_u_111"><seg n="5" synch="#EDsve451_ol_38" type="overlap" xml:id="EDsve451_ol_39"> but </seg> our coordinator is <supplied reason="anonymization"> [last name2] </supplied><c function="rise" type="intonation"/></u>
            <u who="#EDsve451_S1" xml:id="EDsve451_u_112"> yes </u>
            <u who="#EDsve451_S3" xml:id="EDsve451_u_113"> okay <pause/></u>
            <u who="#EDsve451_S1" xml:id="EDsve451_u_114"> mhm </u>
            <u who="#EDsve451_S3" xml:id="EDsve451_u_115"> because you have gave her <pause dur="PT1S"/> paper </u>
            <u who="#EDsve451_S1" xml:id="EDsve451_u_116"> yes </u>
            <u who="#EDsve451_S3" xml:id="EDsve451_u_117"><seg n="6" type="overlap" xml:id="EDsve451_ol_40"> so </seg></u>
            <u who="#EDsve451_S1" xml:id="EDsve451_u_118"><seg n="6" synch="#EDsve451_ol_40" type="overlap" xml:id="EDsve451_ol_41"> she </seg><pause dur="PT1S"/> erm <pause dur="PT1S"/> the thing is <pause/> as you're not in  the list <pause/> i cannot check <pause dur="PT1S"/> which is your coordinator <pause/> but as you said you've already been there <pause/> it's fine <pause/></u>
            <u who="#EDsve451_S3" xml:id="EDsve451_u_119"> a<c type="lengthening"/>h okay<c function="fall" type="intonation"/></u>
         </div>
      </body>
   </text>
</TEI>