<TEI xmlns="http://www.tei-c.org/ns/1.0" xmlns:voice="http://www.univie.ac.at/voice/ns/1.0" xmlns:xi="http://www.w3.org/2001/XInclude" version="5" xml:id="EDwsd590" xml:lang="eng">
   <teiHeader>
      <fileDesc>
         <titleStmt>
            <title>workshop discussion on the division into four different subgroups</title>
            <principal>Prof. Barbara Seidlhofer</principal>
            <editor/>
            <funder>Austrian Science Foundation (FWF)</funder>
            <sponsor/>
            <respStmt>
               <resp>Corpus Compilation</resp>
               <orgName>VOICE Project</orgName>
               <persName>Barbara Seidlhofer</persName>
               <persName>Angelika Breiteneder</persName>
               <persName>Marie-Luise Pitzl</persName>
               <persName>Stefan Majewski</persName>
               <persName>Theresa Klimpfinger</persName>
            </respStmt>
         </titleStmt>
         <editionStmt>
		<edition>Version 1.0 XML, <date>May 2011</date></edition>
	  <respStmt>
		<resp>Researchers</resp>
		<name>Barbara Seidlhofer</name> 		
		<name>Angelika Breiteneder</name> 
		<name>Theresa Klimpfinger</name> 
		<name>Stefan Majewski</name> 
		<name>Marie-Luise Pitzl</name> 
	  </respStmt>
	</editionStmt>
         <publicationStmt>
		<publisher>Barbara Seidlhofer, Stefan Majewski, Marie-Luise Pitzl</publisher> 
	  <distributor>VOICE Project, University of Vienna, Austria</distributor> 
	  <address>
		<addrLine>Spitalgasse 2, AAKH Hof 8</addrLine> 
		<addrLine>1090 Vienna</addrLine> 
		<addrLine>Austria</addrLine> 
		<addrLine>Telephone: +43 1 427742446</addrLine> 
	  	<addrLine>Email: voice@univie.ac.at</addrLine> 
		<addrLine>Website: http://www.univie.ac.at/voice</addrLine> 
	  </address>
	  <availability status="free">
	  	<p>
		  The Vienna-Oxford International Corpus of English (VOICE)
		  was created by Barbara Seidlhofer (project director) and
		  Angelika Breiteneder, Theresa Klimpfinger, Stefan Majewski,
		  Marie-Luise Pitzl (project researchers). VOICE 1.0 XML is
		  available for download at the VOICE Project's website <ref target="http://www.univie.ac.at/voice/">http://www.univie.ac.at/voice/</ref>
		  under a Creative Commons
		  Attribution-NonCommercial-ShareAlike 3.0 Unported (CC
		  BY-NC-SA 3.0) License (<ref target="http://creativecommons.org/licenses/by-nc-sa/3.0/">
		  http://creativecommons.org/licenses/by-nc-sa/3.0/
		  </ref>). The original audio files are held at the Department
		  of English, University of Vienna. 23 selected audio files
		  are available as audio streams in the VOICE Online interface
		  at the VOICE Project's website <ref target="http://www.univie.ac.at/voice">http://www.univie.ac.at/voice</ref>.
		</p>
		<p>
		The recommended citation for VOICE 1.0 XML is:
		</p>
		<p>
		<bibl><title>VOICE</title>. <date>2011</date>. <title level="m">The Vienna-Oxford International Corpus of
		English</title> (<edition>version 1.0
		XML</edition>). Director: Barbara Seidlhofer; Researchers:
		Angelika Breiteneder, Theresa Klimpfinger, Stefan Majewski,
		Marie-Luise Pitzl.</bibl>
		</p>
		<p>The short citation for VOICE 1.0 XML is:
		</p>
		<p>
		<bibl><title>VOICE</title>. <date>2011</date>. <title level="m">The Vienna-Oxford International Corpus of
		English</title> (<edition>version 1.0
		XML</edition>).</bibl></p>
		<p>
		  For further information about availability and copyright
		  permissions, please see the README file included in the
		  download package. For further enquiries please contact the
		  VOICE Project at <ref target="mailto:voice@univie.ac.at">voice@univie.ac.at</ref>.
		</p>
	  </availability>
	</publicationStmt>
         <notesStmt>
            <note xml:id="EDwsd590_wc">Words: 1607</note>
            <note xml:id="EDwsd590_tn_0">This workshop discussion takes place in the context of a longer event dedicated to the topics of English as a lingua franca and regional cultures in Europe. It is chaired by S1 and S4, who divide participants into four subgroups working on different scenarios each. The numbers mentioned in the interaction thus refer to the numbers of the four subgroups. There is a friendly atmosphere during the speech event, but also quite a hubbub and a lot of parallel conversations in the background.   </note>
         </notesStmt>
         <sourceDesc>
            <recordingStmt>
               <recording dur="PT00H10M15S" type="audio">
                  <date>2004-10-29</date>
                  <equipment>
                     <p>Portable minidisc recorder with electret condenser stereo microphone</p>
                  </equipment>
                  <respStmt>
                     <resp>recording</resp>
                     <name>R5</name>
                  </respStmt>
               </recording>
            </recordingStmt>
         </sourceDesc>
      </fileDesc>
      <encodingDesc>
         <classDecl>
            <taxonomy>
               <category xml:id="EDwsd590_domain">
                  <catDesc>Domain</catDesc>
                  <category sameAs="#ED" xml:id="EDwsd590_ED">
                     <catDesc>educational</catDesc>
                  </category>
                  <category sameAs="#LE" xml:id="EDwsd590_LE">
                     <catDesc>leisure</catDesc>
                  </category>
                  <category sameAs="#PB" xml:id="EDwsd590_PB">
                     <catDesc>professional business</catDesc>
                  </category>
                  <category sameAs="#PO" xml:id="EDwsd590_PO">
                     <catDesc>professional organizational</catDesc>
                  </category>
                  <category sameAs="#PR" xml:id="EDwsd590_PR">
                     <catDesc>professional research/science</catDesc>
                  </category>
               </category>
               <category xml:id="EDwsd590_spet">
                  <catDesc>Speech Event Type</catDesc>
                  <category sameAs="#int" xml:id="EDwsd590_int">
                     <catDesc>interview</catDesc>
                  </category>
                  <category sameAs="#prc" xml:id="EDwsd590_prc">
                     <catDesc>press conference</catDesc>
                  </category>
                  <category sameAs="#sve" xml:id="EDwsd590_sve">
                     <catDesc>service encounter</catDesc>
                  </category>
                  <category sameAs="#sed" xml:id="EDwsd590_sed">
                     <catDesc>seminar discussion</catDesc>
                  </category>
                  <category sameAs="#wgd" xml:id="EDwsd590_wgd">
                     <catDesc>working group discussion</catDesc>
                  </category>
                  <category sameAs="#wsd" xml:id="EDwsd590_wsd">
                     <catDesc>workshop discussion</catDesc>
                  </category>
                  <category sameAs="#mtg" xml:id="EDwsd590_mtg">
                     <catDesc>meeting</catDesc>
                  </category>
                  <category sameAs="#pan" xml:id="EDwsd590_pan">
                     <catDesc>panel</catDesc>
                  </category>
                  <category sameAs="#qas" xml:id="EDwsd590_qas">
                     <catDesc>question-answer session</catDesc>
                  </category>
                  <category sameAs="#con" xml:id="EDwsd590_con">
                     <catDesc>conversation</catDesc>
                  </category>
               </category>
            </taxonomy>
         </classDecl>
         <tagsDecl><namespace name="http://www.tei-c.org/ns/1.0">
      <tagUsage gi="TEI" occurs="1"/>
      <tagUsage gi="teiHeader" occurs="1"/>
      <tagUsage gi="fileDesc" occurs="1"/>
      <tagUsage gi="titleStmt" occurs="1"/>
      <tagUsage gi="title" occurs="5"/>
      <tagUsage gi="principal" occurs="1"/>
      <tagUsage gi="editor" occurs="1"/>
      <tagUsage gi="funder" occurs="1"/>
      <tagUsage gi="sponsor" occurs="1"/>
      <tagUsage gi="respStmt" occurs="3"/>
      <tagUsage gi="resp" occurs="3"/>
      <tagUsage gi="orgName" occurs="1"/>
      <tagUsage gi="persName" occurs="5"/>
      <tagUsage gi="editionStmt" occurs="1"/>
      <tagUsage gi="edition" occurs="3"/>
      <tagUsage gi="date" occurs="4"/>
      <tagUsage gi="name" occurs="8"/>
      <tagUsage gi="publicationStmt" occurs="1"/>
      <tagUsage gi="publisher" occurs="1"/>
      <tagUsage gi="distributor" occurs="1"/>
      <tagUsage gi="address" occurs="1"/>
      <tagUsage gi="addrLine" occurs="6"/>
      <tagUsage gi="availability" occurs="1"/>
      <tagUsage gi="p" occurs="7"/>
      <tagUsage gi="ref" occurs="5"/>
      <tagUsage gi="bibl" occurs="2"/>
      <tagUsage gi="notesStmt" occurs="1"/>
      <tagUsage gi="note" occurs="2"/>
      <tagUsage gi="sourceDesc" occurs="1"/>
      <tagUsage gi="recordingStmt" occurs="1"/>
      <tagUsage gi="recording" occurs="1"/>
      <tagUsage gi="equipment" occurs="1"/>
      <tagUsage gi="encodingDesc" occurs="1"/>
      <tagUsage gi="classDecl" occurs="1"/>
      <tagUsage gi="taxonomy" occurs="1"/>
      <tagUsage gi="category" occurs="17"/>
      <tagUsage gi="catDesc" occurs="17"/>
      <tagUsage gi="tagsDecl" occurs="1"/>
      <tagUsage gi="namespace" occurs="2"/>
      <tagUsage gi="tagUsage" occurs="81"/>
      <tagUsage gi="gi" occurs="5"/>
      <tagUsage gi="att" occurs="14"/>
      <tagUsage gi="list" occurs="11"/>
      <tagUsage gi="label" occurs="20"/>
      <tagUsage gi="val" occurs="41"/>
      <tagUsage gi="item" occurs="40"/>
      <tagUsage gi="profileDesc" occurs="1"/>
      <tagUsage gi="textClass" occurs="1"/>
      <tagUsage gi="catRef" occurs="2"/>
      <tagUsage gi="settingDesc" occurs="1"/>
      <tagUsage gi="setting" occurs="1"/>
      <tagUsage gi="locale" occurs="1"/>
      <tagUsage gi="activity" occurs="1"/>
      <tagUsage gi="particDesc" occurs="1"/>
      <tagUsage gi="listPerson" occurs="4"/>
      <tagUsage gi="personGrp" occurs="2"/>
      <tagUsage gi="person" occurs="32"/>
      <tagUsage gi="age" occurs="24"/>
      <tagUsage gi="sex" occurs="24"/>
      <tagUsage gi="occupation" occurs="24"/>
      <tagUsage gi="langKnowledge" occurs="24"/>
      <tagUsage gi="langKnown" occurs="26"/>
      <tagUsage gi="relationGrp" occurs="1"/>
      <tagUsage gi="relation" occurs="2"/>
      <tagUsage gi="revisionDesc" occurs="1"/>
      <tagUsage gi="change" occurs="6"/>
      <tagUsage gi="text" occurs="1"/>
      <tagUsage gi="body" occurs="1"/>
      <tagUsage gi="div" occurs="1"/>
      <tagUsage gi="u" occurs="199">Used to mark a stretch of speech commonly
		preceded and followed by a pause or by a change of speaker. A
		<gi>u</gi> is, however, not required to be bounded by a pause or
		a change of speaker, nor does it represent a turn in a
		conversation analytic sense. At a minimum, a <gi>u</gi> is some
		phonetic production or noise made by a given speaker or a group of speakers.</tagUsage>
      <tagUsage gi="c" occurs="111">Used to mark lengthening of sounds and
		intonation (fall, rise). The following <att>type</att>
		attributes are used to mark:
		<list>
		  <label><val>lengthening</val></label><item>lengthened
		  sounds</item>
		  <label><val>intonation</val></label><item>a significant change in
		  intonation, marked with the following <att>function</att>
		  attribute for:
		  <list>
			<label><val>fall</val></label><item>falling
			intonation</item>
			<label><val>rise</val></label><item>rising intonation</item>
		  </list>
		</item>
		</list>
		Intonation may or may not coincide with
		syntactic boundaries.
		</tagUsage>
      <tagUsage gi="pause" occurs="214">Used to mark a pause either between or
		within utterances. Used without <att>dur</att> attribute to
		indicate a brief pause up to half a second.
		</tagUsage>
      <tagUsage gi="supplied" occurs="47">Used to mark text supplied by the
		transcriber because the original is unintelligible or needed to
		be anonymized. The <att>reason</att> attribute is used to mark:
		<list>
		  <label><val>unintelligible</val></label><item>unintelligible
		  speech</item>
		  <label><val>anonymization</val></label><item>anonymized
		  speech</item>
		</list>
		</tagUsage>
      <tagUsage gi="unclear" occurs="4">Used to mark speech which cannot be
		transcribed with certainty, because it is difficult to hear or
		understand for the transcriber.</tagUsage>
      <tagUsage gi="seg" occurs="75">Used with different <att>type</att> attributes to mark:
		<list>
		  <label><att>type</att><val>overlap</val></label>
		  <item>overlaps</item>
		  <label><att>type</att><val>onomatopoeia</val></label>
		  <item>onomatopoeic sounds</item>
		  <label><att>type</att><val>ipa</val></label>
		  <item>transcriptions in the international phonetic alphabet</item>
		</list>
		</tagUsage>
      <tagUsage gi="shift" occurs="84">Used to mark the point at which some
		paralinguistic feature changes. The following attribute values
		are used to mark:
		<list>
          <label>
            <val>voice</val>
          </label>
          <item>voice quality
          <list>
            <item><val>imitating</val></item>
            <item><val>laugh</val></item>
            <item><val>neutral</val></item>
            <item><val>phone</val></item>
            <item><val>reading</val></item>
            <item><val>reading_aloud</val></item>
            <item><val>sigh</val></item>
            <item><val>singing</val></item>
            <item><val>whisp</val></item>
            <item><val>yawning</val></item>
          </list>
          </item>
          <label>
          <val>tempo</val></label>
          <item>speed of utterance
            <list>
              <label><val>a</val></label>
              <item>accelerando</item>
              <label><val>l</val></label>
              <item>lento</item>
              <label><val>neutral</val></label>
              <item>neutral</item>
            </list>
          </item>
          <label>
          <val>loud</val></label>
          <item>loudness
            <list>
              <item><val>f</val></item>
              <item><val>neutral</val></item>
              <item><val>p</val></item>
            </list>
          </item>
		  </list>
		</tagUsage>
      <tagUsage gi="vocal" occurs="24">Used to mark laughter and other speaker
		noises and non-verbal feedback.
        <list>
          <label>
            <val>speaker_noise</val>
          </label>
          <item>
            <list>
              <item>
                <val>coughing</val>
              </item>
              <item>
                <val>nods</val>
              </item>
              <item>
                <val>shakes head</val>
              </item>
              <item>
                <val>smacks lips</val>
              </item>
              <item>
                <val>sniffs</val>
              </item>
              <item>
                <val>swallows</val>
              </item>
              <item>
                <val>whistles</val>
              </item>
            </list>
          </item>
          <label>
            <val>wordlike</val>
          </label>
          <item>
            <val>laughing</val>
          </item>
        </list>
        </tagUsage>
      <tagUsage gi="anchor" occurs="47">Used to mark other-continuation,
		i.e. whenever a speaker continues another speaker's <gi>u</gi>
		without a pause. Other-continuation is to be interpreted
		temporally and does not relate to form or content of the
		speakers' utterances.</tagUsage>
      <tagUsage gi="foreign" occurs="9">Used to mark a word or phrase as
		belonging to some language other than English. The following
		values for the <att>type</att> attribute are used to mark:
		<list>
		  <label><val>L1</val></label><item>the speaker's first
		  language</item>
		  <label><val>LN</val></label><item>a language other than the
		  speaker's first language</item>
		  <label><val>LQ</val></label><item>a language where it cannot
		  be ascertained whether it is the speaker's first or other
		  language.</item>
		</list>
		Whenever possible, the 
		<att>voice:translation</att> attribute provides a rough translation of the
		non-English speech into English.
		</tagUsage>
      <tagUsage gi="incident" occurs="9">Used to mark contextual information
		relevant to the understanding of the interaction or the
		interaction as such. The <att>voice:desc</att> attribute
		provides a short prose description of the contextual
		event.</tagUsage>
      <tagUsage gi="emph" occurs="42">Used to mark speech which is stressed or
		emphasized in a way that goes beyond regular nuclear
		stress.</tagUsage></namespace><namespace name="http://www.univie.ac.at/voice/ns/1.0">
      <tagUsage gi="voice:track" occurs="4">Used to mark the beginning of a new
		audio track used in transcription (usually three minutes in length) and thus refers to the audio recording
		of the transcribed speech event.
		</tagUsage>
      <tagUsage gi="voice:to" occurs="3">Used to mark speech directed towards a
		particular speaker. The <att>who</att>who attribute indicates the
		addressed speaker.</tagUsage>
      <tagUsage gi="voice:pvc" occurs="1">Used to mark a pronunciation variation
		or coinage as described in <ref target="http://www.univie.ac.at/voice/documents/VOICE_mark-up_conventions_v2-1.pdf">the
			VOICE mark-up conventions [2.1].</ref>the
			VOICE mark-up conventions [2.1]. An existing word corresponding to the PVC may be provided within a <att>comment</att>comment attribute within the <gi>voice:pvc</gi>voice:pvc element. Additional phonetic
			transcription may be provided within a <att>voice:ipa</att>voice:ipa attribute
			within the <gi>voice:pvc</gi>voice:pvc element.</tagUsage></namespace></tagsDecl>
      </encodingDesc>
      <profileDesc>
         <textClass>
            <catRef target="#EDwsd590_ED #EDwsd590_wsd"/>
            <catRef target="#ED #wsd"/>
         </textClass>
         <settingDesc>
            <setting>
               <name type="country">NL</name>
               <name type="city">Amsterdam</name>
               <locale>seminar room at university</locale>
               <activity>taking notes, writing on blackboard</activity>
            </setting>
         </settingDesc>
         <particDesc>
            <listPerson type="main">
               <listPerson type="groups">
                  <personGrp role="speakers" size="24"/>
                  <personGrp role="interactants" size="24"/>
               </listPerson>
               <listPerson type="identified">
                  <person role="chair" sameAs="#P114" xml:id="EDwsd590_S1">
                     <age value="1">17-24</age>
                     <sex value="2">female</sex>
                     <occupation>student</occupation>
                     <langKnowledge>
                        <langKnown level="L1" tag="dut-NL"/>
                     </langKnowledge>
                  </person>
                  <person role="participant" sameAs="#P139" xml:id="EDwsd590_S2">
                     <age value="1">17-24</age>
                     <sex value="2">female</sex>
                     <occupation>student</occupation>
                     <langKnowledge>
                        <langKnown level="L1" tag="ger-DE"/>
                     </langKnowledge>
                  </person>
                  <person role="chair" sameAs="#P111" xml:id="EDwsd590_S4">
                     <age value="1">17-24</age>
                     <sex value="1">male</sex>
                     <occupation>student</occupation>
                     <langKnowledge>
                        <langKnown level="L1" tag="dut-NL"/>
                     </langKnowledge>
                  </person>
                  <person role="participant" sameAs="#P120" xml:id="EDwsd590_S5">
                     <age value="1">17-24</age>
                     <sex value="2">female</sex>
                     <occupation>student</occupation>
                     <langKnowledge>
                        <langKnown level="L1" tag="fin-FI"/>
                     </langKnowledge>
                  </person>
                  <person role="participant" sameAs="#P141" xml:id="EDwsd590_S6">
                     <age value="1">17-24</age>
                     <sex value="2">female</sex>
                     <occupation>student</occupation>
                     <langKnowledge>
                        <langKnown level="L1" tag="nor-NO"/>
                     </langKnowledge>
                  </person>
                  <person role="participant" sameAs="#P142" xml:id="EDwsd590_S8">
                     <age value="1">17-24</age>
                     <sex value="2">female</sex>
                     <occupation>student</occupation>
                     <langKnowledge>
                        <langKnown level="L1" tag="pol-PL"/>
                     </langKnowledge>
                  </person>
                  <person role="participant" sameAs="#P116" xml:id="EDwsd590_S9">
                     <age value="1">17-24</age>
                     <sex value="1">male</sex>
                     <occupation>student</occupation>
                     <langKnowledge>
                        <langKnown level="L1" tag="spa-ES"/>
                     </langKnowledge>
                  </person>
                  <person role="participant" sameAs="#P143" xml:id="EDwsd590_S10">
                     <age value="1">17-24</age>
                     <sex value="1">male</sex>
                     <occupation>student</occupation>
                     <langKnowledge>
                        <langKnown level="L1" tag="dan-DK"/>
                     </langKnowledge>
                  </person>
                  <person role="participant" sameAs="#P144" xml:id="EDwsd590_S11">
                     <age value="1">17-24</age>
                     <sex value="2">female</sex>
                     <occupation>student</occupation>
                     <langKnowledge>
                        <langKnown level="L1" tag="swe-SE"/>
                     </langKnowledge>
                  </person>
                  <person role="participant" sameAs="#P112" xml:id="EDwsd590_S13">
                     <age value="1">17-24</age>
                     <sex value="2">female</sex>
                     <occupation>student</occupation>
                     <langKnowledge>
                        <langKnown level="L1" tag="eng-GB"/>
                        <langKnown level="L1" tag="spa-ES"/>
                     </langKnowledge>
                  </person>
                  <person role="participant" sameAs="#P147" xml:id="EDwsd590_S15">
                     <age value="1">17-24</age>
                     <sex value="1">male</sex>
                     <occupation>student</occupation>
                     <langKnowledge>
                        <langKnown level="L1" tag="rum-RO"/>
                     </langKnowledge>
                  </person>
                  <person role="participant" sameAs="#P149" xml:id="EDwsd590_S17">
                     <age value="1">17-24</age>
                     <sex value="2">female</sex>
                     <occupation>student</occupation>
                     <langKnowledge>
                        <langKnown level="L1" tag="por-PT"/>
                     </langKnowledge>
                  </person>
                  <person role="participant" sameAs="#P115" xml:id="EDwsd590_S18">
                     <age value="1">17-24</age>
                     <sex value="2">female</sex>
                     <occupation>student</occupation>
                     <langKnowledge>
                        <langKnown level="L1" tag="bul-BG"/>
                     </langKnowledge>
                  </person>
                  <person role="participant" sameAs="#P118" xml:id="EDwsd590_S19">
                     <age value="1">17-24</age>
                     <sex value="2">female</sex>
                     <occupation>student</occupation>
                     <langKnowledge>
                        <langKnown level="L1" tag="slo-SK"/>
                     </langKnowledge>
                  </person>
                  <person role="participant" sameAs="#P117" xml:id="EDwsd590_S20">
                     <age value="1">17-24</age>
                     <sex value="2">female</sex>
                     <occupation>student</occupation>
                     <langKnowledge>
                        <langKnown level="L1" tag="pol-PL"/>
                     </langKnowledge>
                  </person>
                  <person role="participant" sameAs="#P150" xml:id="EDwsd590_S21">
                     <age value="1">17-24</age>
                     <sex value="2">female</sex>
                     <occupation>student</occupation>
                     <langKnowledge>
                        <langKnown level="L1" tag="fre-CH"/>
                        <langKnown level="L1" tag="ger-CH"/>
                     </langKnowledge>
                  </person>
                  <person role="participant" sameAs="#P151" xml:id="EDwsd590_S22">
                     <age value="1">17-24</age>
                     <sex value="2">female</sex>
                     <occupation>student</occupation>
                     <langKnowledge>
                        <langKnown level="L1" tag="slv-SI"/>
                     </langKnowledge>
                  </person>
                  <person role="participant" sameAs="#P153" xml:id="EDwsd590_S24">
                     <age value="1">17-24</age>
                     <sex value="2">female</sex>
                     <occupation>student</occupation>
                     <langKnowledge>
                        <langKnown level="L1" tag="ger-CH"/>
                     </langKnowledge>
                  </person>
                  <person role="participant" sameAs="#P119" xml:id="EDwsd590_S25">
                     <age value="1">17-24</age>
                     <sex value="1">male</sex>
                     <occupation>student</occupation>
                     <langKnowledge>
                        <langKnown level="L1" tag="rus-RU"/>
                     </langKnowledge>
                  </person>
                  <person role="participant" sameAs="#P657" xml:id="EDwsd590_S26">
                     <age value="1">17-24</age>
                     <sex value="2">female</sex>
                     <occupation>student</occupation>
                     <langKnowledge>
                        <langKnown level="L1" tag="ger-AT"/>
                     </langKnowledge>
                  </person>
                  <person role="participant" sameAs="#P156" xml:id="EDwsd590_S28">
                     <age value="1">17-24</age>
                     <sex value="2">female</sex>
                     <occupation>student</occupation>
                     <langKnowledge>
                        <langKnown level="L1" tag="alb-AL"/>
                     </langKnowledge>
                  </person>
                  <person role="participant" sameAs="#P157" xml:id="EDwsd590_S29">
                     <age value="1">17-24</age>
                     <sex value="2">female</sex>
                     <occupation>student</occupation>
                     <langKnowledge>
                        <langKnown level="L1" tag="ita-IT"/>
                     </langKnowledge>
                  </person>
                  <person role="participant" sameAs="#P121" xml:id="EDwsd590_S30">
                     <age value="1">17-24</age>
                     <sex value="1">male</sex>
                     <occupation>student</occupation>
                     <langKnowledge>
                        <langKnown level="L1" tag="scr-HR"/>
                     </langKnowledge>
                  </person>
                  <person role="participant" sameAs="#P155" xml:id="EDwsd590_S31">
                     <age value="1">17-24</age>
                     <sex value="2">female</sex>
                     <occupation>student</occupation>
                     <langKnowledge>
                        <langKnown level="L1" tag="fre-FR"/>
                     </langKnowledge>
                  </person>
               </listPerson>
               <listPerson type="not_identified">
                  <person corresp="#EDwsd590_S16" sameAs="#SX" xml:id="EDwsd590_SX-16"/>
                  <person corresp="#EDwsd590_S15" sameAs="#SX" xml:id="EDwsd590_SX-15"/>
                  <person corresp="#EDwsd590_S31" sameAs="#SX" xml:id="EDwsd590_SX-31"/>
                  <person sameAs="#SS" xml:id="EDwsd590_SS"/>
                  <person corresp="#EDwsd590_S22" sameAs="#SX" xml:id="EDwsd590_SX-22"/>
                  <person sameAs="#SX-f" xml:id="EDwsd590_SX-f"/>
                  <person sameAs="#SX-m" xml:id="EDwsd590_SX-m"/>
                  <person corresp="#EDwsd590_S18" sameAs="#SX" xml:id="EDwsd590_SX-18"/>
               </listPerson>
               <relationGrp>
                  <relation mutual="#EDwsd590_S1 #EDwsd590_S10 #EDwsd590_S11 #EDwsd590_S13 #EDwsd590_S15 #EDwsd590_S17 #EDwsd590_S18 #EDwsd590_S19 #EDwsd590_S2 #EDwsd590_S20 #EDwsd590_S21 #EDwsd590_S22 #EDwsd590_S24 #EDwsd590_S25 #EDwsd590_S26 #EDwsd590_S28 #EDwsd590_S29 #EDwsd590_S30 #EDwsd590_S31 #EDwsd590_S4 #EDwsd590_S5 #EDwsd590_S6 #EDwsd590_S8 #EDwsd590_S9" name="fairly_symmetrical" type="power"/>
                  <relation mutual="#EDwsd590_S1 #EDwsd590_S10 #EDwsd590_S11 #EDwsd590_S13 #EDwsd590_S15 #EDwsd590_S17 #EDwsd590_S18 #EDwsd590_S19 #EDwsd590_S2 #EDwsd590_S20 #EDwsd590_S21 #EDwsd590_S22 #EDwsd590_S24 #EDwsd590_S25 #EDwsd590_S26 #EDwsd590_S28 #EDwsd590_S29 #EDwsd590_S30 #EDwsd590_S31 #EDwsd590_S4 #EDwsd590_S5 #EDwsd590_S6 #EDwsd590_S8 #EDwsd590_S9" name="acquainted" type="acquaintedness"/>
               </relationGrp>
            </listPerson>
         </particDesc>
      </profileDesc>
      <revisionDesc>
         <change when="2009-05-19" who="SM">conversion to XML</change>
         <change when="2009-05-11" who="MLP">finalized for publication</change>
         <change when="2008-02-26" who="AB">proof-reading</change>
         <change when="2006-02-20" who="TK">checking</change>
         <change when="2005-12-19" who="TK">transcript completion</change>
         <change when="2005-11-30" who="JH">transcription</change>
      </revisionDesc>
   </teiHeader>
   <text>
      <body>
         <div type="medium" voice:end="01:15" voice:end_medium_number="1" voice:end_track="4" voice:medium_type="md" voice:start="00:00" voice:start_medium_number="1" voice:start_track="1">
            <u who="#EDwsd590_SX-f" xml:id="EDwsd590_u_1"><voice:track medium="1" num="1" type="md"/> well </u>
            <u who="#EDwsd590_S1" xml:id="EDwsd590_u_2"> one<c function="fall" type="intonation"/> sorry </u>
            <u who="#EDwsd590_S10" xml:id="EDwsd590_u_3"> it's okay </u>
            <u who="#EDwsd590_S1" xml:id="EDwsd590_u_4"> er <pause/> okay<c function="fall" type="intonation"/><pause dur="PT1S"/> so not three but one<c function="fall" type="intonation"/><pause/> hh <supplied reason="anonymization"> [S6]</supplied>- <supplied reason="anonymization"> [S6] </supplied><c function="rise" type="intonation"/><pause/></u>
            <u who="#EDwsd590_S6" xml:id="EDwsd590_u_5"> yeah <pause/><supplied reason="unintelligible"> x </supplied><unclear> dreaming </unclear></u>
            <u who="#EDwsd590_SX-f" xml:id="EDwsd590_u_6"> aha </u>
            <u who="#EDwsd590_S1" xml:id="EDwsd590_u_7"> er <seg n="1" type="overlap" xml:id="EDwsd590_ol_0"> also<c function="rise" type="intonation"/></seg></u>
            <u who="#EDwsd590_SX-f" xml:id="EDwsd590_u_8"><seg n="1" synch="#EDwsd590_ol_0" type="overlap" xml:id="EDwsd590_ol_1"> two </seg></u>
            <u who="#EDwsd590_S6" xml:id="EDwsd590_u_9"> yeah i i i just forgot which i i i <pause/> number two<c function="fall" type="intonation"/> yeah </u>
            <u who="#EDwsd590_SS" xml:id="EDwsd590_u_10"><shift corresp="#EDwsd590_s_2" feature="loud" new="p" xml:id="EDwsd590_s_1"/><vocal subtype="wordstart" type="wordlike" voice:desc="laughing" voice:syl="3"/><shift corresp="#EDwsd590_s_1" feature="loud" new="neutral" xml:id="EDwsd590_s_2"/><anchor synch="#EDwsd590_oc_1" type="other_continuation" xml:id="EDwsd590_oc_0"/></u>
            <u who="#EDwsd590_S1" xml:id="EDwsd590_u_11"><anchor synch="#EDwsd590_oc_0" type="other_continuation" xml:id="EDwsd590_oc_1"/> number two okay <pause/><vocal type="speaker_noise" voice:desc="smacks lips"/><supplied reason="anonymization"> [S20] </supplied><c function="rise" type="intonation"/><pause dur="PT3S"/><shift corresp="#EDwsd590_s_4" feature="loud" new="p" xml:id="EDwsd590_s_3"/><shift corresp="#EDwsd590_s_6" feature="tempo" new="l" xml:id="EDwsd590_s_5"/><supplied reason="anonymization"> [S20] </supplied><shift corresp="#EDwsd590_s_5" feature="tempo" new="neutral" xml:id="EDwsd590_s_6"/><shift corresp="#EDwsd590_s_3" feature="loud" new="neutral" xml:id="EDwsd590_s_4"/></u>
            <u who="#EDwsd590_S4" xml:id="EDwsd590_u_12"> she was here but she<c type="lengthening"/><pause dur="PT1S"/></u>
            <u who="#EDwsd590_SX-f" xml:id="EDwsd590_u_13"> who<c function="rise" type="intonation"/></u>
            <u who="#EDwsd590_S4" xml:id="EDwsd590_u_14"> hasn't come back yet <anchor synch="#EDwsd590_oc_3" type="other_continuation" xml:id="EDwsd590_oc_2"/></u>
            <u who="#EDwsd590_S1" xml:id="EDwsd590_u_15"><anchor synch="#EDwsd590_oc_2" type="other_continuation" xml:id="EDwsd590_oc_3"/><supplied reason="anonymization"> [S20] </supplied><pause dur="PT1S"/> she hasn't <seg n="8" type="overlap" xml:id="EDwsd590_ol_2"> come back yet </seg><pause/></u>
            <u who="#EDwsd590_SX-f" xml:id="EDwsd590_u_16"><seg n="8" synch="#EDwsd590_ol_2" type="overlap" xml:id="EDwsd590_ol_3"> no she is here </seg></u>
            <u who="#EDwsd590_S1" xml:id="EDwsd590_u_17"><seg n="2" type="overlap" xml:id="EDwsd590_ol_4"> anybody <shift corresp="#EDwsd590_s_8" feature="loud" new="f" xml:id="EDwsd590_s_7"/> has <shift corresp="#EDwsd590_s_7" feature="loud" new="neutral" xml:id="EDwsd590_s_8"/></seg></u>
            <u who="#EDwsd590_SX-f" xml:id="EDwsd590_u_18"><seg n="2" synch="#EDwsd590_ol_4" type="overlap" xml:id="EDwsd590_ol_5"> o<c type="lengthening"/>h but she is in </seg> three <pause/></u>
            <u who="#EDwsd590_S1" xml:id="EDwsd590_u_19"> three<c function="rise" type="intonation"/></u>
            <u who="#EDwsd590_SX-f" xml:id="EDwsd590_u_20"><shift corresp="#EDwsd590_s_10" feature="loud" new="p" xml:id="EDwsd590_s_9"/> mhm <shift corresp="#EDwsd590_s_9" feature="loud" new="neutral" xml:id="EDwsd590_s_10"/><pause dur="PT3S"/></u>
            <u who="#EDwsd590_S1" xml:id="EDwsd590_u_21"><supplied reason="anonymization"> [S17] </supplied><c function="rise" type="intonation"/><pause dur="PT1S"/></u>
            <u who="#EDwsd590_S17" xml:id="EDwsd590_u_22"> i <vocal subtype="wordstart" type="wordlike" voice:desc="laughing" voice:syl="2"/><shift corresp="#EDwsd590_s_12" feature="voice" new="laugh" xml:id="EDwsd590_s_11"/> maybe yeah <shift corresp="#EDwsd590_s_11" feature="voice" new="neutral" xml:id="EDwsd590_s_12"/><pause/> four <pause/></u>
            <u who="#EDwsd590_S1" xml:id="EDwsd590_u_23"> four <pause dur="PT1S"/> okay <pause/><supplied reason="anonymization"> [S15] </supplied><c function="rise" type="intonation"/><pause/> but <pause/> you don't have a group right<c function="rise" type="intonation"/><pause dur="PT1S"/> okay </u>
            <u who="#EDwsd590_S15" xml:id="EDwsd590_u_24"><unclear> whatever </unclear></u>
            <u who="#EDwsd590_S1" xml:id="EDwsd590_u_25"><supplied reason="anonymization"> [S25] </supplied><c function="rise" type="intonation"/><pause/></u>
            <u who="#EDwsd590_S25" xml:id="EDwsd590_u_26"> one </u>
            <u who="#EDwsd590_S1" xml:id="EDwsd590_u_27"> or huh<c function="rise" type="intonation"/><pause dur="PT1S"/> er <supplied reason="anonymization"> [S19] </supplied><c function="rise" type="intonation"/></u>
            <u who="#EDwsd590_S19" xml:id="EDwsd590_u_28"> er here<c function="fall" type="intonation"/><pause/> three<c function="fall" type="intonation"/></u>
            <u who="#EDwsd590_S1" xml:id="EDwsd590_u_29"> yes okay<c function="fall" type="intonation"/><pause/><supplied reason="anonymization"> [S22] </supplied><pause dur="PT3S"/></u>
            <u who="#EDwsd590_S22" xml:id="EDwsd590_u_30"> three </u>
            <u who="#EDwsd590_S1" xml:id="EDwsd590_u_31"> three <pause dur="PT1S"/><shift corresp="#EDwsd590_s_14" feature="tempo" new="l" xml:id="EDwsd590_s_13"/> okay <shift corresp="#EDwsd590_s_13" feature="tempo" new="neutral" xml:id="EDwsd590_s_14"/><pause/><supplied reason="anonymization"> [S9] </supplied><c function="rise" type="intonation"/><pause/></u>
            <u who="#EDwsd590_S9" xml:id="EDwsd590_u_32"> er ah <pause/> two  </u>
            <u who="#EDwsd590_S1" xml:id="EDwsd590_u_33"> two <pause dur="PT3S"/><shift corresp="#EDwsd590_s_16" feature="loud" new="p" xml:id="EDwsd590_s_15"/><supplied reason="unintelligible"> xxx </supplied><shift corresp="#EDwsd590_s_15" feature="loud" new="neutral" xml:id="EDwsd590_s_16"/><pause/><supplied reason="anonymization"> [S11] </supplied><c function="rise" type="intonation"/><pause dur="PT3S"/></u>
            <u who="#EDwsd590_S18" xml:id="EDwsd590_u_34"><supplied reason="unintelligible"> xx </supplied><pause dur="PT1S"/></u>
            <u who="#EDwsd590_S1" xml:id="EDwsd590_u_35"><shift corresp="#EDwsd590_s_18" feature="loud" new="p" xml:id="EDwsd590_s_17"/><shift corresp="#EDwsd590_s_20" feature="tempo" new="l" xml:id="EDwsd590_s_19"/><supplied reason="anonymization"> [S11] </supplied><shift corresp="#EDwsd590_s_19" feature="tempo" new="neutral" xml:id="EDwsd590_s_20"/><shift corresp="#EDwsd590_s_17" feature="loud" new="neutral" xml:id="EDwsd590_s_18"/> huh<c function="rise" type="intonation"/><anchor synch="#EDwsd590_oc_5" type="other_continuation" xml:id="EDwsd590_oc_4"/></u>
            <u who="#EDwsd590_S4" xml:id="EDwsd590_u_36"><anchor synch="#EDwsd590_oc_4" type="other_continuation" xml:id="EDwsd590_oc_5"/><voice:to who="#EDwsd590_S1"><shift corresp="#EDwsd590_s_22" feature="loud" new="p" xml:id="EDwsd590_s_21"/> i think she was <supplied reason="unintelligible"> xxx </supplied><shift corresp="#EDwsd590_s_21" feature="loud" new="neutral" xml:id="EDwsd590_s_22"/></voice:to></u>
            <u who="#EDwsd590_S1" xml:id="EDwsd590_u_37"> ye<c type="lengthening"/>ah<c function="fall" type="intonation"/> i think so as well<c function="fall" type="intonation"/><pause/> hh <supplied reason="anonymization"> [S24] </supplied><c function="rise" type="intonation"/><pause/></u>
            <u who="#EDwsd590_S24" xml:id="EDwsd590_u_38"> four <pause/></u>
            <u who="#EDwsd590_S1" xml:id="EDwsd590_u_39"> four <pause dur="PT2S"/><supplied reason="anonymization"> [S13] </supplied><c function="rise" type="intonation"/><pause/></u>
            <u who="#EDwsd590_S13" xml:id="EDwsd590_u_40"> one  </u>
            <u who="#EDwsd590_S1" xml:id="EDwsd590_u_41"> one<c function="fall" type="intonation"/><pause dur="PT1S"/> okay<c function="fall" type="intonation"/><pause dur="PT1S"/><supplied reason="anonymization"> [S21] </supplied><c function="rise" type="intonation"/><pause/></u>
            <u who="#EDwsd590_S21" xml:id="EDwsd590_u_42"> three </u>
            <u who="#EDwsd590_S1" xml:id="EDwsd590_u_43"> three <pause dur="PT2S"/> okay<c type="lengthening"/><pause dur="PT1S"/><supplied reason="anonymization"> [S31] </supplied><c function="rise" type="intonation"/><pause/></u>
            <u who="#EDwsd590_S31" xml:id="EDwsd590_u_44"> er<c type="lengthening"/><pause/> one </u>
            <u who="#EDwsd590_S1" xml:id="EDwsd590_u_45"> one <pause dur="PT1S"/> okay <pause dur="PT1S"/><supplied reason="anonymization"> [S8] </supplied><c function="rise" type="intonation"/></u>
            <u who="#EDwsd590_S31" xml:id="EDwsd590_u_46"><foreign type="L1" xml:lang="fre"> xxxx </foreign><foreign type="LN" xml:lang="spa"> jose </foreign><foreign type="L1" voice:translation="that is" xml:lang="fre"> c'est xx </foreign><pause dur="PT1S"/><foreign type="LN" voice:translation="jose is jose" xml:lang="spa"> jose es jose </foreign></u>
            <u who="#EDwsd590_SX-f" xml:id="EDwsd590_u_47"><vocal subtype="wordstart" type="wordlike" voice:desc="laughing" voice:syl="1"/></u>
            <u who="#EDwsd590_S4" xml:id="EDwsd590_u_48"><vocal subtype="wordstart" type="wordlike" voice:desc="laughing" voice:syl="4"/><seg n="9" type="overlap" xml:id="EDwsd590_ol_6">  sorry </seg><pause dur="PT3S"/><incident voice:desc="people are whispering in the background"/></u>
            <u who="#EDwsd590_SX-f" xml:id="EDwsd590_u_49"><seg n="9" synch="#EDwsd590_ol_6" type="overlap" xml:id="EDwsd590_ol_7"><vocal subtype="wordstart" type="wordlike" voice:desc="laughing" voice:syl="2"/></seg></u>
            <u who="#EDwsd590_S9" xml:id="EDwsd590_u_50"><foreign type="L1" voice:translation="what" xml:lang="spa"> que<c function="rise" type="intonation"/></foreign><pause/></u>
            <u who="#EDwsd590_S1" xml:id="EDwsd590_u_51"> no <shift corresp="#EDwsd590_s_24" feature="tempo" new="a" xml:id="EDwsd590_s_23"/> no no no <shift corresp="#EDwsd590_s_23" feature="tempo" new="neutral" xml:id="EDwsd590_s_24"/></u>
            <u who="#EDwsd590_SX-31" xml:id="EDwsd590_u_52"> it's spa- no<c function="rise" type="intonation"/></u>
            <u who="#EDwsd590_S1" xml:id="EDwsd590_u_53"> oh<c function="fall" type="intonation"/> it's <supplied reason="anonymization"> [S31] </supplied> or <supplied reason="anonymization"> [S31] </supplied><c function="rise" type="intonation"/></u>
            <u who="#EDwsd590_S31" xml:id="EDwsd590_u_54"> it's <foreign type="L1" xml:lang="fre"><supplied reason="anonymization"> [S31] </supplied></foreign></u>
            <u who="#EDwsd590_S1" xml:id="EDwsd590_u_55"><foreign type="LN" xml:lang="fre"> rose </foreign></u>
            <u who="#EDwsd590_S4" xml:id="EDwsd590_u_56"><supplied reason="anonymization"> [S31] </supplied><anchor synch="#EDwsd590_oc_7" type="other_continuation" xml:id="EDwsd590_oc_6"/></u>
            <u who="#EDwsd590_SX-f" xml:id="EDwsd590_u_57"><anchor synch="#EDwsd590_oc_6" type="other_continuation" xml:id="EDwsd590_oc_7"/><vocal subtype="wordstart" type="wordlike" voice:desc="laughing" voice:syl="4"/><seg n="7" type="overlap" xml:id="EDwsd590_ol_8"><vocal type="wordlike" voice:desc="laughing" voice:syl="3"/></seg><vocal type="wordlike" voice:desc="laughing" voice:syl="1"/></u>
            <u who="#EDwsd590_S1" xml:id="EDwsd590_u_58"><seg n="7" synch="#EDwsd590_ol_8" type="overlap" xml:id="EDwsd590_ol_9"> okay <foreign type="LN" xml:lang="fre"><supplied reason="anonymization"> [S31] </supplied></foreign></seg></u>
            <u who="#EDwsd590_S31" xml:id="EDwsd590_u_59"><shift corresp="#EDwsd590_s_26" feature="loud" new="f" xml:id="EDwsd590_s_25"/> one <shift corresp="#EDwsd590_s_25" feature="loud" new="neutral" xml:id="EDwsd590_s_26"/><anchor synch="#EDwsd590_oc_9" type="other_continuation" xml:id="EDwsd590_oc_8"/></u>
            <u who="#EDwsd590_SX-f" xml:id="EDwsd590_u_60"><anchor synch="#EDwsd590_oc_8" type="other_continuation" xml:id="EDwsd590_oc_9"/><vocal subtype="wordstart" type="wordlike" voice:desc="laughing" voice:syl="2"/></u>
            <u who="#EDwsd590_S1" xml:id="EDwsd590_u_61"> okay <pause/><unclear> understand it </unclear></u>
            <u who="#EDwsd590_SS" xml:id="EDwsd590_u_62"><vocal subtype="wordstart" type="wordlike" voice:desc="laughing" voice:syl="4"/><anchor synch="#EDwsd590_oc_11" type="other_continuation" xml:id="EDwsd590_oc_10"/></u>
            <u who="#EDwsd590_S1" xml:id="EDwsd590_u_63"><anchor synch="#EDwsd590_oc_10" type="other_continuation" xml:id="EDwsd590_oc_11"/><supplied reason="anonymization"> [S8] </supplied><c function="rise" type="intonation"/><anchor synch="#EDwsd590_oc_13" type="other_continuation" xml:id="EDwsd590_oc_12"/></u>
            <u who="#EDwsd590_S4" xml:id="EDwsd590_u_64"><anchor synch="#EDwsd590_oc_12" type="other_continuation" xml:id="EDwsd590_oc_13"/><foreign type="L1" xml:lang="spa"> jose </foreign> is <supplied reason="unintelligible"> xxx </supplied><vocal subtype="wordstart" type="wordlike" voice:desc="laughing" voice:syl="2"/><pause/></u>
            <u who="#EDwsd590_SX-f" xml:id="EDwsd590_u_65"><shift corresp="#EDwsd590_s_28" feature="voice" new="whisp" xml:id="EDwsd590_s_27"/><supplied reason="anonymization"> [S31] </supplied> is <shift corresp="#EDwsd590_s_27" feature="voice" new="neutral" xml:id="EDwsd590_s_28"/><pause/></u>
            <u who="#EDwsd590_SX-f" xml:id="EDwsd590_u_66"><shift corresp="#EDwsd590_s_30" feature="voice" new="laugh" xml:id="EDwsd590_s_29"/> right <shift corresp="#EDwsd590_s_29" feature="voice" new="neutral" xml:id="EDwsd590_s_30"/><vocal subtype="wordstart" type="wordlike" voice:desc="laughing" voice:syl="3"/></u>
            <u who="#EDwsd590_S1" xml:id="EDwsd590_u_67"><supplied reason="anonymization"> [S8] </supplied><c function="rise" type="intonation"/><pause dur="PT2S"/></u>
            <u who="#EDwsd590_S4" xml:id="EDwsd590_u_68"><shift corresp="#EDwsd590_s_32" feature="loud" new="p" xml:id="EDwsd590_s_31"/> not <shift corresp="#EDwsd590_s_31" feature="loud" new="neutral" xml:id="EDwsd590_s_32"/></u>
            <u who="#EDwsd590_S1" xml:id="EDwsd590_u_69"><shift corresp="#EDwsd590_s_34" feature="loud" new="p" xml:id="EDwsd590_s_33"/> not here <shift corresp="#EDwsd590_s_33" feature="loud" new="neutral" xml:id="EDwsd590_s_34"/><pause/> a<c type="lengthening"/>nd <supplied reason="anonymization"> [S2] </supplied><c function="rise" type="intonation"/><pause dur="PT18S"/><incident dur="PT18S" voice:desc="S8 and S2 enter; various people whisper to each other in the background "/><supplied reason="anonymization"> [S8] </supplied> and <supplied reason="anonymization"> [S2] </supplied><pause dur="PT1S"/> which groups are you<c function="rise" type="intonation"/><pause/></u>
            <u who="#EDwsd590_S2" xml:id="EDwsd590_u_70"> er </u>
            <u who="#EDwsd590_S8" xml:id="EDwsd590_u_71"> in which group- <pause/></u>
            <u who="#EDwsd590_S1" xml:id="EDwsd590_u_72"> subgroups <pause/></u>
            <u who="#EDwsd590_S2" xml:id="EDwsd590_u_73"> number two <anchor synch="#EDwsd590_oc_15" type="other_continuation" xml:id="EDwsd590_oc_14"/></u>
            <u who="#EDwsd590_S1" xml:id="EDwsd590_u_74"><anchor synch="#EDwsd590_oc_14" type="other_continuation" xml:id="EDwsd590_oc_15"/> number two<c type="lengthening"/><pause/> okay a<c type="lengthening"/>nd<c function="rise" type="intonation"/><pause dur="PT1S"/></u>
            <u who="#EDwsd590_S8" xml:id="EDwsd590_u_75"> number two as well  </u>
            <u who="#EDwsd590_S1" xml:id="EDwsd590_u_76"><shift corresp="#EDwsd590_s_36" feature="tempo" new="a" xml:id="EDwsd590_s_35"/> okay <shift corresp="#EDwsd590_s_35" feature="tempo" new="neutral" xml:id="EDwsd590_s_36"/><pause dur="PT1S"/><voice:to who="#EDwsd590_S4"><shift corresp="#EDwsd590_s_38" feature="loud" new="p" xml:id="EDwsd590_s_37"/> two and two <shift corresp="#EDwsd590_s_37" feature="loud" new="neutral" xml:id="EDwsd590_s_38"/></voice:to><incident dur="PT2S" voice:desc="S4 writes down the numbers "/><pause dur="PT2S"/></u>
            <u who="#EDwsd590_S4" xml:id="EDwsd590_u_77"> okay so<c type="lengthening"/> erm<c type="lengthening"/><pause/><supplied reason="anonymization"> [S28] </supplied><c function="rise" type="intonation"/> a<c type="lengthening"/>nd <anchor synch="#EDwsd590_oc_17" type="other_continuation" xml:id="EDwsd590_oc_16"/></u>
            <u who="#EDwsd590_S28" xml:id="EDwsd590_u_78"><anchor synch="#EDwsd590_oc_16" type="other_continuation" xml:id="EDwsd590_oc_17"/><shift corresp="#EDwsd590_s_40" feature="loud" new="p" xml:id="EDwsd590_s_39"/> ye<c type="lengthening"/>s <shift corresp="#EDwsd590_s_39" feature="loud" new="neutral" xml:id="EDwsd590_s_40"/><pause dur="PT1S"/></u>
            <u who="#EDwsd590_S4" xml:id="EDwsd590_u_79"> you don't have a group<c function="fall" type="intonation"/> er<c type="lengthening"/><anchor synch="#EDwsd590_oc_19" type="other_continuation" xml:id="EDwsd590_oc_18"/></u>
            <u who="#EDwsd590_S28" xml:id="EDwsd590_u_80"><anchor synch="#EDwsd590_oc_18" type="other_continuation" xml:id="EDwsd590_oc_19"/><shift corresp="#EDwsd590_s_42" feature="loud" new="p" xml:id="EDwsd590_s_41"/> yes <shift corresp="#EDwsd590_s_41" feature="loud" new="neutral" xml:id="EDwsd590_s_42"/><anchor synch="#EDwsd590_oc_21" type="other_continuation" xml:id="EDwsd590_oc_20"/></u>
            <u who="#EDwsd590_S4" xml:id="EDwsd590_u_81"><anchor synch="#EDwsd590_oc_20" type="other_continuation" xml:id="EDwsd590_oc_21"/> shall we say that you go to number <emph> one </emph><c function="rise" type="intonation"/><pause/></u>
            <u who="#EDwsd590_S28" xml:id="EDwsd590_u_82"> no </u>
            <u who="#EDwsd590_SX-f" xml:id="EDwsd590_u_83"><vocal subtype="wordstart" type="wordlike" voice:desc="laughing" voice:syl="2"/></u>
            <u who="#EDwsd590_S28" xml:id="EDwsd590_u_84"> n<c type="lengthening"/>umber three </u>
            <u who="#EDwsd590_S4" xml:id="EDwsd590_u_85"> number <shift corresp="#EDwsd590_s_44" feature="voice" new="laugh" xml:id="EDwsd590_s_43"/> three<c function="rise" type="intonation"/><shift corresp="#EDwsd590_s_43" feature="voice" new="neutral" xml:id="EDwsd590_s_44"/><pause/> you prefer number three<c function="rise" type="intonation"/></u>
            <u who="#EDwsd590_S28" xml:id="EDwsd590_u_86"> yeah  </u>
            <u who="#EDwsd590_S4" xml:id="EDwsd590_u_87"> okay </u>
            <u who="#EDwsd590_S18" xml:id="EDwsd590_u_88"><vocal subtype="wordstart" type="wordlike" voice:desc="laughing" voice:syl="2"/><anchor synch="#EDwsd590_oc_23" type="other_continuation" xml:id="EDwsd590_oc_22"/></u>
            <u who="#EDwsd590_S1" xml:id="EDwsd590_u_89"><anchor synch="#EDwsd590_oc_22" type="other_continuation" xml:id="EDwsd590_oc_23"/><shift corresp="#EDwsd590_s_46" feature="loud" new="p" xml:id="EDwsd590_s_45"/> okay <shift corresp="#EDwsd590_s_45" feature="loud" new="neutral" xml:id="EDwsd590_s_46"/></u>
            <u who="#EDwsd590_S4" xml:id="EDwsd590_u_90"> er<c type="lengthening"/>m <pause/><shift corresp="#EDwsd590_s_48" feature="loud" new="p" xml:id="EDwsd590_s_47"/> number three <shift corresp="#EDwsd590_s_47" feature="loud" new="neutral" xml:id="EDwsd590_s_48"/> a<c type="lengthening"/>nd <pause dur="PT2S"/><incident voice:desc="participants whisper in the background"/><supplied reason="anonymization"> [S29] </supplied><c function="rise" type="intonation"/></u>
            <u who="#EDwsd590_S29" xml:id="EDwsd590_u_91"> can i get number four<c function="rise" type="intonation"/><pause/></u>
            <u who="#EDwsd590_S4" xml:id="EDwsd590_u_92"> ye<c type="lengthening"/>ah </u>
            <u who="#EDwsd590_S1" xml:id="EDwsd590_u_93"> yes you may <pause dur="PT8S"/><voice:track medium="1" num="2" type="md"/><incident voice:desc="there are various parallel conversations in the background"/></u>
            <u who="#EDwsd590_S1" xml:id="EDwsd590_u_94"><supplied reason="anonymization"> [S15] </supplied><c function="rise" type="intonation"/> do you have a preference<c function="rise" type="intonation"/><pause dur="PT2S"/></u>
            <u who="#EDwsd590_S4" xml:id="EDwsd590_u_95"> one or two<c function="rise" type="intonation"/></u>
            <u who="#EDwsd590_S15" xml:id="EDwsd590_u_96"> i think <shift corresp="#EDwsd590_s_50" feature="loud" new="p" xml:id="EDwsd590_s_49"/> er <shift corresp="#EDwsd590_s_49" feature="loud" new="neutral" xml:id="EDwsd590_s_50"/> one or two<c function="rise" type="intonation"/></u>
            <u who="#EDwsd590_S1" xml:id="EDwsd590_u_97"> yeah<c function="fall" type="intonation"/><pause dur="PT1S"/></u>
            <u who="#EDwsd590_SX-18" xml:id="EDwsd590_u_98"><shift corresp="#EDwsd590_s_52" feature="loud" new="p" xml:id="EDwsd590_s_51"/> one <shift corresp="#EDwsd590_s_51" feature="loud" new="neutral" xml:id="EDwsd590_s_52"/><pause/></u>
            <u who="#EDwsd590_S1" xml:id="EDwsd590_u_99"> one<c function="rise" type="intonation"/></u>
            <u who="#EDwsd590_S15" xml:id="EDwsd590_u_100"> one two <seg n="8" type="overlap" xml:id="EDwsd590_ol_10"> two </seg></u>
            <u who="#EDwsd590_S1" xml:id="EDwsd590_u_101"><seg n="8" synch="#EDwsd590_ol_10" type="overlap" xml:id="EDwsd590_ol_11"> or </seg> two<c function="rise" type="intonation"/><pause/><emph> two </emph><seg n="9" type="overlap" xml:id="EDwsd590_ol_12"> okay<c function="fall" type="intonation"/></seg></u>
            <u who="#EDwsd590_SX-16" xml:id="EDwsd590_u_102"><seg n="9" synch="#EDwsd590_ol_12" type="overlap" xml:id="EDwsd590_ol_13"> i was just gonna </seg><seg n="7" type="overlap" xml:id="EDwsd590_ol_14"> say <supplied reason="unintelligible"> xx x xx </supplied></seg><anchor synch="#EDwsd590_oc_25" type="other_continuation" xml:id="EDwsd590_oc_24"/></u>
            <u who="#EDwsd590_S18" xml:id="EDwsd590_u_103"><seg n="7" synch="#EDwsd590_ol_14" type="overlap" xml:id="EDwsd590_ol_15"><shift corresp="#EDwsd590_s_54" feature="voice" new="laugh" xml:id="EDwsd590_s_53"/> one or two <shift corresp="#EDwsd590_s_53" feature="voice" new="neutral" xml:id="EDwsd590_s_54"/><vocal subtype="wordstart" type="wordlike" voice:desc="laughing" voice:syl="1"/></seg><anchor synch="#EDwsd590_oc_26" type="other_continuation" xml:id="EDwsd590_oc_25"/></u>
            <u who="#EDwsd590_S1" xml:id="EDwsd590_u_104"><anchor synch="#EDwsd590_oc_25" type="other_continuation" xml:id="EDwsd590_oc_26"/> you're in group <emph> two </emph></u>
            <u who="#EDwsd590_S13" xml:id="EDwsd590_u_105"> we don't mind<c function="fall" type="intonation"/><pause/><supplied reason="unintelligible"> xxxx </supplied><pause/></u>
            <u who="#EDwsd590_S1" xml:id="EDwsd590_u_106"><shift corresp="#EDwsd590_s_56" feature="loud" new="p" xml:id="EDwsd590_s_55"/> okay<c function="rise" type="intonation"/><shift corresp="#EDwsd590_s_55" feature="loud" new="neutral" xml:id="EDwsd590_s_56"/><pause dur="PT8S"/><incident dur="PT8S" voice:desc="S1 and S4 are concerned with the groups' formation; various parallel conversations in the background "/> okay<c function="rise" type="intonation"/><pause/></u>
            <u who="#EDwsd590_S4" xml:id="EDwsd590_u_107"> okay<c function="fall" type="intonation"/></u>
            <u who="#EDwsd590_S1" xml:id="EDwsd590_u_108"> so everybody has a group now right<c function="rise" type="intonation"/><pause/> also the people who didn't have <seg n="5" type="overlap" xml:id="EDwsd590_ol_16"> one </seg></u>
            <u who="#EDwsd590_S4" xml:id="EDwsd590_u_109"><seg n="5" synch="#EDwsd590_ol_16" type="overlap" xml:id="EDwsd590_ol_17"> oh </seg><supplied reason="anonymization"> [S30] </supplied><shift corresp="#EDwsd590_s_58" feature="tempo" new="a" xml:id="EDwsd590_s_57"/> you don't have a group <shift corresp="#EDwsd590_s_57" feature="tempo" new="neutral" xml:id="EDwsd590_s_58"/><pause dur="PT1S"/><seg n="6" type="overlap" xml:id="EDwsd590_ol_18"><shift corresp="#EDwsd590_s_60" feature="loud" new="p" xml:id="EDwsd590_s_59"/> i saw you coming in <shift corresp="#EDwsd590_s_59" feature="loud" new="neutral" xml:id="EDwsd590_s_60"/></seg></u>
            <u who="#EDwsd590_S1" xml:id="EDwsd590_u_110"><seg n="6" synch="#EDwsd590_ol_18" type="overlap" xml:id="EDwsd590_ol_19"> no yeah </seg></u>
            <u who="#EDwsd590_S30" xml:id="EDwsd590_u_111"> yeah er  </u>
            <u who="#EDwsd590_S1" xml:id="EDwsd590_u_112"> okay then you're in group <emph> one </emph><pause/> because the other groups are already </u>
            <u who="#EDwsd590_S30" xml:id="EDwsd590_u_113"> okay <anchor synch="#EDwsd590_oc_28" type="other_continuation" xml:id="EDwsd590_oc_27"/></u>
            <u who="#EDwsd590_S1" xml:id="EDwsd590_u_114"><anchor synch="#EDwsd590_oc_27" type="other_continuation" xml:id="EDwsd590_oc_28"/><emph> full </emph> and <seg n="7" type="overlap" xml:id="EDwsd590_ol_20"> booked </seg><pause/></u>
            <u who="#EDwsd590_S30" xml:id="EDwsd590_u_115"><seg n="7" synch="#EDwsd590_ol_20" type="overlap" xml:id="EDwsd590_ol_21"> good </seg></u>
            <u who="#EDwsd590_SX-f" xml:id="EDwsd590_u_116"><shift corresp="#EDwsd590_s_62" feature="loud" new="p" xml:id="EDwsd590_s_61"/> it's a good one <shift corresp="#EDwsd590_s_61" feature="loud" new="neutral" xml:id="EDwsd590_s_62"/></u>
            <u who="#EDwsd590_S1" xml:id="EDwsd590_u_117"> okay<c function="fall" type="intonation"/><pause dur="PT1S"/><vocal type="speaker_noise" voice:desc="smacks lips"/> what we're gonna do <emph> now </emph> this is <pause/> where you can<c type="lengthening"/> become <emph> critical </emph><pause/> about the sce<emph>na</emph>rios <pause/> hh so<c type="lengthening"/><pause/> before we had to be really positive about everything in your own scenario<c function="rise" type="intonation"/><pause/> erm <emph> now </emph> you can erm <pause/> look further and look also at the <emph> other </emph> scenarios so it might be useful to write down the names of the scenarios and maybe if you remember what they were about <pause/> shortly <pause dur="PT1S"/><vocal type="speaker_noise" voice:desc="smacks lips"/> because now you will go in subgroups again <pause/> and gonna evaluate the different scenarios <pause/> what you like about it but <emph> also </emph> what you think is wrong with that future <pause dur="PT1S"/> and then you will de<emph>cide </emph> on <pause/> the <emph> worst </emph> case scenario the thing you really the one scenario is <pause/> which is absolutely your <emph> horror </emph><pause/> you don't want to become <pause/> you don't want to get into that future <pause/> you have to decide on that with your subgroup <pause/><emph> then </emph> you have to decide which <emph> you </emph> think is the <emph> best </emph> case <pause/> of the four scenarios which one <pause dur="PT1S"/> is <pause/> for your <pause/> group the most positive one has the less <pause dur="PT1S"/> the least erm <pause/> negative sides or whatever then you you can decide on that <pause/><emph> and </emph> you have to decide the most probable scenario so the most <emph> likely </emph> scenario if you look at today at the trends we've analysed yesterday as <emph> well </emph> or just look at the world around you <pause/> which scenario would you think is the most likely to happen in ten or twenty years<c function="fall" type="intonation"/><pause dur="PT3S"/> if you've done that in your subgroups decided on the worst case the best case and the most likely <pause dur="PT1S"/> then you can start working on your recommendations because then you know <pause/> where you probably will be going <pause/> where you <emph> do</emph>n't want to go <pause/> and where you <emph> do </emph> want to go so then you can try to make recommendations for policy makers <pause/> what do <emph> they </emph> have to do <pause/> to come from the most <emph> likely </emph><pause/> to the best case <pause/> or from the most likely <pause/> don't slide away  into the <emph> worst </emph> case scenario <pause/> so what do <pause dur="PT1S"/> the the european <pause/><seg n="1" type="overlap" xml:id="EDwsd590_ol_22"> people </seg> of parliament  have to do <pause/></u>
            <u who="#EDwsd590_SX-f" xml:id="EDwsd590_u_118"><seg n="1" synch="#EDwsd590_ol_22" type="overlap" xml:id="EDwsd590_ol_23"> mhm </seg></u>
            <u who="#EDwsd590_S1" xml:id="EDwsd590_u_119"> to turn up  in your best case scenario and not in the worst case or in the most likely case<c function="fall" type="intonation"/><pause dur="PT1S"/> if you have the most likely and the best case scenario as the same scenario which <emph> is </emph> possible then you have an easy task<c function="fall" type="intonation"/><pause/> but if it's not the case <pause dur="PT1S"/> please try to make <voice:track medium="1" num="3" type="md"/> recommendations that er prevent you from the worst case as well<c function="fall" type="intonation"/><pause/> so that's your job for the next <pause dur="PT1S"/> er little bit over an hour you have <pause/> for this<c function="fall" type="intonation"/> with your subgroups <pause/> and then erm <emph> after </emph> lunch you will only have to erm point out a delegate or something <pause/> and erm he or she has to point out very shortly to the group <pause dur="PT1S"/> what your worst case best case <pause/> and most likely scenario is<c function="rise" type="intonation"/><pause dur="PT1S"/><vocal type="speaker_noise" voice:desc="smacks lips"/> and what you're gonna do <pause/> to come <pause/> where you want to go <pause/> so what are your recommendations very shortly only ha- has to be three minutes <pause/> so everybody knows of the other subgroups <pause/> what their recommendations are<c function="fall" type="intonation"/><pause/> so that's what you gonna do in the next hour <pause/> is it <emph> clear </emph><pause/> for everybody<c function="rise" type="intonation"/><pause/> or are there any questions <pause/> left<c function="rise" type="intonation"/><pause dur="PT2S"/></u>
            <u who="#EDwsd590_S4" xml:id="EDwsd590_u_120"> and please all of er think about <emph> ar</emph>guments if <seg n="6" type="overlap" xml:id="EDwsd590_ol_24"> you're </seg> talking about other <pause/> er<c type="lengthening"/>m <pause/></u>
            <u who="#EDwsd590_S1" xml:id="EDwsd590_u_121"><seg n="6" synch="#EDwsd590_ol_24" type="overlap" xml:id="EDwsd590_ol_25"> yeah </seg></u>
            <u who="#EDwsd590_S4" xml:id="EDwsd590_u_122"> yeah arguments and examples if you're talking about other scenarios <pause/> so if you say this is the worst case scenario <pause/> give some example some <pause dur="PT1S"/> funny example </u>
            <u who="#EDwsd590_S18" xml:id="EDwsd590_u_123"> and <seg n="7" type="overlap" xml:id="EDwsd590_ol_26"> should the- </seg></u>
            <u who="#EDwsd590_S4" xml:id="EDwsd590_u_124"><seg n="7" synch="#EDwsd590_ol_26" type="overlap" xml:id="EDwsd590_ol_27"><supplied reason="unintelligible"> xx </supplied> example </seg> why it is wrong <pause/></u>
            <u who="#EDwsd590_S18" xml:id="EDwsd590_u_125"> should these recommendations just cover all<c type="lengthening"/> fields of life<c function="rise" type="intonation"/><pause dur="PT2S"/></u>
            <u who="#EDwsd590_S1" xml:id="EDwsd590_u_126"><shift corresp="#EDwsd590_s_64" feature="loud" new="p" xml:id="EDwsd590_s_63"/> er <shift corresp="#EDwsd590_s_63" feature="loud" new="neutral" xml:id="EDwsd590_s_64"/> yeah you could try that but i think it's a little bit ambitious <pause/> in an hour <pause/> because remember you have a little bit over an hour so <pause/> try to<c type="lengthening"/><pause/> pick some <pause/> things out which you think are very <pause dur="PT1S"/> important <pause/> in the world <pause/> of english as lingua franca because that's our subject of the <pause/> you know so think about the most important <seg n="1" type="overlap" xml:id="EDwsd590_ol_28"> things </seg> you </u>
            <u who="#EDwsd590_S18" xml:id="EDwsd590_u_127"><seg n="1" synch="#EDwsd590_ol_28" type="overlap" xml:id="EDwsd590_ol_29"> and </seg></u>
            <u who="#EDwsd590_S18" xml:id="EDwsd590_u_128"> we we should reach a compromise er concerning which scenario is the best which is the worst and which is the most <shift corresp="#EDwsd590_s_66" feature="loud" new="p" xml:id="EDwsd590_s_65"/> probable <shift corresp="#EDwsd590_s_65" feature="loud" new="neutral" xml:id="EDwsd590_s_66"/></u>
            <u who="#EDwsd590_S1" xml:id="EDwsd590_u_129"> yes <pause/><seg n="2" type="overlap" xml:id="EDwsd590_ol_30"> exactly </seg><pause/></u>
            <u who="#EDwsd590_S18" xml:id="EDwsd590_u_130"><seg n="2" synch="#EDwsd590_ol_30" type="overlap" xml:id="EDwsd590_ol_31"> in our group </seg></u>
            <u who="#EDwsd590_S22" xml:id="EDwsd590_u_131"><seg n="2" synch="#EDwsd590_ol_30" type="overlap" xml:id="EDwsd590_ol_32"> and should we<c type="lengthening"/></seg></u>
            <u who="#EDwsd590_S22" xml:id="EDwsd590_u_132"> should we choose this scenario so we should construct the worst scenario <seg n="6" type="overlap" xml:id="EDwsd590_ol_33"> in </seg> our <pause/></u>
            <u who="#EDwsd590_S1" xml:id="EDwsd590_u_133"><seg n="6" synch="#EDwsd590_ol_33" type="overlap" xml:id="EDwsd590_ol_34"> hm </seg></u>
            <u who="#EDwsd590_S22" xml:id="EDwsd590_u_134"> er <seg n="3" type="overlap" xml:id="EDwsd590_ol_35"> quarter </seg> or <pause/></u>
            <u who="#EDwsd590_S1" xml:id="EDwsd590_u_135"><seg n="3" synch="#EDwsd590_ol_35" type="overlap" xml:id="EDwsd590_ol_36"> no no no </seg></u>
            <u who="#EDwsd590_S22" xml:id="EDwsd590_u_136"> in the <seg n="4" type="overlap" xml:id="EDwsd590_ol_37"><supplied reason="unintelligible"> xxx </supplied></seg></u>
            <u who="#EDwsd590_S1" xml:id="EDwsd590_u_137"><seg n="4" synch="#EDwsd590_ol_37" type="overlap" xml:id="EDwsd590_ol_38"> no you can </seg> you can you have to look at <emph> all </emph> four scenarios  </u>
            <u who="#EDwsd590_S4" xml:id="EDwsd590_u_138"> so </u>
            <u who="#EDwsd590_S1" xml:id="EDwsd590_u_139"> and then decide for example <pause/><shift corresp="#EDwsd590_s_68" feature="loud" new="p" xml:id="EDwsd590_s_67"/><shift corresp="#EDwsd590_s_70" feature="tempo" new="a" xml:id="EDwsd590_s_69"/> it's just an example <shift corresp="#EDwsd590_s_69" feature="tempo" new="neutral" xml:id="EDwsd590_s_70"/><shift corresp="#EDwsd590_s_67" feature="loud" new="neutral" xml:id="EDwsd590_s_68"/> this is the worst case <pause/></u>
            <u who="#EDwsd590_S22" xml:id="EDwsd590_u_140"> mhm </u>
            <u who="#EDwsd590_S1" xml:id="EDwsd590_u_141"> this is the <emph> best </emph> case <anchor synch="#EDwsd590_oc_30" type="other_continuation" xml:id="EDwsd590_oc_29"/></u>
            <u who="#EDwsd590_S22" xml:id="EDwsd590_u_142"><anchor synch="#EDwsd590_oc_29" type="other_continuation" xml:id="EDwsd590_oc_30"/><shift corresp="#EDwsd590_s_72" feature="loud" new="p" xml:id="EDwsd590_s_71"/> aha so <seg n="7" type="overlap" xml:id="EDwsd590_ol_39"><supplied reason="unintelligible"> xx </supplied></seg><shift corresp="#EDwsd590_s_71" feature="loud" new="neutral" xml:id="EDwsd590_s_72"/></u>
            <u who="#EDwsd590_S1" xml:id="EDwsd590_u_143"><seg n="7" synch="#EDwsd590_ol_39" type="overlap" xml:id="EDwsd590_ol_40"> but this </seg> is the most likely <seg n="5" type="overlap" xml:id="EDwsd590_ol_41"> so </seg><emph> how </emph> do we come from <emph> here </emph> going <emph> there </emph> instead of <emph> there </emph> for example </u>
            <u who="#EDwsd590_S22" xml:id="EDwsd590_u_144"><seg n="5" synch="#EDwsd590_ol_41" type="overlap" xml:id="EDwsd590_ol_42"> so </seg></u>
            <u who="#EDwsd590_SX-m" xml:id="EDwsd590_u_145"> ah </u>
            <u who="#EDwsd590_S22" xml:id="EDwsd590_u_146"> so we <seg n="6" type="overlap" xml:id="EDwsd590_ol_43"> have to do only with this four </seg><pause/></u>
            <u who="#EDwsd590_S1" xml:id="EDwsd590_u_147"><seg n="6" synch="#EDwsd590_ol_43" type="overlap" xml:id="EDwsd590_ol_44"> that's what you want to do<c function="fall" type="intonation"/></seg></u>
            <u who="#EDwsd590_S1" xml:id="EDwsd590_u_148"><seg n="8" type="overlap" xml:id="EDwsd590_ol_45"> you have to make </seg><pause/></u>
            <u who="#EDwsd590_SX-m" xml:id="EDwsd590_u_149"><seg n="8" synch="#EDwsd590_ol_45" type="overlap" xml:id="EDwsd590_ol_46"><supplied reason="unintelligible"> xxx </supplied></seg></u>
            <u who="#EDwsd590_S1" xml:id="EDwsd590_u_150"> is it clear<c function="rise" type="intonation"/> you have to make the recommendations from<c type="lengthening"/> going from here to there <pause/> this is the possible trend where we're going <pause/> but actually we prefer this one <pause/> for example <pause/> and this is really <pause/> ter<seg n="7" type="overlap" xml:id="EDwsd590_ol_47">rible </seg></u>
            <u who="#EDwsd590_S22" xml:id="EDwsd590_u_151"><seg n="7" synch="#EDwsd590_ol_47" type="overlap" xml:id="EDwsd590_ol_48"> so </seg> we cannot construct a like a <pause/><emph> change </emph> a- er <pause dur="PT2S"/> modified new one <pause/> from these <pause/> like for <seg n="1" type="overlap" xml:id="EDwsd590_ol_49"> example </seg> there isn't the one <pause/></u>
            <u who="#EDwsd590_S1" xml:id="EDwsd590_u_152"><seg n="1" synch="#EDwsd590_ol_49" type="overlap" xml:id="EDwsd590_ol_50"> you can </seg></u>
            <u who="#EDwsd590_S22" xml:id="EDwsd590_u_153"> that nobody understands nobody in the diversity and <voice:pvc> multilin<seg n="2" type="overlap" xml:id="EDwsd590_ol_51">gualism </seg></voice:pvc><pause/></u>
            <u who="#EDwsd590_S1" xml:id="EDwsd590_u_154"><seg n="2" synch="#EDwsd590_ol_51" type="overlap" xml:id="EDwsd590_ol_52"> mhm </seg></u>
            <u who="#EDwsd590_S22" xml:id="EDwsd590_u_155"> for example and that can be the worst case <seg n="9" type="overlap" xml:id="EDwsd590_ol_53"> but </seg><pause/></u>
            <u who="#EDwsd590_S1" xml:id="EDwsd590_u_156"><seg n="9" synch="#EDwsd590_ol_53" type="overlap" xml:id="EDwsd590_ol_54"> yeah </seg></u>
            <u who="#EDwsd590_S22" xml:id="EDwsd590_u_157"> we don't <pause/> we shouldn't consider that one right<c function="rise" type="intonation"/> because it isn't there <pause dur="PT1S"/></u>
            <u who="#EDwsd590_S1" xml:id="EDwsd590_u_158"> no <seg n="3" type="overlap" xml:id="EDwsd590_ol_55"> exactly<c function="fall" type="intonation"/></seg> exactly<c function="fall" type="intonation"/><pause/></u>
            <u who="#EDwsd590_S22" xml:id="EDwsd590_u_159"><seg n="3" synch="#EDwsd590_ol_55" type="overlap" xml:id="EDwsd590_ol_56"> or should we<c function="rise" type="intonation"/></seg></u>
            <u who="#EDwsd590_S1" xml:id="EDwsd590_u_160"><emph> try </emph> to stick with  the scenarios we've <anchor synch="#EDwsd590_oc_32" type="other_continuation" xml:id="EDwsd590_oc_31"/></u>
            <u who="#EDwsd590_S22" xml:id="EDwsd590_u_161"><anchor synch="#EDwsd590_oc_31" type="other_continuation" xml:id="EDwsd590_oc_32"/> okay </u>
            <u who="#EDwsd590_S1" xml:id="EDwsd590_u_162"> you've been sketching before </u>
            <u who="#EDwsd590_S4" xml:id="EDwsd590_u_163"> but you could of course <emph> argue </emph> that this <anchor synch="#EDwsd590_oc_34" type="other_continuation" xml:id="EDwsd590_oc_33"/></u>
            <u who="#EDwsd590_S1" xml:id="EDwsd590_u_164"><anchor synch="#EDwsd590_oc_33" type="other_continuation" xml:id="EDwsd590_oc_34"/> yeah <anchor synch="#EDwsd590_oc_36" type="other_continuation" xml:id="EDwsd590_oc_35"/></u>
            <u who="#EDwsd590_S4" xml:id="EDwsd590_u_165"><anchor synch="#EDwsd590_oc_35" type="other_continuation" xml:id="EDwsd590_oc_36"/> forth scenario er or er <pause/> e<c type="lengthening"/>r is completely <pause dur="PT1S"/> ridiculous because nobody will understand each other <seg n="4" type="overlap" xml:id="EDwsd590_ol_57"> so if you have arguments for </seg> that  </u>
            <u who="#EDwsd590_S1" xml:id="EDwsd590_u_166"><seg n="4" synch="#EDwsd590_ol_57" type="overlap" xml:id="EDwsd590_ol_58"> yeah and of course </seg></u>
            <u who="#EDwsd590_S1" xml:id="EDwsd590_u_167"> of course it's not in in real life it's not this clear  </u>
            <u who="#EDwsd590_S22" xml:id="EDwsd590_u_168"> mhm <anchor synch="#EDwsd590_oc_38" type="other_continuation" xml:id="EDwsd590_oc_37"/></u>
            <u who="#EDwsd590_S1" xml:id="EDwsd590_u_169"><anchor synch="#EDwsd590_oc_37" type="other_continuation" xml:id="EDwsd590_oc_38"/> so it <emph> can </emph> be that your best case is a little bit like <pause/> on this side<c function="fall" type="intonation"/> it's a little bit more to diversity than <voice:track medium="1" num="4" type="md"/> to english-<emph>only </emph> you know you can s- shift a little bit <anchor synch="#EDwsd590_oc_40" type="other_continuation" xml:id="EDwsd590_oc_39"/></u>
            <u who="#EDwsd590_S22" xml:id="EDwsd590_u_170"><anchor synch="#EDwsd590_oc_39" type="other_continuation" xml:id="EDwsd590_oc_40"/> mhm <anchor synch="#EDwsd590_oc_42" type="other_continuation" xml:id="EDwsd590_oc_41"/></u>
            <u who="#EDwsd590_S1" xml:id="EDwsd590_u_171"><anchor synch="#EDwsd590_oc_41" type="other_continuation" xml:id="EDwsd590_oc_42"/> you know it's never that strict <pause/> but this is an easy way because now you have the concepts clear in your head and now you can try to merge them and be critical and <emph> even </emph> in the best case there will be some negative aspects <pause/> you can point them out but you can also say okay <pause/> we will weaken them or we will try to prevent them in this and this and this way<c function="fall" type="intonation"/><pause dur="PT1S"/></u>
            <u who="#EDwsd590_SX-f" xml:id="EDwsd590_u_172"><shift corresp="#EDwsd590_s_74" feature="loud" new="p" xml:id="EDwsd590_s_73"/> mhm<c type="lengthening"/><shift corresp="#EDwsd590_s_73" feature="loud" new="neutral" xml:id="EDwsd590_s_74"/></u>
            <u who="#EDwsd590_S1" xml:id="EDwsd590_u_173"> yeah<c function="rise" type="intonation"/><pause/> is it clear<c function="rise" type="intonation"/></u>
            <u who="#EDwsd590_SX-22" xml:id="EDwsd590_u_174"> yah <pause/></u>
            <u who="#EDwsd590_S1" xml:id="EDwsd590_u_175"> no questions<c function="rise" type="intonation"/><pause/><seg n="5" type="overlap" xml:id="EDwsd590_ol_59"> whatsoever </seg></u>
            <u who="#EDwsd590_S5" xml:id="EDwsd590_u_176"><seg n="5" synch="#EDwsd590_ol_59" type="overlap" xml:id="EDwsd590_ol_60"> well just to </seg> be clear er <pause/> now the numbers are <pause/> a little differently <pause/></u>
            <u who="#EDwsd590_S4" xml:id="EDwsd590_u_177"> er <seg n="8" type="overlap" xml:id="EDwsd590_ol_61"> all right </seg></u>
            <u who="#EDwsd590_S5" xml:id="EDwsd590_u_178"><seg n="8" synch="#EDwsd590_ol_61" type="overlap" xml:id="EDwsd590_ol_62"> like three </seg><seg n="6" type="overlap" xml:id="EDwsd590_ol_63"> and four </seg> have changed <seg n="9" type="overlap" xml:id="EDwsd590_ol_64"> places </seg></u>
            <u who="#EDwsd590_SX-f" xml:id="EDwsd590_u_179"><seg n="6" synch="#EDwsd590_ol_63" type="overlap" xml:id="EDwsd590_ol_65"> again </seg></u>
            <u who="#EDwsd590_S1" xml:id="EDwsd590_u_180"><seg n="9" synch="#EDwsd590_ol_64" type="overlap" xml:id="EDwsd590_ol_66"> oh </seg><pause/></u>
            <u who="#EDwsd590_S18" xml:id="EDwsd590_u_181"><vocal subtype="wordstart" type="wordlike" voice:desc="laughing" voice:syl="1"/><seg n="1" type="overlap" xml:id="EDwsd590_ol_67"><vocal type="wordlike" voice:desc="laughing" voice:syl="2"/></seg></u>
            <u who="#EDwsd590_S4" xml:id="EDwsd590_u_182"><seg n="1" synch="#EDwsd590_ol_67" type="overlap" xml:id="EDwsd590_ol_68"> really<c function="rise" type="intonation"/></seg></u>
            <u who="#EDwsd590_S5" xml:id="EDwsd590_u_183"><shift corresp="#EDwsd590_s_76" feature="voice" new="laugh" xml:id="EDwsd590_s_75"/> so <shift corresp="#EDwsd590_s_75" feature="voice" new="neutral" xml:id="EDwsd590_s_76"/><vocal subtype="wordstart" type="wordlike" voice:desc="laughing" voice:syl="2"/><anchor synch="#EDwsd590_oc_44" type="other_continuation" xml:id="EDwsd590_oc_43"/></u>
            <u who="#EDwsd590_S1" xml:id="EDwsd590_u_184"><anchor synch="#EDwsd590_oc_43" type="other_continuation" xml:id="EDwsd590_oc_44"/> yeah <pause/></u>
            <u who="#EDwsd590_S4" xml:id="EDwsd590_u_185"> yah <anchor synch="#EDwsd590_oc_46" type="other_continuation" xml:id="EDwsd590_oc_45"/></u>
            <u who="#EDwsd590_S1" xml:id="EDwsd590_u_186"><anchor synch="#EDwsd590_oc_45" type="other_continuation" xml:id="EDwsd590_oc_46"/><voice:to who="#EDwsd590_S4"><supplied reason="unintelligible"> xxx </supplied></voice:to><pause dur="PT1S"/> yeah this is still three <pause dur="PT3S"/></u>
            <u who="#EDwsd590_S4" xml:id="EDwsd590_u_187"> oh yeah <seg n="7" type="overlap" xml:id="EDwsd590_ol_69"> should be <supplied reason="unintelligible"> xxx </supplied></seg> yeah  </u>
            <u who="#EDwsd590_S1" xml:id="EDwsd590_u_188"><seg n="7" synch="#EDwsd590_ol_69" type="overlap" xml:id="EDwsd590_ol_70"> otherwise you get a </seg></u>
            <u who="#EDwsd590_S1" xml:id="EDwsd590_u_189"> yeah and this is four <pause dur="PT1S"/><incident dur="PT1S" voice:desc="S1 writes on the blackboard "/> just like it's on the board <pause dur="PT2S"/></u>
            <u who="#EDwsd590_S18" xml:id="EDwsd590_u_190"><unclear> there is </unclear></u>
            <u who="#EDwsd590_S1" xml:id="EDwsd590_u_191"> sorry about that<c function="fall" type="intonation"/></u>
            <u who="#EDwsd590_SX-f" xml:id="EDwsd590_u_192"><shift corresp="#EDwsd590_s_78" feature="loud" new="p" xml:id="EDwsd590_s_77"/><vocal subtype="wordstart" type="wordlike" voice:desc="laughing" voice:syl="2"/><shift corresp="#EDwsd590_s_77" feature="loud" new="neutral" xml:id="EDwsd590_s_78"/></u>
            <u who="#EDwsd590_SX-f" xml:id="EDwsd590_u_193"><shift corresp="#EDwsd590_s_80" feature="loud" new="p" xml:id="EDwsd590_s_79"/><vocal subtype="wordstart" type="wordlike" voice:desc="laughing" voice:syl="2"/><shift corresp="#EDwsd590_s_79" feature="loud" new="neutral" xml:id="EDwsd590_s_80"/></u>
            <u who="#EDwsd590_S1" xml:id="EDwsd590_u_194"> is it clear<c function="rise" type="intonation"/><pause/></u>
            <u who="#EDwsd590_S24" xml:id="EDwsd590_u_195"> yes </u>
            <u who="#EDwsd590_S1" xml:id="EDwsd590_u_196"> okay so <pause/> erm if you want you can go with your subgroup again to the mensa or <pause/><seg n="2" type="overlap" xml:id="EDwsd590_ol_71"> outside </seg> if you prefer you can also <seg n="3" type="overlap" xml:id="EDwsd590_ol_72"> stay here </seg><pause/><incident voice:desc="several parallel conversations start in the background"/></u>
            <u who="#EDwsd590_S26" xml:id="EDwsd590_u_197"><seg n="2" synch="#EDwsd590_ol_71" type="overlap" xml:id="EDwsd590_ol_73"><shift corresp="#EDwsd590_s_82" feature="voice" new="whisp" xml:id="EDwsd590_s_81"/> yipee <shift corresp="#EDwsd590_s_81" feature="voice" new="neutral" xml:id="EDwsd590_s_82"/></seg></u>
            <u who="#EDwsd590_SX-15" xml:id="EDwsd590_u_198"><seg n="3" synch="#EDwsd590_ol_72" type="overlap" xml:id="EDwsd590_ol_74"><supplied reason="unintelligible"> xx </supplied></seg></u>
            <u who="#EDwsd590_S1" xml:id="EDwsd590_u_199"> if nobody stays here we will lock the room for you <pause/> and er we will be back here at <emph> twelve </emph><pause/><shift corresp="#EDwsd590_s_84" feature="loud" new="f" xml:id="EDwsd590_s_83"/> so be back here at twelve o'clock <pause/> we do a very short evaluation <shift corresp="#EDwsd590_s_83" feature="loud" new="neutral" xml:id="EDwsd590_s_84"/><pause dur="PT2S"/> and then go for lunch <pause dur="PT2S"/><incident dur="PT2S" voice:desc="participants start getting together in their respective subgroups "/></u>
         </div>
      </body>
   </text>
</TEI>