<TEI xmlns="http://www.tei-c.org/ns/1.0" xmlns:voice="http://www.univie.ac.at/voice/ns/1.0" xmlns:xi="http://www.w3.org/2001/XInclude" version="5" xml:id="EDwsd9" xml:lang="eng">
   <teiHeader>
      <fileDesc>
         <titleStmt>
            <title>workshop discussion on organization and content of discussion groups to follow</title>
            <principal>Prof. Barbara Seidlhofer</principal>
            <editor/>
            <funder>Austrian Science Foundation (FWF)</funder>
            <sponsor/>
            <respStmt>
               <resp>Corpus Compilation</resp>
               <orgName>VOICE Project</orgName>
               <persName>Barbara Seidlhofer</persName>
               <persName>Angelika Breiteneder</persName>
               <persName>Marie-Luise Pitzl</persName>
               <persName>Stefan Majewski</persName>
               <persName>Theresa Klimpfinger</persName>
            </respStmt>
         </titleStmt>
         <editionStmt>
		<edition>Version 1.0 XML, <date>May 2011</date></edition>
	  <respStmt>
		<resp>Researchers</resp>
		<name>Barbara Seidlhofer</name> 		
		<name>Angelika Breiteneder</name> 
		<name>Theresa Klimpfinger</name> 
		<name>Stefan Majewski</name> 
		<name>Marie-Luise Pitzl</name> 
	  </respStmt>
	</editionStmt>
         <publicationStmt>
		<publisher>Barbara Seidlhofer, Stefan Majewski, Marie-Luise Pitzl</publisher> 
	  <distributor>VOICE Project, University of Vienna, Austria</distributor> 
	  <address>
		<addrLine>Spitalgasse 2, AAKH Hof 8</addrLine> 
		<addrLine>1090 Vienna</addrLine> 
		<addrLine>Austria</addrLine> 
		<addrLine>Telephone: +43 1 427742446</addrLine> 
	  	<addrLine>Email: voice@univie.ac.at</addrLine> 
		<addrLine>Website: http://www.univie.ac.at/voice</addrLine> 
	  </address>
	  <availability status="free">
	  	<p>
		  The Vienna-Oxford International Corpus of English (VOICE)
		  was created by Barbara Seidlhofer (project director) and
		  Angelika Breiteneder, Theresa Klimpfinger, Stefan Majewski,
		  Marie-Luise Pitzl (project researchers). VOICE 1.0 XML is
		  available for download at the VOICE Project's website <ref target="http://www.univie.ac.at/voice/">http://www.univie.ac.at/voice/</ref>
		  under a Creative Commons
		  Attribution-NonCommercial-ShareAlike 3.0 Unported (CC
		  BY-NC-SA 3.0) License (<ref target="http://creativecommons.org/licenses/by-nc-sa/3.0/">
		  http://creativecommons.org/licenses/by-nc-sa/3.0/
		  </ref>). The original audio files are held at the Department
		  of English, University of Vienna. 23 selected audio files
		  are available as audio streams in the VOICE Online interface
		  at the VOICE Project's website <ref target="http://www.univie.ac.at/voice">http://www.univie.ac.at/voice</ref>.
		</p>
		<p>
		The recommended citation for VOICE 1.0 XML is:
		</p>
		<p>
		<bibl><title>VOICE</title>. <date>2011</date>. <title level="m">The Vienna-Oxford International Corpus of
		English</title> (<edition>version 1.0
		XML</edition>). Director: Barbara Seidlhofer; Researchers:
		Angelika Breiteneder, Theresa Klimpfinger, Stefan Majewski,
		Marie-Luise Pitzl.</bibl>
		</p>
		<p>The short citation for VOICE 1.0 XML is:
		</p>
		<p>
		<bibl><title>VOICE</title>. <date>2011</date>. <title level="m">The Vienna-Oxford International Corpus of
		English</title> (<edition>version 1.0
		XML</edition>).</bibl></p>
		<p>
		  For further information about availability and copyright
		  permissions, please see the README file included in the
		  download package. For further enquiries please contact the
		  VOICE Project at <ref target="mailto:voice@univie.ac.at">voice@univie.ac.at</ref>.
		</p>
	  </availability>
	</publicationStmt>
         <notesStmt>
            <note xml:id="EDwsd9_wc">Words: 1550</note>
            <note xml:id="EDwsd9_tn_0">This workshop discussion is part of a European student conference on the future of English in Europe. First, S1 and S5, who are the chairpersons, provide information on how to proceed with in the following 90 minutes. Then participants are divided into four subgroups according to four different scenarios that the participants are to work on. Generally, there is a friendly working atmosphere. </note>
         </notesStmt>
         <sourceDesc>
            <recordingStmt>
               <recording dur="PT00H08M32S" type="audio">
                  <date>2004-10-28</date>
                  <equipment>
                     <p>Portable minidisc recorder with electret condenser stereo microphone</p>
                  </equipment>
                  <respStmt>
                     <resp>recording</resp>
                     <name>R5</name>
                  </respStmt>
               </recording>
            </recordingStmt>
         </sourceDesc>
      </fileDesc>
      <encodingDesc>
         <classDecl>
            <taxonomy>
               <category xml:id="EDwsd9_domain">
                  <catDesc>Domain</catDesc>
                  <category sameAs="#ED" xml:id="EDwsd9_ED">
                     <catDesc>educational</catDesc>
                  </category>
                  <category sameAs="#LE" xml:id="EDwsd9_LE">
                     <catDesc>leisure</catDesc>
                  </category>
                  <category sameAs="#PB" xml:id="EDwsd9_PB">
                     <catDesc>professional business</catDesc>
                  </category>
                  <category sameAs="#PO" xml:id="EDwsd9_PO">
                     <catDesc>professional organizational</catDesc>
                  </category>
                  <category sameAs="#PR" xml:id="EDwsd9_PR">
                     <catDesc>professional research/science</catDesc>
                  </category>
               </category>
               <category xml:id="EDwsd9_spet">
                  <catDesc>Speech Event Type</catDesc>
                  <category sameAs="#int" xml:id="EDwsd9_int">
                     <catDesc>interview</catDesc>
                  </category>
                  <category sameAs="#prc" xml:id="EDwsd9_prc">
                     <catDesc>press conference</catDesc>
                  </category>
                  <category sameAs="#sve" xml:id="EDwsd9_sve">
                     <catDesc>service encounter</catDesc>
                  </category>
                  <category sameAs="#sed" xml:id="EDwsd9_sed">
                     <catDesc>seminar discussion</catDesc>
                  </category>
                  <category sameAs="#wgd" xml:id="EDwsd9_wgd">
                     <catDesc>working group discussion</catDesc>
                  </category>
                  <category sameAs="#wsd" xml:id="EDwsd9_wsd">
                     <catDesc>workshop discussion</catDesc>
                  </category>
                  <category sameAs="#mtg" xml:id="EDwsd9_mtg">
                     <catDesc>meeting</catDesc>
                  </category>
                  <category sameAs="#pan" xml:id="EDwsd9_pan">
                     <catDesc>panel</catDesc>
                  </category>
                  <category sameAs="#qas" xml:id="EDwsd9_qas">
                     <catDesc>question-answer session</catDesc>
                  </category>
                  <category sameAs="#con" xml:id="EDwsd9_con">
                     <catDesc>conversation</catDesc>
                  </category>
               </category>
            </taxonomy>
         </classDecl>
         <tagsDecl><namespace name="http://www.tei-c.org/ns/1.0">
      <tagUsage gi="TEI" occurs="1"/>
      <tagUsage gi="teiHeader" occurs="1"/>
      <tagUsage gi="fileDesc" occurs="1"/>
      <tagUsage gi="titleStmt" occurs="1"/>
      <tagUsage gi="title" occurs="5"/>
      <tagUsage gi="principal" occurs="1"/>
      <tagUsage gi="editor" occurs="1"/>
      <tagUsage gi="funder" occurs="1"/>
      <tagUsage gi="sponsor" occurs="1"/>
      <tagUsage gi="respStmt" occurs="3"/>
      <tagUsage gi="resp" occurs="3"/>
      <tagUsage gi="orgName" occurs="1"/>
      <tagUsage gi="persName" occurs="5"/>
      <tagUsage gi="editionStmt" occurs="1"/>
      <tagUsage gi="edition" occurs="3"/>
      <tagUsage gi="date" occurs="4"/>
      <tagUsage gi="name" occurs="8"/>
      <tagUsage gi="publicationStmt" occurs="1"/>
      <tagUsage gi="publisher" occurs="1"/>
      <tagUsage gi="distributor" occurs="1"/>
      <tagUsage gi="address" occurs="1"/>
      <tagUsage gi="addrLine" occurs="6"/>
      <tagUsage gi="availability" occurs="1"/>
      <tagUsage gi="p" occurs="7"/>
      <tagUsage gi="ref" occurs="5"/>
      <tagUsage gi="bibl" occurs="2"/>
      <tagUsage gi="notesStmt" occurs="1"/>
      <tagUsage gi="note" occurs="2"/>
      <tagUsage gi="sourceDesc" occurs="1"/>
      <tagUsage gi="recordingStmt" occurs="1"/>
      <tagUsage gi="recording" occurs="1"/>
      <tagUsage gi="equipment" occurs="1"/>
      <tagUsage gi="encodingDesc" occurs="1"/>
      <tagUsage gi="classDecl" occurs="1"/>
      <tagUsage gi="taxonomy" occurs="1"/>
      <tagUsage gi="category" occurs="17"/>
      <tagUsage gi="catDesc" occurs="17"/>
      <tagUsage gi="tagsDecl" occurs="1"/>
      <tagUsage gi="namespace" occurs="2"/>
      <tagUsage gi="tagUsage" occurs="81"/>
      <tagUsage gi="gi" occurs="5"/>
      <tagUsage gi="att" occurs="14"/>
      <tagUsage gi="list" occurs="11"/>
      <tagUsage gi="label" occurs="20"/>
      <tagUsage gi="val" occurs="41"/>
      <tagUsage gi="item" occurs="40"/>
      <tagUsage gi="profileDesc" occurs="1"/>
      <tagUsage gi="textClass" occurs="1"/>
      <tagUsage gi="catRef" occurs="2"/>
      <tagUsage gi="settingDesc" occurs="1"/>
      <tagUsage gi="setting" occurs="1"/>
      <tagUsage gi="locale" occurs="1"/>
      <tagUsage gi="activity" occurs="1"/>
      <tagUsage gi="particDesc" occurs="1"/>
      <tagUsage gi="listPerson" occurs="4"/>
      <tagUsage gi="personGrp" occurs="2"/>
      <tagUsage gi="person" occurs="15"/>
      <tagUsage gi="age" occurs="12"/>
      <tagUsage gi="sex" occurs="12"/>
      <tagUsage gi="occupation" occurs="12"/>
      <tagUsage gi="langKnowledge" occurs="12"/>
      <tagUsage gi="langKnown" occurs="13"/>
      <tagUsage gi="relationGrp" occurs="1"/>
      <tagUsage gi="relation" occurs="2"/>
      <tagUsage gi="revisionDesc" occurs="1"/>
      <tagUsage gi="change" occurs="5"/>
      <tagUsage gi="text" occurs="1"/>
      <tagUsage gi="body" occurs="1"/>
      <tagUsage gi="div" occurs="1"/>
      <tagUsage gi="u" occurs="218">Used to mark a stretch of speech commonly
		preceded and followed by a pause or by a change of speaker. A
		<gi>u</gi> is, however, not required to be bounded by a pause or
		a change of speaker, nor does it represent a turn in a
		conversation analytic sense. At a minimum, a <gi>u</gi> is some
		phonetic production or noise made by a given speaker or a group of speakers.</tagUsage>
      <tagUsage gi="seg" occurs="156">Used with different <att>type</att> attributes to mark:
		<list>
		  <label><att>type</att><val>overlap</val></label>
		  <item>overlaps</item>
		  <label><att>type</att><val>onomatopoeia</val></label>
		  <item>onomatopoeic sounds</item>
		  <label><att>type</att><val>ipa</val></label>
		  <item>transcriptions in the international phonetic alphabet</item>
		</list>
		</tagUsage>
      <tagUsage gi="supplied" occurs="18">Used to mark text supplied by the
		transcriber because the original is unintelligible or needed to
		be anonymized. The <att>reason</att> attribute is used to mark:
		<list>
		  <label><val>unintelligible</val></label><item>unintelligible
		  speech</item>
		  <label><val>anonymization</val></label><item>anonymized
		  speech</item>
		</list>
		</tagUsage>
      <tagUsage gi="unclear" occurs="10">Used to mark speech which cannot be
		transcribed with certainty, because it is difficult to hear or
		understand for the transcriber.</tagUsage>
      <tagUsage gi="anchor" occurs="10">Used to mark other-continuation,
		i.e. whenever a speaker continues another speaker's <gi>u</gi>
		without a pause. Other-continuation is to be interpreted
		temporally and does not relate to form or content of the
		speakers' utterances.</tagUsage>
      <tagUsage gi="c" occurs="173">Used to mark lengthening of sounds and
		intonation (fall, rise). The following <att>type</att>
		attributes are used to mark:
		<list>
		  <label><val>lengthening</val></label><item>lengthened
		  sounds</item>
		  <label><val>intonation</val></label><item>a significant change in
		  intonation, marked with the following <att>function</att>
		  attribute for:
		  <list>
			<label><val>fall</val></label><item>falling
			intonation</item>
			<label><val>rise</val></label><item>rising intonation</item>
		  </list>
		</item>
		</list>
		Intonation may or may not coincide with
		syntactic boundaries.
		</tagUsage>
      <tagUsage gi="pause" occurs="261">Used to mark a pause either between or
		within utterances. Used without <att>dur</att> attribute to
		indicate a brief pause up to half a second.
		</tagUsage>
      <tagUsage gi="incident" occurs="11">Used to mark contextual information
		relevant to the understanding of the interaction or the
		interaction as such. The <att>voice:desc</att> attribute
		provides a short prose description of the contextual
		event.</tagUsage>
      <tagUsage gi="emph" occurs="14">Used to mark speech which is stressed or
		emphasized in a way that goes beyond regular nuclear
		stress.</tagUsage>
      <tagUsage gi="shift" occurs="92">Used to mark the point at which some
		paralinguistic feature changes. The following attribute values
		are used to mark:
		<list>
          <label>
            <val>voice</val>
          </label>
          <item>voice quality
          <list>
            <item><val>imitating</val></item>
            <item><val>laugh</val></item>
            <item><val>neutral</val></item>
            <item><val>phone</val></item>
            <item><val>reading</val></item>
            <item><val>reading_aloud</val></item>
            <item><val>sigh</val></item>
            <item><val>singing</val></item>
            <item><val>whisp</val></item>
            <item><val>yawning</val></item>
          </list>
          </item>
          <label>
          <val>tempo</val></label>
          <item>speed of utterance
            <list>
              <label><val>a</val></label>
              <item>accelerando</item>
              <label><val>l</val></label>
              <item>lento</item>
              <label><val>neutral</val></label>
              <item>neutral</item>
            </list>
          </item>
          <label>
          <val>loud</val></label>
          <item>loudness
            <list>
              <item><val>f</val></item>
              <item><val>neutral</val></item>
              <item><val>p</val></item>
            </list>
          </item>
		  </list>
		</tagUsage>
      <tagUsage gi="vocal" occurs="29">Used to mark laughter and other speaker
		noises and non-verbal feedback.
        <list>
          <label>
            <val>speaker_noise</val>
          </label>
          <item>
            <list>
              <item>
                <val>coughing</val>
              </item>
              <item>
                <val>nods</val>
              </item>
              <item>
                <val>shakes head</val>
              </item>
              <item>
                <val>smacks lips</val>
              </item>
              <item>
                <val>sniffs</val>
              </item>
              <item>
                <val>swallows</val>
              </item>
              <item>
                <val>whistles</val>
              </item>
            </list>
          </item>
          <label>
            <val>wordlike</val>
          </label>
          <item>
            <val>laughing</val>
          </item>
        </list>
        </tagUsage>
      <tagUsage gi="foreign" occurs="1">Used to mark a word or phrase as
		belonging to some language other than English. The following
		values for the <att>type</att> attribute are used to mark:
		<list>
		  <label><val>L1</val></label><item>the speaker's first
		  language</item>
		  <label><val>LN</val></label><item>a language other than the
		  speaker's first language</item>
		  <label><val>LQ</val></label><item>a language where it cannot
		  be ascertained whether it is the speaker's first or other
		  language.</item>
		</list>
		Whenever possible, the 
		<att>voice:translation</att> attribute provides a rough translation of the
		non-English speech into English.
		</tagUsage></namespace><namespace name="http://www.univie.ac.at/voice/ns/1.0">
      <tagUsage gi="voice:track" occurs="3">Used to mark the beginning of a new
		audio track used in transcription (usually three minutes in length) and thus refers to the audio recording
		of the transcribed speech event.
		</tagUsage>
      <tagUsage gi="voice:to" occurs="19">Used to mark speech directed towards a
		particular speaker. The <att>who</att>who attribute indicates the
		addressed speaker.</tagUsage>
      <tagUsage gi="voice:pvc" occurs="1">Used to mark a pronunciation variation
		or coinage as described in <ref target="http://www.univie.ac.at/voice/documents/VOICE_mark-up_conventions_v2-1.pdf">the
			VOICE mark-up conventions [2.1].</ref>the
			VOICE mark-up conventions [2.1]. An existing word corresponding to the PVC may be provided within a <att>comment</att>comment attribute within the <gi>voice:pvc</gi>voice:pvc element. Additional phonetic
			transcription may be provided within a <att>voice:ipa</att>voice:ipa attribute
			within the <gi>voice:pvc</gi>voice:pvc element.</tagUsage></namespace></tagsDecl>
      </encodingDesc>
      <profileDesc>
         <textClass>
            <catRef target="#EDwsd9_ED #EDwsd9_wsd"/>
            <catRef target="#ED #wsd"/>
         </textClass>
         <settingDesc>
            <setting>
               <name type="country">NL</name>
               <name type="city">Amsterdam</name>
               <locale>seminar room at university</locale>
               <activity>none</activity>
            </setting>
         </settingDesc>
         <particDesc>
            <listPerson type="main">
               <listPerson type="groups">
                  <personGrp role="speakers" size="12"/>
                  <personGrp role="interactants" size="12"/>
               </listPerson>
               <listPerson type="identified">
                  <person role="chair" sameAs="#P111" xml:id="EDwsd9_S1">
                     <age value="1">17-24</age>
                     <sex value="1">male</sex>
                     <occupation>student</occupation>
                     <langKnowledge>
                        <langKnown level="L1" tag="dut-NL"/>
                     </langKnowledge>
                  </person>
                  <person role="participant" sameAs="#P112" xml:id="EDwsd9_S2">
                     <age value="1">17-24</age>
                     <sex value="2">female</sex>
                     <occupation>student</occupation>
                     <langKnowledge>
                        <langKnown level="L1" tag="eng-GB"/>
                        <langKnown level="L1" tag="spa-ES"/>
                     </langKnowledge>
                  </person>
                  <person role="participant" sameAs="#P113" xml:id="EDwsd9_S3">
                     <age value="1">17-24</age>
                     <sex value="2">female</sex>
                     <occupation>student</occupation>
                     <langKnowledge>
                        <langKnown level="L1" tag="ger-DE"/>
                     </langKnowledge>
                  </person>
                  <person role="chair" sameAs="#P114" xml:id="EDwsd9_S5">
                     <age value="1">17-24</age>
                     <sex value="2">female</sex>
                     <occupation>student</occupation>
                     <langKnowledge>
                        <langKnown level="L1" tag="dut-NL"/>
                     </langKnowledge>
                  </person>
                  <person role="participant" sameAs="#P115" xml:id="EDwsd9_S6">
                     <age value="1">17-24</age>
                     <sex value="2">female</sex>
                     <occupation>student</occupation>
                     <langKnowledge>
                        <langKnown level="L1" tag="bul-BG"/>
                     </langKnowledge>
                  </person>
                  <person role="participant" sameAs="#P116" xml:id="EDwsd9_S7">
                     <age value="1">17-24</age>
                     <sex value="1">male</sex>
                     <occupation>student</occupation>
                     <langKnowledge>
                        <langKnown level="L1" tag="spa-ES"/>
                     </langKnowledge>
                  </person>
                  <person role="participant" sameAs="#P117" xml:id="EDwsd9_S8">
                     <age value="1">17-24</age>
                     <sex value="2">female</sex>
                     <occupation>student</occupation>
                     <langKnowledge>
                        <langKnown level="L1" tag="pol-PL"/>
                     </langKnowledge>
                  </person>
                  <person role="participant" sameAs="#P118" xml:id="EDwsd9_S9">
                     <age value="1">17-24</age>
                     <sex value="2">female</sex>
                     <occupation>student</occupation>
                     <langKnowledge>
                        <langKnown level="L1" tag="slo-SK"/>
                     </langKnowledge>
                  </person>
                  <person role="participant" sameAs="#P119" xml:id="EDwsd9_S10">
                     <age value="1">17-24</age>
                     <sex value="1">male</sex>
                     <occupation>student</occupation>
                     <langKnowledge>
                        <langKnown level="L1" tag="rus-RU"/>
                     </langKnowledge>
                  </person>
                  <person role="participant" sameAs="#P120" xml:id="EDwsd9_S11">
                     <age value="1">17-24</age>
                     <sex value="2">female</sex>
                     <occupation>student</occupation>
                     <langKnowledge>
                        <langKnown level="L1" tag="fin-FI"/>
                     </langKnowledge>
                  </person>
                  <person role="participant" sameAs="#P121" xml:id="EDwsd9_S12">
                     <age value="1">17-24</age>
                     <sex value="1">male</sex>
                     <occupation>student</occupation>
                     <langKnowledge>
                        <langKnown level="L1" tag="scr-HR"/>
                     </langKnowledge>
                  </person>
                  <person role="participant" sameAs="#P657" xml:id="EDwsd9_S4">
                     <age value="1">17-24</age>
                     <sex value="2">female</sex>
                     <occupation>student</occupation>
                     <langKnowledge>
                        <langKnown level="L1" tag="ger-AT"/>
                     </langKnowledge>
                  </person>
               </listPerson>
               <listPerson type="not_identified">
                  <person sameAs="#SX-f" xml:id="EDwsd9_SX-f"/>
                  <person sameAs="#SX-m" xml:id="EDwsd9_SX-m"/>
                  <person sameAs="#SS" xml:id="EDwsd9_SS"/>
               </listPerson>
               <relationGrp>
                  <relation mutual="#EDwsd9_S1 #EDwsd9_S10 #EDwsd9_S11 #EDwsd9_S12 #EDwsd9_S2 #EDwsd9_S3 #EDwsd9_S4 #EDwsd9_S5 #EDwsd9_S6 #EDwsd9_S7 #EDwsd9_S8 #EDwsd9_S9" name="fairly_symmetrical" type="power"/>
                  <relation mutual="#EDwsd9_S1 #EDwsd9_S10 #EDwsd9_S11 #EDwsd9_S12 #EDwsd9_S2 #EDwsd9_S3 #EDwsd9_S4 #EDwsd9_S5 #EDwsd9_S6 #EDwsd9_S7 #EDwsd9_S8 #EDwsd9_S9" name="acquainted" type="acquaintedness"/>
               </relationGrp>
            </listPerson>
         </particDesc>
      </profileDesc>
      <revisionDesc>
         <change when="2009-05-19" who="SM">conversion to XML</change>
         <change when="2009-05-11" who="MLP">finalized for publication</change>
         <change when="2008-01-17" who="AB">proof-reading</change>
         <change when="2006-08-18" who="TK">checking</change>
         <change when="2006-03-02" who="AB">transcription</change>
      </revisionDesc>
   </teiHeader>
   <text>
      <body>
         <div type="medium" voice:end="02:32" voice:end_medium_number="1" voice:end_track="3" voice:medium_type="md" voice:start="00:00" voice:start_medium_number="1" voice:start_track="1">
            <u who="#EDwsd9_S1" xml:id="EDwsd9_u_1"><voice:track medium="1" num="1" type="md"/> o<seg n="1" type="overlap" xml:id="EDwsd9_ol_0">kay </seg></u>
            <u who="#EDwsd9_S2" xml:id="EDwsd9_u_2"><voice:to who="#EDwsd9_S3"><seg n="1" synch="#EDwsd9_ol_0" type="overlap" xml:id="EDwsd9_ol_1"><supplied reason="unintelligible"> x x </supplied></seg><unclear> thorax </unclear></voice:to></u>
            <u who="#EDwsd9_S3" xml:id="EDwsd9_u_3"><voice:to who="#EDwsd9_S2"> oh yeah </voice:to><anchor synch="#EDwsd9_oc_1" type="other_continuation" xml:id="EDwsd9_oc_0"/></u>
            <u who="#EDwsd9_S2" xml:id="EDwsd9_u_4"><anchor synch="#EDwsd9_oc_0" type="other_continuation" xml:id="EDwsd9_oc_1"/><voice:to who="#EDwsd9_S3"> i think </voice:to></u>
            <u who="#EDwsd9_S1" xml:id="EDwsd9_u_5"> we would like to<c type="lengthening"/> continue <pause dur="PT1S"/> with e<c type="lengthening"/>rm <seg n="2" type="overlap" xml:id="EDwsd9_ol_2"><unclear> our forum </unclear></seg></u>
            <u who="#EDwsd9_S3" xml:id="EDwsd9_u_6"><voice:to who="#EDwsd9_S2"><seg n="2" synch="#EDwsd9_ol_2" type="overlap" xml:id="EDwsd9_ol_3"> oh <supplied reason="unintelligible"> xxx </supplied></seg> of course yes </voice:to></u>
            <u who="#EDwsd9_S2" xml:id="EDwsd9_u_7"><voice:to who="#EDwsd9_S3"> yeah </voice:to></u>
            <u who="#EDwsd9_S1" xml:id="EDwsd9_u_8"> of today's program </u>
            <u who="#EDwsd9_S3" xml:id="EDwsd9_u_9"><voice:to who="#EDwsd9_S2"> i just <pause/> didn't hear that </voice:to></u>
            <u who="#EDwsd9_S2" xml:id="EDwsd9_u_10"><voice:to who="#EDwsd9_S3"> oh<c function="fall" type="intonation"/> sorry<c function="fall" type="intonation"/></voice:to></u>
            <u who="#EDwsd9_S3" xml:id="EDwsd9_u_11"><voice:to who="#EDwsd9_S2"> i'd </voice:to></u>
            <u who="#EDwsd9_S1" xml:id="EDwsd9_u_12"> a<c type="lengthening"/>nd e<c type="lengthening"/>r we will <pause/> dedicate the last e<c type="lengthening"/>r one and a half hour <pause/> to <pause/> er the building of scenarios<c function="fall" type="intonation"/><incident voice:desc="there is whispering in the background"/><pause dur="PT1S"/> erm <pause dur="PT2S"/> well we have er done a<c type="lengthening"/> a good job i think <pause/> in the last e<c type="lengthening"/>r one and a half hour  you've made <pause/> e<c type="lengthening"/>rm <pause dur="PT1S"/> two axes <pause/> with <pause dur="PT1S"/> english-only versus <voice:pvc> multilingualism </voice:pvc> and unity versus diversity <pause dur="PT1S"/> a<c type="lengthening"/>nd <pause/> what you have to do now is <pause/> fill in these <pause/> scenarios<c function="fall" type="intonation"/><pause dur="PT1S"/> so you have to <pause/> e<c type="lengthening"/>rm <pause dur="PT1S"/> think of <pause/> er <pause dur="PT1S"/> what will happen <pause/> within this <pause/> if this scenario comes true<c function="fall" type="intonation"/><pause/> so in the case of the first scenario <pause/> if you have english-only and unity <pause/> what what will happen <pause/> what will the situation be like in ten years <pause/> and <pause/> e<c type="lengthening"/>rm <pause dur="PT1S"/><seg n="3" type="overlap" xml:id="EDwsd9_ol_4"> yah </seg></u>
            <u who="#EDwsd9_S5" xml:id="EDwsd9_u_13"><seg n="3" synch="#EDwsd9_ol_4" type="overlap" xml:id="EDwsd9_ol_5"> try to </seg> give concrete examples <pause/> on how it might be <emph> then </emph><pause dur="PT1S"/> how will life be <pause/> how will <pause dur="PT1S"/></u>
            <u who="#EDwsd9_S1" xml:id="EDwsd9_u_14"> yah<c function="fall" type="intonation"/><pause dur="PT1S"/> and like er <supplied reason="anonymization"> [S5] </supplied> said just before the break <pause/> er you can do this er <pause dur="PT1S"/> or <pause/> yeah you can do this in in a <pause/> form of presentation <pause/> so you can just <pause dur="PT1S"/> e<c type="lengthening"/>r talk for <pause/> ten minutes about er <pause/> what you think it will be like <pause/> or you can <pause/> do a play or if you have powerpoint  or <pause dur="PT1S"/> anything <pause/> e<c type="lengthening"/>r <pause/> any form <pause/> which you think is suitable <pause/> is er is okay for us <pause/> as long as if er as lon- if er as you can erm <pause dur="PT1S"/> yah give us a <pause/> a good and convincing <pause/> e<c type="lengthening"/>rm <pause/> scenario<c function="fall" type="intonation"/><pause dur="PT2S"/> e<c type="lengthening"/>rm <pause/><seg n="4" type="overlap" xml:id="EDwsd9_ol_6"> a<c type="lengthening"/>nd </seg></u>
            <u who="#EDwsd9_S5" xml:id="EDwsd9_u_15"><seg n="4" synch="#EDwsd9_ol_6" type="overlap" xml:id="EDwsd9_ol_7"> and </seg> try to stress the <emph> positive </emph> points<c function="fall" type="intonation"/> you have to <emph> sell </emph> your scenario<c function="fall" type="intonation"/><pause/> for the moment<c function="fall" type="intonation"/><pause/><seg n="5" type="overlap" xml:id="EDwsd9_ol_8"> you </seg> don't have to fully agree with it or <pause/></u>
            <u who="#EDwsd9_S1" xml:id="EDwsd9_u_16"><seg n="5" synch="#EDwsd9_ol_8" type="overlap" xml:id="EDwsd9_ol_9"> yeah </seg></u>
            <u who="#EDwsd9_S5" xml:id="EDwsd9_u_17"> fully <pause dur="PT2S"/> think it's desirable <pause dur="PT1S"/> because we will decide that tomorrow<c function="fall" type="intonation"/><pause dur="PT1S"/></u>
            <u who="#EDwsd9_S1" xml:id="EDwsd9_u_18"> yeah we we are going to choose one <anchor synch="#EDwsd9_oc_3" type="other_continuation" xml:id="EDwsd9_oc_2"/></u>
            <u who="#EDwsd9_S5" xml:id="EDwsd9_u_19"><anchor synch="#EDwsd9_oc_2" type="other_continuation" xml:id="EDwsd9_oc_3"/> sell your scenario to the <seg n="6" type="overlap" xml:id="EDwsd9_ol_10"> group </seg></u>
            <u who="#EDwsd9_S6" xml:id="EDwsd9_u_20"><seg n="6" synch="#EDwsd9_ol_10" type="overlap" xml:id="EDwsd9_ol_11"> should </seg> we <pause/> agree upon  er <pause/> common  </u>
            <u who="#EDwsd9_S7" xml:id="EDwsd9_u_21"><shift corresp="#EDwsd9_s_2" feature="loud" new="p" xml:id="EDwsd9_s_1"/> yeah <shift corresp="#EDwsd9_s_1" feature="loud" new="neutral" xml:id="EDwsd9_s_2"/></u>
            <u who="#EDwsd9_S6" xml:id="EDwsd9_u_22"><emph> aspects </emph> each scenario should include<c function="fall" type="intonation"/><pause/> i mean economic <pause/> political or something <seg n="7" type="overlap" xml:id="EDwsd9_ol_12"> like <shift corresp="#EDwsd9_s_4" feature="tempo" new="a" xml:id="EDwsd9_s_3"/> that<c function="fall" type="intonation"/> so that we can <shift corresp="#EDwsd9_s_3" feature="tempo" new="neutral" xml:id="EDwsd9_s_4"/></seg></u>
            <u who="#EDwsd9_S1" xml:id="EDwsd9_u_23"><seg n="7" synch="#EDwsd9_ol_12" type="overlap" xml:id="EDwsd9_ol_13"> yah<c function="fall" type="intonation"/> yah <pause/> you do that </seg></u>
            <u who="#EDwsd9_S9" xml:id="EDwsd9_u_24"><shift corresp="#EDwsd9_s_6" feature="loud" new="p" xml:id="EDwsd9_s_5"/> hm <shift corresp="#EDwsd9_s_5" feature="loud" new="neutral" xml:id="EDwsd9_s_6"/><pause dur="PT1S"/><incident voice:desc="someone whispers with S9"/></u>
            <u who="#EDwsd9_S1" xml:id="EDwsd9_u_25"> and you could also er use the values  e<c type="lengthening"/>r we we have e<c type="lengthening"/>r  </u>
            <u who="#EDwsd9_S4" xml:id="EDwsd9_u_26"><shift corresp="#EDwsd9_s_8" feature="loud" new="p" xml:id="EDwsd9_s_7"/><vocal subtype="wordstart" type="wordlike" voice:desc="laughing" voice:syl="1"/><seg n="8" type="overlap" xml:id="EDwsd9_ol_14"><vocal type="wordlike" voice:desc="laughing" voice:syl="1"/></seg><shift corresp="#EDwsd9_s_7" feature="loud" new="neutral" xml:id="EDwsd9_s_8"/></u>
            <u who="#EDwsd9_S1" xml:id="EDwsd9_u_27"><seg n="8" synch="#EDwsd9_ol_14" type="overlap" xml:id="EDwsd9_ol_15"> first </seg> er <pause/><seg n="1" type="overlap" xml:id="EDwsd9_ol_16"> first </seg><pause/></u>
            <u who="#EDwsd9_S5" xml:id="EDwsd9_u_28"><seg n="1" synch="#EDwsd9_ol_16" type="overlap" xml:id="EDwsd9_ol_17"><shift corresp="#EDwsd9_s_10" feature="loud" new="p" xml:id="EDwsd9_s_9"/> hm <shift corresp="#EDwsd9_s_9" feature="loud" new="neutral" xml:id="EDwsd9_s_10"/></seg></u>
            <u who="#EDwsd9_S1" xml:id="EDwsd9_u_29"> er hour <shift corresp="#EDwsd9_s_12" feature="tempo" new="a" xml:id="EDwsd9_s_11"/> or second hour <shift corresp="#EDwsd9_s_11" feature="tempo" new="neutral" xml:id="EDwsd9_s_12"/><pause dur="PT1S"/> er in in your scenario of course you can <pause/> incorporate something with the policy <shift corresp="#EDwsd9_s_14" feature="loud" new="p" xml:id="EDwsd9_s_13"/> you know <shift corresp="#EDwsd9_s_13" feature="loud" new="neutral" xml:id="EDwsd9_s_14"/><pause dur="PT1S"/> but yeah it's it's it's definitely good to think of economic or political e<c type="lengthening"/>r <pause/> social aspects<c function="fall" type="intonation"/><pause/><seg n="2" type="overlap" xml:id="EDwsd9_ol_18"><shift corresp="#EDwsd9_s_16" feature="loud" new="p" xml:id="EDwsd9_s_15"/><supplied reason="unintelligible"> xxx </supplied><shift corresp="#EDwsd9_s_15" feature="loud" new="neutral" xml:id="EDwsd9_s_16"/></seg></u>
            <u who="#EDwsd9_S7" xml:id="EDwsd9_u_30"><seg n="2" synch="#EDwsd9_ol_18" type="overlap" xml:id="EDwsd9_ol_19"> and if we are </seg> not <pause/> really not agree with ou<c type="lengthening"/>r <pause dur="PT2S"/> quadrant<c function="rise" type="intonation"/> or with er <seg n="3" type="overlap" xml:id="EDwsd9_ol_20"> our<c type="lengthening"/></seg></u>
            <u who="#EDwsd9_S5" xml:id="EDwsd9_u_31"><seg n="3" synch="#EDwsd9_ol_20" type="overlap" xml:id="EDwsd9_ol_21"> mhm </seg></u>
            <u who="#EDwsd9_S1" xml:id="EDwsd9_u_32"> well </u>
            <u who="#EDwsd9_S7" xml:id="EDwsd9_u_33"><shift corresp="#EDwsd9_s_18" feature="loud" new="p" xml:id="EDwsd9_s_17"/><vocal subtype="wordstart" type="wordlike" voice:desc="laughing" voice:syl="2"/><shift corresp="#EDwsd9_s_17" feature="loud" new="neutral" xml:id="EDwsd9_s_18"/></u>
            <u who="#EDwsd9_S1" xml:id="EDwsd9_u_34"> er </u>
            <u who="#EDwsd9_S6" xml:id="EDwsd9_u_35"> can we choose<c function="rise" type="intonation"/> in fact <anchor synch="#EDwsd9_oc_5" type="other_continuation" xml:id="EDwsd9_oc_4"/></u>
            <u who="#EDwsd9_S5" xml:id="EDwsd9_u_36"><anchor synch="#EDwsd9_oc_4" type="other_continuation" xml:id="EDwsd9_oc_5"/> no </u>
            <u who="#EDwsd9_S1" xml:id="EDwsd9_u_37"> no we- <unclear> i </unclear><seg n="4" type="overlap" xml:id="EDwsd9_ol_22"> we- </seg></u>
            <u who="#EDwsd9_SS" xml:id="EDwsd9_u_38"><seg n="4" synch="#EDwsd9_ol_22" type="overlap" xml:id="EDwsd9_ol_23"><vocal subtype="wordstart" type="wordlike" voice:desc="laughing" voice:syl="1"/></seg><vocal type="wordlike" voice:desc="laughing" voice:syl="4"/></u>
            <u who="#EDwsd9_S1" xml:id="EDwsd9_u_39"> we <seg n="5" type="overlap" xml:id="EDwsd9_ol_24"> will invite you but if you really if you really </seg> have struggles <pause/></u>
            <u who="#EDwsd9_SS" xml:id="EDwsd9_u_40"><seg n="5" synch="#EDwsd9_ol_24" type="overlap" xml:id="EDwsd9_ol_25"><shift corresp="#EDwsd9_s_20" feature="loud" new="p" xml:id="EDwsd9_s_19"/><vocal subtype="wordstart" type="wordlike" voice:desc="laughing" voice:syl="5"/><shift corresp="#EDwsd9_s_19" feature="loud" new="neutral" xml:id="EDwsd9_s_20"/></seg></u>
            <u who="#EDwsd9_S1" xml:id="EDwsd9_u_41"> if you really get demotivated you you can tell us but <pause/> e<c type="lengthening"/>rm <pause/> we al<seg n="6" type="overlap" xml:id="EDwsd9_ol_26">so </seg></u>
            <u who="#EDwsd9_S6" xml:id="EDwsd9_u_42"><shift corresp="#EDwsd9_s_22" feature="voice" new="laugh" xml:id="EDwsd9_s_21"/><seg n="6" synch="#EDwsd9_ol_26" type="overlap" xml:id="EDwsd9_ol_27"> you'd </seg> better not <shift corresp="#EDwsd9_s_21" feature="voice" new="neutral" xml:id="EDwsd9_s_22"/><vocal subtype="wordstart" type="wordlike" voice:desc="laughing" voice:syl="1"/></u>
            <u who="#EDwsd9_S4" xml:id="EDwsd9_u_43"><seg n="6" synch="#EDwsd9_ol_26" type="overlap" xml:id="EDwsd9_ol_28"><vocal subtype="wordstart" type="wordlike" voice:desc="laughing" voice:syl="2"/></seg></u>
            <u who="#EDwsd9_SS" xml:id="EDwsd9_u_44"><vocal subtype="wordstart" type="wordlike" voice:desc="laughing" voice:syl="2"/><seg n="7" type="overlap" xml:id="EDwsd9_ol_29"><vocal type="wordlike" voice:desc="laughing" voice:syl="2"/></seg></u>
            <u who="#EDwsd9_S1" xml:id="EDwsd9_u_45"><seg n="7" synch="#EDwsd9_ol_29" type="overlap" xml:id="EDwsd9_ol_30"> well<c function="fall" type="intonation"/><pause/> we'll </seg> divide you er into groups<c function="fall" type="intonation"/><pause dur="PT1S"/> e<c type="lengthening"/>rm so<c type="lengthening"/><pause dur="PT1S"/> yes e<c type="lengthening"/>rm <pause dur="PT1S"/> i think that's it<c function="fall" type="intonation"/> e<c type="lengthening"/>rm <pause dur="PT3S"/> oh yeah<c function="fall" type="intonation"/> just e<c type="lengthening"/>rm <pause dur="PT1S"/> yeah<c function="fall" type="intonation"/> there's there's one er <pause/> important thing <pause/> just <pause/> er think of your the scenario <pause/> as if it's really world <pause/> like it will be in <pause dur="PT1S"/> ten years <pause/> so <pause/> e<c type="lengthening"/>rm <pause/><voice:track medium="1" num="2" type="md"/> try to sell it like <supplied reason="anonymization"> [S5] </supplied> said <pause/> and <pause/> er give appealin<c type="lengthening"/>g e<c type="lengthening"/>r <emph> names </emph><pause/> e<c type="lengthening"/>r to your scenario <pause dur="PT1S"/> a<c type="lengthening"/>nd t- to your presentation <pause/> so<c type="lengthening"/> e<c type="lengthening"/>rm <pause dur="PT1S"/> if you have er unity and english-only you can say e<c type="lengthening"/>r <pause dur="PT1S"/> e<c type="lengthening"/>r <pause dur="PT1S"/> eng- <pause/> or britannia rules away<c function="fall" type="intonation"/> or <pause/> things like that<c function="fall" type="intonation"/> or<c function="fall" type="intonation"/><pause/> just <pause/> thi- think of something i mean <shift corresp="#EDwsd9_s_24" feature="loud" new="p" xml:id="EDwsd9_s_23"/> this thing <supplied reason="unintelligible"> xx </supplied> e<c type="lengthening"/>r <pause/> something <supplied reason="unintelligible"> x xx x x </supplied><shift corresp="#EDwsd9_s_23" feature="loud" new="neutral" xml:id="EDwsd9_s_24"/> it shou- it shou- it should have a <emph> name </emph><pause/> or a word <pause/> e<c type="lengthening"/>rm <pause dur="PT1S"/> because that makes <pause/> makes it much easier to remember the scenario <pause/> also <pause/> if you're going to do <shift corresp="#EDwsd9_s_26" feature="loud" new="p" xml:id="EDwsd9_s_25"/> a presentation now<c function="fall" type="intonation"/><pause dur="PT1S"/> er for your <pause/><unclear> all </unclear> of four <pause/> i might say<c function="fall" type="intonation"/><shift corresp="#EDwsd9_s_25" feature="loud" new="neutral" xml:id="EDwsd9_s_26"/><pause dur="PT1S"/> so<c type="lengthening"/><pause dur="PT1S"/> e<c type="lengthening"/>rm <pause/> yes <pause/> e<c type="lengthening"/>rm <pause/> is this <pause dur="PT1S"/> more or less clear so far <pause dur="PT1S"/> or <pause/> any questions or remarks<c function="fall" type="intonation"/><pause dur="PT2S"/> if <pause dur="PT1S"/><emph> not </emph> we will divide you into groups <pause/> and we will ask you <pause/> to prepare a <pause/> er <pause/> presentation<c function="rise" type="intonation"/><pause dur="PT1S"/> er you don't have to e<c type="lengthening"/>rm <pause/><vocal type="speaker_noise" voice:desc="smacks lips"/> give us the presentation  e<c type="lengthening"/>r today <pause/> but <pause/> e<c type="lengthening"/>r <pause/> we will have it tomorrow <emph> morning </emph><pause dur="PT1S"/> e<c type="lengthening"/>r <pause/> at nine <pause dur="PT1S"/> a<c type="lengthening"/>nd e<c type="lengthening"/>rm <pause/> well we o- we only want you to work on it er <pause/> on it now<c function="fall" type="intonation"/><pause/><shift corresp="#EDwsd9_s_28" feature="loud" new="p" xml:id="EDwsd9_s_27"/> so that you have something <pause/> which you can present tomorrow<c function="fall" type="intonation"/><shift corresp="#EDwsd9_s_27" feature="loud" new="neutral" xml:id="EDwsd9_s_28"/><pause dur="PT1S"/> e<c type="lengthening"/>rm <pause dur="PT2S"/> just one more practical thing e<c type="lengthening"/>r <pause/> at eight there is a e<c type="lengthening"/>r <pause dur="PT1S"/> e<c type="lengthening"/>r <pause/> a de- a debate between e<c type="lengthening"/>r <pause dur="PT1S"/><vocal type="speaker_noise" voice:desc="smacks lips"/> er <seg n="1" type="overlap" xml:id="EDwsd9_ol_31"> pa- panel mem</seg>bers <pause/></u>
            <u who="#EDwsd9_S5" xml:id="EDwsd9_u_46"><seg n="1" synch="#EDwsd9_ol_31" type="overlap" xml:id="EDwsd9_ol_32"> panel discussion </seg></u>
            <u who="#EDwsd9_S1" xml:id="EDwsd9_u_47"> those <pause/> people also judge er <pause/> the final<c type="lengthening"/> results of our <pause/> forum <pause dur="PT1S"/> and e<c type="lengthening"/>r <pause/> it's an official part of the program <pause/> so it would be <pause dur="PT1S"/> definitely a good idea to go there<c function="fall" type="intonation"/></u>
            <u who="#EDwsd9_SX-m" xml:id="EDwsd9_u_48"><vocal voice:desc="clears throat"/></u>
            <u who="#EDwsd9_S1" xml:id="EDwsd9_u_49"> e<c type="lengthening"/>rm <pause dur="PT2S"/></u>
            <u who="#EDwsd9_S5" xml:id="EDwsd9_u_50"> yah <pause/></u>
            <u who="#EDwsd9_S1" xml:id="EDwsd9_u_51"> yah<c function="rise" type="intonation"/></u>
            <u who="#EDwsd9_S5" xml:id="EDwsd9_u_52"> yah <pause/> it's at eight<c function="fall" type="intonation"/><pause/><seg n="2" type="overlap" xml:id="EDwsd9_ol_33"> eight to ten </seg> and after that we can go for a drink or you can do <pause dur="PT1S"/></u>
            <u who="#EDwsd9_S1" xml:id="EDwsd9_u_53"><seg n="2" synch="#EDwsd9_ol_33" type="overlap" xml:id="EDwsd9_ol_34"><unclear> exactly </unclear></seg></u>
            <u who="#EDwsd9_S1" xml:id="EDwsd9_u_54"> whatever you want <pause/></u>
            <u who="#EDwsd9_S7" xml:id="EDwsd9_u_55"><seg n="3" type="overlap" xml:id="EDwsd9_ol_35"><shift corresp="#EDwsd9_s_30" feature="loud" new="p" xml:id="EDwsd9_s_29"/><supplied reason="unintelligible"> xx </supplied><unclear> going </unclear> for a drink<c function="rise" type="intonation"/><shift corresp="#EDwsd9_s_29" feature="loud" new="neutral" xml:id="EDwsd9_s_30"/></seg></u>
            <u who="#EDwsd9_S3" xml:id="EDwsd9_u_56"><seg n="3" synch="#EDwsd9_ol_35" type="overlap" xml:id="EDwsd9_ol_36"> and it's in the auditor</seg>ium where we had the<c type="lengthening"/><pause/> first session er the <seg n="4" type="overlap" xml:id="EDwsd9_ol_37"> first </seg></u>
            <u who="#EDwsd9_S5" xml:id="EDwsd9_u_57"><seg n="4" synch="#EDwsd9_ol_37" type="overlap" xml:id="EDwsd9_ol_38"> yes </seg></u>
            <u who="#EDwsd9_S1" xml:id="EDwsd9_u_58"> right </u>
            <u who="#EDwsd9_S3" xml:id="EDwsd9_u_59"><seg n="5" type="overlap" xml:id="EDwsd9_ol_39"> the recep</seg>tion <pause/></u>
            <u who="#EDwsd9_S5" xml:id="EDwsd9_u_60"><seg n="5" synch="#EDwsd9_ol_39" type="overlap" xml:id="EDwsd9_ol_40"> yes </seg></u>
            <u who="#EDwsd9_S3" xml:id="EDwsd9_u_61"><seg n="6" type="overlap" xml:id="EDwsd9_ol_41"> first </seg></u>
            <u who="#EDwsd9_S5" xml:id="EDwsd9_u_62"><seg n="6" synch="#EDwsd9_ol_41" type="overlap" xml:id="EDwsd9_ol_42"> exact</seg>ly <pause/></u>
            <u who="#EDwsd9_S3" xml:id="EDwsd9_u_63"><seg n="7" type="overlap" xml:id="EDwsd9_ol_43"> help me </seg></u>
            <u who="#EDwsd9_S1" xml:id="EDwsd9_u_64"><seg n="7" synch="#EDwsd9_ol_43" type="overlap" xml:id="EDwsd9_ol_44"> okay </seg></u>
            <u who="#EDwsd9_S7" xml:id="EDwsd9_u_65"><shift corresp="#EDwsd9_s_32" feature="loud" new="p" xml:id="EDwsd9_s_31"/><vocal subtype="wordstart" type="wordlike" voice:desc="laughing" voice:syl="2"/><shift corresp="#EDwsd9_s_31" feature="loud" new="neutral" xml:id="EDwsd9_s_32"/></u>
            <u who="#EDwsd9_S3" xml:id="EDwsd9_u_66"> you know </u>
            <u who="#EDwsd9_S5" xml:id="EDwsd9_u_67"><shift corresp="#EDwsd9_s_34" feature="voice" new="laugh" xml:id="EDwsd9_s_33"/> yes <shift corresp="#EDwsd9_s_33" feature="voice" new="neutral" xml:id="EDwsd9_s_34"/><vocal subtype="wordstart" type="wordlike" voice:desc="laughing" voice:syl="2"/><incident voice:desc="parallel conversations start in the background"/><pause/><shift corresp="#EDwsd9_s_36" feature="voice" new="laugh" xml:id="EDwsd9_s_35"/><seg n="8" type="overlap" xml:id="EDwsd9_ol_45"><unclear> the there </unclear></seg><seg n="9" type="overlap" xml:id="EDwsd9_ol_46"> it is </seg><shift corresp="#EDwsd9_s_35" feature="voice" new="neutral" xml:id="EDwsd9_s_36"/></u>
            <u who="#EDwsd9_S6" xml:id="EDwsd9_u_68"><seg n="8" synch="#EDwsd9_ol_45" type="overlap" xml:id="EDwsd9_ol_47"> who is go- </seg></u>
            <u who="#EDwsd9_S3" xml:id="EDwsd9_u_69"><shift corresp="#EDwsd9_s_38" feature="loud" new="p" xml:id="EDwsd9_s_37"/><seg n="9" synch="#EDwsd9_ol_46" type="overlap" xml:id="EDwsd9_ol_48"><vocal subtype="wordstart" type="wordlike" voice:desc="laughing" voice:syl="1"/></seg><vocal type="wordlike" voice:desc="laughing" voice:syl="1"/><shift corresp="#EDwsd9_s_37" feature="loud" new="neutral" xml:id="EDwsd9_s_38"/></u>
            <u who="#EDwsd9_S2" xml:id="EDwsd9_u_70"> the churchy <seg n="1" type="overlap" xml:id="EDwsd9_ol_49"> thing<c function="fall" type="intonation"/></seg></u>
            <u who="#EDwsd9_S3" xml:id="EDwsd9_u_71"><shift corresp="#EDwsd9_s_40" feature="loud" new="p" xml:id="EDwsd9_s_39"/><seg n="1" synch="#EDwsd9_ol_49" type="overlap" xml:id="EDwsd9_ol_50"><vocal subtype="wordstart" type="wordlike" voice:desc="laughing" voice:syl="1"/></seg><vocal type="wordlike" voice:desc="laughing" voice:syl="1"/><shift corresp="#EDwsd9_s_39" feature="loud" new="neutral" xml:id="EDwsd9_s_40"/></u>
            <u who="#EDwsd9_S6" xml:id="EDwsd9_u_72"> and <seg n="2" type="overlap" xml:id="EDwsd9_ol_51"> who's </seg></u>
            <u who="#EDwsd9_S5" xml:id="EDwsd9_u_73"><seg n="2" synch="#EDwsd9_ol_51" type="overlap" xml:id="EDwsd9_ol_52"> yes </seg> the churchy thing<c function="fall" type="intonation"/> yeah<c function="fall" type="intonation"/><pause/></u>
            <u who="#EDwsd9_S7" xml:id="EDwsd9_u_74"><shift corresp="#EDwsd9_s_42" feature="loud" new="p" xml:id="EDwsd9_s_41"/> okay<c function="fall" type="intonation"/> the church <shift corresp="#EDwsd9_s_41" feature="loud" new="neutral" xml:id="EDwsd9_s_42"/></u>
            <u who="#EDwsd9_S6" xml:id="EDwsd9_u_75"> and <pause/> who is going to facilitate our<c type="lengthening"/><pause dur="PT1S"/></u>
            <u who="#EDwsd9_S2" xml:id="EDwsd9_u_76"><shift corresp="#EDwsd9_s_44" feature="loud" new="p" xml:id="EDwsd9_s_43"/> bad church is it <shift corresp="#EDwsd9_s_43" feature="loud" new="neutral" xml:id="EDwsd9_s_44"/><incident voice:desc="soft background conversation with S2 starts"/></u>
            <u who="#EDwsd9_S6" xml:id="EDwsd9_u_77"> group work<c function="fall" type="intonation"/><pause dur="PT1S"/></u>
            <u who="#EDwsd9_S5" xml:id="EDwsd9_u_78"> when<c function="rise" type="intonation"/><pause/></u>
            <u who="#EDwsd9_S6" xml:id="EDwsd9_u_79"><seg n="3" type="overlap" xml:id="EDwsd9_ol_53"><emph> now </emph><c function="fall" type="intonation"/></seg><pause/></u>
            <u who="#EDwsd9_S1" xml:id="EDwsd9_u_80"><seg n="3" synch="#EDwsd9_ol_53" type="overlap" xml:id="EDwsd9_ol_54"> er </seg></u>
            <u who="#EDwsd9_S1" xml:id="EDwsd9_u_81"> e<c type="lengthening"/>r we i- if you need something<c function="fall" type="intonation"/><vocal subtype="wordstart" type="wordlike" voice:desc="laughing" voice:syl="2"/></u>
            <u who="#EDwsd9_S6" xml:id="EDwsd9_u_82"> okay<c function="fall" type="intonation"/><pause dur="PT1S"/> i mean that <pause/> we might need a facilitator to<c type="lengthening"/><pause dur="PT1S"/> just <pause dur="PT1S"/> help us<c type="lengthening"/> e<c type="lengthening"/>r <pause/><seg n="4" type="overlap" xml:id="EDwsd9_ol_55"> think in </seg> the same direction </u>
            <u who="#EDwsd9_S1" xml:id="EDwsd9_u_83"><seg n="4" synch="#EDwsd9_ol_55" type="overlap" xml:id="EDwsd9_ol_56"> yes </seg></u>
            <u who="#EDwsd9_S5" xml:id="EDwsd9_u_84"><seg n="5" type="overlap" xml:id="EDwsd9_ol_57"> yes<c function="fall" type="intonation"/> of course<c function="fall" type="intonation"/></seg><emph> we </emph> will be walking around  </u>
            <u who="#EDwsd9_S1" xml:id="EDwsd9_u_85"><seg n="5" synch="#EDwsd9_ol_57" type="overlap" xml:id="EDwsd9_ol_58"> yes<c function="fall" type="intonation"/><supplied reason="unintelligible"> xx </supplied></seg></u>
            <u who="#EDwsd9_S1" xml:id="EDwsd9_u_86"> if you <seg n="6" type="overlap" xml:id="EDwsd9_ol_59"> need technical or<c type="lengthening"/></seg><pause/></u>
            <u who="#EDwsd9_S5" xml:id="EDwsd9_u_87"><seg n="6" synch="#EDwsd9_ol_59" type="overlap" xml:id="EDwsd9_ol_60"> to help you if you need </seg></u>
            <u who="#EDwsd9_S1" xml:id="EDwsd9_u_88"> support or<c type="lengthening"/> a <pause dur="PT1S"/><seg n="7" type="overlap" xml:id="EDwsd9_ol_61"> printer <pause/> printer or <emph> inter</emph>net <supplied reason="unintelligible"> xxxx </supplied> yes </seg></u>
            <u who="#EDwsd9_S5" xml:id="EDwsd9_u_89"><seg n="7" synch="#EDwsd9_ol_61" type="overlap" xml:id="EDwsd9_ol_62"> printing <pause/> or you've <emph> questions </emph><pause/> we keep with you </seg> you'll be here <seg n="8" type="overlap" xml:id="EDwsd9_ol_63"> so<c type="lengthening"/></seg> don't worry <pause dur="PT3S"/><incident voice:desc="parallel conversations carry on in the background"/></u>
            <u who="#EDwsd9_S1" xml:id="EDwsd9_u_90"><seg n="8" synch="#EDwsd9_ol_63" type="overlap" xml:id="EDwsd9_ol_64"> yes </seg></u>
            <u who="#EDwsd9_S1" xml:id="EDwsd9_u_91"> ok<seg n="9" type="overlap" xml:id="EDwsd9_ol_65">ay<c function="rise" type="intonation"/></seg><pause/> i don't know <pause dur="PT1S"/> we'll divide you into groups <pause/> e<c type="lengthening"/>r <pause/> we'll just do it by one two three four <pause/></u>
            <u who="#EDwsd9_S5" xml:id="EDwsd9_u_92"><seg n="9" synch="#EDwsd9_ol_65" type="overlap" xml:id="EDwsd9_ol_66"> yah </seg></u>
            <u who="#EDwsd9_S5" xml:id="EDwsd9_u_93"> random<seg n="1" type="overlap" xml:id="EDwsd9_ol_67">ly </seg></u>
            <u who="#EDwsd9_S1" xml:id="EDwsd9_u_94"><seg n="1" synch="#EDwsd9_ol_67" type="overlap" xml:id="EDwsd9_ol_68"> and </seg> this <pause dur="PT1S"/> corresponds to the scenarios <pause dur="PT1S"/> so that's<c type="lengthening"/> one two three <pause/> four<c function="rise" type="intonation"/><pause dur="PT1S"/><incident voice:desc="S1 points at participants while assigning numbers to them"/><shift corresp="#EDwsd9_s_46" feature="loud" new="p" xml:id="EDwsd9_s_45"/> one two three four <pause/> one <pause dur="PT1S"/> two three <pause/> four<c function="rise" type="intonation"/><pause/> one <shift corresp="#EDwsd9_s_45" feature="loud" new="neutral" xml:id="EDwsd9_s_46"/><pause/></u>
            <u who="#EDwsd9_S6" xml:id="EDwsd9_u_95"><shift corresp="#EDwsd9_s_48" feature="loud" new="p" xml:id="EDwsd9_s_47"/> haeh<c function="rise" type="intonation"/><shift corresp="#EDwsd9_s_47" feature="loud" new="neutral" xml:id="EDwsd9_s_48"/></u>
            <u who="#EDwsd9_S1" xml:id="EDwsd9_u_96"> two<c function="fall" type="intonation"/><pause/> three <pause/> four <pause/></u>
            <u who="#EDwsd9_S7" xml:id="EDwsd9_u_97"><shift corresp="#EDwsd9_s_50" feature="voice" new="singing" xml:id="EDwsd9_s_49"/><shift corresp="#EDwsd9_s_52" feature="loud" new="p" xml:id="EDwsd9_s_51"/> one two <seg type="onomatopoeia"> dəm dəm dəm </seg><shift corresp="#EDwsd9_s_51" feature="loud" new="neutral" xml:id="EDwsd9_s_52"/><shift corresp="#EDwsd9_s_49" feature="voice" new="neutral" xml:id="EDwsd9_s_50"/></u>
            <u who="#EDwsd9_S1" xml:id="EDwsd9_u_98"> e<c type="lengthening"/>r one two three <seg n="2" type="overlap" xml:id="EDwsd9_ol_69"> four <pause/> a<c type="lengthening"/>nd </seg> you're <supplied reason="unintelligible"> xx </supplied></u>
            <u who="#EDwsd9_S6" xml:id="EDwsd9_u_99"><voice:to who="#EDwsd9_S4"><seg n="2" synch="#EDwsd9_ol_69" type="overlap" xml:id="EDwsd9_ol_70"><shift corresp="#EDwsd9_s_54" feature="voice" new="whisp" xml:id="EDwsd9_s_53"/> what number are you<c function="rise" type="intonation"/><shift corresp="#EDwsd9_s_53" feature="voice" new="neutral" xml:id="EDwsd9_s_54"/></seg></voice:to></u>
            <u who="#EDwsd9_S4" xml:id="EDwsd9_u_100"><voice:to who="#EDwsd9_S6"><shift corresp="#EDwsd9_s_56" feature="voice" new="whisp" xml:id="EDwsd9_s_55"/> what<c function="rise" type="intonation"/><shift corresp="#EDwsd9_s_55" feature="voice" new="neutral" xml:id="EDwsd9_s_56"/></voice:to></u>
            <u who="#EDwsd9_S1" xml:id="EDwsd9_u_101"><seg n="3" type="overlap" xml:id="EDwsd9_ol_71"> one two three<c function="fall" type="intonation"/></seg></u>
            <u who="#EDwsd9_S6" xml:id="EDwsd9_u_102"><voice:to who="#EDwsd9_S4"><shift corresp="#EDwsd9_s_58" feature="voice" new="whisp" xml:id="EDwsd9_s_57"/><seg n="3" synch="#EDwsd9_ol_71" type="overlap" xml:id="EDwsd9_ol_72"> what number </seg> are you<c function="rise" type="intonation"/><shift corresp="#EDwsd9_s_57" feature="voice" new="neutral" xml:id="EDwsd9_s_58"/></voice:to></u>
            <u who="#EDwsd9_S4" xml:id="EDwsd9_u_103"><voice:to who="#EDwsd9_S6"><shift corresp="#EDwsd9_s_60" feature="voice" new="whisp" xml:id="EDwsd9_s_59"/> four <shift corresp="#EDwsd9_s_59" feature="voice" new="neutral" xml:id="EDwsd9_s_60"/></voice:to><pause dur="PT1S"/></u>
            <u who="#EDwsd9_S1" xml:id="EDwsd9_u_104"> perfect<c function="fall" type="intonation"/></u>
            <u who="#EDwsd9_S5" xml:id="EDwsd9_u_105"> is <seg n="4" type="overlap" xml:id="EDwsd9_ol_73"> it clear<c function="rise" type="intonation"/></seg></u>
            <u who="#EDwsd9_S4" xml:id="EDwsd9_u_106"><voice:to who="#EDwsd9_S6"><seg n="4" synch="#EDwsd9_ol_73" type="overlap" xml:id="EDwsd9_ol_74"><shift corresp="#EDwsd9_s_62" feature="voice" new="whisp" xml:id="EDwsd9_s_61"/> no <pause/> three <shift corresp="#EDwsd9_s_61" feature="voice" new="neutral" xml:id="EDwsd9_s_62"/></seg></voice:to></u>
            <u who="#EDwsd9_SS" xml:id="EDwsd9_u_107"> no no no <voice:track medium="1" num="3" type="md"/> no no </u>
            <u who="#EDwsd9_S1" xml:id="EDwsd9_u_108"> no<c function="rise" type="intonation"/></u>
            <u who="#EDwsd9_SS" xml:id="EDwsd9_u_109"><vocal subtype="wordstart" type="wordlike" voice:desc="laughing" voice:syl="2"/></u>
            <u who="#EDwsd9_S5" xml:id="EDwsd9_u_110"><shift corresp="#EDwsd9_s_64" feature="voice" new="laugh" xml:id="EDwsd9_s_63"/> okay <shift corresp="#EDwsd9_s_63" feature="voice" new="neutral" xml:id="EDwsd9_s_64"/><pause dur="PT1S"/> you're one </u>
            <u who="#EDwsd9_S7" xml:id="EDwsd9_u_111"> by by lines or by<c type="lengthening"/></u>
            <u who="#EDwsd9_S4" xml:id="EDwsd9_u_112"> by <seg n="5" type="overlap" xml:id="EDwsd9_ol_75"> scenario </seg></u>
            <u who="#EDwsd9_S5" xml:id="EDwsd9_u_113"><seg n="5" synch="#EDwsd9_ol_75" type="overlap" xml:id="EDwsd9_ol_76"> no no no no </seg><pause/><seg n="6" type="overlap" xml:id="EDwsd9_ol_77"> you're one </seg></u>
            <u who="#EDwsd9_S2" xml:id="EDwsd9_u_114"><seg n="6" synch="#EDwsd9_ol_77" type="overlap" xml:id="EDwsd9_ol_78"><supplied reason="unintelligible"> xxx </supplied></seg> is one <seg n="7" type="overlap" xml:id="EDwsd9_ol_79"> group </seg><pause/></u>
            <u who="#EDwsd9_S7" xml:id="EDwsd9_u_115"><seg n="7" synch="#EDwsd9_ol_79" type="overlap" xml:id="EDwsd9_ol_80"> right </seg></u>
            <u who="#EDwsd9_S2" xml:id="EDwsd9_u_116"> if one <seg n="8" type="overlap" xml:id="EDwsd9_ol_81"> who's two </seg> he's another group <anchor synch="#EDwsd9_oc_7" type="other_continuation" xml:id="EDwsd9_oc_6"/></u>
            <u who="#EDwsd9_S5" xml:id="EDwsd9_u_117"><seg n="8" synch="#EDwsd9_ol_81" type="overlap" xml:id="EDwsd9_ol_82"> you're one </seg></u>
            <u who="#EDwsd9_S5" xml:id="EDwsd9_u_118"><anchor synch="#EDwsd9_oc_6" type="other_continuation" xml:id="EDwsd9_oc_7"/> you have scenario <seg n="9" type="overlap" xml:id="EDwsd9_ol_83"> number one </seg></u>
            <u who="#EDwsd9_SX-f" xml:id="EDwsd9_u_119"><seg n="9" synch="#EDwsd9_ol_83" type="overlap" xml:id="EDwsd9_ol_84"> once again </seg></u>
            <u who="#EDwsd9_S7" xml:id="EDwsd9_u_120"><seg n="9" synch="#EDwsd9_ol_83" type="overlap" xml:id="EDwsd9_ol_85"> a<c type="lengthening"/><c type="lengthening"/></seg><seg n="1" type="overlap" xml:id="EDwsd9_ol_86">h </seg></u>
            <u who="#EDwsd9_S5" xml:id="EDwsd9_u_121"><seg n="1" synch="#EDwsd9_ol_86" type="overlap" xml:id="EDwsd9_ol_87"> you have </seg> scenario number two </u>
            <u who="#EDwsd9_S7" xml:id="EDwsd9_u_122"> no<c function="fall" type="intonation"/></u>
            <u who="#EDwsd9_S5" xml:id="EDwsd9_u_123"> number <seg n="2" type="overlap" xml:id="EDwsd9_ol_88"> three </seg></u>
            <u who="#EDwsd9_SS" xml:id="EDwsd9_u_124"><seg n="2" synch="#EDwsd9_ol_88" type="overlap" xml:id="EDwsd9_ol_89"><vocal subtype="wordstart" type="wordlike" voice:desc="laughing" voice:syl="2"/></seg><seg n="3" type="overlap" xml:id="EDwsd9_ol_90"><vocal subtype="wordstart" type="wordlike" voice:desc="laughing" voice:syl="5"/></seg></u>
            <u who="#EDwsd9_S7" xml:id="EDwsd9_u_125"><seg n="3" synch="#EDwsd9_ol_90" type="overlap" xml:id="EDwsd9_ol_91"> no<c function="fall" type="intonation"/><pause/> n-n n-n n-n n-n </seg><shift corresp="#EDwsd9_s_66" feature="voice" new="laugh" xml:id="EDwsd9_s_65"/> impossible <shift corresp="#EDwsd9_s_65" feature="voice" new="neutral" xml:id="EDwsd9_s_66"/></u>
            <u who="#EDwsd9_S5" xml:id="EDwsd9_u_126"> num<seg n="4" type="overlap" xml:id="EDwsd9_ol_92">ber three num</seg><seg n="5" type="overlap" xml:id="EDwsd9_ol_93">ber four<c function="fall" type="intonation"/></seg></u>
            <u who="#EDwsd9_S8" xml:id="EDwsd9_u_127"><seg n="4" synch="#EDwsd9_ol_92" type="overlap" xml:id="EDwsd9_ol_94"> number </seg><seg n="5" synch="#EDwsd9_ol_93" type="overlap" xml:id="EDwsd9_ol_95"> three i </seg><seg n="6" type="overlap" xml:id="EDwsd9_ol_96"> am </seg></u>
            <u who="#EDwsd9_S1" xml:id="EDwsd9_u_128"><voice:to who="#EDwsd9_S7"><seg n="5" synch="#EDwsd9_ol_93" type="overlap" xml:id="EDwsd9_ol_97"> it's like </seg><seg n="6" synch="#EDwsd9_ol_96" type="overlap" xml:id="EDwsd9_ol_98"> you can mo<c type="lengthening"/></seg><seg n="7" type="overlap" xml:id="EDwsd9_ol_99">ve </seg></voice:to></u>
            <u who="#EDwsd9_S5" xml:id="EDwsd9_u_129"><seg n="7" synch="#EDwsd9_ol_99" type="overlap" xml:id="EDwsd9_ol_100"> okay </seg> that's clear<c function="fall" type="intonation"/></u>
            <u who="#EDwsd9_SX-f" xml:id="EDwsd9_u_130"><shift corresp="#EDwsd9_s_68" feature="loud" new="p" xml:id="EDwsd9_s_67"/> yah <shift corresp="#EDwsd9_s_67" feature="loud" new="neutral" xml:id="EDwsd9_s_68"/></u>
            <u who="#EDwsd9_S5" xml:id="EDwsd9_u_131"><seg n="1" type="overlap" xml:id="EDwsd9_ol_101"> number one </seg></u>
            <u who="#EDwsd9_S8" xml:id="EDwsd9_u_132"><seg n="1" synch="#EDwsd9_ol_101" type="overlap" xml:id="EDwsd9_ol_102"><shift corresp="#EDwsd9_s_70" feature="loud" new="p" xml:id="EDwsd9_s_69"/> number three <shift corresp="#EDwsd9_s_69" feature="loud" new="neutral" xml:id="EDwsd9_s_70"/></seg></u>
            <u who="#EDwsd9_S4" xml:id="EDwsd9_u_133"> we started <seg n="2" type="overlap" xml:id="EDwsd9_ol_103"> there </seg></u>
            <u who="#EDwsd9_S1" xml:id="EDwsd9_u_134"><voice:to who="#EDwsd9_S7"><seg n="2" synch="#EDwsd9_ol_103" type="overlap" xml:id="EDwsd9_ol_104"> er if </seg><seg n="3" type="overlap" xml:id="EDwsd9_ol_105"> you can </seg></voice:to></u>
            <u who="#EDwsd9_S5" xml:id="EDwsd9_u_135"><seg n="3" synch="#EDwsd9_ol_105" type="overlap" xml:id="EDwsd9_ol_106"> number </seg> two </u>
            <u who="#EDwsd9_S1" xml:id="EDwsd9_u_136"><voice:to who="#EDwsd9_S7"> change with some<seg n="4" type="overlap" xml:id="EDwsd9_ol_107">body else <pause/> we can e<c type="lengthening"/>r arrange </seg> it<c function="fall" type="intonation"/></voice:to><anchor synch="#EDwsd9_oc_9" type="other_continuation" xml:id="EDwsd9_oc_8"/></u>
            <u who="#EDwsd9_S5" xml:id="EDwsd9_u_137"><seg n="4" synch="#EDwsd9_ol_107" type="overlap" xml:id="EDwsd9_ol_108"> oh you want to <pause/> then i start over there<c function="rise" type="intonation"/><pause/> okay<c function="fall" type="intonation"/></seg></u>
            <u who="#EDwsd9_S5" xml:id="EDwsd9_u_138"><anchor synch="#EDwsd9_oc_8" type="other_continuation" xml:id="EDwsd9_oc_9"/> number one <pause/> number two <pause/> number three <pause/> number four <pause/> number f<c type="lengthening"/>-  </u>
            <u who="#EDwsd9_S7" xml:id="EDwsd9_u_139"><supplied reason="unintelligible"> xx </supplied></u>
            <u who="#EDwsd9_S5" xml:id="EDwsd9_u_140"><shift corresp="#EDwsd9_s_72" feature="loud" new="p" xml:id="EDwsd9_s_71"/> one <shift corresp="#EDwsd9_s_71" feature="loud" new="neutral" xml:id="EDwsd9_s_72"/></u>
            <u who="#EDwsd9_S4" xml:id="EDwsd9_u_141"><shift corresp="#EDwsd9_s_74" feature="voice" new="laugh" xml:id="EDwsd9_s_73"/> one <shift corresp="#EDwsd9_s_73" feature="voice" new="neutral" xml:id="EDwsd9_s_74"/></u>
            <u who="#EDwsd9_SS" xml:id="EDwsd9_u_142"><seg n="5" type="overlap" xml:id="EDwsd9_ol_109"><vocal subtype="wordstart" type="wordlike" voice:desc="laughing" voice:syl="3"/></seg></u>
            <u who="#EDwsd9_S5" xml:id="EDwsd9_u_143"><shift corresp="#EDwsd9_s_76" feature="voice" new="laugh" xml:id="EDwsd9_s_75"/><seg n="5" synch="#EDwsd9_ol_109" type="overlap" xml:id="EDwsd9_ol_110"><unclear> i wanted to </unclear> say <emph> five </emph></seg> but no <pause/> let's take four <shift corresp="#EDwsd9_s_75" feature="voice" new="neutral" xml:id="EDwsd9_s_76"/><pause/> number one<c function="fall" type="intonation"/><pause/><seg n="6" type="overlap" xml:id="EDwsd9_ol_111"> then you're </seg><pause/></u>
            <u who="#EDwsd9_S8" xml:id="EDwsd9_u_144"><seg n="6" synch="#EDwsd9_ol_111" type="overlap" xml:id="EDwsd9_ol_112"><voice:to who="#EDwsd9_S4"> you had this<c function="rise" type="intonation"/></voice:to></seg></u>
            <u who="#EDwsd9_S5" xml:id="EDwsd9_u_145"> two  </u>
            <u who="#EDwsd9_S4" xml:id="EDwsd9_u_146"><voice:to who="#EDwsd9_S8"> mhm </voice:to><pause/></u>
            <u who="#EDwsd9_S5" xml:id="EDwsd9_u_147"> three <pause/> four <pause/> one<c function="fall" type="intonation"/><pause dur="PT1S"/> can you do the back rows<c function="rise" type="intonation"/></u>
            <u who="#EDwsd9_S1" xml:id="EDwsd9_u_148"> e<c type="lengthening"/>r <pause/></u>
            <u who="#EDwsd9_S5" xml:id="EDwsd9_u_149"> one </u>
            <u who="#EDwsd9_S1" xml:id="EDwsd9_u_150"> from here<c function="rise" type="intonation"/></u>
            <u who="#EDwsd9_SX-f" xml:id="EDwsd9_u_151"><seg n="7" type="overlap" xml:id="EDwsd9_ol_113"><shift corresp="#EDwsd9_s_78" feature="loud" new="p" xml:id="EDwsd9_s_77"/> two <shift corresp="#EDwsd9_s_77" feature="loud" new="neutral" xml:id="EDwsd9_s_78"/></seg></u>
            <u who="#EDwsd9_S5" xml:id="EDwsd9_u_152"><seg n="7" synch="#EDwsd9_ol_113" type="overlap" xml:id="EDwsd9_ol_114"> yah </seg></u>
            <u who="#EDwsd9_S1" xml:id="EDwsd9_u_153"><shift corresp="#EDwsd9_s_80" feature="tempo" new="l" xml:id="EDwsd9_s_79"/> one two three four<c function="rise" type="intonation"/><shift corresp="#EDwsd9_s_79" feature="tempo" new="neutral" xml:id="EDwsd9_s_80"/></u>
            <u who="#EDwsd9_S5" xml:id="EDwsd9_u_154"> no <seg n="8" type="overlap" xml:id="EDwsd9_ol_115"> just </seg></u>
            <u who="#EDwsd9_S6" xml:id="EDwsd9_u_155"><seg n="8" synch="#EDwsd9_ol_115" type="overlap" xml:id="EDwsd9_ol_116"> no </seg> no no  </u>
            <u who="#EDwsd9_S2" xml:id="EDwsd9_u_156"><supplied reason="unintelligible"> xx </supplied> number two <seg n="9" type="overlap" xml:id="EDwsd9_ol_117"><supplied reason="unintelligible"> xx </supplied></seg> one </u>
            <u who="#EDwsd9_S1" xml:id="EDwsd9_u_157"><seg n="9" synch="#EDwsd9_ol_117" type="overlap" xml:id="EDwsd9_ol_118"> oops </seg></u>
            <u who="#EDwsd9_SX-f" xml:id="EDwsd9_u_158"> and i am number <seg n="1" type="overlap" xml:id="EDwsd9_ol_119"> three </seg></u>
            <u who="#EDwsd9_S5" xml:id="EDwsd9_u_159"><seg n="1" synch="#EDwsd9_ol_119" type="overlap" xml:id="EDwsd9_ol_120"> yeah </seg><pause/></u>
            <u who="#EDwsd9_S5" xml:id="EDwsd9_u_160"> he's number one  </u>
            <u who="#EDwsd9_S9" xml:id="EDwsd9_u_161"> it <seg n="2" type="overlap" xml:id="EDwsd9_ol_121"> would be </seg> a lot easier sorry if er everyone of us would er ju<seg n="3" type="overlap" xml:id="EDwsd9_ol_122">st say the number </seg></u>
            <u who="#EDwsd9_S5" xml:id="EDwsd9_u_162"><seg n="2" synch="#EDwsd9_ol_121" type="overlap" xml:id="EDwsd9_ol_123"> two </seg></u>
            <u who="#EDwsd9_S4" xml:id="EDwsd9_u_163"><seg n="3" synch="#EDwsd9_ol_122" type="overlap" xml:id="EDwsd9_ol_124"> just <emph> say </emph> it </seg></u>
            <u who="#EDwsd9_SS" xml:id="EDwsd9_u_164"> yeah <seg n="4" type="overlap" xml:id="EDwsd9_ol_125"><vocal subtype="wordstart" type="wordlike" voice:desc="laughing" voice:syl="4"/></seg><incident voice:desc="there are several parallel conversations in the background"/></u>
            <u who="#EDwsd9_S5" xml:id="EDwsd9_u_165"><seg n="4" synch="#EDwsd9_ol_125" type="overlap" xml:id="EDwsd9_ol_126"> okay<c function="fall" type="intonation"/> yeah<c function="fall" type="intonation"/> that's maybe better </seg></u>
            <u who="#EDwsd9_SS" xml:id="EDwsd9_u_166"><vocal subtype="wordstart" type="wordlike" voice:desc="laughing" voice:syl="2"/></u>
            <u who="#EDwsd9_S5" xml:id="EDwsd9_u_167"> i agree <pause dur="PT2S"/><seg n="5" type="overlap" xml:id="EDwsd9_ol_127"> but<c type="lengthening"/></seg> the first row still remember  their number <seg n="6" type="overlap" xml:id="EDwsd9_ol_128"> right<c function="rise" type="intonation"/></seg></u>
            <u who="#EDwsd9_S11" xml:id="EDwsd9_u_168"><seg n="5" synch="#EDwsd9_ol_127" type="overlap" xml:id="EDwsd9_ol_129"> yeah </seg></u>
            <u who="#EDwsd9_SS" xml:id="EDwsd9_u_169"><seg n="6" synch="#EDwsd9_ol_128" type="overlap" xml:id="EDwsd9_ol_130"> yes </seg></u>
            <u who="#EDwsd9_S5" xml:id="EDwsd9_u_170"> okay then from there on <pause/> can y<seg n="7" type="overlap" xml:id="EDwsd9_ol_131">ou <unclear> s- </unclear></seg></u>
            <u who="#EDwsd9_SX-f" xml:id="EDwsd9_u_171"><seg n="7" synch="#EDwsd9_ol_131" type="overlap" xml:id="EDwsd9_ol_132"> two </seg></u>
            <u who="#EDwsd9_SX-f" xml:id="EDwsd9_u_172"> three  </u>
            <u who="#EDwsd9_SX-f" xml:id="EDwsd9_u_173"> four </u>
            <u who="#EDwsd9_SX-m" xml:id="EDwsd9_u_174"> five <pause/></u>
            <u who="#EDwsd9_SX-f" xml:id="EDwsd9_u_175"> two <pause dur="PT1S"/></u>
            <u who="#EDwsd9_S1" xml:id="EDwsd9_u_176"> okay<c function="fall" type="intonation"/><pause dur="PT1S"/></u>
            <u who="#EDwsd9_S5" xml:id="EDwsd9_u_177"> number<c function="rise" type="intonation"/></u>
            <u who="#EDwsd9_SX-f" xml:id="EDwsd9_u_178"> four </u>
            <u who="#EDwsd9_SX-f" xml:id="EDwsd9_u_179"><shift corresp="#EDwsd9_s_82" feature="loud" new="p" xml:id="EDwsd9_s_81"/> four<c function="rise" type="intonation"/><shift corresp="#EDwsd9_s_81" feature="loud" new="neutral" xml:id="EDwsd9_s_82"/></u>
            <u who="#EDwsd9_SX-f" xml:id="EDwsd9_u_180"><seg n="1" type="overlap" xml:id="EDwsd9_ol_133"> no i </seg></u>
            <u who="#EDwsd9_S5" xml:id="EDwsd9_u_181"><seg n="1" synch="#EDwsd9_ol_133" type="overlap" xml:id="EDwsd9_ol_134"> you're three<c function="rise" type="intonation"/></seg><incident voice:desc="parallel conversation between S3 and S7 starts"/></u>
            <u who="#EDwsd9_SS" xml:id="EDwsd9_u_182"><seg n="2" type="overlap" xml:id="EDwsd9_ol_135"><vocal subtype="wordstart" type="wordlike" voice:desc="laughing" voice:syl="2"/></seg><seg n="3" type="overlap" xml:id="EDwsd9_ol_136"><vocal type="wordlike" voice:desc="laughing" voice:syl="2"/></seg></u>
            <u who="#EDwsd9_SX-f" xml:id="EDwsd9_u_183"><seg n="2" synch="#EDwsd9_ol_135" type="overlap" xml:id="EDwsd9_ol_137"><shift corresp="#EDwsd9_s_84" feature="voice" new="laugh" xml:id="EDwsd9_s_83"/> three four <shift corresp="#EDwsd9_s_83" feature="voice" new="neutral" xml:id="EDwsd9_s_84"/></seg></u>
            <u who="#EDwsd9_SX-f" xml:id="EDwsd9_u_184"><seg n="3" synch="#EDwsd9_ol_136" type="overlap" xml:id="EDwsd9_ol_138"><shift corresp="#EDwsd9_s_86" feature="voice" new="laugh" xml:id="EDwsd9_s_85"/> three four <shift corresp="#EDwsd9_s_85" feature="voice" new="neutral" xml:id="EDwsd9_s_86"/></seg></u>
            <u who="#EDwsd9_SX-f" xml:id="EDwsd9_u_185"> one  </u>
            <u who="#EDwsd9_SX-f" xml:id="EDwsd9_u_186"> two  </u>
            <u who="#EDwsd9_SX-f" xml:id="EDwsd9_u_187"> three  </u>
            <u who="#EDwsd9_SX-f" xml:id="EDwsd9_u_188"> four </u>
            <u who="#EDwsd9_S5" xml:id="EDwsd9_u_189"> okay<c function="fall" type="intonation"/> everybody remember<c function="rise" type="intonation"/></u>
            <u who="#EDwsd9_SS" xml:id="EDwsd9_u_190"> yeah </u>
            <u who="#EDwsd9_S5" xml:id="EDwsd9_u_191"> okay<c function="fall" type="intonation"/> then <pause/> erm <pause dur="PT1S"/><voice:to who="#EDwsd9_S1"><foreign type="L1" voice:translation="two groups" xml:lang="dut"> xx x <unclear> twee groepen </unclear><c function="rise" type="intonation"/></foreign></voice:to><pause dur="PT1S"/></u>
            <u who="#EDwsd9_S1" xml:id="EDwsd9_u_192"> e<c type="lengthening"/>r well yeah y- you don't have to stay here you can also go <pause dur="PT1S"/> go out <pause/> not too far of course because we'd like to have you back at <shift corresp="#EDwsd9_s_88" feature="tempo" new="l" xml:id="EDwsd9_s_87"/> half past fi<c type="lengthening"/>ve <shift corresp="#EDwsd9_s_87" feature="tempo" new="neutral" xml:id="EDwsd9_s_88"/><incident voice:desc="parallel conversation between S3 and S7 stops"/><pause dur="PT1S"/> e<c type="lengthening"/>r <pause/> with <pause dur="PT1S"/> some <pause dur="PT2S"/> well you don't have to give the presentation but we'd like to hear <pause/> how it is<c function="fall" type="intonation"/></u>
            <u who="#EDwsd9_S5" xml:id="EDwsd9_u_193"> yeah <incident voice:desc="several parallel conversations start in the background"/></u>
            <u who="#EDwsd9_S1" xml:id="EDwsd9_u_194"> what what you have <pause/> so that we can <seg n="4" type="overlap" xml:id="EDwsd9_ol_139"> make sure that you we can use something tomorrow </seg></u>
            <u who="#EDwsd9_S5" xml:id="EDwsd9_u_195"><seg n="4" synch="#EDwsd9_ol_139" type="overlap" xml:id="EDwsd9_ol_140"> but stay with your scenario </seg> group of course <pause/> it's not a break <pause/> it's not mixing <pause/> but you can go outside in the garden if you like </u>
            <u who="#EDwsd9_S6" xml:id="EDwsd9_u_196"><seg n="5" type="overlap" xml:id="EDwsd9_ol_141"> but it will be difficult to <supplied reason="unintelligible"> xx </supplied> time </seg></u>
            <u who="#EDwsd9_S8" xml:id="EDwsd9_u_197"><seg n="5" synch="#EDwsd9_ol_141" type="overlap" xml:id="EDwsd9_ol_142"> and <pause/> what time we came  back here<c function="rise" type="intonation"/></seg></u>
            <u who="#EDwsd9_S5" xml:id="EDwsd9_u_198"> you can stay here as well </u>
            <u who="#EDwsd9_S12" xml:id="EDwsd9_u_199"> at what <seg n="6" type="overlap" xml:id="EDwsd9_ol_143"> time </seg> just if we go out <seg n="7" type="overlap" xml:id="EDwsd9_ol_144"><supplied reason="unintelligible"> x x xx </supplied></seg></u>
            <u who="#EDwsd9_S8" xml:id="EDwsd9_u_200"><seg n="6" synch="#EDwsd9_ol_143" type="overlap" xml:id="EDwsd9_ol_145"> okay </seg></u>
            <u who="#EDwsd9_S5" xml:id="EDwsd9_u_201"><seg n="7" synch="#EDwsd9_ol_144" type="overlap" xml:id="EDwsd9_ol_146"> half past </seg> five </u>
            <u who="#EDwsd9_S7" xml:id="EDwsd9_u_202"> half past five<c function="rise" type="intonation"/></u>
            <u who="#EDwsd9_S5" xml:id="EDwsd9_u_203"> yes </u>
            <u who="#EDwsd9_S1" xml:id="EDwsd9_u_204"> half past five here <pause dur="PT1S"/></u>
            <u who="#EDwsd9_SX-f" xml:id="EDwsd9_u_205"><shift corresp="#EDwsd9_s_90" feature="loud" new="p" xml:id="EDwsd9_s_89"/> half past five <shift corresp="#EDwsd9_s_89" feature="loud" new="neutral" xml:id="EDwsd9_s_90"/></u>
            <u who="#EDwsd9_S5" xml:id="EDwsd9_u_206"> and if you go outside please stay <pause/> you know <seg n="8" type="overlap" xml:id="EDwsd9_ol_147"> in the area </seg><incident voice:desc="parallel discussions start, people are trying to find their group members"/></u>
            <u who="#EDwsd9_S8" xml:id="EDwsd9_u_207"><seg n="8" synch="#EDwsd9_ol_147" type="overlap" xml:id="EDwsd9_ol_148"> yah but half past </seg> five e<c type="lengthening"/>r <pause/> finished <pause/> with <pause/> the panel discussion<c function="rise" type="intonation"/></u>
            <u who="#EDwsd9_S10" xml:id="EDwsd9_u_208"> who is the group number four <pause dur="PT1S"/></u>
            <u who="#EDwsd9_S8" xml:id="EDwsd9_u_209"> er <pause/> excuse me <pause/> three<c function="rise" type="intonation"/></u>
            <u who="#EDwsd9_S6" xml:id="EDwsd9_u_210"> three <pause/> yes<c function="fall" type="intonation"/><pause/> ca- ca- can't we just stay here <seg n="1" type="overlap" xml:id="EDwsd9_ol_149"> so that we </seg> can <pause/></u>
            <u who="#EDwsd9_S8" xml:id="EDwsd9_u_211"><seg n="1" synch="#EDwsd9_ol_149" type="overlap" xml:id="EDwsd9_ol_150"> yes </seg></u>
            <u who="#EDwsd9_S6" xml:id="EDwsd9_u_212"> use the help of the facili<seg n="2" type="overlap" xml:id="EDwsd9_ol_151">tator </seg></u>
            <u who="#EDwsd9_S8" xml:id="EDwsd9_u_213"><seg n="2" synch="#EDwsd9_ol_151" type="overlap" xml:id="EDwsd9_ol_152"> maybe </seg> can go outside <pause/> it's very good weather and <pause/> not raining so we can </u>
            <u who="#EDwsd9_S6" xml:id="EDwsd9_u_214"> not rain<seg n="3" type="overlap" xml:id="EDwsd9_ol_153">ing but </seg><shift corresp="#EDwsd9_s_92" feature="voice" new="laugh" xml:id="EDwsd9_s_91"/> it's cold <shift corresp="#EDwsd9_s_91" feature="voice" new="neutral" xml:id="EDwsd9_s_92"/><vocal subtype="wordstart" type="wordlike" voice:desc="laughing" voice:syl="1"/></u>
            <u who="#EDwsd9_S8" xml:id="EDwsd9_u_215"><seg n="3" synch="#EDwsd9_ol_153" type="overlap" xml:id="EDwsd9_ol_154"><supplied reason="unintelligible"> xx </supplied></seg></u>
            <u who="#EDwsd9_S8" xml:id="EDwsd9_u_216"> no<c type="lengthening"/><pause/> cold<c function="rise" type="intonation"/> you wanna stay here<c function="rise" type="intonation"/><pause dur="PT1S"/></u>
            <u who="#EDwsd9_S6" xml:id="EDwsd9_u_217"> at least in the building<c function="fall" type="intonation"/></u>
            <u who="#EDwsd9_S8" xml:id="EDwsd9_u_218"> okay </u>
         </div>
      </body>
   </text>
</TEI>