<TEI xmlns="http://www.tei-c.org/ns/1.0" xmlns:voice="http://www.univie.ac.at/voice/ns/1.0" xmlns:xi="http://www.w3.org/2001/XInclude" version="5" xml:id="LEcon405" xml:lang="eng">
   <teiHeader>
      <fileDesc>
         <titleStmt>
            <title>conversation between exchange students about tourism and settling into a new city</title>
            <principal>Prof. Barbara Seidlhofer</principal>
            <editor/>
            <funder>Austrian Science Foundation (FWF)</funder>
            <sponsor/>
            <respStmt>
               <resp>Corpus Compilation</resp>
               <orgName>VOICE Project</orgName>
               <persName>Barbara Seidlhofer</persName>
               <persName>Angelika Breiteneder</persName>
               <persName>Marie-Luise Pitzl</persName>
               <persName>Stefan Majewski</persName>
               <persName>Theresa Klimpfinger</persName>
            </respStmt>
         </titleStmt>
         <editionStmt>
		<edition>Version 1.0 XML, <date>May 2011</date></edition>
	  <respStmt>
		<resp>Researchers</resp>
		<name>Barbara Seidlhofer</name> 		
		<name>Angelika Breiteneder</name> 
		<name>Theresa Klimpfinger</name> 
		<name>Stefan Majewski</name> 
		<name>Marie-Luise Pitzl</name> 
	  </respStmt>
	</editionStmt>
         <publicationStmt>
		<publisher>Barbara Seidlhofer, Stefan Majewski, Marie-Luise Pitzl</publisher> 
	  <distributor>VOICE Project, University of Vienna, Austria</distributor> 
	  <address>
		<addrLine>Spitalgasse 2, AAKH Hof 8</addrLine> 
		<addrLine>1090 Vienna</addrLine> 
		<addrLine>Austria</addrLine> 
		<addrLine>Telephone: +43 1 427742446</addrLine> 
	  	<addrLine>Email: voice@univie.ac.at</addrLine> 
		<addrLine>Website: http://www.univie.ac.at/voice</addrLine> 
	  </address>
	  <availability status="free">
	  	<p>
		  The Vienna-Oxford International Corpus of English (VOICE)
		  was created by Barbara Seidlhofer (project director) and
		  Angelika Breiteneder, Theresa Klimpfinger, Stefan Majewski,
		  Marie-Luise Pitzl (project researchers). VOICE 1.0 XML is
		  available for download at the VOICE Project's website <ref target="http://www.univie.ac.at/voice/">http://www.univie.ac.at/voice/</ref>
		  under a Creative Commons
		  Attribution-NonCommercial-ShareAlike 3.0 Unported (CC
		  BY-NC-SA 3.0) License (<ref target="http://creativecommons.org/licenses/by-nc-sa/3.0/">
		  http://creativecommons.org/licenses/by-nc-sa/3.0/
		  </ref>). The original audio files are held at the Department
		  of English, University of Vienna. 23 selected audio files
		  are available as audio streams in the VOICE Online interface
		  at the VOICE Project's website <ref target="http://www.univie.ac.at/voice">http://www.univie.ac.at/voice</ref>.
		</p>
		<p>
		The recommended citation for VOICE 1.0 XML is:
		</p>
		<p>
		<bibl><title>VOICE</title>. <date>2011</date>. <title level="m">The Vienna-Oxford International Corpus of
		English</title> (<edition>version 1.0
		XML</edition>). Director: Barbara Seidlhofer; Researchers:
		Angelika Breiteneder, Theresa Klimpfinger, Stefan Majewski,
		Marie-Luise Pitzl.</bibl>
		</p>
		<p>The short citation for VOICE 1.0 XML is:
		</p>
		<p>
		<bibl><title>VOICE</title>. <date>2011</date>. <title level="m">The Vienna-Oxford International Corpus of
		English</title> (<edition>version 1.0
		XML</edition>).</bibl></p>
		<p>
		  For further information about availability and copyright
		  permissions, please see the README file included in the
		  download package. For further enquiries please contact the
		  VOICE Project at <ref target="mailto:voice@univie.ac.at">voice@univie.ac.at</ref>.
		</p>
	  </availability>
	</publicationStmt>
         <notesStmt>
            <note xml:id="LEcon405_wc">Words: 1933</note>
            <note xml:id="LEcon405_tn_0">This conversation between two exchange students takes place at a pub. The two students have just met and talk about a miscellany of topics such as tourism in S1's hometown, settling into a new city, and reasons for coming to study in Vienna.  </note>
         </notesStmt>
         <sourceDesc>
            <recordingStmt>
               <recording dur="PT00H13M43S" type="audio">
                  <date>2005-10-02</date>
                  <equipment>
                     <p>Portable minidisc recorder with electret condenser stereo microphone</p>
                  </equipment>
                  <respStmt>
                     <resp>recording</resp>
                     <name>R14</name>
                  </respStmt>
               </recording>
            </recordingStmt>
         </sourceDesc>
      </fileDesc>
      <encodingDesc>
         <classDecl>
            <taxonomy>
               <category xml:id="LEcon405_domain">
                  <catDesc>Domain</catDesc>
                  <category sameAs="#ED" xml:id="LEcon405_ED">
                     <catDesc>educational</catDesc>
                  </category>
                  <category sameAs="#LE" xml:id="LEcon405_LE">
                     <catDesc>leisure</catDesc>
                  </category>
                  <category sameAs="#PB" xml:id="LEcon405_PB">
                     <catDesc>professional business</catDesc>
                  </category>
                  <category sameAs="#PO" xml:id="LEcon405_PO">
                     <catDesc>professional organizational</catDesc>
                  </category>
                  <category sameAs="#PR" xml:id="LEcon405_PR">
                     <catDesc>professional research/science</catDesc>
                  </category>
               </category>
               <category xml:id="LEcon405_spet">
                  <catDesc>Speech Event Type</catDesc>
                  <category sameAs="#int" xml:id="LEcon405_int">
                     <catDesc>interview</catDesc>
                  </category>
                  <category sameAs="#prc" xml:id="LEcon405_prc">
                     <catDesc>press conference</catDesc>
                  </category>
                  <category sameAs="#sve" xml:id="LEcon405_sve">
                     <catDesc>service encounter</catDesc>
                  </category>
                  <category sameAs="#sed" xml:id="LEcon405_sed">
                     <catDesc>seminar discussion</catDesc>
                  </category>
                  <category sameAs="#wgd" xml:id="LEcon405_wgd">
                     <catDesc>working group discussion</catDesc>
                  </category>
                  <category sameAs="#wsd" xml:id="LEcon405_wsd">
                     <catDesc>workshop discussion</catDesc>
                  </category>
                  <category sameAs="#mtg" xml:id="LEcon405_mtg">
                     <catDesc>meeting</catDesc>
                  </category>
                  <category sameAs="#pan" xml:id="LEcon405_pan">
                     <catDesc>panel</catDesc>
                  </category>
                  <category sameAs="#qas" xml:id="LEcon405_qas">
                     <catDesc>question-answer session</catDesc>
                  </category>
                  <category sameAs="#con" xml:id="LEcon405_con">
                     <catDesc>conversation</catDesc>
                  </category>
               </category>
            </taxonomy>
         </classDecl>
         <tagsDecl><namespace name="http://www.tei-c.org/ns/1.0">
      <tagUsage gi="TEI" occurs="1"/>
      <tagUsage gi="teiHeader" occurs="1"/>
      <tagUsage gi="fileDesc" occurs="1"/>
      <tagUsage gi="titleStmt" occurs="1"/>
      <tagUsage gi="title" occurs="5"/>
      <tagUsage gi="principal" occurs="1"/>
      <tagUsage gi="editor" occurs="1"/>
      <tagUsage gi="funder" occurs="1"/>
      <tagUsage gi="sponsor" occurs="1"/>
      <tagUsage gi="respStmt" occurs="3"/>
      <tagUsage gi="resp" occurs="3"/>
      <tagUsage gi="orgName" occurs="1"/>
      <tagUsage gi="persName" occurs="5"/>
      <tagUsage gi="editionStmt" occurs="1"/>
      <tagUsage gi="edition" occurs="3"/>
      <tagUsage gi="date" occurs="4"/>
      <tagUsage gi="name" occurs="8"/>
      <tagUsage gi="publicationStmt" occurs="1"/>
      <tagUsage gi="publisher" occurs="1"/>
      <tagUsage gi="distributor" occurs="1"/>
      <tagUsage gi="address" occurs="1"/>
      <tagUsage gi="addrLine" occurs="6"/>
      <tagUsage gi="availability" occurs="1"/>
      <tagUsage gi="p" occurs="7"/>
      <tagUsage gi="ref" occurs="5"/>
      <tagUsage gi="bibl" occurs="2"/>
      <tagUsage gi="notesStmt" occurs="1"/>
      <tagUsage gi="note" occurs="2"/>
      <tagUsage gi="sourceDesc" occurs="1"/>
      <tagUsage gi="recordingStmt" occurs="1"/>
      <tagUsage gi="recording" occurs="1"/>
      <tagUsage gi="equipment" occurs="1"/>
      <tagUsage gi="encodingDesc" occurs="1"/>
      <tagUsage gi="classDecl" occurs="1"/>
      <tagUsage gi="taxonomy" occurs="1"/>
      <tagUsage gi="category" occurs="17"/>
      <tagUsage gi="catDesc" occurs="17"/>
      <tagUsage gi="tagsDecl" occurs="1"/>
      <tagUsage gi="namespace" occurs="2"/>
      <tagUsage gi="tagUsage" occurs="80"/>
      <tagUsage gi="gi" occurs="5"/>
      <tagUsage gi="att" occurs="13"/>
      <tagUsage gi="list" occurs="11"/>
      <tagUsage gi="label" occurs="20"/>
      <tagUsage gi="val" occurs="41"/>
      <tagUsage gi="item" occurs="40"/>
      <tagUsage gi="profileDesc" occurs="1"/>
      <tagUsage gi="textClass" occurs="1"/>
      <tagUsage gi="catRef" occurs="2"/>
      <tagUsage gi="settingDesc" occurs="1"/>
      <tagUsage gi="setting" occurs="1"/>
      <tagUsage gi="locale" occurs="1"/>
      <tagUsage gi="activity" occurs="1"/>
      <tagUsage gi="particDesc" occurs="1"/>
      <tagUsage gi="listPerson" occurs="3"/>
      <tagUsage gi="personGrp" occurs="2"/>
      <tagUsage gi="person" occurs="3"/>
      <tagUsage gi="age" occurs="3"/>
      <tagUsage gi="sex" occurs="3"/>
      <tagUsage gi="occupation" occurs="3"/>
      <tagUsage gi="langKnowledge" occurs="3"/>
      <tagUsage gi="langKnown" occurs="3"/>
      <tagUsage gi="relationGrp" occurs="1"/>
      <tagUsage gi="relation" occurs="2"/>
      <tagUsage gi="revisionDesc" occurs="1"/>
      <tagUsage gi="change" occurs="5"/>
      <tagUsage gi="text" occurs="1"/>
      <tagUsage gi="body" occurs="1"/>
      <tagUsage gi="div" occurs="1"/>
      <tagUsage gi="u" occurs="213">Used to mark a stretch of speech commonly
		preceded and followed by a pause or by a change of speaker. A
		<gi>u</gi> is, however, not required to be bounded by a pause or
		a change of speaker, nor does it represent a turn in a
		conversation analytic sense. At a minimum, a <gi>u</gi> is some
		phonetic production or noise made by a given speaker or a group of speakers.</tagUsage>
      <tagUsage gi="pause" occurs="296">Used to mark a pause either between or
		within utterances. Used without <att>dur</att> attribute to
		indicate a brief pause up to half a second.
		</tagUsage>
      <tagUsage gi="c" occurs="126">Used to mark lengthening of sounds and
		intonation (fall, rise). The following <att>type</att>
		attributes are used to mark:
		<list>
		  <label><val>lengthening</val></label><item>lengthened
		  sounds</item>
		  <label><val>intonation</val></label><item>a significant change in
		  intonation, marked with the following <att>function</att>
		  attribute for:
		  <list>
			<label><val>fall</val></label><item>falling
			intonation</item>
			<label><val>rise</val></label><item>rising intonation</item>
		  </list>
		</item>
		</list>
		Intonation may or may not coincide with
		syntactic boundaries.
		</tagUsage>
      <tagUsage gi="anchor" occurs="60">Used to mark other-continuation,
		i.e. whenever a speaker continues another speaker's <gi>u</gi>
		without a pause. Other-continuation is to be interpreted
		temporally and does not relate to form or content of the
		speakers' utterances.</tagUsage>
      <tagUsage gi="unclear" occurs="14">Used to mark speech which cannot be
		transcribed with certainty, because it is difficult to hear or
		understand for the transcriber.</tagUsage>
      <tagUsage gi="supplied" occurs="10">Used to mark text supplied by the
		transcriber because the original is unintelligible or needed to
		be anonymized. The <att>reason</att> attribute is used to mark:
		<list>
		  <label><val>unintelligible</val></label><item>unintelligible
		  speech</item>
		  <label><val>anonymization</val></label><item>anonymized
		  speech</item>
		</list>
		</tagUsage>
      <tagUsage gi="seg" occurs="62">Used with different <att>type</att> attributes to mark:
		<list>
		  <label><att>type</att><val>overlap</val></label>
		  <item>overlaps</item>
		  <label><att>type</att><val>onomatopoeia</val></label>
		  <item>onomatopoeic sounds</item>
		  <label><att>type</att><val>ipa</val></label>
		  <item>transcriptions in the international phonetic alphabet</item>
		</list>
		</tagUsage>
      <tagUsage gi="emph" occurs="4">Used to mark speech which is stressed or
		emphasized in a way that goes beyond regular nuclear
		stress.</tagUsage>
      <tagUsage gi="foreign" occurs="18">Used to mark a word or phrase as
		belonging to some language other than English. The following
		values for the <att>type</att> attribute are used to mark:
		<list>
		  <label><val>L1</val></label><item>the speaker's first
		  language</item>
		  <label><val>LN</val></label><item>a language other than the
		  speaker's first language</item>
		  <label><val>LQ</val></label><item>a language where it cannot
		  be ascertained whether it is the speaker's first or other
		  language.</item>
		</list>
		Whenever possible, the 
		<att>voice:translation</att> attribute provides a rough translation of the
		non-English speech into English.
		</tagUsage>
      <tagUsage gi="vocal" occurs="46">Used to mark laughter and other speaker
		noises and non-verbal feedback.
        <list>
          <label>
            <val>speaker_noise</val>
          </label>
          <item>
            <list>
              <item>
                <val>coughing</val>
              </item>
              <item>
                <val>nods</val>
              </item>
              <item>
                <val>shakes head</val>
              </item>
              <item>
                <val>smacks lips</val>
              </item>
              <item>
                <val>sniffs</val>
              </item>
              <item>
                <val>swallows</val>
              </item>
              <item>
                <val>whistles</val>
              </item>
            </list>
          </item>
          <label>
            <val>wordlike</val>
          </label>
          <item>
            <val>laughing</val>
          </item>
        </list>
        </tagUsage>
      <tagUsage gi="shift" occurs="48">Used to mark the point at which some
		paralinguistic feature changes. The following attribute values
		are used to mark:
		<list>
          <label>
            <val>voice</val>
          </label>
          <item>voice quality
          <list>
            <item><val>imitating</val></item>
            <item><val>laugh</val></item>
            <item><val>neutral</val></item>
            <item><val>phone</val></item>
            <item><val>reading</val></item>
            <item><val>reading_aloud</val></item>
            <item><val>sigh</val></item>
            <item><val>singing</val></item>
            <item><val>whisp</val></item>
            <item><val>yawning</val></item>
          </list>
          </item>
          <label>
          <val>tempo</val></label>
          <item>speed of utterance
            <list>
              <label><val>a</val></label>
              <item>accelerando</item>
              <label><val>l</val></label>
              <item>lento</item>
              <label><val>neutral</val></label>
              <item>neutral</item>
            </list>
          </item>
          <label>
          <val>loud</val></label>
          <item>loudness
            <list>
              <item><val>f</val></item>
              <item><val>neutral</val></item>
              <item><val>p</val></item>
            </list>
          </item>
		  </list>
		</tagUsage>
      <tagUsage gi="incident" occurs="9">Used to mark contextual information
		relevant to the understanding of the interaction or the
		interaction as such. The <att>voice:desc</att> attribute
		provides a short prose description of the contextual
		event.</tagUsage></namespace><namespace name="http://www.univie.ac.at/voice/ns/1.0">
      <tagUsage gi="voice:track" occurs="5">Used to mark the beginning of a new
		audio track used in transcription (usually three minutes in length) and thus refers to the audio recording
		of the transcribed speech event.
		</tagUsage>
      <tagUsage gi="voice:pvc" occurs="1">Used to mark a pronunciation variation
		or coinage as described in <ref target="http://www.univie.ac.at/voice/documents/VOICE_mark-up_conventions_v2-1.pdf">the
			VOICE mark-up conventions [2.1].</ref>the
			VOICE mark-up conventions [2.1]. An existing word corresponding to the PVC may be provided within a <att>comment</att>comment attribute within the <gi>voice:pvc</gi>voice:pvc element. Additional phonetic
			transcription may be provided within a <att>voice:ipa</att>voice:ipa attribute
			within the <gi>voice:pvc</gi>voice:pvc element.</tagUsage></namespace></tagsDecl>
      </encodingDesc>
      <profileDesc>
         <textClass>
            <catRef target="#LEcon405_LE #LEcon405_con"/>
            <catRef target="#LE #con"/>
         </textClass>
         <settingDesc>
            <setting>
               <name type="country">AT</name>
               <name type="city">Vienna</name>
               <locale>pub</locale>
               <activity>looking at leaflets</activity>
            </setting>
         </settingDesc>
         <particDesc>
            <listPerson type="main">
               <listPerson type="groups">
                  <personGrp role="speakers" size="3"/>
                  <personGrp role="interactants" size="2"/>
               </listPerson>
               <listPerson type="identified">
                  <person role="participant" sameAs="#P164" xml:id="LEcon405_S1">
                     <age value="1">17-24</age>
                     <sex value="2">female</sex>
                     <occupation>student of archeology</occupation>
                     <langKnowledge>
                        <langKnown level="L1" tag="ita-IT"/>
                     </langKnowledge>
                  </person>
                  <person role="participant" sameAs="#P165" xml:id="LEcon405_S2">
                     <age value="1">17-24</age>
                     <sex value="2">female</sex>
                     <occupation>student</occupation>
                     <langKnowledge>
                        <langKnown level="L1" tag="ger-AT"/>
                     </langKnowledge>
                  </person>
                  <person role="non-participant" sameAs="#P166" xml:id="LEcon405_S3">
                     <age value="3">35-49</age>
                     <sex value="1">male</sex>
                     <occupation>waiter</occupation>
                     <langKnowledge>
                        <langKnown level="L1" tag="ger-AT"/>
                     </langKnowledge>
                  </person>
               </listPerson>
               <relationGrp>
                  <relation mutual="#LEcon405_S1 #LEcon405_S2" name="fairly_symmetrical" type="power"/>
                  <relation mutual="#LEcon405_S1 #LEcon405_S2" name="unacquainted" type="acquaintedness"/>
               </relationGrp>
            </listPerson>
         </particDesc>
      </profileDesc>
      <revisionDesc>
         <change when="2009-05-19" who="SM">conversion to XML</change>
         <change when="2009-05-11" who="TK">finalized for publication</change>
         <change when="2009-02-02" who="MLP">proof-reading</change>
         <change when="2006-09-22" who="TK">checking</change>
         <change when="2005-10-12" who="CH">transcription</change>
      </revisionDesc>
   </teiHeader>
   <text>
      <body>
         <div type="medium" voice:end="01:35" voice:end_medium_number="1" voice:end_track="5" voice:medium_type="md" voice:start="00:00" voice:start_medium_number="1" voice:start_track="1">
            <u who="#LEcon405_S1" xml:id="LEcon405_u_1"><voice:track medium="1" num="1" type="md"/> if not it's better to live er away or <pause/> in mestre which is er the<c type="lengthening"/> industrial city near venice erm <anchor synch="#LEcon405_oc_1" type="other_continuation" xml:id="LEcon405_oc_0"/></u>
            <u who="#LEcon405_S2" xml:id="LEcon405_u_2"><anchor synch="#LEcon405_oc_0" type="other_continuation" xml:id="LEcon405_oc_1"/> mhm </u>
            <u who="#LEcon405_S1" xml:id="LEcon405_u_3"> more <pause/> er many people live in mestre <unclear> west of </unclear><supplied reason="unintelligible"> xx </supplied><pause/> ve- venice is beautiful i as er <seg n="1" type="overlap" xml:id="LEcon405_ol_0"> but </seg><pause/></u>
            <u who="#LEcon405_S2" xml:id="LEcon405_u_4"><seg n="1" synch="#LEcon405_ol_0" type="overlap" xml:id="LEcon405_ol_1"> i know </seg></u>
            <u who="#LEcon405_S2" xml:id="LEcon405_u_5"> i visited venice like three years ago </u>
            <u who="#LEcon405_S1" xml:id="LEcon405_u_6"> yeah<c function="rise" type="intonation"/></u>
            <u who="#LEcon405_S2" xml:id="LEcon405_u_7"> and i had the feeling there were <emph> only </emph> tourists there <pause/> erm <pause/></u>
            <u who="#LEcon405_S1" xml:id="LEcon405_u_8"> er because<c type="lengthening"/> er er students and er venetian people <pause/> er don't er e<c type="lengthening"/>rm <pause/> don't e<c type="lengthening"/>rm <pause/> they they <pause/> live er other <pause/> for example san marco <foreign type="LN" voice:translation="square" xml:lang="ger"> platz </foreign> not in san marco </u>
            <u who="#LEcon405_S2" xml:id="LEcon405_u_9"> mhm </u>
            <u who="#LEcon405_S1" xml:id="LEcon405_u_10"> and er<c type="lengthening"/><c type="lengthening"/> are they<c type="lengthening"/> i can and i <pause/> when i go to university i choose er other ways <pause/> different ways from <seg n="2" type="overlap" xml:id="LEcon405_ol_2"> tourist </seg></u>
            <u who="#LEcon405_S2" xml:id="LEcon405_u_11"><seg n="2" synch="#LEcon405_ol_2" type="overlap" xml:id="LEcon405_ol_3"> you al</seg>ready know where <anchor synch="#LEcon405_oc_3" type="other_continuation" xml:id="LEcon405_oc_2"/></u>
            <u who="#LEcon405_S1" xml:id="LEcon405_u_12"><anchor synch="#LEcon405_oc_2" type="other_continuation" xml:id="LEcon405_oc_3"/> because i always er <pause/> erm <pause/> i'm always s- <foreign type="LN" voice:translation="late" xml:lang="ger"> spaet </foreign><vocal subtype="wordstart" type="wordlike" voice:desc="laughing" voice:syl="2"/><anchor synch="#LEcon405_oc_5" type="other_continuation" xml:id="LEcon405_oc_4"/></u>
            <u who="#LEcon405_S2" xml:id="LEcon405_u_13"><anchor synch="#LEcon405_oc_4" type="other_continuation" xml:id="LEcon405_oc_5"/><vocal subtype="wordstart" type="wordlike" voice:desc="laughing" voice:syl="3"/></u>
            <u who="#LEcon405_S1" xml:id="LEcon405_u_14"> and e<c type="lengthening"/>r <pause/> and so i must run <pause/> and if i find tourists </u>
            <u who="#LEcon405_S2" xml:id="LEcon405_u_15"><vocal subtype="wordstart" type="wordlike" voice:desc="laughing" voice:syl="2"/>  okay <anchor synch="#LEcon405_oc_7" type="other_continuation" xml:id="LEcon405_oc_6"/></u>
            <u who="#LEcon405_S1" xml:id="LEcon405_u_16"><anchor synch="#LEcon405_oc_6" type="other_continuation" xml:id="LEcon405_oc_7"/> they walk to slowly for me <vocal subtype="wordstart" type="wordlike" voice:desc="laughing" voice:syl="2"/> and so <pause/><seg n="3" type="overlap" xml:id="LEcon405_ol_4"> yes </seg></u>
            <u who="#LEcon405_S2" xml:id="LEcon405_u_17"><seg n="3" synch="#LEcon405_ol_4" type="overlap" xml:id="LEcon405_ol_5"> mhm </seg><pause dur="PT1S"/></u>
            <u who="#LEcon405_S1" xml:id="LEcon405_u_18"> but er<c type="lengthening"/><pause/> many many tourist <pause/> especially <pause/> in autumn <pause/> a<c type="lengthening"/>nd er summer yes and <pause/> in winter mhm <pause dur="PT1S"/> not so much <pause/> because it's cooler and er <pause/> there's high water <pause dur="PT1S"/></u>
            <u who="#LEcon405_S2" xml:id="LEcon405_u_19"> okay </u>
            <u who="#LEcon405_S1" xml:id="LEcon405_u_20"> but er <pause/> for example i find <pause/> i find that tourists er like high water <pause/> and er w- yes so <seg n="4" type="overlap" xml:id="LEcon405_ol_6"> tourist </seg><pause/></u>
            <u who="#LEcon405_S2" xml:id="LEcon405_u_21"><seg n="4" synch="#LEcon405_ol_6" type="overlap" xml:id="LEcon405_ol_7"> okay<c function="rise" type="intonation"/></seg></u>
            <u who="#LEcon405_S1" xml:id="LEcon405_u_22"> yes </u>
            <u who="#LEcon405_S2" xml:id="LEcon405_u_23"><shift corresp="#LEcon405_s_2" feature="voice" new="laugh" xml:id="LEcon405_s_1"/> why<c function="rise" type="intonation"/><shift corresp="#LEcon405_s_1" feature="voice" new="neutral" xml:id="LEcon405_s_2"/></u>
            <u who="#LEcon405_S1" xml:id="LEcon405_u_24"> for example japanese <pause/> japanese people or chinese people <seg n="5" type="overlap" xml:id="LEcon405_ol_8"><shift corresp="#LEcon405_s_4" feature="voice" new="laugh" xml:id="LEcon405_s_3"/><shift corresp="#LEcon405_s_6" feature="voice" new="imitating" xml:id="LEcon405_s_5"/> o<c type="lengthening"/>h o<c type="lengthening"/>h o<c type="lengthening"/>h <shift corresp="#LEcon405_s_5" feature="voice" new="neutral" xml:id="LEcon405_s_6"/><shift corresp="#LEcon405_s_3" feature="voice" new="neutral" xml:id="LEcon405_s_4"/></seg><incident voice:desc="S1 makes gestures"/></u>
            <u who="#LEcon405_S2" xml:id="LEcon405_u_25"><seg n="5" synch="#LEcon405_ol_8" type="overlap" xml:id="LEcon405_ol_9"><vocal subtype="wordstart" type="wordlike" voice:desc="laughing" voice:syl="3"/></seg><vocal subtype="wordstart" type="wordlike" voice:desc="laughing" voice:syl="3"/></u>
            <u who="#LEcon405_S1" xml:id="LEcon405_u_26"> and they <pause/> they <unclear> will </unclear> walk in the high water without shoes <pause/> and they are <seg type="onomatopoeia"> wəː </seg><vocal subtype="wordstart" type="wordlike" voice:desc="laughing" voice:syl="1"/></u>
            <u who="#LEcon405_S2" xml:id="LEcon405_u_27"><shift corresp="#LEcon405_s_8" feature="voice" new="laugh" xml:id="LEcon405_s_7"/> that's cold <pause/><seg n="6" type="overlap" xml:id="LEcon405_ol_10"> in the <emph> winter </emph><c function="rise" type="intonation"/></seg><shift corresp="#LEcon405_s_7" feature="voice" new="neutral" xml:id="LEcon405_s_8"/></u>
            <u who="#LEcon405_S1" xml:id="LEcon405_u_28"><seg n="6" synch="#LEcon405_ol_10" type="overlap" xml:id="LEcon405_ol_11"> yes <pause/> because </seg> if er they<c type="lengthening"/> er<c type="lengthening"/><pause dur="PT1S"/> i i think that's isn't <pause/> erm <pause dur="PT2S"/> one day <pause/> i'm walking with my<c type="lengthening"/> er <pause/> high shoes <pause/> because of the high water </u>
            <u who="#LEcon405_S2" xml:id="LEcon405_u_29"> mhm </u>
            <u who="#LEcon405_S1" xml:id="LEcon405_u_30"> and there's a so e<c type="lengthening"/>rm <pause/> mouse <pause/> a big mouse <pause/> who  swim er </u>
            <u who="#LEcon405_S2" xml:id="LEcon405_u_31"> o<c type="lengthening"/>h </u>
            <u who="#LEcon405_S1" xml:id="LEcon405_u_32"> which swim <pause/> next me  and <seg n="7" type="overlap" xml:id="LEcon405_ol_12"> i </seg><pause/></u>
            <u who="#LEcon405_S2" xml:id="LEcon405_u_33"><seg n="7" synch="#LEcon405_ol_12" type="overlap" xml:id="LEcon405_ol_13"> poor mouse </seg></u>
            <u who="#LEcon405_S1" xml:id="LEcon405_u_34"> i look to people <pause/> but i liked <pause/> i i look to <pause/> i look at people <pause/> who are walking without shoes in this <pause/> water and i <seg type="onomatopoeia"> mmm: </seg><pause dur="PT1S"/></u>
            <u who="#LEcon405_S2" xml:id="LEcon405_u_35"> but those are only the tourists <seg n="1" type="overlap" xml:id="LEcon405_ol_14"> who </seg> do <shift corresp="#LEcon405_s_10" feature="voice" new="laugh" xml:id="LEcon405_s_9"/> that right<c function="rise" type="intonation"/><shift corresp="#LEcon405_s_9" feature="voice" new="neutral" xml:id="LEcon405_s_10"/></u>
            <u who="#LEcon405_S1" xml:id="LEcon405_u_36"><seg n="1" synch="#LEcon405_ol_14" type="overlap" xml:id="LEcon405_ol_15"> yes </seg></u>
            <u who="#LEcon405_S1" xml:id="LEcon405_u_37"> yes <pause/></u>
            <u who="#LEcon405_S2" xml:id="LEcon405_u_38"> so are they bothering you<c function="rise" type="intonation"/><pause/></u>
            <u who="#LEcon405_S1" xml:id="LEcon405_u_39"> sorry<c function="rise" type="intonation"/></u>
            <u who="#LEcon405_S2" xml:id="LEcon405_u_40"> are they <pause/> er disturbing you<c function="rise" type="intonation"/><pause/> the tourists <pause/></u>
            <u who="#LEcon405_S1" xml:id="LEcon405_u_41"> no <pause/> no no no <pause/> it's e<c type="lengthening"/>r <pause/> the only <pause/> thing to do is to <pause/> erm <pause/> to walk er in e<c type="lengthening"/><c type="lengthening"/>r <pause/> to go in places different from tourist and <seg n="2" type="overlap" xml:id="LEcon405_ol_16"><unclear> to choose as i said </unclear></seg> to to choose different ways <unclear> as each match </unclear><supplied reason="unintelligible"> x </supplied> it's not a problem er <pause/></u>
            <u who="#LEcon405_S2" xml:id="LEcon405_u_42"><seg n="2" synch="#LEcon405_ol_16" type="overlap" xml:id="LEcon405_ol_17"> mhm </seg></u>
            <u who="#LEcon405_S1" xml:id="LEcon405_u_43"> venice er live with tourism  er <pause/> and is a <voice:pvc comment="touristy"> touristic </voice:pvc> city <anchor synch="#LEcon405_oc_9" type="other_continuation" xml:id="LEcon405_oc_8"/></u>
            <u who="#LEcon405_S2" xml:id="LEcon405_u_44"><anchor synch="#LEcon405_oc_8" type="other_continuation" xml:id="LEcon405_oc_9"/> mhm </u>
            <u who="#LEcon405_S1" xml:id="LEcon405_u_45"> but it's <pause/> without tourism er<c type="lengthening"/> i think er venice <pause dur="PT1S"/><incident dur="PT1S" voice:desc="S1 makes a gesture with her hand as to cut her throat "/></u>
            <u who="#LEcon405_S2" xml:id="LEcon405_u_46"><vocal subtype="wordstart" type="wordlike" voice:desc="laughing" voice:syl="3"/><pause dur="PT3S"/><incident voice:desc="leaflets for a party are being distributed, S1 and S2 read them"/></u>
            <u who="#LEcon405_S2" xml:id="LEcon405_u_47"> and <anchor synch="#LEcon405_oc_11" type="other_continuation" xml:id="LEcon405_oc_10"/></u>
            <u who="#LEcon405_S1" xml:id="LEcon405_u_48"><anchor synch="#LEcon405_oc_10" type="other_continuation" xml:id="LEcon405_oc_11"/> a<c type="lengthening"/>h welcome party <pause dur="PT1S"/></u>
            <u who="#LEcon405_S2" xml:id="LEcon405_u_49"> are you going to that<c function="rise" type="intonation"/><pause/><incident voice:desc="S2 points at the leaflet"/></u>
            <u who="#LEcon405_S1" xml:id="LEcon405_u_50"> i've received an email  </u>
            <u who="#LEcon405_S2" xml:id="LEcon405_u_51"><voice:track medium="1" num="2" type="md"/> mhm </u>
            <u who="#LEcon405_S1" xml:id="LEcon405_u_52"> er with all the<c type="lengthening"/> e<c type="lengthening"/>r <pause/> and also<c type="lengthening"/> these er <pause dur="PT2S"/></u>
            <u who="#LEcon405_S2" xml:id="LEcon405_u_53"> so that i've <unclear> ever </unclear> i only read it today <vocal subtype="wordstart" type="wordlike" voice:desc="laughing" voice:syl="2"/></u>
            <u who="#LEcon405_S1" xml:id="LEcon405_u_54"> a<c type="lengthening"/>h <shift corresp="#LEcon405_s_12" feature="voice" new="laugh" xml:id="LEcon405_s_11"/> okay so <shift corresp="#LEcon405_s_11" feature="voice" new="neutral" xml:id="LEcon405_s_12"/><pause dur="PT1S"/> but you have er already met your buddy<c function="rise" type="intonation"/><pause/></u>
            <u who="#LEcon405_S2" xml:id="LEcon405_u_55"> i don't have a buddy  </u>
            <u who="#LEcon405_S1" xml:id="LEcon405_u_56"> a<c type="lengthening"/>h you don't have one </u>
            <u who="#LEcon405_S2" xml:id="LEcon405_u_57"> cos i have a friend who lives here </u>
            <u who="#LEcon405_S1" xml:id="LEcon405_u_58"> a<c type="lengthening"/>h okay </u>
            <u who="#LEcon405_S2" xml:id="LEcon405_u_59"> so i thought she can <pause/> show me everything and <anchor synch="#LEcon405_oc_13" type="other_continuation" xml:id="LEcon405_oc_12"/></u>
            <u who="#LEcon405_S1" xml:id="LEcon405_u_60"><anchor synch="#LEcon405_oc_12" type="other_continuation" xml:id="LEcon405_oc_13"/> okay <pause dur="PT1S"/></u>
            <u who="#LEcon405_S2" xml:id="LEcon405_u_61"> and you have a buddy<c function="rise" type="intonation"/></u>
            <u who="#LEcon405_S1" xml:id="LEcon405_u_62"> yes but <pause/> as i said <pause/> to er as i've said to her <incident voice:desc="points at person recording the conversation"/><pause/> er i er <pause/> i have not met him yet because er he <pause/> he has written me he <pause/> now he is in graz <vocal subtype="wordstart" type="wordlike" voice:desc="laughing" voice:syl="3"/></u>
            <u who="#LEcon405_S2" xml:id="LEcon405_u_63"><shift corresp="#LEcon405_s_14" feature="voice" new="laugh" xml:id="LEcon405_s_13"/> great <shift corresp="#LEcon405_s_13" feature="voice" new="neutral" xml:id="LEcon405_s_14"/></u>
            <u who="#LEcon405_S1" xml:id="LEcon405_u_64"><vocal subtype="wordstart" type="wordlike" voice:desc="laughing" voice:syl="3"/>  no i <pause/> because i i need him <pause/> i need him because he can i hope he can show me <pause/> about the university and er where i have to go because <pause/> i <pause/> don't know where where is exactly is my er institute </u>
            <u who="#LEcon405_S2" xml:id="LEcon405_u_65"> mhm </u>
            <u who="#LEcon405_S1" xml:id="LEcon405_u_66"> institute for <foreign type="LN" voice:translation="orientalism" xml:lang="ger"> orientalistik </foreign><pause/> i don't know exactly where </u>
            <u who="#LEcon405_S2" xml:id="LEcon405_u_67"> and he is studying the same<c function="rise" type="intonation"/></u>
            <u who="#LEcon405_S1" xml:id="LEcon405_u_68"> no but er he study as you <pause/> er <foreign type="LN" voice:translation="theater media studies" xml:lang="ger"> theater medien<seg n="3" type="overlap" xml:id="LEcon405_ol_18">wissenschaften </seg></foreign> er<c type="lengthening"/> film e<c type="lengthening"/>r <seg n="4" type="overlap" xml:id="LEcon405_ol_19"> together </seg><foreign type="LN" voice:translation="media studies" xml:lang="ger"> medienwissenschaft </foreign> hh but erm<c type="lengthening"/><pause/></u>
            <u who="#LEcon405_S2" xml:id="LEcon405_u_69"><seg n="3" synch="#LEcon405_ol_18" type="overlap" xml:id="LEcon405_ol_20"> o<c type="lengthening"/>h cool <vocal subtype="wordstart" type="wordlike" voice:desc="laughing" voice:syl="3"/></seg></u>
            <u who="#LEcon405_S2" xml:id="LEcon405_u_70"><seg n="4" synch="#LEcon405_ol_19" type="overlap" xml:id="LEcon405_ol_21"> mhm </seg></u>
            <u who="#LEcon405_S1" xml:id="LEcon405_u_71"> we have we wrote er erm a lot of emails and he said me  that e<c type="lengthening"/>r <pause/> he had found my institute and <pause/> but now er <vocal subtype="wordstart" type="wordlike" voice:desc="laughing" voice:syl="2"/></u>
            <u who="#LEcon405_S2" xml:id="LEcon405_u_72"><vocal subtype="wordstart" type="wordlike" voice:desc="laughing" voice:syl="2"/></u>
            <u who="#LEcon405_S1" xml:id="LEcon405_u_73"> not here <pause/></u>
            <u who="#LEcon405_S2" xml:id="LEcon405_u_74"> great <vocal subtype="wordstart" type="wordlike" voice:desc="laughing" voice:syl="2"/></u>
            <u who="#LEcon405_S1" xml:id="LEcon405_u_75"> yes <pause/> i think i must do everything alone <pause dur="PT1S"/> i <pause/></u>
            <u who="#LEcon405_S2" xml:id="LEcon405_u_76"> but there's a <pause/> a tour <pause dur="PT1S"/> through the university </u>
            <u who="#LEcon405_S1" xml:id="LEcon405_u_77"> yes <pause/> tomorrow perhaps <pause/> or i meet <anchor synch="#LEcon405_oc_15" type="other_continuation" xml:id="LEcon405_oc_14"/></u>
            <u who="#LEcon405_S2" xml:id="LEcon405_u_78"><anchor synch="#LEcon405_oc_14" type="other_continuation" xml:id="LEcon405_oc_15"/> i think <seg n="5" type="overlap" xml:id="LEcon405_ol_22"> tomorrow or the day after that or </seg></u>
            <u who="#LEcon405_S1" xml:id="LEcon405_u_79"><seg n="5" synch="#LEcon405_ol_22" type="overlap" xml:id="LEcon405_ol_23"><unclear> so i or they all get </unclear></seg> tomorrow yes so <pause dur="PT1S"/> but i have spoken with my professor coordinating professor and er <pause/> he has said me  that er <pause/> he will help me <pause/><seg n="6" type="overlap" xml:id="LEcon405_ol_24"> and er </seg> so <pause/></u>
            <u who="#LEcon405_S2" xml:id="LEcon405_u_80"><seg n="6" synch="#LEcon405_ol_24" type="overlap" xml:id="LEcon405_ol_25"> mhm okay </seg></u>
            <u who="#LEcon405_S1" xml:id="LEcon405_u_81"> but tomorrow <anchor synch="#LEcon405_oc_17" type="other_continuation" xml:id="LEcon405_oc_16"/></u>
            <u who="#LEcon405_S2" xml:id="LEcon405_u_82"><anchor synch="#LEcon405_oc_16" type="other_continuation" xml:id="LEcon405_oc_17"/> you don't need your <seg n="7" type="overlap" xml:id="LEcon405_ol_26"> buddy </seg> any more </u>
            <u who="#LEcon405_S1" xml:id="LEcon405_u_83"><seg n="7" synch="#LEcon405_ol_26" type="overlap" xml:id="LEcon405_ol_27"> yeah </seg></u>
            <u who="#LEcon405_S1" xml:id="LEcon405_u_84"> no tomorrow in <supplied reason="unintelligible"> xxx </supplied> i will go to the erasmus office <pause/> and international office and i ask <pause/> if i need him <pause/> and if not <pause dur="PT3S"/></u>
            <u who="#LEcon405_S2" xml:id="LEcon405_u_85"> mhm <pause dur="PT1S"/> when did you get here<c function="rise" type="intonation"/></u>
            <u who="#LEcon405_S1" xml:id="LEcon405_u_86"> e<c type="lengthening"/>r <pause/> yesterday </u>
            <u who="#LEcon405_S2" xml:id="LEcon405_u_87"> o<c type="lengthening"/>h <shift corresp="#LEcon405_s_16" feature="voice" new="laugh" xml:id="LEcon405_s_15"/> okay <shift corresp="#LEcon405_s_15" feature="voice" new="neutral" xml:id="LEcon405_s_16"/></u>
            <u who="#LEcon405_S1" xml:id="LEcon405_u_88"> yes </u>
            <u who="#LEcon405_S2" xml:id="LEcon405_u_89"><shift corresp="#LEcon405_s_18" feature="voice" new="laugh" xml:id="LEcon405_s_17"/> so you didn't really have <seg n="1" type="overlap" xml:id="LEcon405_ol_28"> a chance </seg> to <shift corresp="#LEcon405_s_17" feature="voice" new="neutral" xml:id="LEcon405_s_18"/></u>
            <u who="#LEcon405_S1" xml:id="LEcon405_u_90"><seg n="1" synch="#LEcon405_ol_28" type="overlap" xml:id="LEcon405_ol_29"> no no </seg></u>
            <u who="#LEcon405_S1" xml:id="LEcon405_u_91"> no <seg n="2" type="overlap" xml:id="LEcon405_ol_30"> tomorrow </seg><pause/></u>
            <u who="#LEcon405_S2" xml:id="LEcon405_u_92"><seg n="2" synch="#LEcon405_ol_30" type="overlap" xml:id="LEcon405_ol_31"> find out </seg></u>
            <u who="#LEcon405_S1" xml:id="LEcon405_u_93"> today <pause/> this morning <pause/> i walk  around the<c type="lengthening"/><pause/> city <pause/> i visited er er <supplied reason="unintelligible"> xx </supplied><pause/> but er <pause/> the s- <pause/> the weather is not good a<c type="lengthening"/>nd </u>
            <u who="#LEcon405_S2" xml:id="LEcon405_u_94"> mhm </u>
            <u who="#LEcon405_S1" xml:id="LEcon405_u_95"> and er <pause/></u>
            <u who="#LEcon405_S2" xml:id="LEcon405_u_96"> it was so nice last week </u>
            <u who="#LEcon405_S1" xml:id="LEcon405_u_97"> yes<c function="rise" type="intonation"/></u>
            <u who="#LEcon405_S2" xml:id="LEcon405_u_98"><shift corresp="#LEcon405_s_20" feature="voice" new="laugh" xml:id="LEcon405_s_19"/> it was wonderful <shift corresp="#LEcon405_s_19" feature="voice" new="neutral" xml:id="LEcon405_s_20"/></u>
            <u who="#LEcon405_S1" xml:id="LEcon405_u_99"> but also yesterday<c type="lengthening"/></u>
            <u who="#LEcon405_S2" xml:id="LEcon405_u_100"> mhm </u>
            <u who="#LEcon405_S1" xml:id="LEcon405_u_101"> the sun<c type="lengthening"/> er <pause/> and <anchor synch="#LEcon405_oc_19" type="other_continuation" xml:id="LEcon405_oc_18"/></u>
            <u who="#LEcon405_S2" xml:id="LEcon405_u_102"><anchor synch="#LEcon405_oc_18" type="other_continuation" xml:id="LEcon405_oc_19"/> but then it was raining again </u>
            <u who="#LEcon405_S1" xml:id="LEcon405_u_103"> yes <pause/> but no <pause dur="PT2S"/> i've been <incident voice:desc="S1 makes gestures"/><vocal subtype="wordstart" type="wordlike" voice:desc="laughing" voice:syl="2"/></u>
            <u who="#LEcon405_S2" xml:id="LEcon405_u_104"><vocal subtype="wordstart" type="wordlike" voice:desc="laughing" voice:syl="3"/><pause dur="PT1S"/></u>
            <u who="#LEcon405_S1" xml:id="LEcon405_u_105"> yes <pause dur="PT1S"/></u>
            <u who="#LEcon405_S2" xml:id="LEcon405_u_106"> i hope it's getting better <vocal subtype="wordstart" type="wordlike" voice:desc="laughing" voice:syl="2"/></u>
            <u who="#LEcon405_S1" xml:id="LEcon405_u_107"> yes <pause dur="PT1S"/> in italy<c type="lengthening"/> is- er<c type="lengthening"/><pause/> the sun and <pause/> these days er <pause/> erm we've quite a lot of <pause/> hot <pause/> the weather is hot <pause dur="PT1S"/></u>
            <u who="#LEcon405_S2" xml:id="LEcon405_u_108"> mhm <pause dur="PT3S"/><voice:track medium="1" num="3" type="md"/> one always thinks that it's always nice in italy <vocal subtype="wordstart" type="wordlike" voice:desc="laughing" voice:syl="1"/></u>
            <u who="#LEcon405_S1" xml:id="LEcon405_u_109"><shift corresp="#LEcon405_s_22" feature="voice" new="laugh" xml:id="LEcon405_s_21"/> ah yes <shift corresp="#LEcon405_s_21" feature="voice" new="neutral" xml:id="LEcon405_s_22"/></u>
            <u who="#LEcon405_S2" xml:id="LEcon405_u_110"> and always the <shift corresp="#LEcon405_s_24" feature="voice" new="laugh" xml:id="LEcon405_s_23"/> sun is shining <shift corresp="#LEcon405_s_23" feature="voice" new="neutral" xml:id="LEcon405_s_24"/><vocal subtype="wordstart" type="wordlike" voice:desc="laughing" voice:syl="1"/></u>
            <u who="#LEcon405_S1" xml:id="LEcon405_u_111"> not not <shift corresp="#LEcon405_s_26" feature="voice" new="laugh" xml:id="LEcon405_s_25"/> always <shift corresp="#LEcon405_s_25" feature="voice" new="neutral" xml:id="LEcon405_s_26"/><vocal subtype="wordstart" type="wordlike" voice:desc="laughing" voice:syl="1"/></u>
            <u who="#LEcon405_S2" xml:id="LEcon405_u_112"><vocal subtype="wordstart" type="wordlike" voice:desc="laughing" voice:syl="2"/></u>
            <u who="#LEcon405_S1" xml:id="LEcon405_u_113"> but e<c type="lengthening"/><c type="lengthening"/>r it's autumn is good and <pause/> a good season and er <pause/> not er <pause/> a bit e<c type="lengthening"/>rm <pause/><foreign type="LN" voice:translation="rainy" xml:lang="ger"> regnerisch<c function="rise" type="intonation"/></foreign><pause/> yeah </u>
            <u who="#LEcon405_S2" xml:id="LEcon405_u_114"> mhm <anchor synch="#LEcon405_oc_21" type="other_continuation" xml:id="LEcon405_oc_20"/></u>
            <u who="#LEcon405_S1" xml:id="LEcon405_u_115"><anchor synch="#LEcon405_oc_20" type="other_continuation" xml:id="LEcon405_oc_21"/> but e<c type="lengthening"/>r <pause dur="PT6S"/></u>
            <u who="#LEcon405_S2" xml:id="LEcon405_u_116"> er why did you pick vienna<c function="rise" type="intonation"/><pause dur="PT2S"/></u>
            <u who="#LEcon405_S1" xml:id="LEcon405_u_117"> what<c function="rise" type="intonation"/> sorry<c function="rise" type="intonation"/></u>
            <u who="#LEcon405_S2" xml:id="LEcon405_u_118"> why did you come <pause/> to vienna<c function="rise" type="intonation"/></u>
            <u who="#LEcon405_S1" xml:id="LEcon405_u_119"> because e<c type="lengthening"/>r er the university <pause/> for what i'm studying is good very good </u>
            <u who="#LEcon405_S2" xml:id="LEcon405_u_120"> mhm <anchor synch="#LEcon405_oc_23" type="other_continuation" xml:id="LEcon405_oc_22"/></u>
            <u who="#LEcon405_S1" xml:id="LEcon405_u_121"><anchor synch="#LEcon405_oc_22" type="other_continuation" xml:id="LEcon405_oc_23"/> and e<c type="lengthening"/>rm <pause/> in vene- venice er i don't have e<c type="lengthening"/>r <pause/> all the<c type="lengthening"/> er lessons i would like to er <pause/> attend <pause/> for example <pause/> there are some er erm ancient languages er<c type="lengthening"/> are er <pause dur="PT1S"/> example <pause/> there are a professor  here in er vienna <pause/> e<c type="lengthening"/>r who can learn it to me  but not in venice <pause/> we haven't <pause/> the lessons </u>
            <u who="#LEcon405_S2" xml:id="LEcon405_u_122"> mhm </u>
            <u who="#LEcon405_S1" xml:id="LEcon405_u_123"> for example erm i don't know but er sumerian and <supplied reason="unintelligible"> xx </supplied><pause/><seg n="8" type="overlap" xml:id="LEcon405_ol_32"><unclear> i- the er </unclear></seg> ancient language of mesopotamia<c function="rise" type="intonation"/><pause/></u>
            <u who="#LEcon405_S2" xml:id="LEcon405_u_124"><seg n="8" synch="#LEcon405_ol_32" type="overlap" xml:id="LEcon405_ol_33"> mhm </seg></u>
            <u who="#LEcon405_S1" xml:id="LEcon405_u_125"> er i would like to er <pause/> to know it but in venice er i can't <pause/> and so my professor suggest me to come here <pause/> in er <pause/></u>
            <u who="#LEcon405_S2" xml:id="LEcon405_u_126"> yeah <anchor synch="#LEcon405_oc_25" type="other_continuation" xml:id="LEcon405_oc_24"/></u>
            <u who="#LEcon405_S1" xml:id="LEcon405_u_127"><anchor synch="#LEcon405_oc_24" type="other_continuation" xml:id="LEcon405_oc_25"/> in vienna and er <pause dur="PT1S"/> i stay here <pause/> for <foreign type="LN" voice:translation="six" xml:lang="ger"> sechs </foreign> er months <pause/><foreign type="LN" voice:translation="six" xml:lang="ger"> sechs<c function="rise" type="intonation"/></foreign></u>
            <u who="#LEcon405_S2" xml:id="LEcon405_u_128"><vocal type="speaker_noise" voice:desc="nods"/></u>
            <u who="#LEcon405_S1" xml:id="LEcon405_u_129"> six months <vocal subtype="wordstart" type="wordlike" voice:desc="laughing" voice:syl="1"/></u>
            <u who="#LEcon405_S2" xml:id="LEcon405_u_130"><vocal subtype="wordstart" type="wordlike" voice:desc="laughing" voice:syl="3"/></u>
            <u who="#LEcon405_S1" xml:id="LEcon405_u_131"><shift corresp="#LEcon405_s_28" feature="voice" new="laugh" xml:id="LEcon405_s_27"/><foreign type="LN" voice:translation="six" xml:lang="ger"> sechs </foreign> six months <shift corresp="#LEcon405_s_27" feature="voice" new="neutral" xml:id="LEcon405_s_28"/><pause/> and er <pause/> i can <pause/> i can stu- study a lot <unclear> i think </unclear><pause/> all these <pause/> er lessons </u>
            <u who="#LEcon405_S2" xml:id="LEcon405_u_132"> mhm </u>
            <u who="#LEcon405_S1" xml:id="LEcon405_u_133"> and <pause/> and why you<c function="rise" type="intonation"/></u>
            <u who="#LEcon405_S2" xml:id="LEcon405_u_134"> the same<c function="fall" type="intonation"/><pause/> practically </u>
            <u who="#LEcon405_S1" xml:id="LEcon405_u_135"> a<c type="lengthening"/>h okay <anchor synch="#LEcon405_oc_27" type="other_continuation" xml:id="LEcon405_oc_26"/><incident voice:desc="S3, the waiter, comes to the table"/></u>
            <u who="#LEcon405_S2" xml:id="LEcon405_u_136"><anchor synch="#LEcon405_oc_26" type="other_continuation" xml:id="LEcon405_oc_27"/> because <seg n="3" type="overlap" xml:id="LEcon405_ol_34"> there's so </seg></u>
            <u who="#LEcon405_S3" xml:id="LEcon405_u_137"><seg n="3" synch="#LEcon405_ol_34" type="overlap" xml:id="LEcon405_ol_35"><foreign type="L1" voice:translation="did anyone here order a small white wine" xml:lang="ger"> war hier noch ein achtel weisswein<c function="rise" type="intonation"/></foreign></seg><pause dur="PT2S"/></u>
            <u who="#LEcon405_S2" xml:id="LEcon405_u_138"> there are so many classes here <pause/> and the institute in leipzig is really small and <seg n="4" type="overlap" xml:id="LEcon405_ol_36"> they </seg> don't offer very much <pause/></u>
            <u who="#LEcon405_S1" xml:id="LEcon405_u_139"><seg n="4" synch="#LEcon405_ol_36" type="overlap" xml:id="LEcon405_ol_37"> yeah </seg></u>
            <u who="#LEcon405_S2" xml:id="LEcon405_u_140"> and they have so many things that are <pause/> also more practical </u>
            <u who="#LEcon405_S1" xml:id="LEcon405_u_141"> yes </u>
            <u who="#LEcon405_S2" xml:id="LEcon405_u_142"> not only the theory </u>
            <u who="#LEcon405_S1" xml:id="LEcon405_u_143"> yes <anchor synch="#LEcon405_oc_29" type="other_continuation" xml:id="LEcon405_oc_28"/></u>
            <u who="#LEcon405_S2" xml:id="LEcon405_u_144"><anchor synch="#LEcon405_oc_28" type="other_continuation" xml:id="LEcon405_oc_29"/> and then of course <pause/> they have all the theaters here <pause/> and <anchor synch="#LEcon405_oc_31" type="other_continuation" xml:id="LEcon405_oc_30"/></u>
            <u who="#LEcon405_S1" xml:id="LEcon405_u_145"><anchor synch="#LEcon405_oc_30" type="other_continuation" xml:id="LEcon405_oc_31"/> er yes </u>
            <u who="#LEcon405_S2" xml:id="LEcon405_u_146"><emph> wonderful </emph><shift corresp="#LEcon405_s_30" feature="voice" new="laugh" xml:id="LEcon405_s_29"/> theaters <shift corresp="#LEcon405_s_29" feature="voice" new="neutral" xml:id="LEcon405_s_30"/></u>
            <u who="#LEcon405_S1" xml:id="LEcon405_u_147"> wonderful theater i i i have read that <pause/> in october <pause/> here in vienna there is <pause/> erm <foreign type="LN" voice:translation="vienna international film festival" xml:lang="ger"> viennale </foreign> er <anchor synch="#LEcon405_oc_33" type="other_continuation" xml:id="LEcon405_oc_32"/></u>
            <u who="#LEcon405_S2" xml:id="LEcon405_u_148"><anchor synch="#LEcon405_oc_32" type="other_continuation" xml:id="LEcon405_oc_33"/><emph> yes </emph><vocal subtype="wordstart" type="wordlike" voice:desc="laughing" voice:syl="3"/></u>
            <u who="#LEcon405_S1" xml:id="LEcon405_u_149"> i like very much cinema <pause/> and er i <pause/> i i don't know a lot but i like cinema i <anchor synch="#LEcon405_oc_35" type="other_continuation" xml:id="LEcon405_oc_34"/></u>
            <u who="#LEcon405_S2" xml:id="LEcon405_u_150"><anchor synch="#LEcon405_oc_34" type="other_continuation" xml:id="LEcon405_oc_35"/> maybe we can go to something together <seg n="5" type="overlap" xml:id="LEcon405_ol_38"><vocal subtype="wordstart" type="wordlike" voice:desc="laughing" voice:syl="1"/></seg></u>
            <u who="#LEcon405_S1" xml:id="LEcon405_u_151"><seg n="5" synch="#LEcon405_ol_38" type="overlap" xml:id="LEcon405_ol_39"> yes </seg><pause/> yes <pause/> but the problem is it is in german <vocal subtype="wordstart" type="wordlike" voice:desc="laughing" voice:syl="2"/></u>
            <u who="#LEcon405_S2" xml:id="LEcon405_u_152"><vocal subtype="wordstart" type="wordlike" voice:desc="laughing" voice:syl="2"/></u>
            <u who="#LEcon405_S1" xml:id="LEcon405_u_153"> i can also <pause/> i can only look at er the film  </u>
            <u who="#LEcon405_S2" xml:id="LEcon405_u_154"> no <pause/> but i think that it's a really big festival so maybe there's something in english too </u>
            <u who="#LEcon405_S1" xml:id="LEcon405_u_155"> yes or perhaps i- in <pause/> original language </u>
            <u who="#LEcon405_S2" xml:id="LEcon405_u_156"> yes </u>
            <u who="#LEcon405_S1" xml:id="LEcon405_u_157"> yes <pause/> i i like it when in september in venice <pause/> we have a <pause/> festival  </u>
            <u who="#LEcon405_S2" xml:id="LEcon405_u_158"> mhm </u>
            <u who="#LEcon405_S1" xml:id="LEcon405_u_159"> and er <pause/> i see some films <pause/> i saw er <unclear> george </unclear> clooney <pause/> er good night and good luck but er a <pause/><unclear> foreign </unclear> film and erm <pause/> ralph fiennes er as er <voice:track medium="1" num="4" type="md"/><pause/> i i don't know the title <pause dur="PT1S"/> but <pause/> but my favorite er<c type="lengthening"/>m <pause/> pasolini <pause/> is er an italian <pause/><foreign type="LN" voice:translation="detective story" xml:lang="ger"> krimi </foreign><pause/> and er<c type="lengthening"/><pause/> i <pause/> i like it very much <pause/> and also er<c type="lengthening"/><pause dur="PT1S"/> perhaps <seg n="6" type="overlap" xml:id="LEcon405_ol_40"><supplied reason="unintelligible"> xxx </supplied></seg></u>
            <u who="#LEcon405_S3" xml:id="LEcon405_u_160"><incident voice:desc="the waiter comes to the table nearby"/><foreign type="L1" xml:lang="ger"><shift corresp="#LEcon405_s_32" feature="loud" new="f" xml:id="LEcon405_s_31"/><seg n="6" synch="#LEcon405_ol_40" type="overlap" xml:id="LEcon405_ol_41"> die heissen sachen </seg> bringe ich dann <seg n="7" type="overlap" xml:id="LEcon405_ol_42"> gleich </seg><incident voice:desc="i'll bring the hot drinks in a minute"/><shift corresp="#LEcon405_s_31" feature="loud" new="neutral" xml:id="LEcon405_s_32"/></foreign></u>
            <u who="#LEcon405_S2" xml:id="LEcon405_u_161"><seg n="7" synch="#LEcon405_ol_42" type="overlap" xml:id="LEcon405_ol_43"> yah<c type="lengthening"/></seg><seg n="1" type="overlap" xml:id="LEcon405_ol_44"><vocal subtype="wordstart" type="wordlike" voice:desc="laughing" voice:syl="2"/></seg></u>
            <u who="#LEcon405_S1" xml:id="LEcon405_u_162"><seg n="1" synch="#LEcon405_ol_44" type="overlap" xml:id="LEcon405_ol_45"> so it's </seg><pause dur="PT1S"/> one of my<c type="lengthening"/><pause/> favorite <pause dur="PT1S"/> a<c type="lengthening"/>nd i like it so <pause/> yes </u>
            <u who="#LEcon405_S2" xml:id="LEcon405_u_163"><vocal subtype="wordstart" type="wordlike" voice:desc="laughing" voice:syl="1"/><pause dur="PT2S"/></u>
            <u who="#LEcon405_S1" xml:id="LEcon405_u_164"> actually i <unclear> think </unclear> vienna it's good i think for <pause/> these <pause/> all these things <pause/> er </u>
            <u who="#LEcon405_S2" xml:id="LEcon405_u_165"> mhm <pause dur="PT1S"/></u>
            <u who="#LEcon405_S1" xml:id="LEcon405_u_166"> before i think that for our univers- a student <pause/> is <unclear> good </unclear> er to<c type="lengthening"/> er<c type="lengthening"/><c type="lengthening"/> to go<c type="lengthening"/><pause/> in a oth- other places <pause/> and to visit other things and not to stay only in<c type="lengthening"/><pause/></u>
            <u who="#LEcon405_S2" xml:id="LEcon405_u_167"> ye<c type="lengthening"/>s </u>
            <u who="#LEcon405_S1" xml:id="LEcon405_u_168"><foreign type="LN" voice:translation="home" xml:lang="ger"> hause </foreign><pause dur="PT1S"/> for me for me <pause/> in it- <pause/> in italy <pause/> er<c type="lengthening"/>m<c type="lengthening"/><pause dur="PT1S"/> and especially in venice er <pause dur="PT1S"/> er erm there are some problems and now <pause/> the university is not so good <pause/> as i explained her  now we have er <pause dur="PT1S"/> er er<c type="lengthening"/>m three <pause/> not er three years er <pause/> and then a thesis <pause/> and then er <pause/> two other years of specialization <pause/> but the courses are not er<c type="lengthening"/>m <pause/> are very concentrate <pause/> for example er one course is thirty hours <pause/> and <anchor synch="#LEcon405_oc_37" type="other_continuation" xml:id="LEcon405_oc_36"/></u>
            <u who="#LEcon405_S2" xml:id="LEcon405_u_169"><anchor synch="#LEcon405_oc_36" type="other_continuation" xml:id="LEcon405_oc_37"/> o<c type="lengthening"/>h <anchor synch="#LEcon405_oc_39" type="other_continuation" xml:id="LEcon405_oc_38"/></u>
            <u who="#LEcon405_S1" xml:id="LEcon405_u_170"><anchor synch="#LEcon405_oc_38" type="other_continuation" xml:id="LEcon405_oc_39"/> for a professor <pause/> perhaps of er <pause/> for example if you have er to study the italian literature or so <pause/> thirty hour not enough er<c type="lengthening"/> to are not enough to s- so a big argument <pause/> so you must er <pause/> do a lot alone a<c type="lengthening"/>nd <pause dur="PT1S"/> er see what <pause/></u>
            <u who="#LEcon405_S2" xml:id="LEcon405_u_171"><vocal subtype="wordstart" type="wordlike" voice:desc="laughing" voice:syl="2"/>  maybe it's the same <shift corresp="#LEcon405_s_34" feature="voice" new="laugh" xml:id="LEcon405_s_33"/> here <pause/><seg n="2" type="overlap" xml:id="LEcon405_ol_46"> you don't know <vocal subtype="wordstart" type="wordlike" voice:desc="laughing" voice:syl="2"/></seg><shift corresp="#LEcon405_s_33" feature="voice" new="neutral" xml:id="LEcon405_s_34"/></u>
            <u who="#LEcon405_S1" xml:id="LEcon405_u_172"><seg n="2" synch="#LEcon405_ol_46" type="overlap" xml:id="LEcon405_ol_47"><shift corresp="#LEcon405_s_36" feature="voice" new="laugh" xml:id="LEcon405_s_35"/> okay okay okay <shift corresp="#LEcon405_s_35" feature="voice" new="neutral" xml:id="LEcon405_s_36"/></seg><vocal subtype="wordstart" type="wordlike" voice:desc="laughing" voice:syl="1"/><seg n="3" type="overlap" xml:id="LEcon405_ol_48"> everywhere yes <vocal subtype="wordstart" type="wordlike" voice:desc="laughing" voice:syl="1"/></seg><pause/></u>
            <u who="#LEcon405_S2" xml:id="LEcon405_u_173"><seg n="3" synch="#LEcon405_ol_48" type="overlap" xml:id="LEcon405_ol_49"><vocal subtype="wordstart" type="wordlike" voice:desc="laughing" voice:syl="2"/>  you never know </seg><vocal subtype="wordstart" type="wordlike" voice:desc="laughing" voice:syl="2"/></u>
            <u who="#LEcon405_S1" xml:id="LEcon405_u_174"><shift corresp="#LEcon405_s_38" feature="voice" new="laugh" xml:id="LEcon405_s_37"/> yeah <shift corresp="#LEcon405_s_37" feature="voice" new="neutral" xml:id="LEcon405_s_38"/> no now in erm <pause/> the <supplied reason="unintelligible"> xxx </supplied> my firtuns- fortunately er<c type="lengthening"/>m <pause dur="PT2S"/><unclear> unfortunately </unclear> the<c type="lengthening"/> erm<c type="lengthening"/> my in <pause/> er my arguments in order to <supplied reason="unintelligible"> xxx </supplied> er there are not so mu- many people who who study this <pause/> and also in venice we are <pause/> two three four people <pause/> for er each classes and<c type="lengthening"/> er<c type="lengthening"/><c type="lengthening"/> and so the professor can <supplied reason="unintelligible"> xxx </supplied> and er can<c type="lengthening"/><pause/> can </u>
            <u who="#LEcon405_S2" xml:id="LEcon405_u_175"><shift corresp="#LEcon405_s_40" feature="voice" new="laugh" xml:id="LEcon405_s_39"/> that sounds great <shift corresp="#LEcon405_s_39" feature="voice" new="neutral" xml:id="LEcon405_s_40"/></u>
            <u who="#LEcon405_S1" xml:id="LEcon405_u_176"> yeah yeah <anchor synch="#LEcon405_oc_41" type="other_continuation" xml:id="LEcon405_oc_40"/></u>
            <u who="#LEcon405_S2" xml:id="LEcon405_u_177"><anchor synch="#LEcon405_oc_40" type="other_continuation" xml:id="LEcon405_oc_41"/> we are always with <shift corresp="#LEcon405_s_42" feature="voice" new="laugh" xml:id="LEcon405_s_41"/> eighty students <shift corresp="#LEcon405_s_41" feature="voice" new="neutral" xml:id="LEcon405_s_42"/><seg n="4" type="overlap" xml:id="LEcon405_ol_50"> in one </seg> class </u>
            <u who="#LEcon405_S1" xml:id="LEcon405_u_178"><seg n="4" synch="#LEcon405_ol_50" type="overlap" xml:id="LEcon405_ol_51"><vocal subtype="wordstart" type="wordlike" voice:desc="laughing" voice:syl="3"/></seg></u>
            <u who="#LEcon405_S2" xml:id="LEcon405_u_179"><shift corresp="#LEcon405_s_44" feature="voice" new="laugh" xml:id="LEcon405_s_43"/> so that sounds wonderful to me <anchor synch="#LEcon405_oc_43" type="other_continuation" xml:id="LEcon405_oc_42"/><shift corresp="#LEcon405_s_43" feature="voice" new="neutral" xml:id="LEcon405_s_44"/></u>
            <u who="#LEcon405_S1" xml:id="LEcon405_u_180"><anchor synch="#LEcon405_oc_42" type="other_continuation" xml:id="LEcon405_oc_43"/> yeah wonderful because the professor <pause/> know you<c type="lengthening"/> and er he knows er <pause/> er<c type="lengthening"/>m<c type="lengthening"/> what you are studying and he can help you but <pause dur="PT1S"/> this is good and i think that also in vienna will be the same <pause/><seg n="5" type="overlap" xml:id="LEcon405_ol_52"> because </seg><pause/></u>
            <u who="#LEcon405_S2" xml:id="LEcon405_u_181"><seg n="5" synch="#LEcon405_ol_52" type="overlap" xml:id="LEcon405_ol_53"> mhm </seg></u>
            <u who="#LEcon405_S1" xml:id="LEcon405_u_182"> the professor i have speak to<c function="fall" type="intonation"/><pause/> he says that er <pause/> are there our just a few students and <pause/> there will not be<c type="lengthening"/><pause/> problem for you <pause/> so<c type="lengthening"/><pause dur="PT1S"/> you <voice:track medium="1" num="5" type="md"/> here are er<c type="lengthening"/><pause/> not too many people and we can speak together  he <anchor synch="#LEcon405_oc_45" type="other_continuation" xml:id="LEcon405_oc_44"/></u>
            <u who="#LEcon405_S2" xml:id="LEcon405_u_183"><anchor synch="#LEcon405_oc_44" type="other_continuation" xml:id="LEcon405_oc_45"/> that's cool <vocal subtype="wordstart" type="wordlike" voice:desc="laughing" voice:syl="2"/></u>
            <u who="#LEcon405_S1" xml:id="LEcon405_u_184"> yeah <pause dur="PT1S"/> and your lessons start<unclear>ing </unclear> start on ne- er<c type="lengthening"/> next week<c function="rise" type="intonation"/><pause/></u>
            <u who="#LEcon405_S2" xml:id="LEcon405_u_185"> well the week after this <pause/></u>
            <u who="#LEcon405_S1" xml:id="LEcon405_u_186"> a<c type="lengthening"/>h <pause/></u>
            <u who="#LEcon405_S2" xml:id="LEcon405_u_187"> so <pause/> there are some orientation <anchor synch="#LEcon405_oc_47" type="other_continuation" xml:id="LEcon405_oc_46"/></u>
            <u who="#LEcon405_S1" xml:id="LEcon405_u_188"><anchor synch="#LEcon405_oc_46" type="other_continuation" xml:id="LEcon405_oc_47"/> yes <anchor synch="#LEcon405_oc_49" type="other_continuation" xml:id="LEcon405_oc_48"/></u>
            <u who="#LEcon405_S2" xml:id="LEcon405_u_189"><anchor synch="#LEcon405_oc_48" type="other_continuation" xml:id="LEcon405_oc_49"/> meetings this week but <pause/> the lessons start only the week <pause/> after this <pause dur="PT1S"/></u>
            <u who="#LEcon405_S1" xml:id="LEcon405_u_190"> yes <anchor synch="#LEcon405_oc_51" type="other_continuation" xml:id="LEcon405_oc_50"/></u>
            <u who="#LEcon405_S2" xml:id="LEcon405_u_191"><anchor synch="#LEcon405_oc_50" type="other_continuation" xml:id="LEcon405_oc_51"/> so there is still enough time to <pause dur="PT1S"/> visit vienna <vocal subtype="wordstart" type="wordlike" voice:desc="laughing" voice:syl="3"/></u>
            <u who="#LEcon405_S1" xml:id="LEcon405_u_192"> yes yes good <pause/></u>
            <u who="#LEcon405_S2" xml:id="LEcon405_u_193"> just couple of things <pause dur="PT1S"/><seg n="6" type="overlap" xml:id="LEcon405_ol_54"> go </seg> to the theater </u>
            <u who="#LEcon405_S1" xml:id="LEcon405_u_194"><seg n="6" synch="#LEcon405_ol_54" type="overlap" xml:id="LEcon405_ol_55"> but </seg></u>
            <u who="#LEcon405_S1" xml:id="LEcon405_u_195"> where do you live here<c function="rise" type="intonation"/></u>
            <u who="#LEcon405_S2" xml:id="LEcon405_u_196"> in<c type="lengthening"/><foreign type="L1" voice:translation="name of a street in vienna" xml:lang="ger"> lerchenfelderstrasse<c function="rise" type="intonation"/></foreign><pause/> it's the <pause/> eighth <shift corresp="#LEcon405_s_46" feature="voice" new="laugh" xml:id="LEcon405_s_45"/><foreign type="L1" voice:translation="district" xml:lang="ger"> bezirk </foreign><shift corresp="#LEcon405_s_45" feature="voice" new="neutral" xml:id="LEcon405_s_46"/><vocal subtype="wordstart" type="wordlike" voice:desc="laughing" voice:syl="2"/></u>
            <u who="#LEcon405_S1" xml:id="LEcon405_u_197"> yeah a<c type="lengthening"/>h okay <pause/> i know </u>
            <u who="#LEcon405_S2" xml:id="LEcon405_u_198"> it's a erm <foreign type="L1" voice:translation="german abbreviation for a flat-sharing community" xml:lang="ger"> w g </foreign><pause dur="PT1S"/></u>
            <u who="#LEcon405_S1" xml:id="LEcon405_u_199"> yeah </u>
            <u who="#LEcon405_S2" xml:id="LEcon405_u_200"> and i live together with a boy from switzerland <seg n="7" type="overlap" xml:id="LEcon405_ol_56"> and </seg> a girl from <pause/></u>
            <u who="#LEcon405_S1" xml:id="LEcon405_u_201"><seg n="7" synch="#LEcon405_ol_56" type="overlap" xml:id="LEcon405_ol_57"> a<c type="lengthening"/>h </seg></u>
            <u who="#LEcon405_S2" xml:id="LEcon405_u_202"> salzburg<c function="rise" type="intonation"/></u>
            <u who="#LEcon405_S1" xml:id="LEcon405_u_203"> a<c type="lengthening"/>h o<seg n="1" type="overlap" xml:id="LEcon405_ol_58">kay </seg></u>
            <u who="#LEcon405_S2" xml:id="LEcon405_u_204"><seg n="1" synch="#LEcon405_ol_58" type="overlap" xml:id="LEcon405_ol_59"> so </seg> we have a really funny mix of dialects <vocal subtype="wordstart" type="wordlike" voice:desc="laughing" voice:syl="3"/></u>
            <u who="#LEcon405_S1" xml:id="LEcon405_u_205"> yes <vocal subtype="wordstart" type="wordlike" voice:desc="laughing" voice:syl="1"/> yeah <shift corresp="#LEcon405_s_48" feature="voice" new="laugh" xml:id="LEcon405_s_47"/> dialects are good <shift corresp="#LEcon405_s_47" feature="voice" new="neutral" xml:id="LEcon405_s_48"/></u>
            <u who="#LEcon405_S2" xml:id="LEcon405_u_206"><vocal subtype="wordstart" type="wordlike" voice:desc="laughing" voice:syl="2"/><pause/>  yeah <pause dur="PT1S"/> and the boy i live with he studies erm <pause/> er tibet studies<c function="rise" type="intonation"/><pause/> so <pause/> that's al- <pause/> also a very small <pause/></u>
            <u who="#LEcon405_S1" xml:id="LEcon405_u_207"> a<c type="lengthening"/>h yes <anchor synch="#LEcon405_oc_53" type="other_continuation" xml:id="LEcon405_oc_52"/></u>
            <u who="#LEcon405_S2" xml:id="LEcon405_u_208"><anchor synch="#LEcon405_oc_52" type="other_continuation" xml:id="LEcon405_oc_53"/> thing <pause/> and he is really afraid that there won't be <pause/> many other students and he will be the freak there <anchor synch="#LEcon405_oc_55" type="other_continuation" xml:id="LEcon405_oc_54"/></u>
            <u who="#LEcon405_S1" xml:id="LEcon405_u_209"><anchor synch="#LEcon405_oc_54" type="other_continuation" xml:id="LEcon405_oc_55"/> perhaps tibet you said tibet huh<c function="rise" type="intonation"/><anchor synch="#LEcon405_oc_57" type="other_continuation" xml:id="LEcon405_oc_56"/></u>
            <u who="#LEcon405_S2" xml:id="LEcon405_u_210"><anchor synch="#LEcon405_oc_56" type="other_continuation" xml:id="LEcon405_oc_57"/> yeah <anchor synch="#LEcon405_oc_59" type="other_continuation" xml:id="LEcon405_oc_58"/></u>
            <u who="#LEcon405_S1" xml:id="LEcon405_u_211"><anchor synch="#LEcon405_oc_58" type="other_continuation" xml:id="LEcon405_oc_59"/> because my institute is er er<c type="lengthening"/> i think it <foreign type="LN" voice:translation="for orientalism" xml:lang="ger"> fuer orientalistik </foreign> i think er <supplied reason="unintelligible"> xxx </supplied><pause/> is er on the internet <pause/> i i found that <pause dur="PT2S"/></u>
            <u who="#LEcon405_S2" xml:id="LEcon405_u_212"> mhm <vocal subtype="wordstart" type="wordlike" voice:desc="laughing" voice:syl="2"/><pause dur="PT2S"/></u>
            <u who="#LEcon405_S1" xml:id="LEcon405_u_213"> a<c type="lengthening"/>h i wait for<c type="lengthening"/><pause/> i i think that next week <pause/> i will <vocal subtype="wordstart" type="wordlike" voice:desc="laughing" voice:syl="2"/> everything <pause/> and it will be- will be better </u>
         </div>
      </body>
   </text>
</TEI>