<TEI xmlns="http://www.tei-c.org/ns/1.0" xmlns:voice="http://www.univie.ac.at/voice/ns/1.0" xmlns:xi="http://www.w3.org/2001/XInclude" version="5" xml:id="LEcon575" xml:lang="eng">
   <teiHeader>
      <fileDesc>
         <titleStmt>
            <title>conversation while cooking dinner</title>
            <principal>Prof. Barbara Seidlhofer</principal>
            <editor/>
            <funder>Austrian Science Foundation (FWF)</funder>
            <sponsor/>
            <respStmt>
               <resp>Corpus Compilation</resp>
               <orgName>VOICE Project</orgName>
               <persName>Barbara Seidlhofer</persName>
               <persName>Angelika Breiteneder</persName>
               <persName>Marie-Luise Pitzl</persName>
               <persName>Stefan Majewski</persName>
               <persName>Theresa Klimpfinger</persName>
            </respStmt>
         </titleStmt>
         <editionStmt>
		<edition>Version 1.0 XML, <date>May 2011</date></edition>
	  <respStmt>
		<resp>Researchers</resp>
		<name>Barbara Seidlhofer</name> 		
		<name>Angelika Breiteneder</name> 
		<name>Theresa Klimpfinger</name> 
		<name>Stefan Majewski</name> 
		<name>Marie-Luise Pitzl</name> 
	  </respStmt>
	</editionStmt>
         <publicationStmt>
		<publisher>Barbara Seidlhofer, Stefan Majewski, Marie-Luise Pitzl</publisher> 
	  <distributor>VOICE Project, University of Vienna, Austria</distributor> 
	  <address>
		<addrLine>Spitalgasse 2, AAKH Hof 8</addrLine> 
		<addrLine>1090 Vienna</addrLine> 
		<addrLine>Austria</addrLine> 
		<addrLine>Telephone: +43 1 427742446</addrLine> 
	  	<addrLine>Email: voice@univie.ac.at</addrLine> 
		<addrLine>Website: http://www.univie.ac.at/voice</addrLine> 
	  </address>
	  <availability status="free">
	  	<p>
		  The Vienna-Oxford International Corpus of English (VOICE)
		  was created by Barbara Seidlhofer (project director) and
		  Angelika Breiteneder, Theresa Klimpfinger, Stefan Majewski,
		  Marie-Luise Pitzl (project researchers). VOICE 1.0 XML is
		  available for download at the VOICE Project's website <ref target="http://www.univie.ac.at/voice/">http://www.univie.ac.at/voice/</ref>
		  under a Creative Commons
		  Attribution-NonCommercial-ShareAlike 3.0 Unported (CC
		  BY-NC-SA 3.0) License (<ref target="http://creativecommons.org/licenses/by-nc-sa/3.0/">
		  http://creativecommons.org/licenses/by-nc-sa/3.0/
		  </ref>). The original audio files are held at the Department
		  of English, University of Vienna. 23 selected audio files
		  are available as audio streams in the VOICE Online interface
		  at the VOICE Project's website <ref target="http://www.univie.ac.at/voice">http://www.univie.ac.at/voice</ref>.
		</p>
		<p>
		The recommended citation for VOICE 1.0 XML is:
		</p>
		<p>
		<bibl><title>VOICE</title>. <date>2011</date>. <title level="m">The Vienna-Oxford International Corpus of
		English</title> (<edition>version 1.0
		XML</edition>). Director: Barbara Seidlhofer; Researchers:
		Angelika Breiteneder, Theresa Klimpfinger, Stefan Majewski,
		Marie-Luise Pitzl.</bibl>
		</p>
		<p>The short citation for VOICE 1.0 XML is:
		</p>
		<p>
		<bibl><title>VOICE</title>. <date>2011</date>. <title level="m">The Vienna-Oxford International Corpus of
		English</title> (<edition>version 1.0
		XML</edition>).</bibl></p>
		<p>
		  For further information about availability and copyright
		  permissions, please see the README file included in the
		  download package. For further enquiries please contact the
		  VOICE Project at <ref target="mailto:voice@univie.ac.at">voice@univie.ac.at</ref>.
		</p>
	  </availability>
	</publicationStmt>
         <notesStmt>
            <note xml:id="LEcon575_wc">Words: 2865</note>
            <note xml:id="LEcon575_tn_0">This conversation occurs between two people, a couple, while they are preparing dinner at their home. They speak about the TV that was not delivered, about S2's sister and about a common friend. They start a discussion about a TV company and S2 decides to try a new TV company, which S1 does not seem to agree with. The atmosphere is casual and intimate.  </note>
         </notesStmt>
         <sourceDesc>
            <recordingStmt>
               <recording dur="PT00H24M58S" type="audio">
                  <date>2007-11-05</date>
                  <equipment>
                     <p>Portable minidisc recorder with electret condenser stereo microphone</p>
                  </equipment>
                  <respStmt>
                     <resp>recording</resp>
                     <name>R23</name>
                  </respStmt>
               </recording>
            </recordingStmt>
         </sourceDesc>
      </fileDesc>
      <encodingDesc>
         <classDecl>
            <taxonomy>
               <category xml:id="LEcon575_domain">
                  <catDesc>Domain</catDesc>
                  <category sameAs="#ED" xml:id="LEcon575_ED">
                     <catDesc>educational</catDesc>
                  </category>
                  <category sameAs="#LE" xml:id="LEcon575_LE">
                     <catDesc>leisure</catDesc>
                  </category>
                  <category sameAs="#PB" xml:id="LEcon575_PB">
                     <catDesc>professional business</catDesc>
                  </category>
                  <category sameAs="#PO" xml:id="LEcon575_PO">
                     <catDesc>professional organizational</catDesc>
                  </category>
                  <category sameAs="#PR" xml:id="LEcon575_PR">
                     <catDesc>professional research/science</catDesc>
                  </category>
               </category>
               <category xml:id="LEcon575_spet">
                  <catDesc>Speech Event Type</catDesc>
                  <category sameAs="#int" xml:id="LEcon575_int">
                     <catDesc>interview</catDesc>
                  </category>
                  <category sameAs="#prc" xml:id="LEcon575_prc">
                     <catDesc>press conference</catDesc>
                  </category>
                  <category sameAs="#sve" xml:id="LEcon575_sve">
                     <catDesc>service encounter</catDesc>
                  </category>
                  <category sameAs="#sed" xml:id="LEcon575_sed">
                     <catDesc>seminar discussion</catDesc>
                  </category>
                  <category sameAs="#wgd" xml:id="LEcon575_wgd">
                     <catDesc>working group discussion</catDesc>
                  </category>
                  <category sameAs="#wsd" xml:id="LEcon575_wsd">
                     <catDesc>workshop discussion</catDesc>
                  </category>
                  <category sameAs="#mtg" xml:id="LEcon575_mtg">
                     <catDesc>meeting</catDesc>
                  </category>
                  <category sameAs="#pan" xml:id="LEcon575_pan">
                     <catDesc>panel</catDesc>
                  </category>
                  <category sameAs="#qas" xml:id="LEcon575_qas">
                     <catDesc>question-answer session</catDesc>
                  </category>
                  <category sameAs="#con" xml:id="LEcon575_con">
                     <catDesc>conversation</catDesc>
                  </category>
               </category>
            </taxonomy>
         </classDecl>
         <tagsDecl><namespace name="http://www.tei-c.org/ns/1.0">
      <tagUsage gi="TEI" occurs="1"/>
      <tagUsage gi="teiHeader" occurs="1"/>
      <tagUsage gi="fileDesc" occurs="1"/>
      <tagUsage gi="titleStmt" occurs="1"/>
      <tagUsage gi="title" occurs="5"/>
      <tagUsage gi="principal" occurs="1"/>
      <tagUsage gi="editor" occurs="1"/>
      <tagUsage gi="funder" occurs="1"/>
      <tagUsage gi="sponsor" occurs="1"/>
      <tagUsage gi="respStmt" occurs="3"/>
      <tagUsage gi="resp" occurs="3"/>
      <tagUsage gi="orgName" occurs="1"/>
      <tagUsage gi="persName" occurs="5"/>
      <tagUsage gi="editionStmt" occurs="1"/>
      <tagUsage gi="edition" occurs="3"/>
      <tagUsage gi="date" occurs="4"/>
      <tagUsage gi="name" occurs="8"/>
      <tagUsage gi="publicationStmt" occurs="1"/>
      <tagUsage gi="publisher" occurs="1"/>
      <tagUsage gi="distributor" occurs="1"/>
      <tagUsage gi="address" occurs="1"/>
      <tagUsage gi="addrLine" occurs="6"/>
      <tagUsage gi="availability" occurs="1"/>
      <tagUsage gi="p" occurs="7"/>
      <tagUsage gi="ref" occurs="5"/>
      <tagUsage gi="bibl" occurs="2"/>
      <tagUsage gi="notesStmt" occurs="1"/>
      <tagUsage gi="note" occurs="2"/>
      <tagUsage gi="sourceDesc" occurs="1"/>
      <tagUsage gi="recordingStmt" occurs="1"/>
      <tagUsage gi="recording" occurs="1"/>
      <tagUsage gi="equipment" occurs="1"/>
      <tagUsage gi="encodingDesc" occurs="1"/>
      <tagUsage gi="classDecl" occurs="1"/>
      <tagUsage gi="taxonomy" occurs="1"/>
      <tagUsage gi="category" occurs="17"/>
      <tagUsage gi="catDesc" occurs="17"/>
      <tagUsage gi="tagsDecl" occurs="1"/>
      <tagUsage gi="namespace" occurs="2"/>
      <tagUsage gi="tagUsage" occurs="81"/>
      <tagUsage gi="gi" occurs="5"/>
      <tagUsage gi="att" occurs="14"/>
      <tagUsage gi="list" occurs="11"/>
      <tagUsage gi="label" occurs="20"/>
      <tagUsage gi="val" occurs="42"/>
      <tagUsage gi="item" occurs="40"/>
      <tagUsage gi="profileDesc" occurs="1"/>
      <tagUsage gi="textClass" occurs="1"/>
      <tagUsage gi="catRef" occurs="2"/>
      <tagUsage gi="settingDesc" occurs="1"/>
      <tagUsage gi="setting" occurs="1"/>
      <tagUsage gi="locale" occurs="1"/>
      <tagUsage gi="activity" occurs="1"/>
      <tagUsage gi="particDesc" occurs="1"/>
      <tagUsage gi="listPerson" occurs="4"/>
      <tagUsage gi="personGrp" occurs="2"/>
      <tagUsage gi="person" occurs="3"/>
      <tagUsage gi="age" occurs="2"/>
      <tagUsage gi="sex" occurs="2"/>
      <tagUsage gi="occupation" occurs="1"/>
      <tagUsage gi="langKnowledge" occurs="2"/>
      <tagUsage gi="langKnown" occurs="2"/>
      <tagUsage gi="relationGrp" occurs="1"/>
      <tagUsage gi="relation" occurs="2"/>
      <tagUsage gi="revisionDesc" occurs="1"/>
      <tagUsage gi="change" occurs="5"/>
      <tagUsage gi="text" occurs="1"/>
      <tagUsage gi="body" occurs="1"/>
      <tagUsage gi="div" occurs="1"/>
      <tagUsage gi="u" occurs="281">Used to mark a stretch of speech commonly
		preceded and followed by a pause or by a change of speaker. A
		<gi>u</gi> is, however, not required to be bounded by a pause or
		a change of speaker, nor does it represent a turn in a
		conversation analytic sense. At a minimum, a <gi>u</gi> is some
		phonetic production or noise made by a given speaker or a group of speakers.</tagUsage>
      <tagUsage gi="foreign" occurs="6">Used to mark a word or phrase as
		belonging to some language other than English. The following
		values for the <att>type</att> attribute are used to mark:
		<list>
		  <label><val>L1</val></label><item>the speaker's first
		  language</item>
		  <label><val>LN</val></label><item>a language other than the
		  speaker's first language</item>
		  <label><val>LQ</val></label><item>a language where it cannot
		  be ascertained whether it is the speaker's first or other
		  language.</item>
		</list>
		Whenever possible, the 
		<att>voice:translation</att> attribute provides a rough translation of the
		non-English speech into English.
		</tagUsage>
      <tagUsage gi="c" occurs="283">Used to mark lengthening of sounds and
		intonation (fall, rise). The following <att>type</att>
		attributes are used to mark:
		<list>
		  <label><val>lengthening</val></label><item>lengthened
		  sounds</item>
		  <label><val>intonation</val></label><item>a significant change in
		  intonation, marked with the following <att>function</att>
		  attribute for:
		  <list>
			<label><val>fall</val></label><item>falling
			intonation</item>
			<label><val>rise</val></label><item>rising intonation</item>
		  </list>
		</item>
		</list>
		Intonation may or may not coincide with
		syntactic boundaries.
		</tagUsage>
      <tagUsage gi="pause" occurs="383">Used to mark a pause either between or
		within utterances. Used without <att>dur</att> attribute to
		indicate a brief pause up to half a second.
		</tagUsage>
      <tagUsage gi="shift" occurs="112">Used to mark the point at which some
		paralinguistic feature changes. The following attribute values
		are used to mark:
		<list>
          <label>
            <val>voice</val>
          </label>
          <item>voice quality
          <list>
            <item><val>imitating</val></item>
            <item><val>laugh</val></item>
            <item><val>neutral</val></item>
            <item><val>phone</val></item>
            <item><val>reading</val></item>
            <item><val>reading_aloud</val></item>
            <item><val>sigh</val></item>
            <item><val>singing</val></item>
            <item><val>whisp</val></item>
            <item><val>yawning</val></item>
          </list>
          </item>
          <label>
          <val>tempo</val></label>
          <item>speed of utterance
            <list>
              <label><val>a</val></label>
              <item>accelerando</item>
              <label><val>l</val></label>
              <item>lento</item>
              <label><val>neutral</val></label>
              <item>neutral</item>
            </list>
          </item>
          <label>
          <val>loud</val></label>
          <item>loudness
            <list>
              <item><val>f</val></item>
              <item><val>neutral</val></item>
              <item><val>p</val></item>
            </list>
          </item>
		  </list>
		</tagUsage>
      <tagUsage gi="w" occurs="24">
		  Used with the <att>type</att> attribute set to
		  <val>spelt</val> to mark words or word fragments which are
		  spelt out, i.e. words whose constituents are pronounced as
		  individual letters.
		</tagUsage>
      <tagUsage gi="emph" occurs="183">Used to mark speech which is stressed or
		emphasized in a way that goes beyond regular nuclear
		stress.</tagUsage>
      <tagUsage gi="incident" occurs="52">Used to mark contextual information
		relevant to the understanding of the interaction or the
		interaction as such. The <att>voice:desc</att> attribute
		provides a short prose description of the contextual
		event.</tagUsage>
      <tagUsage gi="unclear" occurs="37">Used to mark speech which cannot be
		transcribed with certainty, because it is difficult to hear or
		understand for the transcriber.</tagUsage>
      <tagUsage gi="supplied" occurs="62">Used to mark text supplied by the
		transcriber because the original is unintelligible or needed to
		be anonymized. The <att>reason</att> attribute is used to mark:
		<list>
		  <label><val>unintelligible</val></label><item>unintelligible
		  speech</item>
		  <label><val>anonymization</val></label><item>anonymized
		  speech</item>
		</list>
		</tagUsage>
      <tagUsage gi="vocal" occurs="34">Used to mark laughter and other speaker
		noises and non-verbal feedback.
        <list>
          <label>
            <val>speaker_noise</val>
          </label>
          <item>
            <list>
              <item>
                <val>coughing</val>
              </item>
              <item>
                <val>nods</val>
              </item>
              <item>
                <val>shakes head</val>
              </item>
              <item>
                <val>smacks lips</val>
              </item>
              <item>
                <val>sniffs</val>
              </item>
              <item>
                <val>swallows</val>
              </item>
              <item>
                <val>whistles</val>
              </item>
            </list>
          </item>
          <label>
            <val>wordlike</val>
          </label>
          <item>
            <val>laughing</val>
          </item>
        </list>
        </tagUsage>
      <tagUsage gi="seg" occurs="105">Used with different <att>type</att> attributes to mark:
		<list>
		  <label><att>type</att><val>overlap</val></label>
		  <item>overlaps</item>
		  <label><att>type</att><val>onomatopoeia</val></label>
		  <item>onomatopoeic sounds</item>
		  <label><att>type</att><val>ipa</val></label>
		  <item>transcriptions in the international phonetic alphabet</item>
		</list>
		</tagUsage>
      <tagUsage gi="anchor" occurs="30">Used to mark other-continuation,
		i.e. whenever a speaker continues another speaker's <gi>u</gi>
		without a pause. Other-continuation is to be interpreted
		temporally and does not relate to form or content of the
		speakers' utterances.</tagUsage></namespace><namespace name="http://www.univie.ac.at/voice/ns/1.0">
      <tagUsage gi="voice:track" occurs="8">Used to mark the beginning of a new
		audio track used in transcription (usually three minutes in length) and thus refers to the audio recording
		of the transcribed speech event.
		</tagUsage>
      <tagUsage gi="voice:pvc" occurs="7">Used to mark a pronunciation variation
		or coinage as described in <ref target="http://www.univie.ac.at/voice/documents/VOICE_mark-up_conventions_v2-1.pdf">the
			VOICE mark-up conventions [2.1].</ref>the
			VOICE mark-up conventions [2.1]. An existing word corresponding to the PVC may be provided within a <att>comment</att>comment attribute within the <gi>voice:pvc</gi>voice:pvc element. Additional phonetic
			transcription may be provided within a <att>voice:ipa</att>voice:ipa attribute
			within the <gi>voice:pvc</gi>voice:pvc element.</tagUsage></namespace></tagsDecl>
      </encodingDesc>
      <profileDesc>
         <textClass>
            <catRef target="#LEcon575_LE #LEcon575_con"/>
            <catRef target="#LE #con"/>
         </textClass>
         <settingDesc>
            <setting>
               <name type="country">GB</name>
               <name type="city">London</name>
               <locale>private home</locale>
               <activity>preparing dinner</activity>
            </setting>
         </settingDesc>
         <particDesc>
            <listPerson type="main">
               <listPerson type="groups">
                  <personGrp role="speakers" size="2"/>
                  <personGrp role="interactants" size="2"/>
               </listPerson>
               <listPerson type="identified">
                  <person role="participant" sameAs="#P730" xml:id="LEcon575_S1">
                     <age value="2">25-34</age>
                     <sex value="2">female</sex>
                     <occupation>university lecturer</occupation>
                     <langKnowledge>
                        <langKnown level="L1" tag="ita-IT"/>
                     </langKnowledge>
                  </person>
                  <person role="participant" sameAs="#P731" xml:id="LEcon575_S2">
                     <age value="3">35-49</age>
                     <sex value="1">male</sex>
                     <langKnowledge>
                        <langKnown level="L1" tag="ger-DE"/>
                     </langKnowledge>
                  </person>
               </listPerson>
               <listPerson type="not_identified">
                  <person sameAs="#SS" xml:id="LEcon575_SS"/>
               </listPerson>
               <relationGrp>
                  <relation mutual="#LEcon575_S1 #LEcon575_S2" name="fairly_symmetrical" type="power"/>
                  <relation mutual="#LEcon575_S1 #LEcon575_S2" name="acquainted" type="acquaintedness"/>
               </relationGrp>
            </listPerson>
         </particDesc>
      </profileDesc>
      <revisionDesc>
         <change when="2009-05-19" who="SM">conversion to XML</change>
         <change when="2009-05-11" who="TK">finalized for publication</change>
         <change when="2008-08-04" who="TK">proof-reading</change>
         <change when="2008-05-30" who="RO">checking</change>
         <change when="2008-03-31" who="JS">transcription</change>
      </revisionDesc>
   </teiHeader>
   <text>
      <body>
         <div type="medium" voice:end="00:58" voice:end_medium_number="1" voice:end_track="9" voice:medium_type="md" voice:start="00:00" voice:start_medium_number="1" voice:start_track="1">
            <u who="#LEcon575_S1" xml:id="LEcon575_u_1"><foreign type="L1" voice:translation="let's eat" xml:lang="ita"> mangiamo </foreign></u>
            <u who="#LEcon575_S2" xml:id="LEcon575_u_2"><foreign type="LN" voice:translation="yes" xml:lang="ita"> s<c type="lengthening"/>i<c function="fall" type="intonation"/></foreign><pause dur="PT1S"/></u>
            <u who="#LEcon575_S1" xml:id="LEcon575_u_3"><shift corresp="#LEcon575_s_2" feature="loud" new="p" xml:id="LEcon575_s_1"/> m<c type="lengthening"/>hm<c function="rise" type="intonation"/><shift corresp="#LEcon575_s_1" feature="loud" new="neutral" xml:id="LEcon575_s_2"/><pause dur="PT3S"/></u>
            <u who="#LEcon575_S2" xml:id="LEcon575_u_4"> so the  <w voice:mode="spelt"> t v  </w> didn't happen </u>
            <u who="#LEcon575_S1" xml:id="LEcon575_u_5"> no<c function="fall" type="intonation"/><pause dur="PT2S"/> he didn't have <shift corresp="#LEcon575_s_4" feature="loud" new="p" xml:id="LEcon575_s_3"/><emph> time </emph><c function="fall" type="intonation"/><shift corresp="#LEcon575_s_3" feature="loud" new="neutral" xml:id="LEcon575_s_4"/><pause dur="PT2S"/><incident dur="PT2S" voice:desc="S1 preparing the baking tray "/> oh <pause dur="PT8S"/><incident dur="PT8S" voice:desc="S1 still handling the baking tray "/><foreign type="L1" voice:translation="here the drinks" xml:lang="ita"><unclear> a qui bibit- </unclear></foreign></u>
            <u who="#LEcon575_S2" xml:id="LEcon575_u_6"><shift corresp="#LEcon575_s_6" feature="loud" new="p" xml:id="LEcon575_s_5"/> yeah<c function="fall" type="intonation"/><shift corresp="#LEcon575_s_5" feature="loud" new="neutral" xml:id="LEcon575_s_6"/><pause dur="PT5S"/><incident dur="PT5S" voice:desc="S1 walking around in order to prepare dinner "/></u>
            <u who="#LEcon575_S1" xml:id="LEcon575_u_7"> hm<c type="lengthening"/><pause dur="PT2S"/> i don't know how to <supplied reason="unintelligible"> xx </supplied><incident voice:desc="kitchen noises in the background"/> but anyway <pause dur="PT1S"/></u>
            <u who="#LEcon575_S2" xml:id="LEcon575_u_8"> that looks <emph> nice </emph><c function="fall" type="intonation"/></u>
            <u who="#LEcon575_S1" xml:id="LEcon575_u_9"> hm<c type="lengthening"/><pause/> not sure<c function="fall" type="intonation"/><pause dur="PT1S"/></u>
            <u who="#LEcon575_S2" xml:id="LEcon575_u_10"> hm<c function="fall" type="intonation"/><pause/> different <emph> cheese </emph><c function="fall" type="intonation"/></u>
            <u who="#LEcon575_S1" xml:id="LEcon575_u_11"> yeah put the feta cheese on the <emph> top </emph><c function="fall" type="intonation"/><pause dur="PT15S"/><incident dur="PT15S" voice:desc="S1 walking around preparing dinner "/></u>
            <u who="#LEcon575_S2" xml:id="LEcon575_u_12"> so you saw in the <emph> offers </emph> before<c function="fall" type="intonation"/><pause/> when you called me<c function="rise" type="intonation"/><pause/></u>
            <u who="#LEcon575_S1" xml:id="LEcon575_u_13"> yeah <pause/></u>
            <u who="#LEcon575_S2" xml:id="LEcon575_u_14"> did you work late<c function="fall" type="intonation"/> too<c function="fall" type="intonation"/><pause/></u>
            <u who="#LEcon575_S1" xml:id="LEcon575_u_15"> well until seven <emph> thir</emph>ty<c function="fall" type="intonation"/><pause dur="PT2S"/><incident dur="PT2S" voice:desc="a bottle is opened "/></u>
            <u who="#LEcon575_S2" xml:id="LEcon575_u_16"> so you get my reply to the <unclear><supplied reason="anonymization"> [first name2] </supplied></unclear> thingy<c function="fall" type="intonation"/></u>
            <u who="#LEcon575_S1" xml:id="LEcon575_u_17"><shift corresp="#LEcon575_s_8" feature="voice" new="laugh" xml:id="LEcon575_s_7"/> yes<c function="fall" type="intonation"/><shift corresp="#LEcon575_s_7" feature="voice" new="neutral" xml:id="LEcon575_s_8"/></u>
            <u who="#LEcon575_S2" xml:id="LEcon575_u_18"><vocal subtype="wordstart" type="wordlike" voice:desc="laughing" voice:syl="1"/></u>
            <u who="#LEcon575_S2" xml:id="LEcon575_u_19"><seg n="1" type="overlap" xml:id="LEcon575_ol_0"><vocal subtype="wordstart" type="wordlike" voice:desc="laughing" voice:syl="1"/></seg></u>
            <u who="#LEcon575_S1" xml:id="LEcon575_u_20"><seg n="1" synch="#LEcon575_ol_0" type="overlap" xml:id="LEcon575_ol_1"> why </seg> does <seg n="2" type="overlap" xml:id="LEcon575_ol_2"> she like<c function="rise" type="intonation"/></seg></u>
            <u who="#LEcon575_S2" xml:id="LEcon575_u_21"><seg n="2" synch="#LEcon575_ol_2" type="overlap" xml:id="LEcon575_ol_3"> did you </seg> read her reply saying em<emph>barr</emph>assing<c function="fall" type="intonation"/><pause/> in german<c function="rise" type="intonation"/><pause dur="PT4S"/><incident dur="PT4S" voice:desc="someone pours a drink "/></u>
            <u who="#LEcon575_S1" xml:id="LEcon575_u_22"> o<c type="lengthening"/>h <pause/><emph> did </emph> you write that one to the <supplied reason="anonymization"> [first name2] </supplied> as well<c function="rise" type="intonation"/><pause dur="PT3S"/></u>
            <u who="#LEcon575_S2" xml:id="LEcon575_u_23"> i <emph> for</emph>warded you the message <supplied reason="anonymization"> [first name2] </supplied> we- i forwarded <supplied reason="anonymization"> [first name2]</supplied>'s re<emph>ply </emph><c function="fall" type="intonation"/><pause/> to you<c function="fall" type="intonation"/><pause/></u>
            <u who="#LEcon575_S1" xml:id="LEcon575_u_24"> i didn't see the re<emph>ply </emph><c type="lengthening"/><c function="fall" type="intonation"/></u>
            <u who="#LEcon575_S2" xml:id="LEcon575_u_25"><supplied reason="anonymization"> [first name2] </supplied> replied o<c type="lengthening"/>h how em<emph>barr</emph>assing<c function="fall" type="intonation"/><pause dur="PT2S"/></u>
            <u who="#LEcon575_S1" xml:id="LEcon575_u_26"> oh hold <emph> on </emph> a <emph> sec</emph>ond<c function="fall" type="intonation"/><pause dur="PT3S"/> what did you write to <supplied reason="anonymization"> [first name2] </supplied></u>
            <u who="#LEcon575_S2" xml:id="LEcon575_u_27"> are you sure about <supplied reason="anonymization"> [first name3] </supplied><w voice:mode="spelt"> p h d<c function="fall" type="intonation"/></w><pause/> becaus<c type="lengthening"/>e she said she couldn't move in <pause dur="PT2S"/> er <pause/> that's <emph> france </emph> that's on <pause dur="PT2S"/><supplied reason="unintelligible"> x </supplied><pause dur="PT1S"/></u>
            <u who="#LEcon575_S1" xml:id="LEcon575_u_28"> because her  <w voice:mode="spelt"> p h  </w><seg n="3" type="overlap" xml:id="LEcon575_ol_4"><w voice:mode="spelt"> d  </w> was not <pause/> f<c type="lengthening"/>inished </seg></u>
            <u who="#LEcon575_S2" xml:id="LEcon575_u_29"><seg n="3" synch="#LEcon575_ol_4" type="overlap" xml:id="LEcon575_ol_5"> because she had to </seg> finish her  <w voice:mode="spelt"> p h d  </w> in <emph> ox</emph>ford<c function="fall" type="intonation"/><pause dur="PT2S"/><seg n="4" type="overlap" xml:id="LEcon575_ol_6"> and then </seg></u>
            <u who="#LEcon575_S1" xml:id="LEcon575_u_30"><seg n="4" synch="#LEcon575_ol_6" type="overlap" xml:id="LEcon575_ol_7"> but did </seg> you write that<c function="rise" type="intonation"/> but you didn't copy me <emph> in </emph><c function="fall" type="intonation"/><anchor synch="#LEcon575_oc_1" type="other_continuation" xml:id="LEcon575_oc_0"/></u>
            <u who="#LEcon575_S2" xml:id="LEcon575_u_31"><anchor synch="#LEcon575_oc_0" type="other_continuation" xml:id="LEcon575_oc_1"/> no no no <seg n="5" type="overlap" xml:id="LEcon575_ol_8"> then <supplied reason="anonymization"> [FIRST NAME2] </supplied> replied saying o<c type="lengthening"/>h </seg> how em<emph>barr</emph>assing <pause dur="PT1S"/></u>
            <u who="#LEcon575_S1" xml:id="LEcon575_u_32"><seg n="5" synch="#LEcon575_ol_8" type="overlap" xml:id="LEcon575_ol_9"> a<c type="lengthening"/>h okay o<c type="lengthening"/>h <supplied reason="unintelligible"> xxx </supplied></seg></u>
            <u who="#LEcon575_S1" xml:id="LEcon575_u_33"> a<c type="lengthening"/>h </u>
            <u who="#LEcon575_S2" xml:id="LEcon575_u_34"> so what about an <supplied reason="anonymization"> [S1]</supplied>'s  <w voice:mode="spelt"> p h d<c function="fall" type="intonation"/></w><pause dur="PT1S"/></u>
            <u who="#LEcon575_S1" xml:id="LEcon575_u_35"> oh i see hh <pause/> but e<c type="lengthening"/>rm <anchor synch="#LEcon575_oc_3" type="other_continuation" xml:id="LEcon575_oc_2"/></u>
            <u who="#LEcon575_S2" xml:id="LEcon575_u_36"><anchor synch="#LEcon575_oc_2" type="other_continuation" xml:id="LEcon575_oc_3"/> and i forwarded <emph> that </emph> to <emph> you </emph><c function="fall" type="intonation"/><pause/></u>
            <u who="#LEcon575_S1" xml:id="LEcon575_u_37"> okay<c function="fall" type="intonation"/> i didn't see that<c function="fall" type="intonation"/><pause/> did you do it just no<c type="lengthening"/>w <pause/> just <anchor synch="#LEcon575_oc_5" type="other_continuation" xml:id="LEcon575_oc_4"/></u>
            <u who="#LEcon575_S2" xml:id="LEcon575_u_38"><anchor synch="#LEcon575_oc_4" type="other_continuation" xml:id="LEcon575_oc_5"/><unclear> hm </unclear><c function="fall" type="intonation"/><pause dur="PT1S"/> yeah <pause/> about the time when you were <pause/></u>
            <u who="#LEcon575_S1" xml:id="LEcon575_u_39"> because <anchor synch="#LEcon575_oc_7" type="other_continuation" xml:id="LEcon575_oc_6"/></u>
            <u who="#LEcon575_S2" xml:id="LEcon575_u_40"><anchor synch="#LEcon575_oc_6" type="other_continuation" xml:id="LEcon575_oc_7"/> just before we had the date <pause/> th- when you<c function="fall" type="intonation"/><pause/> just be<seg n="1" type="overlap" xml:id="LEcon575_ol_10">fore you called me </seg></u>
            <u who="#LEcon575_S1" xml:id="LEcon575_u_41"><seg n="1" synch="#LEcon575_ol_10" type="overlap" xml:id="LEcon575_ol_11"> no<c type="lengthening"/> y- </seg> my email was not <emph> work</emph>ing<c function="fall" type="intonation"/><pause dur="PT3S"/><incident dur="PT3S" voice:desc="someone cuts or spikes something on their plate with the cutlery "/> but erm erm <pause/> it was knocked off<c function="fall" type="intonation"/><pause/> e<c type="lengthening"/>rm <pause dur="PT2S"/> no but <pause/><supplied reason="anonymization"> [FIRST NAME2] </supplied> did not mention <unclear> her </unclear><w voice:mode="spelt"> p h D  </w> in her email<c function="fall" type="intonation"/><pause/> she didn't mention <emph> any</emph>thing<c function="fall" type="intonation"/></u>
            <u who="#LEcon575_S2" xml:id="LEcon575_u_42"><supplied reason="anonymization"> [first name1] </supplied><unclear> has </unclear> a <emph> doc</emph>tor <pause/></u>
            <u who="#LEcon575_S1" xml:id="LEcon575_u_43"> o<c type="lengthening"/>h she did say <emph> that </emph><c function="rise" type="intonation"/><pause/></u>
            <u who="#LEcon575_S2" xml:id="LEcon575_u_44"> mhm <pause/></u>
            <u who="#LEcon575_S1" xml:id="LEcon575_u_45"> o<c type="lengthening"/>h <pause/></u>
            <u who="#LEcon575_S2" xml:id="LEcon575_u_46"> but she should have said <emph> you </emph> are a doctor<c function="fall" type="intonation"/><pause/></u>
            <u who="#LEcon575_S1" xml:id="LEcon575_u_47"><incident voice:desc="starts chewing"/> that's okay <pause/> i don't mind<c function="fall" type="intonation"/><pause dur="PT2S"/> i don't <shift corresp="#LEcon575_s_10" feature="tempo" new="a" xml:id="LEcon575_s_9"/> care <shift corresp="#LEcon575_s_9" feature="tempo" new="neutral" xml:id="LEcon575_s_10"/><pause/> i don't like these <emph> for</emph>mal a<emph>nnounce</emph>ments anyway<c function="fall" type="intonation"/><incident voice:desc="stops chewing"/><pause dur="PT4S"/><vocal type="speaker_noise" voice:desc="swallows"/> no <unclear> i d- </unclear><pause/> but i didn't <emph> read </emph> that she wrote <supplied reason="anonymization"> [first name3] </supplied> is the doctor <voice:track medium="1" num="2" type="md"/> but <unclear><w voice:mode="spelt"> P G ES  </w></unclear> how do you know that <supplied reason="anonymization"> [first name3] </supplied> didn't finish<c type="lengthening"/><c type="lengthening"/></u>
            <u who="#LEcon575_S2" xml:id="LEcon575_u_48"><unclear> well </unclear><unclear> b- </unclear> basically <supplied reason="anonymization"> [first name3]</supplied>'s excuse not to move in <pause dur="PT1S"/> with er <supplied reason="anonymization"> [first name4] </supplied><c function="rise" type="intonation"/> hh <pause/> was <pause/> because she had to go <pause/><emph> stay </emph> in <emph> ox</emph>ford and finish her  <w voice:mode="spelt"> p h D  </w><anchor synch="#LEcon575_oc_9" type="other_continuation" xml:id="LEcon575_oc_8"/></u>
            <u who="#LEcon575_S1" xml:id="LEcon575_u_49"><anchor synch="#LEcon575_oc_8" type="other_continuation" xml:id="LEcon575_oc_9"/> and maybe she <emph> did </emph> it <pause dur="PT2S"/></u>
            <u who="#LEcon575_S2" xml:id="LEcon575_u_50"> you know how long it <emph> takes </emph><c function="fall" type="intonation"/><pause dur="PT1S"/> that <seg n="2" type="overlap" xml:id="LEcon575_ol_12"> was just </seg></u>
            <u who="#LEcon575_S1" xml:id="LEcon575_u_51"><seg n="2" synch="#LEcon575_ol_12" type="overlap" xml:id="LEcon575_ol_13"> oh yes i </seg><emph> do </emph> but maybe she was just at the last <pause/> final w<c type="lengthening"/>eeks<c function="rise" type="intonation"/><pause dur="PT1S"/><incident voice:desc="starts chewing"/> or month <pause dur="PT3S"/><incident dur="PT3S" voice:desc="S1 eats "/> could be <incident voice:desc="stops chewing"/><pause dur="PT2S"/></u>
            <u who="#LEcon575_S2" xml:id="LEcon575_u_52"> well <pause/> when she announced that she had to stay in oxford was when you<c type="lengthening"/> not where <pause/> when just handed in<c function="fall" type="intonation"/><pause dur="PT2S"/><unclear> that didn't suck up </unclear><pause dur="PT1S"/></u>
            <u who="#LEcon575_S1" xml:id="LEcon575_u_53"><foreign type="LN" voice:translation="that's right" xml:lang="ger"> genau </foreign></u>
            <u who="#LEcon575_S2" xml:id="LEcon575_u_54"> you only just got your viva <pause/></u>
            <u who="#LEcon575_S1" xml:id="LEcon575_u_55"> hm <pause dur="PT4S"/><incident dur="PT4S" voice:desc="S1 cuts something on her plate "/><incident voice:desc="starts chewing"/> so how did <pause/> er <pause/><supplied reason="anonymization"> [first name2] </supplied> know that <supplied reason="anonymization"> [first name3] </supplied> had finished<c function="fall" type="intonation"/><incident voice:desc="stops chewing"/><pause dur="PT1S"/></u>
            <u who="#LEcon575_S2" xml:id="LEcon575_u_56"> don't know<c function="rise" type="intonation"/><pause/><pause dur="PT4S"/><incident voice:desc="S1 is cutting something on her plate"/></u>
            <u who="#LEcon575_S1" xml:id="LEcon575_u_57"><incident voice:desc="starts chewing"/> it <emph> can </emph> be that <supplied reason="anonymization"> [first name2] </supplied> just <emph> assumed </emph><c function="fall" type="intonation"/><pause dur="PT7S"/><incident dur="PT7S" voice:desc="S1 is cutting the potatoes "/> this potato are  only half cooked <vocal subtype="wordstart" type="wordlike" voice:desc="laughing" voice:syl="2"/><pause/> hm<c function="fall" type="intonation"/><pause dur="PT4S"/> i think the other recipe will better <pause dur="PT5S"/><incident voice:desc="stops chewing"/></u>
            <u who="#LEcon575_S2" xml:id="LEcon575_u_58"> but also <supplied reason="anonymization"> [first name5] </supplied> is not qualified architect<c function="fall" type="intonation"/></u>
            <u who="#LEcon575_S1" xml:id="LEcon575_u_59"><incident voice:desc="starts chewing"/> i kno<c type="lengthening"/>w the whole email was jus- <seg n="3" type="overlap" xml:id="LEcon575_ol_14"> just a bit <unclear> too much </unclear></seg><incident voice:desc="stops chewing"/></u>
            <u who="#LEcon575_S2" xml:id="LEcon575_u_60"><seg n="3" synch="#LEcon575_ol_14" type="overlap" xml:id="LEcon575_ol_15"> you have to <emph> work </emph></seg> to be a <seg n="8" type="overlap" xml:id="LEcon575_ol_16"><supplied reason="unintelligible"> xxx </supplied></seg></u>
            <u who="#LEcon575_S1" xml:id="LEcon575_u_61"><seg n="8" synch="#LEcon575_ol_16" type="overlap" xml:id="LEcon575_ol_17"><vocal subtype="wordstart" type="wordlike" voice:desc="laughing" voice:syl="2"/></seg><pause/><incident voice:desc="starts chewing"/><vocal subtype="wordstart" type="wordlike" voice:desc="laughing" voice:syl="7"/><incident voice:desc="stops chewing"/><pause dur="PT4S"/><seg n="4" type="overlap" xml:id="LEcon575_ol_18">  but </seg></u>
            <u who="#LEcon575_S2" xml:id="LEcon575_u_62"><seg n="4" synch="#LEcon575_ol_18" type="overlap" xml:id="LEcon575_ol_19"> but e</seg>ven in that <emph> lang</emph>uage like fully <emph> cer</emph>tified architect i thought <pause dur="PT1S"/> if <emph> any</emph>thing she is an <supplied reason="unintelligible"> xx </supplied> certified architect<c function="fall" type="intonation"/> i mean i <seg n="5" type="overlap" xml:id="LEcon575_ol_20"> happen </seg> to know ex<emph>actly </emph> the regulations in germany as well as here <pause dur="PT1S"/></u>
            <u who="#LEcon575_S1" xml:id="LEcon575_u_63"><seg n="5" synch="#LEcon575_ol_20" type="overlap" xml:id="LEcon575_ol_21"><vocal subtype="wordstart" type="wordlike" voice:desc="laughing" voice:syl="2"/></seg></u>
            <u who="#LEcon575_S1" xml:id="LEcon575_u_64"><vocal subtype="wordstart" type="wordlike" voice:desc="laughing" voice:syl="2"/><pause/></u>
            <u who="#LEcon575_S2" xml:id="LEcon575_u_65"> only in <emph> spain </emph> actually <pause dur="PT1S"/></u>
            <u who="#LEcon575_S1" xml:id="LEcon575_u_66"> don't erm in spain only when you finish your  <w voice:mode="spelt"> b a  </w> you are an architect<c function="rise" type="intonation"/></u>
            <u who="#LEcon575_S2" xml:id="LEcon575_u_67"> diploma<c function="fall" type="intonation"/><pause/> mhm <pause dur="PT3S"/></u>
            <u who="#LEcon575_S1" xml:id="LEcon575_u_68"><incident voice:desc="starts chewing"/><vocal type="speaker_noise" voice:desc="smacks lips"/> like with no trai<c type="lengthening"/>ning or anything<c function="rise" type="intonation"/><incident voice:desc="stops chewing"/><pause/></u>
            <u who="#LEcon575_S2" xml:id="LEcon575_u_69"> yeah<c function="fall" type="intonation"/><pause dur="PT1S"/></u>
            <u who="#LEcon575_S1" xml:id="LEcon575_u_70"> that' a bit silly <pause dur="PT4S"/> in italy you have to go through <pause/> three years training <pause dur="PT4S"/><incident dur="PT1S" voice:desc="S1 spikes something on her plate "/> and then you sit the final exam <pause/> and then you become an architect<c function="fall" type="intonation"/><pause dur="PT1S"/></u>
            <u who="#LEcon575_S2" xml:id="LEcon575_u_71"><shift corresp="#LEcon575_s_12" feature="loud" new="p" xml:id="LEcon575_s_11"/> yeah <pause/> and <unclear><supplied reason="anonymization"> [first name8]</supplied>'s </unclear> colleague <pause/> went through it and failed three times <shift corresp="#LEcon575_s_11" feature="loud" new="neutral" xml:id="LEcon575_s_12"/><pause/></u>
            <u who="#LEcon575_S1" xml:id="LEcon575_u_72"> yeah it is quite <emph> tough </emph><c function="fall" type="intonation"/><pause dur="PT1S"/></u>
            <u who="#LEcon575_S2" xml:id="LEcon575_u_73"><shift corresp="#LEcon575_s_14" feature="loud" new="p" xml:id="LEcon575_s_13"/> yeah <shift corresp="#LEcon575_s_13" feature="loud" new="neutral" xml:id="LEcon575_s_14"/></u>
            <u who="#LEcon575_S1" xml:id="LEcon575_u_74"><seg n="5" type="overlap" xml:id="LEcon575_ol_22"> in <emph> i</emph>taly it's really </seg><emph> terr</emph>ible  </u>
            <u who="#LEcon575_S2" xml:id="LEcon575_u_75"><seg n="5" synch="#LEcon575_ol_22" type="overlap" xml:id="LEcon575_ol_23"> but she <unclear> all </unclear> said that </seg></u>
            <u who="#LEcon575_S2" xml:id="LEcon575_u_76"> she <unclear> all </unclear> said the disadvantage<c function="fall" type="intonation"/></u>
            <u who="#LEcon575_S1" xml:id="LEcon575_u_77"><incident voice:desc="starts chewing"/> why<c function="rise" type="intonation"/><incident voice:desc="stops chewing"/></u>
            <u who="#LEcon575_S2" xml:id="LEcon575_u_78"> working here <pause/> doing the exams there  </u>
            <u who="#LEcon575_S1" xml:id="LEcon575_u_79"> oh no that's terrible yeah <pause/></u>
            <u who="#LEcon575_S2" xml:id="LEcon575_u_80"> but also she says the professor can ask you <emph> any</emph>thing<c function="fall" type="intonation"/><pause dur="PT1S"/></u>
            <u who="#LEcon575_S1" xml:id="LEcon575_u_81"><seg n="6" type="overlap" xml:id="LEcon575_ol_24"> yah </seg></u>
            <u who="#LEcon575_S2" xml:id="LEcon575_u_82"><seg n="6" synch="#LEcon575_ol_24" type="overlap" xml:id="LEcon575_ol_25"> it's </seg> an oral exam and he can ask you <pause/> well tell me ex<emph>ac</emph>tly <pause dur="PT1S"/> the composition of a certain type of brick found <pause/> in<c type="lengthening"/><pause/> used in rural sicily  </u>
            <u who="#LEcon575_S1" xml:id="LEcon575_u_83"><seg n="7" type="overlap" xml:id="LEcon575_ol_26"><vocal subtype="wordstart" type="wordlike" voice:desc="laughing" voice:syl="3"/></seg></u>
            <u who="#LEcon575_S2" xml:id="LEcon575_u_84"><seg n="7" synch="#LEcon575_ol_26" type="overlap" xml:id="LEcon575_ol_27"><unclear> what kind of </unclear> chemical composition </seg><pause/> yeah<c function="fall" type="intonation"/><pause dur="PT2S"/> as an architect you just don't <shift corresp="#LEcon575_s_16" feature="voice" new="laugh" xml:id="LEcon575_s_15"/><emph> know </emph><shift corresp="#LEcon575_s_15" feature="voice" new="neutral" xml:id="LEcon575_s_16"/> everything<c function="fall" type="intonation"/><pause dur="PT2S"/> so <pause/> you know </u>
            <u who="#LEcon575_S1" xml:id="LEcon575_u_85"> yeah hh <pause dur="PT4S"/></u>
            <u who="#LEcon575_S2" xml:id="LEcon575_u_86"><unclear> i'll </unclear> they can ask you anything about <voice:track medium="1" num="3" type="md"/> regulations and of course you can't <shift corresp="#LEcon575_s_18" feature="loud" new="p" xml:id="LEcon575_s_17"/> know everything <shift corresp="#LEcon575_s_17" feature="loud" new="neutral" xml:id="LEcon575_s_18"/></u>
            <u who="#LEcon575_S1" xml:id="LEcon575_u_87"> well especially if you work  here how can you kno<c type="lengthening"/>w the regulations  in italy <pause dur="PT2S"/><incident dur="PT2S" voice:desc="someone cuts something on their plate "/></u>
            <u who="#LEcon575_S2" xml:id="LEcon575_u_88"> well you can try y- you can <emph> learn </emph><pause/> you can <anchor synch="#LEcon575_oc_11" type="other_continuation" xml:id="LEcon575_oc_10"/></u>
            <u who="#LEcon575_S1" xml:id="LEcon575_u_89"><anchor synch="#LEcon575_oc_10" type="other_continuation" xml:id="LEcon575_oc_11"/> yeah but you learn <seg n="1" type="overlap" xml:id="LEcon575_ol_28"> better </seg><pause/></u>
            <u who="#LEcon575_S2" xml:id="LEcon575_u_90"><seg n="1" synch="#LEcon575_ol_28" type="overlap" xml:id="LEcon575_ol_29"><unclear> it <emph> helps </emph></unclear></seg></u>
            <u who="#LEcon575_S1" xml:id="LEcon575_u_91"> if you do your training in italy <pause dur="PT3S"/></u>
            <u who="#LEcon575_S2" xml:id="LEcon575_u_92"> the point is they y- they can jump into any sort of subject<c function="fall" type="intonation"/><pause/><seg n="2" type="overlap" xml:id="LEcon575_ol_30"> and </seg> ask <pause/></u>
            <u who="#LEcon575_S1" xml:id="LEcon575_u_93"><seg n="2" synch="#LEcon575_ol_30" type="overlap" xml:id="LEcon575_ol_31"> yah </seg></u>
            <u who="#LEcon575_S2" xml:id="LEcon575_u_94"> very specific questions<c function="fall" type="intonation"/></u>
            <u who="#LEcon575_S1" xml:id="LEcon575_u_95"> yeah <pause dur="PT3S"/><vocal type="speaker_noise" voice:desc="sniffs"/><pause dur="PT4S"/><incident dur="PT4S" voice:desc="someone cuts their food "/></u>
            <u who="#LEcon575_S2" xml:id="LEcon575_u_96"> i mean here people <pause dur="PT1S"/> who <emph> study </emph> don't fail<c function="fall" type="intonation"/><pause dur="PT2S"/> some people <emph> fail </emph> who have ten years ex<emph>per</emph>ience<c function="fall" type="intonation"/> because they think they're more clever  than the <pause/> interviewers<c function="rise" type="intonation"/></u>
            <u who="#LEcon575_S1" xml:id="LEcon575_u_97"><vocal subtype="wordstart" type="wordlike" voice:desc="laughing" voice:syl="4"/></u>
            <u who="#LEcon575_S2" xml:id="LEcon575_u_98"> that's a common thing that ha<shift corresp="#LEcon575_s_20" feature="voice" new="laugh" xml:id="LEcon575_s_19"/>ppens <shift corresp="#LEcon575_s_19" feature="voice" new="neutral" xml:id="LEcon575_s_20"/><anchor synch="#LEcon575_oc_13" type="other_continuation" xml:id="LEcon575_oc_12"/></u>
            <u who="#LEcon575_S1" xml:id="LEcon575_u_99"><anchor synch="#LEcon575_oc_12" type="other_continuation" xml:id="LEcon575_oc_13"/> yeah <pause dur="PT1S"/> i imagine them going <pause/></u>
            <u who="#LEcon575_S2" xml:id="LEcon575_u_100"> because <seg n="4" type="overlap" xml:id="LEcon575_ol_32"> how how it <emph> should </emph> be done </seg> by the book has nothing to it's <emph> actually </emph> being done<c function="fall" type="intonation"/></u>
            <u who="#LEcon575_S1" xml:id="LEcon575_u_101"><seg n="4" synch="#LEcon575_ol_32" type="overlap" xml:id="LEcon575_ol_33"><unclear> and now we're gonna talk </unclear><supplied reason="unintelligible"> xx </supplied></seg></u>
            <u who="#LEcon575_S1" xml:id="LEcon575_u_102"> yeah <pause/> ah because they think they know how it's actually being <emph> done </emph><pause/></u>
            <u who="#LEcon575_S2" xml:id="LEcon575_u_103"> then think that's the way it <emph> should </emph> be <pause/> the <pause/> by the <emph> book </emph> it's <anchor synch="#LEcon575_oc_15" type="other_continuation" xml:id="LEcon575_oc_14"/></u>
            <u who="#LEcon575_S1" xml:id="LEcon575_u_104"><anchor synch="#LEcon575_oc_14" type="other_continuation" xml:id="LEcon575_oc_15"/> yeah <pause dur="PT3S"/></u>
            <u who="#LEcon575_S2" xml:id="LEcon575_u_105"> for example <pause/> you should always have an appointment document <emph> signed </emph> before you start works<c function="fall" type="intonation"/><pause/></u>
            <u who="#LEcon575_S1" xml:id="LEcon575_u_106"><shift corresp="#LEcon575_s_22" feature="voice" new="laugh" xml:id="LEcon575_s_21"/> hm <shift corresp="#LEcon575_s_21" feature="voice" new="neutral" xml:id="LEcon575_s_22"/></u>
            <u who="#LEcon575_S2" xml:id="LEcon575_u_107"> before you start working for for client <pause dur="PT1S"/><shift corresp="#LEcon575_s_24" feature="loud" new="p" xml:id="LEcon575_s_23"/> but <pause/> yeah <shift corresp="#LEcon575_s_23" feature="loud" new="neutral" xml:id="LEcon575_s_24"/><pause/><shift corresp="#LEcon575_s_26" feature="tempo" new="a" xml:id="LEcon575_s_25"/> in reality that never <emph> ha</emph>ppens<c function="fall" type="intonation"/><shift corresp="#LEcon575_s_25" feature="tempo" new="neutral" xml:id="LEcon575_s_26"/><pause dur="PT1S"/> in reality you <emph> send </emph> them <pause/> what you think the appointment document <emph> should </emph> be<c function="rise" type="intonation"/> then they go through it and say we want mend this this and <emph> this </emph> and you say well actually i <emph> don't </emph> agree to those amendments<c function="rise" type="intonation"/><pause dur="PT2S"/></u>
            <u who="#LEcon575_S1" xml:id="LEcon575_u_108"> so you start a back and forth back and forth but you are still <seg n="6" type="overlap" xml:id="LEcon575_ol_34"> you are really </seg><emph> work</emph>ing  </u>
            <u who="#LEcon575_S2" xml:id="LEcon575_u_109"><seg n="6" synch="#LEcon575_ol_34" type="overlap" xml:id="LEcon575_ol_35"> while you </seg></u>
            <u who="#LEcon575_S2" xml:id="LEcon575_u_110"> while you start working <unclear> on it </unclear><seg n="8" type="overlap" xml:id="LEcon575_ol_36"> m<emph>hm </emph><c function="rise" type="intonation"/></seg></u>
            <u who="#LEcon575_S1" xml:id="LEcon575_u_111"><seg n="8" synch="#LEcon575_ol_36" type="overlap" xml:id="LEcon575_ol_37"> yeah </seg><pause dur="PT16S"/><incident dur="PT16S" voice:desc="someone is cutting the food on their plate and eating noisily "/><shift corresp="#LEcon575_s_28" feature="loud" new="p" xml:id="LEcon575_s_27"/> hm <pause/> that last time was a bit <emph> be</emph>tter<c function="fall" type="intonation"/><shift corresp="#LEcon575_s_27" feature="loud" new="neutral" xml:id="LEcon575_s_28"/><pause dur="PT4S"/></u>
            <u who="#LEcon575_S2" xml:id="LEcon575_u_112"> points halfway through they can't afford to swap architects<c function="fall" type="intonation"/></u>
            <u who="#LEcon575_S1" xml:id="LEcon575_u_113"><vocal subtype="wordstart" type="wordlike" voice:desc="laughing" voice:syl="2"/><seg n="7" type="overlap" xml:id="LEcon575_ol_38"><vocal subtype="wordstart" type="wordlike" voice:desc="laughing" voice:syl="1"/></seg>  yeah <pause dur="PT2S"/></u>
            <u who="#LEcon575_S2" xml:id="LEcon575_u_114"><seg n="7" synch="#LEcon575_ol_38" type="overlap" xml:id="LEcon575_ol_39"> anyway </seg></u>
            <u who="#LEcon575_S2" xml:id="LEcon575_u_115"> actually my my project is just at a point where <pause dur="PT2S"/> it <emph> start</emph>ed on site<c function="fall" type="intonation"/><pause dur="PT2S"/></u>
            <u who="#LEcon575_S1" xml:id="LEcon575_u_116"> oh i <emph> remember </emph> and they wanted to to withdraw right<c function="rise" type="intonation"/><pause dur="PT1S"/> or no<c function="fall" type="intonation"/><anchor synch="#LEcon575_oc_17" type="other_continuation" xml:id="LEcon575_oc_16"/></u>
            <u who="#LEcon575_S2" xml:id="LEcon575_u_117"><anchor synch="#LEcon575_oc_16" type="other_continuation" xml:id="LEcon575_oc_17"/> no no no <pause/> the other day they sen<c type="lengthening"/>t a long list<c function="fall" type="intonation"/> of things we should do<c function="rise" type="intonation"/><pause dur="PT1S"/> like coordinate <voice:pvc> subcontractors<c function="fall" type="intonation"/></voice:pvc><pause/></u>
            <u who="#LEcon575_S1" xml:id="LEcon575_u_118"> hm <pause/></u>
            <u who="#LEcon575_S2" xml:id="LEcon575_u_119"> which is something we don't do for the percentage we read or design <emph> the </emph><emph> con</emph>tract <pause/></u>
            <u who="#LEcon575_S1" xml:id="LEcon575_u_120"> mhm<c function="rise" type="intonation"/><pause/></u>
            <u who="#LEcon575_S2" xml:id="LEcon575_u_121"> they need to organize well it's quite specific things about <pause/> managing the<c type="lengthening"/> hh <pause dur="PT2S"/><shift corresp="#LEcon575_s_30" feature="loud" new="p" xml:id="LEcon575_s_29"/> whatever <shift corresp="#LEcon575_s_29" feature="loud" new="neutral" xml:id="LEcon575_s_30"/> administration drawing organization of subcontractors drawings <seg type="onomatopoeia"> bla: di bla: </seg></u>
            <u who="#LEcon575_S1" xml:id="LEcon575_u_122"> aha <pause/></u>
            <u who="#LEcon575_S2" xml:id="LEcon575_u_123"> we just don't have the fee to do that<c function="fall" type="intonation"/><pause/> and it doesn't makes sense <shift corresp="#LEcon575_s_32" feature="loud" new="p" xml:id="LEcon575_s_31"/> to do that<c function="fall" type="intonation"/><shift corresp="#LEcon575_s_31" feature="loud" new="neutral" xml:id="LEcon575_s_32"/><pause/></u>
            <u who="#LEcon575_S1" xml:id="LEcon575_u_124"> so you said no<c type="lengthening"/> and then<c function="rise" type="intonation"/><pause dur="PT4S"/></u>
            <u who="#LEcon575_S2" xml:id="LEcon575_u_125"><incident voice:desc="S2 is eating noisily"/> no because our solicitors and insurers and they say we can't cover you if you undertake <pause/> this type of <emph> work </emph> cos it's outside your re- <voice:track medium="1" num="4" type="md"/><supplied reason="unintelligible"> xx </supplied> it and so on and there's argument that maybe meet you meet somewhere in the middle and we said okay we do a limited amount of coordination <pause dur="PT1S"/> so <pause dur="PT2S"/></u>
            <u who="#LEcon575_S1" xml:id="LEcon575_u_126"> what is it a limited amount of coordination is all very <pause/><vocal subtype="wordstart" type="wordlike" voice:desc="laughing" voice:syl="2"/><pause dur="PT1S"/></u>
            <u who="#LEcon575_S2" xml:id="LEcon575_u_127"> well it's <emph> all </emph> a very grey zone <voice:pvc> anyways </voice:pvc><anchor synch="#LEcon575_oc_19" type="other_continuation" xml:id="LEcon575_oc_18"/></u>
            <u who="#LEcon575_S1" xml:id="LEcon575_u_128"><anchor synch="#LEcon575_oc_18" type="other_continuation" xml:id="LEcon575_oc_19"/> yeah<c function="fall" type="intonation"/><pause dur="PT4S"/></u>
            <u who="#LEcon575_S2" xml:id="LEcon575_u_129"> with architects co<emph>o</emph>rdinate everybody's <emph> in</emph>put <pause/></u>
            <u who="#LEcon575_S1" xml:id="LEcon575_u_130"> mhm  </u>
            <u who="#LEcon575_S2" xml:id="LEcon575_u_131"> so it's easy to say oh <emph> you're </emph> the lead designer <pause dur="PT1S"/> you sh- you're responsible of everything<c function="fall" type="intonation"/><pause/></u>
            <u who="#LEcon575_S1" xml:id="LEcon575_u_132"> yeah fine </u>
            <u who="#LEcon575_S2" xml:id="LEcon575_u_133"> but you <emph> can't </emph> be responsible for <pause dur="PT1S"/> issues which are  to do with <pause/> engineering <pause/> expertise <pause/> right <pause dur="PT3S"/> if engineers give us drawings which are not <voice:pvc> dimensioned </voice:pvc><pause dur="PT3S"/> we can't <pause/> issue those drawings for construction <pause/> because <pause/> that would be<c type="lengthening"/> a liability <pause dur="PT3S"/><shift corresp="#LEcon575_s_34" feature="loud" new="p" xml:id="LEcon575_s_33"/> for example <shift corresp="#LEcon575_s_33" feature="loud" new="neutral" xml:id="LEcon575_s_34"/><unclear> where </unclear> it's beginning <unclear> to be </unclear> very boring no </u>
            <u who="#LEcon575_S1" xml:id="LEcon575_u_134"><foreign type="L1" voice:translation="yes" xml:lang="ita"> si </foreign></u>
            <u who="#LEcon575_S2" xml:id="LEcon575_u_135"><vocal subtype="wordstart" type="wordlike" voice:desc="laughing" voice:syl="1"/><seg n="1" type="overlap" xml:id="LEcon575_ol_40"><vocal subtype="wordstart" type="wordlike" voice:desc="laughing" voice:syl="2"/></seg></u>
            <u who="#LEcon575_S1" xml:id="LEcon575_u_136"><seg n="1" synch="#LEcon575_ol_40" type="overlap" xml:id="LEcon575_ol_41"><vocal subtype="wordstart" type="wordlike" voice:desc="laughing" voice:syl="1"/></seg><vocal subtype="wordstart" type="wordlike" voice:desc="laughing" voice:syl="4"/><pause dur="PT9S"/><incident dur="PT9S" voice:desc="someone is cutting the food on the plate "/>  hm </u>
            <u who="#LEcon575_S2" xml:id="LEcon575_u_137"><incident voice:desc="starts chewing"/> hm i like it <pause/></u>
            <u who="#LEcon575_S1" xml:id="LEcon575_u_138"> no<c type="lengthening"/> i think the potatoes are not cooked </u>
            <u who="#LEcon575_S2" xml:id="LEcon575_u_139"> well it could have been <incident voice:desc="stops chewing"/><pause/></u>
            <u who="#LEcon575_S1" xml:id="LEcon575_u_140"> i mean they <seg n="2" type="overlap" xml:id="LEcon575_ol_42"> are </seg></u>
            <u who="#LEcon575_S2" xml:id="LEcon575_u_141"><seg n="2" synch="#LEcon575_ol_42" type="overlap" xml:id="LEcon575_ol_43"> cooked </seg> for ten minutes longer or some<seg n="3" type="overlap" xml:id="LEcon575_ol_44">thing </seg></u>
            <u who="#LEcon575_S1" xml:id="LEcon575_u_142"><seg n="3" synch="#LEcon575_ol_44" type="overlap" xml:id="LEcon575_ol_45"> yeah </seg><pause dur="PT2S"/> but i was hungry <pause/><vocal subtype="wordstart" type="wordlike" voice:desc="laughing" voice:syl="2"/><pause dur="PT26S"/><incident dur="PT26S" voice:desc="they are  cutting their food in their plates and eating "/> today i saw <supplied reason="anonymization"> [first name6] </supplied><pause dur="PT1S"/> he says hi </u>
            <u who="#LEcon575_S2" xml:id="LEcon575_u_143"> hm <pause dur="PT1S"/> is he happy<c function="fall" type="intonation"/></u>
            <u who="#LEcon575_S1" xml:id="LEcon575_u_144"><shift corresp="#LEcon575_s_36" feature="voice" new="sigh" xml:id="LEcon575_s_35"/> mhm <shift corresp="#LEcon575_s_35" feature="voice" new="neutral" xml:id="LEcon575_s_36"/><incident voice:desc="starts chewing"/> no <pause dur="PT2S"/> he's got a cold <pause dur="PT1S"/> and is tired <incident voice:desc="stops chewing"/><pause dur="PT1S"/></u>
            <u who="#LEcon575_S2" xml:id="LEcon575_u_145"><shift corresp="#LEcon575_s_38" feature="loud" new="p" xml:id="LEcon575_s_37"/> he er also had a cold last year <shift corresp="#LEcon575_s_37" feature="loud" new="neutral" xml:id="LEcon575_s_38"/><pause dur="PT1S"/></u>
            <u who="#LEcon575_S1" xml:id="LEcon575_u_146"><shift corresp="#LEcon575_s_40" feature="loud" new="p" xml:id="LEcon575_s_39"/> okay <shift corresp="#LEcon575_s_39" feature="loud" new="neutral" xml:id="LEcon575_s_40"/><pause dur="PT1S"/> yeah he says he always has a cold when the ne<c type="lengthening"/>w when winter comes a<c type="lengthening"/>nd the <pause/> first <pause/> cold <seg n="4" type="overlap" xml:id="LEcon575_ol_46"> are outs- </seg></u>
            <u who="#LEcon575_S2" xml:id="LEcon575_u_147"><seg n="4" synch="#LEcon575_ol_46" type="overlap" xml:id="LEcon575_ol_47"> hm </seg><pause dur="PT5S"/> does he know what happened to th- er my class <pause/> my room<c function="fall" type="intonation"/><pause/></u>
            <u who="#LEcon575_S1" xml:id="LEcon575_u_148"> oh i didn't ask him <pause/> i supp<emph>o</emph><c type="lengthening"/><emph>se </emph> that most people did not <voice:pvc> re-enrol </voice:pvc><pause dur="PT9S"/> he probably doesn't know what happens i mean he only receives <pause dur="PT3S"/><seg n="5" type="overlap" xml:id="LEcon575_ol_48"> he only </seg></u>
            <u who="#LEcon575_S2" xml:id="LEcon575_u_149"><seg n="5" synch="#LEcon575_ol_48" type="overlap" xml:id="LEcon575_ol_49"> but they go </seg><pause/> do they go to the crappy teacher<c function="fall" type="intonation"/><pause dur="PT2S"/></u>
            <u who="#LEcon575_S1" xml:id="LEcon575_u_150"><shift corresp="#LEcon575_s_42" feature="voice" new="laugh" xml:id="LEcon575_s_41"/> hm <shift corresp="#LEcon575_s_41" feature="voice" new="neutral" xml:id="LEcon575_s_42"/><pause/><emph> may</emph>be <pause/> if they enro<c type="lengthening"/>l and the class doesn't <emph> run </emph> then they are <pause dur="PT1S"/> they are advised to move class if they can<c function="rise" type="intonation"/><voice:track medium="1" num="5" type="md"/><pause/> and if they can't they <unclear> manasc- </unclear> they erm<c type="lengthening"/><pause/> they don't <emph> cash </emph><shift corresp="#LEcon575_s_44" feature="loud" new="p" xml:id="LEcon575_s_43"/> their their money basically that <pause/> and then they just don<c type="lengthening"/>'t take the <emph> class</emph>es<c function="fall" type="intonation"/><shift corresp="#LEcon575_s_43" feature="loud" new="neutral" xml:id="LEcon575_s_44"/><pause dur="PT9S"/><incident dur="PT9S" voice:desc="eating "/> but most teacher  most er students would <emph> would </emph><pause/> move to another class if they <shift corresp="#LEcon575_s_46" feature="loud" new="p" xml:id="LEcon575_s_45"/><emph> can </emph><shift corresp="#LEcon575_s_45" feature="loud" new="neutral" xml:id="LEcon575_s_46"/><pause dur="PT2S"/></u>
            <u who="#LEcon575_S2" xml:id="LEcon575_u_151"> but everybody liked <supplied reason="anonymization"> [first name6] </supplied><c function="fall" type="intonation"/><pause/></u>
            <u who="#LEcon575_S1" xml:id="LEcon575_u_152"> oh i'm <seg n="8" type="overlap" xml:id="LEcon575_ol_50"><emph> sure </emph><c function="fall" type="intonation"/></seg><pause/></u>
            <u who="#LEcon575_S2" xml:id="LEcon575_u_153"><seg n="8" synch="#LEcon575_ol_50" type="overlap" xml:id="LEcon575_ol_51"> mhm </seg></u>
            <u who="#LEcon575_S1" xml:id="LEcon575_u_154"> it's just a class was already small from the beg<emph>inn</emph>ing<c function="fall" type="intonation"/><pause/></u>
            <u who="#LEcon575_S2" xml:id="LEcon575_u_155"> hm </u>
            <u who="#LEcon575_S1" xml:id="LEcon575_u_156"> it's enough that two students don't <voice:pvc> re-en<emph>rol </emph></voice:pvc><pause dur="PT2S"/> fo<c type="lengthening"/>r for the class to be <emph> closed </emph><c function="fall" type="intonation"/><pause dur="PT1S"/></u>
            <u who="#LEcon575_S2" xml:id="LEcon575_u_157"> actually one moved away<c function="fall" type="intonation"/><pause/></u>
            <u who="#LEcon575_S1" xml:id="LEcon575_u_158"> a<c type="lengthening"/>h <unclear><supplied reason="anonymization"> [first name9] </supplied></unclear></u>
            <u who="#LEcon575_S2" xml:id="LEcon575_u_159"> yeah<c function="fall" type="intonation"/></u>
            <u who="#LEcon575_S1" xml:id="LEcon575_u_160"> one moved away you didn't <voice:pvc><seg n="6" type="overlap" xml:id="LEcon575_ol_52"> re-</seg>enrol<c function="rise" type="intonation"/></voice:pvc><pause dur="PT1S"/></u>
            <u who="#LEcon575_S2" xml:id="LEcon575_u_161"><seg n="6" synch="#LEcon575_ol_52" type="overlap" xml:id="LEcon575_ol_53"> hm </seg></u>
            <u who="#LEcon575_S2" xml:id="LEcon575_u_162"> maybe i should have <pause/></u>
            <u who="#LEcon575_S1" xml:id="LEcon575_u_163"> no<c type="lengthening"/> i don't think it would have made any <emph> diff</emph>erence<c function="fall" type="intonation"/> it was already such a small class<c function="rise" type="intonation"/><pause/> they've <emph> cut </emph> they've increased the number of students <pause/> required <pause/> the minimum required to open a class <pause/></u>
            <u who="#LEcon575_S2" xml:id="LEcon575_u_164"><shift corresp="#LEcon575_s_48" feature="loud" new="p" xml:id="LEcon575_s_47"/> how many <shift corresp="#LEcon575_s_47" feature="loud" new="neutral" xml:id="LEcon575_s_48"/><pause dur="PT2S"/></u>
            <u who="#LEcon575_S1" xml:id="LEcon575_u_165"><shift corresp="#LEcon575_s_50" feature="loud" new="p" xml:id="LEcon575_s_49"/> eight<c function="fall" type="intonation"/><shift corresp="#LEcon575_s_49" feature="loud" new="neutral" xml:id="LEcon575_s_50"/><pause/></u>
            <u who="#LEcon575_S2" xml:id="LEcon575_u_166"><incident voice:desc="starts chewing"/><emph> eight </emph></u>
            <u who="#LEcon575_S1" xml:id="LEcon575_u_167"> mhm </u>
            <u who="#LEcon575_S2" xml:id="LEcon575_u_168"> we were never eight <incident voice:desc="stops chewing"/><pause dur="PT1S"/></u>
            <u who="#LEcon575_S1" xml:id="LEcon575_u_169"> i <emph> said </emph> they in<emph>creased </emph><seg n="7" type="overlap" xml:id="LEcon575_ol_54"> it<c function="fall" type="intonation"/></seg></u>
            <u who="#LEcon575_S2" xml:id="LEcon575_u_170"><seg n="7" synch="#LEcon575_ol_54" type="overlap" xml:id="LEcon575_ol_55"> mhm </seg><pause dur="PT2S"/> so <supplied reason="unintelligible"> xx </supplied> should <pause/></u>
            <u who="#LEcon575_S1" xml:id="LEcon575_u_171"><vocal subtype="wordstart" type="wordlike" voice:desc="laughing" voice:syl="2"/><pause dur="PT3S"/></u>
            <u who="#LEcon575_S2" xml:id="LEcon575_u_172"><unclear> what do you </unclear> think<c function="fall" type="intonation"/><pause dur="PT1S"/></u>
            <u who="#LEcon575_S1" xml:id="LEcon575_u_173"> yeah<c function="fall" type="intonation"/><pause dur="PT1S"/> oh just finish it<c function="fall" type="intonation"/><pause/> you want it for <seg n="8" type="overlap" xml:id="LEcon575_ol_56"> to</seg>morrow </u>
            <u who="#LEcon575_S2" xml:id="LEcon575_u_174"><seg n="8" synch="#LEcon575_ol_56" type="overlap" xml:id="LEcon575_ol_57"><unclear> hm </unclear></seg></u>
            <u who="#LEcon575_S2" xml:id="LEcon575_u_175"><shift corresp="#LEcon575_s_52" feature="loud" new="p" xml:id="LEcon575_s_51"/> yeah <shift corresp="#LEcon575_s_51" feature="loud" new="neutral" xml:id="LEcon575_s_52"/></u>
            <u who="#LEcon575_S1" xml:id="LEcon575_u_176"><emph> o</emph>kay<c function="fall" type="intonation"/><pause dur="PT9S"/><incident dur="PT9S" voice:desc="someone is cutting food on their plate and eating "/> it was funny it was in the<c type="lengthening"/><pause/> teacher's room and i went erm <pause/> what are you doing here so <emph> ear</emph>ly<c function="fall" type="intonation"/><pause/> do i <emph> ai</emph><c type="lengthening"/><emph>m </emph> came to organi<c type="lengthening"/>ze myse<c type="lengthening"/>lf and he went and then <pause/><vocal type="speaker_noise" voice:desc="smacks lips"/> you know <supplied reason="anonymization"> [first name7] </supplied> wants me to put the photocopies into the fo<c type="lengthening"/>lder for every session they give <pause/> i went okay <pause/><shift corresp="#LEcon575_s_54" feature="voice" new="laugh" xml:id="LEcon575_s_53"/> i think there <shift corresp="#LEcon575_s_53" feature="voice" new="neutral" xml:id="LEcon575_s_54"/> was a bit of a<c type="lengthening"/><pause/> tone of erm <pause dur="PT2S"/> annoyance<c function="rise" type="intonation"/><vocal type="speaker_noise" voice:desc="sniffs"/><anchor synch="#LEcon575_oc_21" type="other_continuation" xml:id="LEcon575_oc_20"/></u>
            <u who="#LEcon575_S2" xml:id="LEcon575_u_177"><anchor synch="#LEcon575_oc_20" type="other_continuation" xml:id="LEcon575_oc_21"/> why <pause dur="PT1S"/></u>
            <u who="#LEcon575_S1" xml:id="LEcon575_u_178"> well becaus<c type="lengthening"/>e i mean no teacher is required to lea<c type="lengthening"/>ve photocopies or material that is <pause/> used in a class in a folder for other hh for the coordinator to <emph> see </emph><c function="fall" type="intonation"/><pause dur="PT1S"/><shift corresp="#LEcon575_s_56" feature="loud" new="p" xml:id="LEcon575_s_55"/><unclear> i mean </unclear><shift corresp="#LEcon575_s_55" feature="loud" new="neutral" xml:id="LEcon575_s_56"/><pause dur="PT1S"/></u>
            <u who="#LEcon575_S2" xml:id="LEcon575_u_179"> i understand the whole issue<c function="fall" type="intonation"/></u>
            <u who="#LEcon575_S1" xml:id="LEcon575_u_180"> well he had photocopies <pause/><seg n="1" type="overlap" xml:id="LEcon575_ol_58"> right<c function="rise" type="intonation"/></seg></u>
            <u who="#LEcon575_S2" xml:id="LEcon575_u_181"><seg n="1" synch="#LEcon575_ol_58" type="overlap" xml:id="LEcon575_ol_59"> who is </seg> he<c function="fall" type="intonation"/></u>
            <u who="#LEcon575_S1" xml:id="LEcon575_u_182"><supplied reason="anonymization"> [FIRST NAME6] </supplied><c function="fall" type="intonation"/></u>
            <u who="#LEcon575_S2" xml:id="LEcon575_u_183"> mhm<c function="rise" type="intonation"/><seg n="2" type="overlap" xml:id="LEcon575_ol_60"><vocal voice:desc="clears throat"/></seg></u>
            <u who="#LEcon575_S1" xml:id="LEcon575_u_184"><seg n="2" synch="#LEcon575_ol_60" type="overlap" xml:id="LEcon575_ol_61"> we're </seg> talking about <supplied reason="anonymization"> [first name6] </supplied><pause/> and erm<c type="lengthening"/><pause dur="PT2S"/> he was supposed to -tart start teaching at seven <emph> thirty </emph> and i asked him er we started talking about your <emph> cla</emph><c type="lengthening"/><emph>ss </emph><pause/><vocal type="speaker_noise" voice:desc="smacks lips"/> and i <emph> said </emph> it<c function="fall" type="intonation"/><pause/> er he asked me how you are <shift corresp="#LEcon575_s_58" feature="tempo" new="a" xml:id="LEcon575_s_57"/> et cetera <shift corresp="#LEcon575_s_57" feature="tempo" new="neutral" xml:id="LEcon575_s_58"/><pause dur="PT2S"/> hh and then i said oh what are you doing here so <emph> ea</emph>rly it was six o'clock or <seg n="3" type="overlap" xml:id="LEcon575_ol_62"> six thirty </seg></u>
            <u who="#LEcon575_S2" xml:id="LEcon575_u_185"><seg n="3" synch="#LEcon575_ol_62" type="overlap" xml:id="LEcon575_ol_63"><supplied reason="anonymization"> [first name6] </supplied> was </seg> there early <seg n="4" type="overlap" xml:id="LEcon575_ol_64"> hm hm </seg><pause/></u>
            <u who="#LEcon575_S1" xml:id="LEcon575_u_186"><seg n="4" synch="#LEcon575_ol_64" type="overlap" xml:id="LEcon575_ol_65"> yeah </seg></u>
            <u who="#LEcon575_S1" xml:id="LEcon575_u_187"> and though i came to organ- to get organized and <emph> stuff </emph><c function="rise" type="intonation"/> an<c type="lengthening"/>d i had these photocopies i need to leave in a <emph> fol</emph>der and this and the other <pause dur="PT4S"/></u>
            <u who="#LEcon575_S2" xml:id="LEcon575_u_188"><shift corresp="#LEcon575_s_60" feature="loud" new="p" xml:id="LEcon575_s_59"/> why<c type="lengthening"/> did he have to do it<c function="rise" type="intonation"/><shift corresp="#LEcon575_s_59" feature="loud" new="neutral" xml:id="LEcon575_s_60"/><pause/></u>
            <u who="#LEcon575_S1" xml:id="LEcon575_u_189"> because <pause dur="PT1S"/><vocal type="speaker_noise" voice:desc="smacks lips"/> the coordinator<c function="rise" type="intonation"/><voice:track medium="1" num="6" type="md"/> wants him to leave <shift corresp="#LEcon575_s_62" feature="tempo" new="l" xml:id="LEcon575_s_61"/><emph> ev</emph>ery class f- <shift corresp="#LEcon575_s_61" feature="tempo" new="neutral" xml:id="LEcon575_s_62"/><pause/> material <pause/> into the folder<c function="fall" type="intonation"/><seg n="5" type="overlap" xml:id="LEcon575_ol_66"><shift corresp="#LEcon575_s_64" feature="loud" new="p" xml:id="LEcon575_s_63"/> for her <shift corresp="#LEcon575_s_63" feature="loud" new="neutral" xml:id="LEcon575_s_64"/></seg></u>
            <u who="#LEcon575_S2" xml:id="LEcon575_u_190"><seg n="5" synch="#LEcon575_ol_66" type="overlap" xml:id="LEcon575_ol_67"><supplied reason="anonymization"> [first name7] </supplied><c function="fall" type="intonation"/></seg></u>
            <u who="#LEcon575_S1" xml:id="LEcon575_u_191"> for her to check <pause/> watch what she <emph> he'</emph>s doing<c function="fall" type="intonation"/><pause dur="PT1S"/></u>
            <u who="#LEcon575_S2" xml:id="LEcon575_u_192"><unclear> cos </unclear><pause/> it's somehow mentality filters down<c function="rise" type="intonation"/> from the top<c function="rise" type="intonation"/><seg n="6" type="overlap" xml:id="LEcon575_ol_68"> which </seg> is all about petty and controlling<c function="rise" type="intonation"/> and <pause/></u>
            <u who="#LEcon575_S1" xml:id="LEcon575_u_193"><seg n="6" synch="#LEcon575_ol_68" type="overlap" xml:id="LEcon575_ol_69"> yeah </seg></u>
            <u who="#LEcon575_S2" xml:id="LEcon575_u_194"><seg n="7" type="overlap" xml:id="LEcon575_ol_70"><supplied reason="unintelligible"> x<c function="rise" type="intonation"/></supplied></seg></u>
            <u who="#LEcon575_S1" xml:id="LEcon575_u_195"><seg n="7" synch="#LEcon575_ol_70" type="overlap" xml:id="LEcon575_ol_71"> i think </seg> it's into extremely controlling i don't <pause/> i would<seg n="8" type="overlap" xml:id="LEcon575_ol_72">n't </seg><emph> like </emph> that<c function="fall" type="intonation"/><pause/></u>
            <u who="#LEcon575_S2" xml:id="LEcon575_u_196"><seg n="8" synch="#LEcon575_ol_72" type="overlap" xml:id="LEcon575_ol_73"> hm </seg></u>
            <u who="#LEcon575_S1" xml:id="LEcon575_u_197"> he <pause/> well she's asked me <shift corresp="#LEcon575_s_66" feature="loud" new="p" xml:id="LEcon575_s_65"/> to do this as well i just <shift corresp="#LEcon575_s_65" feature="loud" new="neutral" xml:id="LEcon575_s_66"/><seg n="1" type="overlap" xml:id="LEcon575_ol_74"><shift corresp="#LEcon575_s_68" feature="loud" new="p" xml:id="LEcon575_s_67"/> think what they are do- <shift corresp="#LEcon575_s_67" feature="loud" new="neutral" xml:id="LEcon575_s_68"/></seg></u>
            <u who="#LEcon575_S2" xml:id="LEcon575_u_198"><seg n="1" synch="#LEcon575_ol_74" type="overlap" xml:id="LEcon575_ol_75"> it's just not </seg> trusting people<c function="rise" type="intonation"/><anchor synch="#LEcon575_oc_23" type="other_continuation" xml:id="LEcon575_oc_22"/></u>
            <u who="#LEcon575_S1" xml:id="LEcon575_u_199"><anchor synch="#LEcon575_oc_22" type="other_continuation" xml:id="LEcon575_oc_23"/> yea<c type="lengthening"/>h it it's got  that feeling hh <pause/> i mean we already do like <pause/><seg n="2" type="overlap" xml:id="LEcon575_ol_76"> peers observation <unclear> innocent </unclear></seg></u>
            <u who="#LEcon575_S2" xml:id="LEcon575_u_200"><seg n="2" synch="#LEcon575_ol_76" type="overlap" xml:id="LEcon575_ol_77"> i<unclear>'d </unclear> just walk </seg><pause/> yeah </u>
            <u who="#LEcon575_S1" xml:id="LEcon575_u_201"><vocal type="speaker_noise" voice:desc="smacks lips"/><shift corresp="#LEcon575_s_70" feature="loud" new="p" xml:id="LEcon575_s_69"/> ah anyway <shift corresp="#LEcon575_s_69" feature="loud" new="neutral" xml:id="LEcon575_s_70"/><pause dur="PT1S"/><vocal subtype="wordstart" type="wordlike" voice:desc="laughing" voice:syl="2"/><pause dur="PT2S"/> he seemed a bit like <pause/> he <pause/> didn't really say anything back<c function="fall" type="intonation"/><pause dur="PT3S"/></u>
            <u who="#LEcon575_S2" xml:id="LEcon575_u_202"><shift corresp="#LEcon575_s_72" feature="loud" new="p" xml:id="LEcon575_s_71"/> okay <shift corresp="#LEcon575_s_71" feature="loud" new="neutral" xml:id="LEcon575_s_72"/> should we call those<c function="rise" type="intonation"/> and say okay you will set up <pause/> the landline then we do it<c function="rise" type="intonation"/></u>
            <u who="#LEcon575_S1" xml:id="LEcon575_u_203"> yeah maybe <seg n="3" type="overlap" xml:id="LEcon575_ol_78"> they </seg></u>
            <u who="#LEcon575_S2" xml:id="LEcon575_u_204"><seg n="3" synch="#LEcon575_ol_78" type="overlap" xml:id="LEcon575_ol_79"> shall we </seg> do it<c function="fall" type="intonation"/><anchor synch="#LEcon575_oc_25" type="other_continuation" xml:id="LEcon575_oc_24"/></u>
            <u who="#LEcon575_S1" xml:id="LEcon575_u_205"><anchor synch="#LEcon575_oc_24" type="other_continuation" xml:id="LEcon575_oc_25"/><emph> maybe </emph> they <emph> man</emph>age to set up the landline<c function="fall" type="intonation"/><pause/> without having to call  <w voice:mode="spelt"><supplied reason="anonymization"> [org6] </supplied></w></u>
            <u who="#LEcon575_S2" xml:id="LEcon575_u_206"><shift corresp="#LEcon575_s_74" feature="loud" new="p" xml:id="LEcon575_s_73"/> i'm calling them now <shift corresp="#LEcon575_s_73" feature="loud" new="neutral" xml:id="LEcon575_s_74"/><pause dur="PT2S"/></u>
            <u who="#LEcon575_S1" xml:id="LEcon575_u_207"><shift corresp="#LEcon575_s_76" feature="tempo" new="a" xml:id="LEcon575_s_75"/> what you mean<c function="fall" type="intonation"/><shift corresp="#LEcon575_s_75" feature="tempo" new="neutral" xml:id="LEcon575_s_76"/> you call them <emph> now </emph><c function="rise" type="intonation"/><anchor synch="#LEcon575_oc_27" type="other_continuation" xml:id="LEcon575_oc_26"/></u>
            <u who="#LEcon575_S2" xml:id="LEcon575_u_208"><anchor synch="#LEcon575_oc_26" type="other_continuation" xml:id="LEcon575_oc_27"/> yeah<c function="fall" type="intonation"/><pause/> do you <emph> mind </emph><c function="fall" type="intonation"/><pause/></u>
            <u who="#LEcon575_S1" xml:id="LEcon575_u_209"> do they have twenty-four hours <emph> line </emph><c function="fall" type="intonation"/><pause dur="PT3S"/></u>
            <u who="#LEcon575_S2" xml:id="LEcon575_u_210"> call so and so </u>
            <u who="#LEcon575_S1" xml:id="LEcon575_u_211"> is that <pause/><supplied reason="anonymization"> [org1] </supplied><c function="rise" type="intonation"/></u>
            <u who="#LEcon575_S2" xml:id="LEcon575_u_212"><emph> m</emph>hm<c function="fall" type="intonation"/></u>
            <u who="#LEcon575_S1" xml:id="LEcon575_u_213"> no it's <supplied reason="anonymization"> [org2] </supplied></u>
            <u who="#LEcon575_S2" xml:id="LEcon575_u_214"><supplied reason="anonymization"> [org2] </supplied><c function="fall" type="intonation"/></u>
            <u who="#LEcon575_S1" xml:id="LEcon575_u_215"> yeah but <pause dur="PT1S"/> what is <pause/> er we don't need a  <w voice:mode="spelt"> t v<c function="fall" type="intonation"/></w><pause/> this is er this is a deal for  <w voice:mode="spelt"> t v  </w><pause/> telephone and broadband<c function="fall" type="intonation"/><pause dur="PT1S"/> we don't want <supplied reason="anonymization"> [org2] </supplied><w voice:mode="spelt"> t v  </w> sorry dar<seg n="4" type="overlap" xml:id="LEcon575_ol_80">ling </seg></u>
            <u who="#LEcon575_S2" xml:id="LEcon575_u_216"><seg n="4" synch="#LEcon575_ol_80" type="overlap" xml:id="LEcon575_ol_81"> but </seg> for twenty-six <emph> pounds </emph><seg n="5" type="overlap" xml:id="LEcon575_ol_82"> it's </seg></u>
            <u who="#LEcon575_S1" xml:id="LEcon575_u_217"><seg n="5" synch="#LEcon575_ol_82" type="overlap" xml:id="LEcon575_ol_83"> well </seg> i don't <emph> want </emph><seg n="6" type="overlap" xml:id="LEcon575_ol_84"><supplied reason="anonymization"> [org2] </supplied><c function="fall" type="intonation"/> i just don't like it </seg><pause/></u>
            <u who="#LEcon575_S2" xml:id="LEcon575_u_218"><seg n="6" synch="#LEcon575_ol_84" type="overlap" xml:id="LEcon575_ol_85"> hh <foreign type="LN" voice:translation="little girl" xml:lang="ita"> piccolina </foreign><pause/><emph> but </emph></seg></u>
            <u who="#LEcon575_S1" xml:id="LEcon575_u_219"><seg n="7" type="overlap" xml:id="LEcon575_ol_86"> mhm </seg></u>
            <u who="#LEcon575_S2" xml:id="LEcon575_u_220"><seg n="7" synch="#LEcon575_ol_86" type="overlap" xml:id="LEcon575_ol_87"> no </seg> then you don't <emph> use </emph> the  <w voice:mode="spelt"> t v<c function="fall" type="intonation"/></w><pause/> but we be- m- pay <emph> more </emph> with others <unclear> lps- </unclear><seg n="1" type="overlap" xml:id="LEcon575_ol_88"> just for <emph> them </emph></seg></u>
            <u who="#LEcon575_S1" xml:id="LEcon575_u_221"><seg n="1" synch="#LEcon575_ol_88" type="overlap" xml:id="LEcon575_ol_89"> no no </seg><supplied reason="anonymization"> [ORG3] </supplied> is <pause/> is <emph> less </emph><c function="fall" type="intonation"/> and it's without the  <w voice:mode="spelt"> t v  </w> i think <pause/> right<c function="rise" type="intonation"/><anchor synch="#LEcon575_oc_29" type="other_continuation" xml:id="LEcon575_oc_28"/></u>
            <u who="#LEcon575_S2" xml:id="LEcon575_u_222"><anchor synch="#LEcon575_oc_28" type="other_continuation" xml:id="LEcon575_oc_29"/> no </u>
            <u who="#LEcon575_SS" xml:id="LEcon575_u_223"><supplied reason="anonymization"> [org3] </supplied></u>
            <u who="#LEcon575_S2" xml:id="LEcon575_u_224"> is more<c function="rise" type="intonation"/></u>
            <u who="#LEcon575_S1" xml:id="LEcon575_u_225"> no it was twenty-three or twenty-<emph>fo</emph><c type="lengthening"/><emph>ur </emph><c function="fall" type="intonation"/><pause/> well <emph> my </emph> idea was such a<c type="lengthening"/><pause/> small difference that you might as well take <seg n="3" type="overlap" xml:id="LEcon575_ol_90"><supplied reason="anonymization"> [org2] </supplied> and get the  <w voice:mode="spelt"> t v  </w></seg></u>
            <u who="#LEcon575_S2" xml:id="LEcon575_u_226"><seg n="3" synch="#LEcon575_ol_90" type="overlap" xml:id="LEcon575_ol_91"> and you get the y</seg><c type="lengthening"/>ou get  <w voice:mode="spelt"> t v  </w><emph> plus </emph><c function="fall" type="intonation"/></u>
            <u who="#LEcon575_S1" xml:id="LEcon575_u_227"><shift corresp="#LEcon575_s_78" feature="loud" new="p" xml:id="LEcon575_s_77"/> mhm<c function="fall" type="intonation"/><shift corresp="#LEcon575_s_77" feature="loud" new="neutral" xml:id="LEcon575_s_78"/><pause dur="PT2S"/></u>
            <u who="#LEcon575_S2" xml:id="LEcon575_u_228"> hh <vocal voice:desc="clears throat"/><pause dur="PT8S"/></u>
            <u who="#LEcon575_S1" xml:id="LEcon575_u_229"> you want the genoa cake<c function="rise" type="intonation"/><pause dur="PT4S"/></u>
            <u who="#LEcon575_S2" xml:id="LEcon575_u_230"> yeah<c function="fall" type="intonation"/><pause dur="PT5S"/><incident dur="PT5S" voice:desc="sound of water being poured "/> i'll do the washing up <pause dur="PT2S"/></u>
            <u who="#LEcon575_S1" xml:id="LEcon575_u_231"> i'm just preparing <emph> tea </emph><c function="fall" type="intonation"/></u>
            <u who="#LEcon575_S2" xml:id="LEcon575_u_232"><shift corresp="#LEcon575_s_80" feature="loud" new="p" xml:id="LEcon575_s_79"/><unclear> it's </unclear> good <shift corresp="#LEcon575_s_79" feature="loud" new="neutral" xml:id="LEcon575_s_80"/><pause dur="PT25S"/><incident dur="PT25S" voice:desc="S2 handles the dishes and S1 prepares tea "/></u>
            <u who="#LEcon575_S1" xml:id="LEcon575_u_233"> tell them f- ask them first if they can set up the <emph> line </emph><c function="fall" type="intonation"/></u>
            <u who="#LEcon575_S2" xml:id="LEcon575_u_234"> yeah <pause dur="PT1S"/></u>
            <u who="#LEcon575_S1" xml:id="LEcon575_u_235"> i told <supplied reason="anonymization"> [first name6] </supplied> about it<c function="rise" type="intonation"/><pause dur="PT1S"/> i said <supplied reason="anonymization"> [S2] </supplied> is <emph> so </emph> frustrated he is so <emph> angry </emph> he is just saying that he doesn't wanna live here <shift corresp="#LEcon575_s_82" feature="voice" new="laugh" xml:id="LEcon575_s_81"/> any <shift corresp="#LEcon575_s_81" feature="voice" new="neutral" xml:id="LEcon575_s_82"/> more and he went <emph> why </emph><c function="rise" type="intonation"/><shift corresp="#LEcon575_s_84" feature="tempo" new="a" xml:id="LEcon575_s_83"/> what's the problem<c function="fall" type="intonation"/><shift corresp="#LEcon575_s_83" feature="tempo" new="neutral" xml:id="LEcon575_s_84"/><pause/> and went well we don't get the landline he went well in italy wouldn't be any better <voice:track medium="1" num="7" type="md"/><unclear> er </unclear> would it <vocal subtype="wordstart" type="wordlike" voice:desc="laughing" voice:syl="3"/><pause/> i went i <emph> know </emph> but he is comparing it with <emph> germany </emph> not <emph> i</emph>taly <shift corresp="#LEcon575_s_86" feature="loud" new="p" xml:id="LEcon575_s_85"/><vocal subtype="wordstart" type="wordlike" voice:desc="laughing" voice:syl="3"/><shift corresp="#LEcon575_s_85" feature="loud" new="neutral" xml:id="LEcon575_s_86"/><pause/> he goes a<c type="lengthening"/>h i understand <pause dur="PT1S"/></u>
            <u who="#LEcon575_S2" xml:id="LEcon575_u_236"> i don't think <pause/> italy is that crappy<c function="rise" type="intonation"/><seg n="8" type="overlap" xml:id="LEcon575_ol_92"> hh is it<c function="rise" type="intonation"/></seg></u>
            <u who="#LEcon575_S1" xml:id="LEcon575_u_237"><incident voice:desc="starts chewing"/><seg n="8" synch="#LEcon575_ol_92" type="overlap" xml:id="LEcon575_ol_93"> no it's </seg> not that crappy but you wouldn't get the sort of <pause/> okay<c function="fall" type="intonation"/> yeah<c function="fall" type="intonation"/><pause/> i mean <incident voice:desc="stops chewing"/></u>
            <u who="#LEcon575_S2" xml:id="LEcon575_u_238"> it's maybe more sloppy but <pause/> people are also more friendly<c function="rise" type="intonation"/> and more helpful<c function="rise" type="intonation"/> generally<c function="rise" type="intonation"/><pause dur="PT1S"/> except with <supplied reason="anonymization"> [org4] </supplied><pause dur="PT3S"/> except <supplied reason="anonymization"> [org4] </supplied><c function="fall" type="intonation"/></u>
            <u who="#LEcon575_S1" xml:id="LEcon575_u_239"> well i think it  still finds <pause/> unhelpful and unfriendly people in italy <emph> as </emph> well<c function="fall" type="intonation"/><pause dur="PT41S"/><incident dur="PT41S" voice:desc="the water for the tea is boiling in the background and an automatic voice is audible, which comes from the phone S2 is calling to in order to set up the landline "/> mhm <pause dur="PT23S"/></u>
            <u who="#LEcon575_S2" xml:id="LEcon575_u_240"><vocal type="speaker_noise" voice:desc="smacks lips"/><shift corresp="#LEcon575_s_88" feature="loud" new="p" xml:id="LEcon575_s_87"/> oh god <shift corresp="#LEcon575_s_87" feature="loud" new="neutral" xml:id="LEcon575_s_88"/> this press two press one is just <emph> so </emph> frustrating<c function="fall" type="intonation"/></u>
            <u who="#LEcon575_S1" xml:id="LEcon575_u_241"><shift corresp="#LEcon575_s_90" feature="loud" new="p" xml:id="LEcon575_s_89"/><vocal subtype="wordstart" type="wordlike" voice:desc="laughing" voice:syl="3"/><shift corresp="#LEcon575_s_89" feature="loud" new="neutral" xml:id="LEcon575_s_90"/><pause dur="PT7S"/></u>
            <u who="#LEcon575_S2" xml:id="LEcon575_u_242"><shift corresp="#LEcon575_s_92" feature="loud" new="p" xml:id="LEcon575_s_91"/> hh <shift corresp="#LEcon575_s_91" feature="loud" new="neutral" xml:id="LEcon575_s_92"/><pause dur="PT3S"/> i don't <pause/> remember <emph> any </emph> of these <pause/></u>
            <u who="#LEcon575_S1" xml:id="LEcon575_u_243"> you can do it be<emph>fore </emph> it finishes<c function="fall" type="intonation"/><pause dur="PT43S"/><incident dur="PT43S" voice:desc="S1 is preparing the tea and pouring water in the cups, while S2 has been put on hold on the phone "/></u>
            <u who="#LEcon575_S2" xml:id="LEcon575_u_244"><shift corresp="#LEcon575_s_94" feature="voice" new="phone" xml:id="LEcon575_s_93"/> er good evening<c function="fall" type="intonation"/> i got a leaflet erm <pause/> of your er organization hh erm <pause/> to <pause/> get <pause/><supplied reason="anonymization"> [org2] </supplied><w voice:mode="spelt"> t v  </w> plus <supplied reason="anonymization"> [org2] </supplied> talk and <supplied reason="anonymization"> [org2] </supplied> broadband for twenty-six pounds a month<c function="rise" type="intonation"/><pause dur="PT2S"/> yah <pause dur="PT1S"/> no i don't have <emph> any</emph>thing<c function="fall" type="intonation"/><pause/> and that's actually my first question<c function="rise" type="intonation"/> hh er <pause/> whether you can insta<c type="lengthening"/>ll <voice:track medium="1" num="8" type="md"/> the landline and everyth<c type="lengthening"/>ing <pause/> or how does it <emph> work </emph><pause/> does it kind of like <pause dur="PT3S"/> well they're not <emph> giving </emph> it to me <pause dur="PT1S"/> it's er yeah <shift corresp="#LEcon575_s_96" feature="loud" new="p" xml:id="LEcon575_s_95"/> what <shift corresp="#LEcon575_s_95" feature="loud" new="neutral" xml:id="LEcon575_s_96"/> do you think you can install it <emph> for </emph> me<c function="fall" type="intonation"/><pause/> i've <emph> tried </emph> with  <w voice:mode="spelt"><supplied reason="anonymization"> [org6] </supplied></w> for half a year <pause dur="PT9S"/><incident dur="PT9S" voice:desc="other person on the phone is speaking "/><shift corresp="#LEcon575_s_98" feature="loud" new="p" xml:id="LEcon575_s_97"/> okay <shift corresp="#LEcon575_s_97" feature="loud" new="neutral" xml:id="LEcon575_s_98"/> so i can't use you i<c type="lengthening"/>f i don't have a landline set <emph> up </emph><c function="fall" type="intonation"/><pause dur="PT6S"/><incident dur="PT6S" voice:desc="other person on the phone is speaking "/><shift corresp="#LEcon575_s_100" feature="loud" new="p" xml:id="LEcon575_s_99"/> hh <shift corresp="#LEcon575_s_99" feature="loud" new="neutral" xml:id="LEcon575_s_100"/><pause dur="PT4S"/> yeah<c function="fall" type="intonation"/> that'd be great<c function="fall" type="intonation"/><pause/> all right <pause/> then yeah thank you<c function="fall" type="intonation"/> thank you<c function="fall" type="intonation"/><pause dur="PT3S"/><shift corresp="#LEcon575_s_93" feature="voice" new="neutral" xml:id="LEcon575_s_94"/></u>
            <u who="#LEcon575_S1" xml:id="LEcon575_u_245"> what was he saying<c function="rise" type="intonation"/></u>
            <u who="#LEcon575_S2" xml:id="LEcon575_u_246"> that <emph> i </emph><emph> need </emph> er the  <w voice:mode="spelt"><supplied reason="anonymization"> [org6] </supplied></w><pause/> er line<c function="fall" type="intonation"/> first<c function="fall" type="intonation"/></u>
            <u who="#LEcon575_S1" xml:id="LEcon575_u_247"> yea<c type="lengthening"/>h but we know that <pause dur="PT1S"/> so what <shift corresp="#LEcon575_s_102" feature="tempo" new="a" xml:id="LEcon575_s_101"/> what are you doing <shift corresp="#LEcon575_s_101" feature="tempo" new="neutral" xml:id="LEcon575_s_102"/> now<c function="fall" type="intonation"/><pause/></u>
            <u who="#LEcon575_S2" xml:id="LEcon575_u_248"><unclear> well till </unclear> they give me to the sales team <pause dur="PT2S"/></u>
            <u who="#LEcon575_S1" xml:id="LEcon575_u_249"> yeah but the sales team <emph> you're </emph> not gonna set up <emph> any</emph>thing <pause dur="PT2S"/> don't set up anything until we wait for  <w voice:mode="spelt"><supplied reason="anonymization"> [org6] </supplied></w></u>
            <u who="#LEcon575_S2" xml:id="LEcon575_u_250"><shift corresp="#LEcon575_s_104" feature="loud" new="p" xml:id="LEcon575_s_103"/> of course <pause/><supplied reason="unintelligible"> x </supplied><shift corresp="#LEcon575_s_103" feature="loud" new="neutral" xml:id="LEcon575_s_104"/></u>
            <u who="#LEcon575_S1" xml:id="LEcon575_u_251"> hm <pause dur="PT3S"/> why does he pass you to the <emph> sales </emph> team<c function="fall" type="intonation"/><pause dur="PT31S"/><incident dur="PT31S" voice:desc="S2 has been put on hold on the phone "/></u>
            <u who="#LEcon575_S2" xml:id="LEcon575_u_252"> so <unclear> what's you </unclear> saying <pause/></u>
            <u who="#LEcon575_S1" xml:id="LEcon575_u_253"> i<unclear>'ll </unclear><pause/> give <emph> up </emph><c function="fall" type="intonation"/><emph> why </emph> are you going to the sales team now<c function="rise" type="intonation"/><pause dur="PT1S"/></u>
            <u who="#LEcon575_S2" xml:id="LEcon575_u_254"> i just wanna ask them <pause/> whether they've experience that before what they're recommending and all the rest </u>
            <u who="#LEcon575_S1" xml:id="LEcon575_u_255"> you know what the answer is<c function="fall" type="intonation"/> they don't know <emph> any</emph>thing abou<c type="lengthening"/>t it<c function="fall" type="intonation"/><pause/> just give <emph> up </emph><c function="rise" type="intonation"/> what are you <pause/> waiting for<c function="fall" type="intonation"/><pause dur="PT1S"/></u>
            <u who="#LEcon575_S2" xml:id="LEcon575_u_256"> hh <pause dur="PT5S"/></u>
            <u who="#LEcon575_S1" xml:id="LEcon575_u_257"> there's nothing to <emph> ask </emph><c function="fall" type="intonation"/> hh the <emph> point </emph> is we <emph> do </emph> have the landline <pause dur="PT1S"/> it's <pause/> we <emph> do </emph> have the<c type="lengthening"/> socket everything's attached the engineer doesn't <emph> really </emph> need to come and attach anything cre<emph>ate </emph> the <voice:pvc comment="socket"> sotteck </voice:pvc> socket or <emph> any </emph> thing <pause/> they just need to acti<emph>vate </emph> it<c function="fall" type="intonation"/><pause/><seg n="4" type="overlap" xml:id="LEcon575_ol_94"> maybe it's something </seg> maybe it's something they need to do from the <emph> street </emph><c function="fall" type="intonation"/> maybe it's a <emph> swi</emph><c type="lengthening"/><emph>tch </emph><pause/></u>
            <u who="#LEcon575_S2" xml:id="LEcon575_u_258"><seg n="4" synch="#LEcon575_ol_94" type="overlap" xml:id="LEcon575_ol_95"> yeah but they're not doing it </seg></u>
            <u who="#LEcon575_S1" xml:id="LEcon575_u_259"> in a cabinet in the <emph> street </emph><c function="fall" type="intonation"/><pause dur="PT1S"/></u>
            <u who="#LEcon575_S2" xml:id="LEcon575_u_260"> ex<emph>a</emph>ctly<c function="fall" type="intonation"/></u>
            <u who="#LEcon575_S1" xml:id="LEcon575_u_261"> yeah but er erm <seg n="5" type="overlap" xml:id="LEcon575_ol_96"> that means </seg><supplied reason="anonymization"> [org2] </supplied> wouldn't <emph> kno</emph><c type="lengthening"/><emph>w </emph><c function="fall" type="intonation"/><pause dur="PT1S"/></u>
            <u who="#LEcon575_S2" xml:id="LEcon575_u_262"><seg n="5" synch="#LEcon575_ol_96" type="overlap" xml:id="LEcon575_ol_97"> they are ignoring us </seg></u>
            <u who="#LEcon575_S2" xml:id="LEcon575_u_263"><shift corresp="#LEcon575_s_106" feature="voice" new="laugh" xml:id="LEcon575_s_105"/> no <shift corresp="#LEcon575_s_105" feature="voice" new="neutral" xml:id="LEcon575_s_106"/><seg n="6" type="overlap" xml:id="LEcon575_ol_98"> but they could </seg> advise how to go about it <seg n="7" type="overlap" xml:id="LEcon575_ol_99"> for legal <emph> a</emph>ction </seg> the </u>
            <u who="#LEcon575_S1" xml:id="LEcon575_u_264"><seg n="6" synch="#LEcon575_ol_98" type="overlap" xml:id="LEcon575_ol_100"> it's nothing </seg></u>
            <u who="#LEcon575_S1" xml:id="LEcon575_u_265"><seg n="7" synch="#LEcon575_ol_99" type="overlap" xml:id="LEcon575_ol_101"> with the <pause/><emph> sales </emph><emph> line </emph></seg></u>
            <u who="#LEcon575_S1" xml:id="LEcon575_u_266"> with the <emph> sales </emph> line<c function="fall" type="intonation"/> can you advise <pause/> come on<c function="fall" type="intonation"/><pause/> they hardly know what to <emph> sell </emph><c function="fall" type="intonation"/></u>
            <u who="#LEcon575_S2" xml:id="LEcon575_u_267"><shift corresp="#LEcon575_s_108" feature="loud" new="p" xml:id="LEcon575_s_107"/> well <unclear> then </unclear> yeah of course but <shift corresp="#LEcon575_s_107" feature="loud" new="neutral" xml:id="LEcon575_s_108"/> you know if they get a  lots of enquiries like <emph> this </emph><c function="fall" type="intonation"/> maybe they think ooph <pause/> setting up a service<c function="rise" type="intonation"/><unclear> sends </unclear> to all the  <w voice:mode="spelt"><supplied reason="anonymization"> [org6] </supplied></w> landline<c function="rise" type="intonation"/><pause/></u>
            <u who="#LEcon575_S1" xml:id="LEcon575_u_268"> mhm <pause dur="PT2S"/> hh <pause dur="PT2S"/> tomorrow i try and call them aga<c type="lengthening"/>in<c function="fall" type="intonation"/><voice:track medium="1" num="9" type="md"/><pause/></u>
            <u who="#LEcon575_S2" xml:id="LEcon575_u_269"> -s <pause dur="PT2S"/> we need to n- <pause/> go up one notch <pause/> and threaten them legally with a letter and <seg n="1" type="overlap" xml:id="LEcon575_ol_102"> and and <pause/><emph> no </emph><c function="fall" type="intonation"/></seg><pause/></u>
            <u who="#LEcon575_S1" xml:id="LEcon575_u_270"><seg n="1" synch="#LEcon575_ol_102" type="overlap" xml:id="LEcon575_ol_103"><shift corresp="#LEcon575_s_110" feature="loud" new="p" xml:id="LEcon575_s_109"/> ah yeah fine <shift corresp="#LEcon575_s_109" feature="loud" new="neutral" xml:id="LEcon575_s_110"/></seg></u>
            <u who="#LEcon575_S2" xml:id="LEcon575_u_271"> there <emph> is </emph><supplied reason="anonymization"> [org5] </supplied> right<c function="rise" type="intonation"/> is a government <pause/> consumer watchdog <pause dur="PT1S"/> and if you're un<emph>happy </emph> with service that's provided by  <w voice:mode="spelt"><supplied reason="anonymization"> [org6] </supplied></w> you <emph> can </emph> complain <emph> with </emph> them<c function="fall" type="intonation"/><pause dur="PT4S"/></u>
            <u who="#LEcon575_S1" xml:id="LEcon575_u_272"><shift corresp="#LEcon575_s_112" feature="loud" new="p" xml:id="LEcon575_s_111"/> i am just <emph> ti</emph>red about all the complaints and stuff<c function="rise" type="intonation"/><shift corresp="#LEcon575_s_111" feature="loud" new="neutral" xml:id="LEcon575_s_112"/><pause dur="PT4S"/></u>
            <u who="#LEcon575_S2" xml:id="LEcon575_u_273"> what are you doing<c function="rise" type="intonation"/></u>
            <u who="#LEcon575_S1" xml:id="LEcon575_u_274"> hm  </u>
            <u who="#LEcon575_S2" xml:id="LEcon575_u_275"><supplied reason="unintelligible"> xx </supplied> that landline for the rest of your <emph> life </emph><c function="fall" type="intonation"/><pause dur="PT5S"/></u>
            <u who="#LEcon575_S1" xml:id="LEcon575_u_276"> no idea <pause dur="PT3S"/></u>
            <u who="#LEcon575_S2" xml:id="LEcon575_u_277"><vocal subtype="wordstart" type="wordlike" voice:desc="laughing" voice:syl="2"/></u>
            <u who="#LEcon575_S1" xml:id="LEcon575_u_278"> you want a piece of <emph> cake </emph><c function="rise" type="intonation"/><pause/></u>
            <u who="#LEcon575_S2" xml:id="LEcon575_u_279"> it's it's <emph> not </emph><pause dur="PT1S"/> it's not acceptable because they have the monopoly<c function="rise" type="intonation"/><pause/></u>
            <u who="#LEcon575_S1" xml:id="LEcon575_u_280"> i kno<c type="lengthening"/>w<c function="fall" type="intonation"/><pause/></u>
            <u who="#LEcon575_S2" xml:id="LEcon575_u_281"> it's like <pause dur="PT1S"/> water companies saying you don't get the <emph> wa</emph>ter </u>
         </div>
      </body>
   </text>
</TEI>