<TEI xmlns="http://www.tei-c.org/ns/1.0" xmlns:voice="http://www.univie.ac.at/voice/ns/1.0" xmlns:xi="http://www.w3.org/2001/XInclude" version="5" xml:id="LEcon228" xml:lang="eng">
   <teiHeader>
      <fileDesc>
         <titleStmt>
            <title>conversation between exchange students about the safety of living in a students' hall of residence</title>
            <principal>Prof. Barbara Seidlhofer</principal>
            <editor/>
            <funder>Austrian Science Foundation (FWF)</funder>
            <sponsor/>
            <respStmt>
               <resp>Corpus Compilation</resp>
               <orgName>VOICE Project</orgName>
               <persName>Barbara Seidlhofer</persName>
               <persName>Angelika Breiteneder</persName>
               <persName>Marie-Luise Pitzl</persName>
               <persName>Stefan Majewski</persName>
               <persName>Theresa Klimpfinger</persName>
            </respStmt>
         </titleStmt>
         <editionStmt>
		<edition>Version 1.0 XML, <date>May 2011</date></edition>
	  <respStmt>
		<resp>Researchers</resp>
		<name>Barbara Seidlhofer</name> 		
		<name>Angelika Breiteneder</name> 
		<name>Theresa Klimpfinger</name> 
		<name>Stefan Majewski</name> 
		<name>Marie-Luise Pitzl</name> 
	  </respStmt>
	</editionStmt>
         <publicationStmt>
		<publisher>Barbara Seidlhofer, Stefan Majewski, Marie-Luise Pitzl</publisher> 
	  <distributor>VOICE Project, University of Vienna, Austria</distributor> 
	  <address>
		<addrLine>Spitalgasse 2, AAKH Hof 8</addrLine> 
		<addrLine>1090 Vienna</addrLine> 
		<addrLine>Austria</addrLine> 
		<addrLine>Telephone: +43 1 427742446</addrLine> 
	  	<addrLine>Email: voice@univie.ac.at</addrLine> 
		<addrLine>Website: http://www.univie.ac.at/voice</addrLine> 
	  </address>
	  <availability status="free">
	  	<p>
		  The Vienna-Oxford International Corpus of English (VOICE)
		  was created by Barbara Seidlhofer (project director) and
		  Angelika Breiteneder, Theresa Klimpfinger, Stefan Majewski,
		  Marie-Luise Pitzl (project researchers). VOICE 1.0 XML is
		  available for download at the VOICE Project's website <ref target="http://www.univie.ac.at/voice/">http://www.univie.ac.at/voice/</ref>
		  under a Creative Commons
		  Attribution-NonCommercial-ShareAlike 3.0 Unported (CC
		  BY-NC-SA 3.0) License (<ref target="http://creativecommons.org/licenses/by-nc-sa/3.0/">
		  http://creativecommons.org/licenses/by-nc-sa/3.0/
		  </ref>). The original audio files are held at the Department
		  of English, University of Vienna. 23 selected audio files
		  are available as audio streams in the VOICE Online interface
		  at the VOICE Project's website <ref target="http://www.univie.ac.at/voice">http://www.univie.ac.at/voice</ref>.
		</p>
		<p>
		The recommended citation for VOICE 1.0 XML is:
		</p>
		<p>
		<bibl><title>VOICE</title>. <date>2011</date>. <title level="m">The Vienna-Oxford International Corpus of
		English</title> (<edition>version 1.0
		XML</edition>). Director: Barbara Seidlhofer; Researchers:
		Angelika Breiteneder, Theresa Klimpfinger, Stefan Majewski,
		Marie-Luise Pitzl.</bibl>
		</p>
		<p>The short citation for VOICE 1.0 XML is:
		</p>
		<p>
		<bibl><title>VOICE</title>. <date>2011</date>. <title level="m">The Vienna-Oxford International Corpus of
		English</title> (<edition>version 1.0
		XML</edition>).</bibl></p>
		<p>
		  For further information about availability and copyright
		  permissions, please see the README file included in the
		  download package. For further enquiries please contact the
		  VOICE Project at <ref target="mailto:voice@univie.ac.at">voice@univie.ac.at</ref>.
		</p>
	  </availability>
	</publicationStmt>
         <notesStmt>
            <note xml:id="LEcon228_wc">Words: 896</note>
            <note xml:id="LEcon228_tn_0">This short conversation between two students takes place in a pub in Vienna. S1 relates an episode where a man followed S1 in the street and into the students' home where S1 is staying. S1 and S2 talk about safety issues of living in a students' hall of residence. S3 is the researcher and does not participate in the conversation. S4 does not participate in the conversation either. He only comes to the table at the end of the conversation.</note>
         </notesStmt>
         <sourceDesc>
            <recordingStmt>
               <recording dur="PT00H04M54S" type="audio">
                  <date>2005-09-20</date>
                  <equipment>
                     <p>Portable minidisc recorder with electret condenser stereo microphone</p>
                  </equipment>
                  <respStmt>
                     <resp>recording</resp>
                     <name>R14</name>
                  </respStmt>
               </recording>
            </recordingStmt>
         </sourceDesc>
      </fileDesc>
      <encodingDesc>
         <classDecl>
            <taxonomy>
               <category xml:id="LEcon228_domain">
                  <catDesc>Domain</catDesc>
                  <category sameAs="#ED" xml:id="LEcon228_ED">
                     <catDesc>educational</catDesc>
                  </category>
                  <category sameAs="#LE" xml:id="LEcon228_LE">
                     <catDesc>leisure</catDesc>
                  </category>
                  <category sameAs="#PB" xml:id="LEcon228_PB">
                     <catDesc>professional business</catDesc>
                  </category>
                  <category sameAs="#PO" xml:id="LEcon228_PO">
                     <catDesc>professional organizational</catDesc>
                  </category>
                  <category sameAs="#PR" xml:id="LEcon228_PR">
                     <catDesc>professional research/science</catDesc>
                  </category>
               </category>
               <category xml:id="LEcon228_spet">
                  <catDesc>Speech Event Type</catDesc>
                  <category sameAs="#int" xml:id="LEcon228_int">
                     <catDesc>interview</catDesc>
                  </category>
                  <category sameAs="#prc" xml:id="LEcon228_prc">
                     <catDesc>press conference</catDesc>
                  </category>
                  <category sameAs="#sve" xml:id="LEcon228_sve">
                     <catDesc>service encounter</catDesc>
                  </category>
                  <category sameAs="#sed" xml:id="LEcon228_sed">
                     <catDesc>seminar discussion</catDesc>
                  </category>
                  <category sameAs="#wgd" xml:id="LEcon228_wgd">
                     <catDesc>working group discussion</catDesc>
                  </category>
                  <category sameAs="#wsd" xml:id="LEcon228_wsd">
                     <catDesc>workshop discussion</catDesc>
                  </category>
                  <category sameAs="#mtg" xml:id="LEcon228_mtg">
                     <catDesc>meeting</catDesc>
                  </category>
                  <category sameAs="#pan" xml:id="LEcon228_pan">
                     <catDesc>panel</catDesc>
                  </category>
                  <category sameAs="#qas" xml:id="LEcon228_qas">
                     <catDesc>question-answer session</catDesc>
                  </category>
                  <category sameAs="#con" xml:id="LEcon228_con">
                     <catDesc>conversation</catDesc>
                  </category>
               </category>
            </taxonomy>
         </classDecl>
         <tagsDecl><namespace name="http://www.tei-c.org/ns/1.0">
      <tagUsage gi="TEI" occurs="1"/>
      <tagUsage gi="teiHeader" occurs="1"/>
      <tagUsage gi="fileDesc" occurs="1"/>
      <tagUsage gi="titleStmt" occurs="1"/>
      <tagUsage gi="title" occurs="5"/>
      <tagUsage gi="principal" occurs="1"/>
      <tagUsage gi="editor" occurs="1"/>
      <tagUsage gi="funder" occurs="1"/>
      <tagUsage gi="sponsor" occurs="1"/>
      <tagUsage gi="respStmt" occurs="3"/>
      <tagUsage gi="resp" occurs="3"/>
      <tagUsage gi="orgName" occurs="1"/>
      <tagUsage gi="persName" occurs="5"/>
      <tagUsage gi="editionStmt" occurs="1"/>
      <tagUsage gi="edition" occurs="3"/>
      <tagUsage gi="date" occurs="4"/>
      <tagUsage gi="name" occurs="8"/>
      <tagUsage gi="publicationStmt" occurs="1"/>
      <tagUsage gi="publisher" occurs="1"/>
      <tagUsage gi="distributor" occurs="1"/>
      <tagUsage gi="address" occurs="1"/>
      <tagUsage gi="addrLine" occurs="6"/>
      <tagUsage gi="availability" occurs="1"/>
      <tagUsage gi="p" occurs="7"/>
      <tagUsage gi="ref" occurs="4"/>
      <tagUsage gi="bibl" occurs="2"/>
      <tagUsage gi="notesStmt" occurs="1"/>
      <tagUsage gi="note" occurs="2"/>
      <tagUsage gi="sourceDesc" occurs="1"/>
      <tagUsage gi="recordingStmt" occurs="1"/>
      <tagUsage gi="recording" occurs="1"/>
      <tagUsage gi="equipment" occurs="1"/>
      <tagUsage gi="encodingDesc" occurs="1"/>
      <tagUsage gi="classDecl" occurs="1"/>
      <tagUsage gi="taxonomy" occurs="1"/>
      <tagUsage gi="category" occurs="17"/>
      <tagUsage gi="catDesc" occurs="17"/>
      <tagUsage gi="tagsDecl" occurs="1"/>
      <tagUsage gi="namespace" occurs="2"/>
      <tagUsage gi="tagUsage" occurs="80"/>
      <tagUsage gi="gi" occurs="3"/>
      <tagUsage gi="list" occurs="11"/>
      <tagUsage gi="label" occurs="20"/>
      <tagUsage gi="val" occurs="42"/>
      <tagUsage gi="item" occurs="40"/>
      <tagUsage gi="att" occurs="12"/>
      <tagUsage gi="profileDesc" occurs="1"/>
      <tagUsage gi="textClass" occurs="1"/>
      <tagUsage gi="catRef" occurs="2"/>
      <tagUsage gi="settingDesc" occurs="1"/>
      <tagUsage gi="setting" occurs="1"/>
      <tagUsage gi="locale" occurs="1"/>
      <tagUsage gi="activity" occurs="1"/>
      <tagUsage gi="particDesc" occurs="1"/>
      <tagUsage gi="listPerson" occurs="3"/>
      <tagUsage gi="personGrp" occurs="2"/>
      <tagUsage gi="person" occurs="4"/>
      <tagUsage gi="age" occurs="4"/>
      <tagUsage gi="sex" occurs="4"/>
      <tagUsage gi="occupation" occurs="4"/>
      <tagUsage gi="langKnowledge" occurs="4"/>
      <tagUsage gi="langKnown" occurs="4"/>
      <tagUsage gi="relationGrp" occurs="1"/>
      <tagUsage gi="relation" occurs="2"/>
      <tagUsage gi="revisionDesc" occurs="1"/>
      <tagUsage gi="change" occurs="5"/>
      <tagUsage gi="text" occurs="1"/>
      <tagUsage gi="body" occurs="1"/>
      <tagUsage gi="div" occurs="1"/>
      <tagUsage gi="u" occurs="111">Used to mark a stretch of speech commonly
		preceded and followed by a pause or by a change of speaker. A
		<gi>u</gi> is, however, not required to be bounded by a pause or
		a change of speaker, nor does it represent a turn in a
		conversation analytic sense. At a minimum, a <gi>u</gi> is some
		phonetic production or noise made by a given speaker or a group of speakers.</tagUsage>
      <tagUsage gi="vocal" occurs="14">Used to mark laughter and other speaker
		noises and non-verbal feedback.
        <list>
          <label>
            <val>speaker_noise</val>
          </label>
          <item>
            <list>
              <item>
                <val>coughing</val>
              </item>
              <item>
                <val>nods</val>
              </item>
              <item>
                <val>shakes head</val>
              </item>
              <item>
                <val>smacks lips</val>
              </item>
              <item>
                <val>sniffs</val>
              </item>
              <item>
                <val>swallows</val>
              </item>
              <item>
                <val>whistles</val>
              </item>
            </list>
          </item>
          <label>
            <val>wordlike</val>
          </label>
          <item>
            <val>laughing</val>
          </item>
        </list>
        </tagUsage>
      <tagUsage gi="pause" occurs="121">Used to mark a pause either between or
		within utterances. Used without <att>dur</att> attribute to
		indicate a brief pause up to half a second.
		</tagUsage>
      <tagUsage gi="anchor" occurs="22">Used to mark other-continuation,
		i.e. whenever a speaker continues another speaker's <gi>u</gi>
		without a pause. Other-continuation is to be interpreted
		temporally and does not relate to form or content of the
		speakers' utterances.</tagUsage>
      <tagUsage gi="seg" occurs="46">Used with different <att>type</att> attributes to mark:
		<list>
		  <label><att>type</att><val>overlap</val></label>
		  <item>overlaps</item>
		  <label><att>type</att><val>onomatopoeia</val></label>
		  <item>onomatopoeic sounds</item>
		  <label><att>type</att><val>ipa</val></label>
		  <item>transcriptions in the international phonetic alphabet</item>
		</list>
		</tagUsage>
      <tagUsage gi="c" occurs="77">Used to mark lengthening of sounds and
		intonation (fall, rise). The following <att>type</att>
		attributes are used to mark:
		<list>
		  <label><val>lengthening</val></label><item>lengthened
		  sounds</item>
		  <label><val>intonation</val></label><item>a significant change in
		  intonation, marked with the following <att>function</att>
		  attribute for:
		  <list>
			<label><val>fall</val></label><item>falling
			intonation</item>
			<label><val>rise</val></label><item>rising intonation</item>
		  </list>
		</item>
		</list>
		Intonation may or may not coincide with
		syntactic boundaries.
		</tagUsage>
      <tagUsage gi="supplied" occurs="2">Used to mark text supplied by the
		transcriber because the original is unintelligible or needed to
		be anonymized. The <att>reason</att> attribute is used to mark:
		<list>
		  <label><val>unintelligible</val></label><item>unintelligible
		  speech</item>
		  <label><val>anonymization</val></label><item>anonymized
		  speech</item>
		</list>
		</tagUsage>
      <tagUsage gi="emph" occurs="3">Used to mark speech which is stressed or
		emphasized in a way that goes beyond regular nuclear
		stress.</tagUsage>
      <tagUsage gi="shift" occurs="10">Used to mark the point at which some
		paralinguistic feature changes. The following attribute values
		are used to mark:
		<list>
          <label>
            <val>voice</val>
          </label>
          <item>voice quality
          <list>
            <item><val>imitating</val></item>
            <item><val>laugh</val></item>
            <item><val>neutral</val></item>
            <item><val>phone</val></item>
            <item><val>reading</val></item>
            <item><val>reading_aloud</val></item>
            <item><val>sigh</val></item>
            <item><val>singing</val></item>
            <item><val>whisp</val></item>
            <item><val>yawning</val></item>
          </list>
          </item>
          <label>
          <val>tempo</val></label>
          <item>speed of utterance
            <list>
              <label><val>a</val></label>
              <item>accelerando</item>
              <label><val>l</val></label>
              <item>lento</item>
              <label><val>neutral</val></label>
              <item>neutral</item>
            </list>
          </item>
          <label>
          <val>loud</val></label>
          <item>loudness
            <list>
              <item><val>f</val></item>
              <item><val>neutral</val></item>
              <item><val>p</val></item>
            </list>
          </item>
		  </list>
		</tagUsage>
      <tagUsage gi="foreign" occurs="11">Used to mark a word or phrase as
		belonging to some language other than English. The following
		values for the <att>type</att> attribute are used to mark:
		<list>
		  <label><val>L1</val></label><item>the speaker's first
		  language</item>
		  <label><val>LN</val></label><item>a language other than the
		  speaker's first language</item>
		  <label><val>LQ</val></label><item>a language where it cannot
		  be ascertained whether it is the speaker's first or other
		  language.</item>
		</list>
		Whenever possible, the 
		<att>voice:translation</att> attribute provides a rough translation of the
		non-English speech into English.
		</tagUsage>
      <tagUsage gi="unclear" occurs="6">Used to mark speech which cannot be
		transcribed with certainty, because it is difficult to hear or
		understand for the transcriber.</tagUsage>
      <tagUsage gi="w" occurs="2">
		  Used with the <att>type</att> attribute set to
		  <val>spelt</val> to mark words or word fragments which are
		  spelt out, i.e. words whose constituents are pronounced as
		  individual letters.
		</tagUsage>
      <tagUsage gi="incident" occurs="1">Used to mark contextual information
		relevant to the understanding of the interaction or the
		interaction as such. The <att>voice:desc</att> attribute
		provides a short prose description of the contextual
		event.</tagUsage></namespace><namespace name="http://www.univie.ac.at/voice/ns/1.0">
      <tagUsage gi="voice:track" occurs="2">Used to mark the beginning of a new
		audio track used in transcription (usually three minutes in length) and thus refers to the audio recording
		of the transcribed speech event.
		</tagUsage></namespace></tagsDecl>
      </encodingDesc>
      <profileDesc>
         <textClass>
            <catRef target="#LEcon228_LE #LEcon228_con"/>
            <catRef target="#LE #con"/>
         </textClass>
         <settingDesc>
            <setting>
               <name type="country">AT</name>
               <name type="city">Vienna</name>
               <locale>pub</locale>
               <activity>drinking</activity>
            </setting>
         </settingDesc>
         <particDesc>
            <listPerson type="main">
               <listPerson type="groups">
                  <personGrp role="speakers" size="4"/>
                  <personGrp role="interactants" size="2"/>
               </listPerson>
               <listPerson type="identified">
                  <person role="participant" sameAs="#P160" xml:id="LEcon228_S1">
                     <age value="1">17-24</age>
                     <sex value="1">male</sex>
                     <occupation>student</occupation>
                     <langKnowledge>
                        <langKnown level="L1" tag="nor-NO"/>
                     </langKnowledge>
                  </person>
                  <person role="participant" sameAs="#P161" xml:id="LEcon228_S2">
                     <age value="1">17-24</age>
                     <sex value="2">female</sex>
                     <occupation>student</occupation>
                     <langKnowledge>
                        <langKnown level="L1" tag="fin-FI"/>
                     </langKnowledge>
                  </person>
                  <person role="researcher" sameAs="#P162" xml:id="LEcon228_S3">
                     <age value="1">17-24</age>
                     <sex value="2">female</sex>
                     <occupation>student</occupation>
                     <langKnowledge>
                        <langKnown level="L1" tag="ger-AT"/>
                     </langKnowledge>
                  </person>
                  <person role="non-participant" sameAs="#P163" xml:id="LEcon228_S4">
                     <age value="2">25-34</age>
                     <sex value="1">male</sex>
                     <occupation>waiter</occupation>
                     <langKnowledge>
                        <langKnown level="L1" tag="und"/>
                     </langKnowledge>
                  </person>
               </listPerson>
               <relationGrp>
                  <relation mutual="#LEcon228_S1 #LEcon228_S2" name="fairly_symmetrical" type="power"/>
                  <relation mutual="#LEcon228_S1 #LEcon228_S2" name="acquainted" type="acquaintedness"/>
               </relationGrp>
            </listPerson>
         </particDesc>
      </profileDesc>
      <revisionDesc>
         <change when="2009-05-19" who="SM">conversion to XML</change>
         <change when="2009-05-11" who="TK">finalized for publication</change>
         <change when="2008-02-13" who="MLP">proof-reading</change>
         <change when="2006-08-14" who="TK">checking</change>
         <change when="2005-09-30" who="CHu">transcription</change>
      </revisionDesc>
   </teiHeader>
   <text>
      <body>
         <div type="medium" voice:end="01:54" voice:end_medium_number="1" voice:end_track="2" voice:medium_type="md" voice:start="00:00" voice:start_medium_number="1" voice:start_track="1">
            <u who="#LEcon228_S3" xml:id="LEcon228_u_1"><voice:track medium="1" num="1" type="md"/><vocal subtype="wordstart" type="wordlike" voice:desc="laughing" voice:syl="4"/>  hh <pause/> take the microphone <anchor synch="#LEcon228_oc_1" type="other_continuation" xml:id="LEcon228_oc_0"/></u>
            <u who="#LEcon228_S1" xml:id="LEcon228_u_2"><anchor synch="#LEcon228_oc_0" type="other_continuation" xml:id="LEcon228_oc_1"/><vocal subtype="wordstart" type="wordlike" voice:desc="laughing" voice:syl="3"/><seg n="1" type="overlap" xml:id="LEcon228_ol_0"><vocal subtype="wordstart" type="wordlike" voice:desc="laughing" voice:syl="2"/></seg></u>
            <u who="#LEcon228_S3" xml:id="LEcon228_u_3"><seg n="1" synch="#LEcon228_ol_0" type="overlap" xml:id="LEcon228_ol_1"><vocal subtype="wordstart" type="wordlike" voice:desc="laughing" voice:syl="2"/></seg><vocal subtype="wordstart" type="wordlike" voice:desc="laughing" voice:syl="2"/></u>
            <u who="#LEcon228_S1" xml:id="LEcon228_u_4"><seg n="2" type="overlap" xml:id="LEcon228_ol_2"> hh oka<c type="lengthening"/>y <pause/> i'm <supplied reason="anonymization"> [S1] </supplied><vocal subtype="wordstart" type="wordlike" voice:desc="laughing" voice:syl="1"/> all right <vocal subtype="wordstart" type="wordlike" voice:desc="laughing" voice:syl="6"/> hh yeah er<c type="lengthening"/><c type="lengthening"/> yeah<c type="lengthening"/> yeah<c type="lengthening"/><c type="lengthening"/><pause/> yeah okay an<c type="lengthening"/>d er<c type="lengthening"/></seg><pause dur="PT3S"/></u>
            <u who="#LEcon228_S3" xml:id="LEcon228_u_5"><seg n="2" synch="#LEcon228_ol_2" type="overlap" xml:id="LEcon228_ol_3"><vocal subtype="wordstart" type="wordlike" voice:desc="laughing" voice:syl="14"/></seg></u>
            <u who="#LEcon228_S1" xml:id="LEcon228_u_6"> yeah okay <pause/> then he was standing outside <pause/> and e<c type="lengthening"/>r <pause dur="PT1S"/> okay i didn't really recognize him at first </u>
            <u who="#LEcon228_S2" xml:id="LEcon228_u_7"> yeah <pause/></u>
            <u who="#LEcon228_S1" xml:id="LEcon228_u_8"> er but and then i opened the door and before i er he kind of er <pause/> just took hold of the door <pause dur="PT1S"/></u>
            <u who="#LEcon228_S2" xml:id="LEcon228_u_9"> yeah <pause/></u>
            <u who="#LEcon228_S1" xml:id="LEcon228_u_10"> and went inside <pause/> and then i thought <pause dur="PT1S"/> e<c type="lengthening"/>r <pause/> shit it's not the guy i saw yesterday <pause dur="PT1S"/><seg n="3" type="overlap" xml:id="LEcon228_ol_4"> and </seg> he actually went <emph> into </emph> the building and i thought <pause/></u>
            <u who="#LEcon228_S2" xml:id="LEcon228_u_11"><seg n="3" synch="#LEcon228_ol_4" type="overlap" xml:id="LEcon228_ol_5"> yeah </seg></u>
            <u who="#LEcon228_S1" xml:id="LEcon228_u_12"> oh shit <pause/> er<c type="lengthening"/> okay <pause/> what <pause/> should i<c type="lengthening"/></u>
            <u who="#LEcon228_S2" xml:id="LEcon228_u_13"> do </u>
            <u who="#LEcon228_S1" xml:id="LEcon228_u_14"><shift corresp="#LEcon228_s_2" feature="tempo" new="a" xml:id="LEcon228_s_1"/> yeah what should i do<c function="rise" type="intonation"/><shift corresp="#LEcon228_s_1" feature="tempo" new="neutral" xml:id="LEcon228_s_2"/><pause dur="PT1S"/> but e<c type="lengthening"/><c type="lengthening"/>r <pause/> i went up to<c type="lengthening"/><pause/> yeah ju- just around the corner there is a<c type="lengthening"/><c type="lengthening"/> yeah er<c type="lengthening"/><c type="lengthening"/> kind of er<c type="lengthening"/><pause/> yeah where the <foreign type="LN" voice:translation="tram" xml:lang="ger"> strassenbahn </foreign> stops </u>
            <u who="#LEcon228_S2" xml:id="LEcon228_u_15"> yeah <pause dur="PT1S"/></u>
            <u who="#LEcon228_S1" xml:id="LEcon228_u_16"> so er<c type="lengthening"/> i was standing and waiting and then i saw him actually <pause/> walking up the road again <pause/></u>
            <u who="#LEcon228_S2" xml:id="LEcon228_u_17"> okay <anchor synch="#LEcon228_oc_3" type="other_continuation" xml:id="LEcon228_oc_2"/></u>
            <u who="#LEcon228_S1" xml:id="LEcon228_u_18"><anchor synch="#LEcon228_oc_2" type="other_continuation" xml:id="LEcon228_oc_3"/> but <pause/> er yeah i wonder what he was actually doing there <pause dur="PT1S"/> a <seg n="4" type="overlap" xml:id="LEcon228_ol_6"> little bit </seg> scary actually <anchor synch="#LEcon228_oc_5" type="other_continuation" xml:id="LEcon228_oc_4"/></u>
            <u who="#LEcon228_S2" xml:id="LEcon228_u_19"><seg n="4" synch="#LEcon228_ol_6" type="overlap" xml:id="LEcon228_ol_7"> he could be </seg></u>
            <u who="#LEcon228_S2" xml:id="LEcon228_u_20"><anchor synch="#LEcon228_oc_4" type="other_continuation" xml:id="LEcon228_oc_5"/> yeah <pause/> because he could be like <pause/> checking out the place and how he can get in <seg n="5" type="overlap" xml:id="LEcon228_ol_8"> and <pause/> all that stuff </seg></u>
            <u who="#LEcon228_S1" xml:id="LEcon228_u_21"><seg n="5" synch="#LEcon228_ol_8" type="overlap" xml:id="LEcon228_ol_9"> yeah he could actually be </seg> yeah <pause/><seg n="6" type="overlap" xml:id="LEcon228_ol_10"> and i saw him actually </seg> talking to some people there so <pause/></u>
            <u who="#LEcon228_S2" xml:id="LEcon228_u_22"><seg n="6" synch="#LEcon228_ol_10" type="overlap" xml:id="LEcon228_ol_11"> that's really scary </seg></u>
            <u who="#LEcon228_S2" xml:id="LEcon228_u_23"> yeah <pause dur="PT2S"/></u>
            <u who="#LEcon228_S1" xml:id="LEcon228_u_24"> but there is e<c type="lengthening"/>r <pause/> it think there there is a <pause dur="PT1S"/> er<c type="lengthening"/><c type="lengthening"/><pause/> there is a place </u>
            <u who="#LEcon228_S2" xml:id="LEcon228_u_25"> yeah <anchor synch="#LEcon228_oc_7" type="other_continuation" xml:id="LEcon228_oc_6"/></u>
            <u who="#LEcon228_S1" xml:id="LEcon228_u_26"><anchor synch="#LEcon228_oc_6" type="other_continuation" xml:id="LEcon228_oc_7"/> where <pause/> probably e<c type="lengthening"/><c type="lengthening"/>r <pause/> well a a place where a guard could er kind of e<c type="lengthening"/>r <pause/> s- sit <pause/></u>
            <u who="#LEcon228_S2" xml:id="LEcon228_u_27"> yeah </u>
            <u who="#LEcon228_S1" xml:id="LEcon228_u_28"> to have e<c type="lengthening"/>r b- but there is nobody sitting there now so <anchor synch="#LEcon228_oc_9" type="other_continuation" xml:id="LEcon228_oc_8"/></u>
            <u who="#LEcon228_S2" xml:id="LEcon228_u_29"><anchor synch="#LEcon228_oc_8" type="other_continuation" xml:id="LEcon228_oc_9"/> okay <pause dur="PT1S"/></u>
            <u who="#LEcon228_S1" xml:id="LEcon228_u_30"> er<c type="lengthening"/><pause/> i <seg n="7" type="overlap" xml:id="LEcon228_ol_12"> don't know </seg></u>
            <u who="#LEcon228_S2" xml:id="LEcon228_u_31"><seg n="7" synch="#LEcon228_ol_12" type="overlap" xml:id="LEcon228_ol_13"> but you think </seg> you should maybe like report it to someone o<c type="lengthening"/>r <pause/><seg n="1" type="overlap" xml:id="LEcon228_ol_14"> tell </seg> someone  </u>
            <u who="#LEcon228_S1" xml:id="LEcon228_u_32"><seg n="1" synch="#LEcon228_ol_14" type="overlap" xml:id="LEcon228_ol_15"> yeah<c type="lengthening"/></seg></u>
            <u who="#LEcon228_S1" xml:id="LEcon228_u_33"> yeah but </u>
            <u who="#LEcon228_S2" xml:id="LEcon228_u_34"> i don't if know they will <seg n="2" type="overlap" xml:id="LEcon228_ol_16"> help </seg> but <seg n="3" type="overlap" xml:id="LEcon228_ol_17"> i </seg> mean <pause dur="PT1S"/></u>
            <u who="#LEcon228_S1" xml:id="LEcon228_u_35"><seg n="2" synch="#LEcon228_ol_16" type="overlap" xml:id="LEcon228_ol_18"> yeah </seg></u>
            <u who="#LEcon228_S1" xml:id="LEcon228_u_36"><seg n="3" synch="#LEcon228_ol_17" type="overlap" xml:id="LEcon228_ol_19"> mhm </seg></u>
            <u who="#LEcon228_S1" xml:id="LEcon228_u_37"> but <unclear> there </unclear> is a little bit difficult because e<c type="lengthening"/><c type="lengthening"/>r <pause dur="PT1S"/> there are a lot of people standing outside <pause/> like <anchor synch="#LEcon228_oc_11" type="other_continuation" xml:id="LEcon228_oc_10"/></u>
            <u who="#LEcon228_S2" xml:id="LEcon228_u_38"><anchor synch="#LEcon228_oc_10" type="other_continuation" xml:id="LEcon228_oc_11"/> yeah </u>
            <u who="#LEcon228_S1" xml:id="LEcon228_u_39"> looking and then you think okay they're <pause/> going in <unclear> like </unclear> there is somebody <pause/> but you never <pause/> know </u>
            <u who="#LEcon228_S2" xml:id="LEcon228_u_40"> yeah  </u>
            <u who="#LEcon228_S1" xml:id="LEcon228_u_41"> really<c type="lengthening"/> who's er<c type="lengthening"/><pause dur="PT2S"/> yeah <pause/></u>
            <u who="#LEcon228_S2" xml:id="LEcon228_u_42"> but <pause/> the er the time we were at <foreign type="LN" voice:translation="name of a street" xml:lang="ger"> tigergasse </foreign><pause/></u>
            <u who="#LEcon228_S1" xml:id="LEcon228_u_43"> yeah </u>
            <u who="#LEcon228_S2" xml:id="LEcon228_u_44"> erm <pause dur="PT1S"/> when i left <pause/> there were a couple of er guys standing outside and i was like oh shit oh shit  </u>
            <u who="#LEcon228_S1" xml:id="LEcon228_u_45"> yeah </u>
            <u who="#LEcon228_S2" xml:id="LEcon228_u_46"> what am i gonna do now can i <emph> go </emph> outside you know are they gonna come in<c function="rise" type="intonation"/></u>
            <u who="#LEcon228_S1" xml:id="LEcon228_u_47"> yeah </u>
            <u who="#LEcon228_S2" xml:id="LEcon228_u_48"> because i didn't know <seg n="4" type="overlap" xml:id="LEcon228_ol_20"> who </seg> they were <pause/></u>
            <u who="#LEcon228_S1" xml:id="LEcon228_u_49"><seg n="4" synch="#LEcon228_ol_20" type="overlap" xml:id="LEcon228_ol_21"> mhm </seg></u>
            <u who="#LEcon228_S2" xml:id="LEcon228_u_50"> they didn't look like <pause/> students to <seg n="5" type="overlap" xml:id="LEcon228_ol_22"> me </seg></u>
            <u who="#LEcon228_S1" xml:id="LEcon228_u_51"><seg n="5" synch="#LEcon228_ol_22" type="overlap" xml:id="LEcon228_ol_23"> yeah </seg><pause/> okay </u>
            <u who="#LEcon228_S2" xml:id="LEcon228_u_52"> but then i just figured well i gotta go out <emph> some</emph>times </u>
            <u who="#LEcon228_S1" xml:id="LEcon228_u_53"> yeah yeah yeah <anchor synch="#LEcon228_oc_13" type="other_continuation" xml:id="LEcon228_oc_12"/></u>
            <u who="#LEcon228_S2" xml:id="LEcon228_u_54"><anchor synch="#LEcon228_oc_12" type="other_continuation" xml:id="LEcon228_oc_13"/> but they didn't come in </u>
            <u who="#LEcon228_S1" xml:id="LEcon228_u_55"> aha okay that's good </u>
            <u who="#LEcon228_S2" xml:id="LEcon228_u_56"> yeah <pause/></u>
            <u who="#LEcon228_S1" xml:id="LEcon228_u_57"> because we have a lot of er in in <supplied reason="anonymization"> [place1] </supplied> er erm <pause/> at my student home there <anchor synch="#LEcon228_oc_15" type="other_continuation" xml:id="LEcon228_oc_14"/></u>
            <u who="#LEcon228_S2" xml:id="LEcon228_u_58"><anchor synch="#LEcon228_oc_14" type="other_continuation" xml:id="LEcon228_oc_15"/> yeah <pause/></u>
            <u who="#LEcon228_S1" xml:id="LEcon228_u_59"> a lot of people that e<c type="lengthening"/>r <pause/> yeah have forgot their keys <pause/> e<c type="lengthening"/>r or something that </u>
            <u who="#LEcon228_S2" xml:id="LEcon228_u_60"> yeah </u>
            <u who="#LEcon228_S1" xml:id="LEcon228_u_61"> yeah <pause/> so you let <pause/> let them in i<c type="lengthening"/>n but e<c type="lengthening"/>r </u>
            <u who="#LEcon228_S2" xml:id="LEcon228_u_62"> yeah <pause/></u>
            <u who="#LEcon228_S1" xml:id="LEcon228_u_63"> yeah <pause/><unclear> they said which </unclear><pause dur="PT1S"/></u>
            <u who="#LEcon228_S2" xml:id="LEcon228_u_64"> but do you <pause/> do you know if it was the same guy<c function="rise" type="intonation"/><pause/> you're not sure<c function="rise" type="intonation"/><pause/> or<c function="rise" type="intonation"/></u>
            <u who="#LEcon228_S1" xml:id="LEcon228_u_65"> yeah i i'm er quite sure it was the same <seg n="6" type="overlap" xml:id="LEcon228_ol_24"> guy actually </seg><pause dur="PT1S"/></u>
            <u who="#LEcon228_S2" xml:id="LEcon228_u_66"><seg n="6" synch="#LEcon228_ol_24" type="overlap" xml:id="LEcon228_ol_25"> oh <unclear> okay </unclear> okay </seg></u>
            <u who="#LEcon228_S1" xml:id="LEcon228_u_67"> b- but i didn't really <pause/> e<c type="lengthening"/>r <pause/> i yeah it was i- er<c type="lengthening"/> i- er<c type="lengthening"/><c type="lengthening"/> it wasn't really e<c type="lengthening"/>r before i <pause/> kind of he had gotten in and i i was walking up the street that shit this is not the guy actually <seg n="7" type="overlap" xml:id="LEcon228_ol_26"> that </seg> e<c type="lengthening"/>r <pause dur="PT1S"/></u>
            <u who="#LEcon228_S2" xml:id="LEcon228_u_68"><seg n="7" synch="#LEcon228_ol_26" type="overlap" xml:id="LEcon228_ol_27"> yeah </seg></u>
            <u who="#LEcon228_S1" xml:id="LEcon228_u_69"> yeah i've seen before <voice:track medium="1" num="2" type="md"/> and was <seg n="1" type="overlap" xml:id="LEcon228_ol_28"> standing outside </seg> the window <pause dur="PT2S"/></u>
            <u who="#LEcon228_S2" xml:id="LEcon228_u_70"><seg n="1" synch="#LEcon228_ol_28" type="overlap" xml:id="LEcon228_ol_29"> yeah </seg></u>
            <u who="#LEcon228_S1" xml:id="LEcon228_u_71"> it was <unclear> a bit </unclear> erm <pause/></u>
            <u who="#LEcon228_S2" xml:id="LEcon228_u_72"> but what did he do<c function="rise" type="intonation"/><pause/> erm the other day when you saw him <pause/> like <pause/></u>
            <u who="#LEcon228_S1" xml:id="LEcon228_u_73"> yeah <seg n="2" type="overlap" xml:id="LEcon228_ol_30"> he<c type="lengthening"/> e<c type="lengthening"/><c type="lengthening"/>r </seg></u>
            <u who="#LEcon228_S2" xml:id="LEcon228_u_74"><seg n="2" synch="#LEcon228_ol_30" type="overlap" xml:id="LEcon228_ol_31"> erm how did he </seg> react<c function="rise" type="intonation"/><pause/></u>
            <u who="#LEcon228_S1" xml:id="LEcon228_u_75"> no he<c type="lengthening"/> just er<c type="lengthening"/> started walking down the street <pause/></u>
            <u who="#LEcon228_S2" xml:id="LEcon228_u_76"> oh <seg n="3" type="overlap" xml:id="LEcon228_ol_32"> okay </seg></u>
            <u who="#LEcon228_S1" xml:id="LEcon228_u_77"><seg n="3" synch="#LEcon228_ol_32" type="overlap" xml:id="LEcon228_ol_33"> and </seg> i was like <pause/> what are you doing here <seg n="4" type="overlap" xml:id="LEcon228_ol_34"><unclear> what </unclear></seg> why did you do that<c function="rise" type="intonation"/> erm <pause dur="PT2S"/></u>
            <u who="#LEcon228_S2" xml:id="LEcon228_u_78"><seg n="4" synch="#LEcon228_ol_34" type="overlap" xml:id="LEcon228_ol_35"> yeah </seg></u>
            <u who="#LEcon228_S1" xml:id="LEcon228_u_79"> wow <pause dur="PT1S"/> i probably have to be a little careful because i live at the corner so <pause/> i have three windows as well <anchor synch="#LEcon228_oc_17" type="other_continuation" xml:id="LEcon228_oc_16"/></u>
            <u who="#LEcon228_S2" xml:id="LEcon228_u_80"><anchor synch="#LEcon228_oc_16" type="other_continuation" xml:id="LEcon228_oc_17"/> yeah <pause/></u>
            <u who="#LEcon228_S1" xml:id="LEcon228_u_81"> er <pause/> the other people have er one window </u>
            <u who="#LEcon228_S2" xml:id="LEcon228_u_82"> yeah </u>
            <u who="#LEcon228_S1" xml:id="LEcon228_u_83"> so<c type="lengthening"/> e<c type="lengthening"/>r <pause/><vocal subtype="wordstart" type="wordlike" voice:desc="laughing" voice:syl="1"/><shift corresp="#LEcon228_s_4" feature="voice" new="laugh" xml:id="LEcon228_s_3"/> yeah <shift corresp="#LEcon228_s_3" feature="voice" new="neutral" xml:id="LEcon228_s_4"/> it's a little bit erm <pause dur="PT2S"/> er <pause dur="PT1S"/></u>
            <u who="#LEcon228_S2" xml:id="LEcon228_u_84"> you have to go to the <foreign type="LN" voice:translation="austrian academic exchange service" xml:lang="ger"><w voice:mode="spelt"> oe a d  </w></foreign> and say <seg n="5" type="overlap" xml:id="LEcon228_ol_36"> that it's not save to live there give me </seg> a room at <foreign type="LN" voice:translation="name of a street" xml:lang="ger"> tigergasse </foreign><anchor synch="#LEcon228_oc_19" type="other_continuation" xml:id="LEcon228_oc_18"/></u>
            <u who="#LEcon228_S1" xml:id="LEcon228_u_85"><seg n="5" synch="#LEcon228_ol_36" type="overlap" xml:id="LEcon228_ol_37"> yeah <vocal subtype="wordstart" type="wordlike" voice:desc="laughing" voice:syl="2"/> yeah yeah yeah </seg></u>
            <u who="#LEcon228_S1" xml:id="LEcon228_u_86"><anchor synch="#LEcon228_oc_18" type="other_continuation" xml:id="LEcon228_oc_19"/><shift corresp="#LEcon228_s_6" feature="voice" new="laugh" xml:id="LEcon228_s_5"/> yeah <seg n="6" type="overlap" xml:id="LEcon228_ol_38"> i think so </seg><shift corresp="#LEcon228_s_5" feature="voice" new="neutral" xml:id="LEcon228_s_6"/></u>
            <u who="#LEcon228_S2" xml:id="LEcon228_u_87"><seg n="6" synch="#LEcon228_ol_38" type="overlap" xml:id="LEcon228_ol_39"><vocal subtype="wordstart" type="wordlike" voice:desc="laughing" voice:syl="3"/></seg>  hh </u>
            <u who="#LEcon228_S1" xml:id="LEcon228_u_88"> yeah that's sure <pause/></u>
            <u who="#LEcon228_S2" xml:id="LEcon228_u_89"> yeah <pause/></u>
            <u who="#LEcon228_S1" xml:id="LEcon228_u_90"> yeah <pause/> er <pause dur="PT1S"/> erm <pause dur="PT1S"/> but e<c type="lengthening"/><c type="lengthening"/>r <pause dur="PT1S"/> yeah <pause/> i would like to<c type="lengthening"/><pause/> yeah just <pause/> it's such a<c type="lengthening"/><pause/> it's such far  from where i live <pause/></u>
            <u who="#LEcon228_S2" xml:id="LEcon228_u_91"> yeah </u>
            <u who="#LEcon228_S1" xml:id="LEcon228_u_92"> to get home now i have to take the night bus or something er so <pause dur="PT3S"/> erm <pause/><seg n="7" type="overlap" xml:id="LEcon228_ol_40"> diffi</seg>cult </u>
            <u who="#LEcon228_S2" xml:id="LEcon228_u_93"><seg n="7" synch="#LEcon228_ol_40" type="overlap" xml:id="LEcon228_ol_41"> er h- </seg></u>
            <u who="#LEcon228_S2" xml:id="LEcon228_u_94"> how do you get home from the city center do you take a <foreign type="LN" voice:translation="underground" xml:lang="ger"><w voice:mode="spelt"> u  </w> bahn<c function="rise" type="intonation"/></foreign> or a tram or <pause/></u>
            <u who="#LEcon228_S1" xml:id="LEcon228_u_95"> e<c type="lengthening"/>r <pause/> well e<c type="lengthening"/>r during the daytime <pause/> now i took to t- er <shift corresp="#LEcon228_s_8" feature="tempo" new="a" xml:id="LEcon228_s_7"/> when i came here now i took the number five <shift corresp="#LEcon228_s_7" feature="tempo" new="neutral" xml:id="LEcon228_s_8"/><pause/> from er <foreign type="LN" voice:translation="name of tram stop" xml:lang="ger"> praterstern </foreign></u>
            <u who="#LEcon228_S2" xml:id="LEcon228_u_96"> yeah <anchor synch="#LEcon228_oc_21" type="other_continuation" xml:id="LEcon228_oc_20"/></u>
            <u who="#LEcon228_S1" xml:id="LEcon228_u_97"><anchor synch="#LEcon228_oc_20" type="other_continuation" xml:id="LEcon228_oc_21"/> the <foreign type="LN" voice:translation="tram" xml:lang="ger"> strassenbahn </foreign></u>
            <u who="#LEcon228_S2" xml:id="LEcon228_u_98"> yeah </u>
            <u who="#LEcon228_S1" xml:id="LEcon228_u_99"> and that goes all the way to<c type="lengthening"/> er just outside <foreign type="LN" voice:translation="name of a street" xml:lang="ger"> tigergasse </foreign><pause/></u>
            <u who="#LEcon228_S2" xml:id="LEcon228_u_100"> okay </u>
            <u who="#LEcon228_S1" xml:id="LEcon228_u_101"> so that was quite nice but i didn't i i had forgotten that e<c type="lengthening"/>r <pause dur="PT1S"/> there was a <foreign type="LN" voice:translation="tram" xml:lang="ger"> strassenbahn </foreign> that went from e<c type="lengthening"/>r <pause/><foreign type="LN" voice:translation="name of a street" xml:lang="ger"> josefstaetterstrasse </foreign> i just realized today i <pause/> yeah i remembered  </u>
            <u who="#LEcon228_S2" xml:id="LEcon228_u_102"><shift corresp="#LEcon228_s_10" feature="voice" new="laugh" xml:id="LEcon228_s_9"/> er okay <shift corresp="#LEcon228_s_9" feature="voice" new="neutral" xml:id="LEcon228_s_10"/></u>
            <u who="#LEcon228_S1" xml:id="LEcon228_u_103"> so<c type="lengthening"/><pause dur="PT2S"/> now <pause dur="PT3S"/> er </u>
            <u who="#LEcon228_S2" xml:id="LEcon228_u_104"> do you have a long way <pause/> to school<c function="rise" type="intonation"/><pause dur="PT1S"/> is at <seg n="1" type="overlap" xml:id="LEcon228_ol_42"> least </seg> for you to get <seg n="2" type="overlap" xml:id="LEcon228_ol_43"> there<c function="rise" type="intonation"/></seg> or<c function="rise" type="intonation"/><pause/></u>
            <u who="#LEcon228_S1" xml:id="LEcon228_u_105"><seg n="1" synch="#LEcon228_ol_42" type="overlap" xml:id="LEcon228_ol_44"> yeah </seg></u>
            <u who="#LEcon228_S2" xml:id="LEcon228_u_106"><seg n="2" synch="#LEcon228_ol_43" type="overlap" xml:id="LEcon228_ol_45"> yeah </seg></u>
            <u who="#LEcon228_S2" xml:id="LEcon228_u_107"> i think the best thing is to actually take the<c type="lengthening"/><c type="lengthening"/><pause/> to take the <foreign type="LN" voice:translation="train" xml:lang="ger"> schne- schnellbahn </foreign><pause dur="PT3S"/><incident dur="PT3S" voice:desc="someone comes to the table, probably the waiter "/></u>
            <u who="#LEcon228_S4" xml:id="LEcon228_u_108"> o<c type="lengthening"/>h you're having an interview </u>
            <u who="#LEcon228_S3" xml:id="LEcon228_u_109"><vocal subtype="wordstart" type="wordlike" voice:desc="laughing" voice:syl="3"/></u>
            <u who="#LEcon228_S1" xml:id="LEcon228_u_110"> yeah </u>
            <u who="#LEcon228_S3" xml:id="LEcon228_u_111"><vocal subtype="wordstart" type="wordlike" voice:desc="laughing" voice:syl="2"/>  hh <vocal subtype="wordstart" type="wordlike" voice:desc="laughing" voice:syl="1"/></u>
         </div>
      </body>
   </text>
</TEI>