<TEI xmlns="http://www.tei-c.org/ns/1.0" xmlns:voice="http://www.univie.ac.at/voice/ns/1.0" xmlns:xi="http://www.w3.org/2001/XInclude" version="5" xml:id="LEcon352" xml:lang="eng">
   <teiHeader>
      <fileDesc>
         <titleStmt>
            <title>conversation between international students about language differences at a party</title>
            <principal>Prof. Barbara Seidlhofer</principal>
            <editor/>
            <funder>Austrian Science Foundation (FWF)</funder>
            <sponsor/>
            <respStmt>
               <resp>Corpus Compilation</resp>
               <orgName>VOICE Project</orgName>
               <persName>Barbara Seidlhofer</persName>
               <persName>Angelika Breiteneder</persName>
               <persName>Marie-Luise Pitzl</persName>
               <persName>Stefan Majewski</persName>
               <persName>Theresa Klimpfinger</persName>
            </respStmt>
         </titleStmt>
         <editionStmt>
		<edition>Version 1.0 XML, <date>May 2011</date></edition>
	  <respStmt>
		<resp>Researchers</resp>
		<name>Barbara Seidlhofer</name> 		
		<name>Angelika Breiteneder</name> 
		<name>Theresa Klimpfinger</name> 
		<name>Stefan Majewski</name> 
		<name>Marie-Luise Pitzl</name> 
	  </respStmt>
	</editionStmt>
         <publicationStmt>
		<publisher>Barbara Seidlhofer, Stefan Majewski, Marie-Luise Pitzl</publisher> 
	  <distributor>VOICE Project, University of Vienna, Austria</distributor> 
	  <address>
		<addrLine>Spitalgasse 2, AAKH Hof 8</addrLine> 
		<addrLine>1090 Vienna</addrLine> 
		<addrLine>Austria</addrLine> 
		<addrLine>Telephone: +43 1 427742446</addrLine> 
	  	<addrLine>Email: voice@univie.ac.at</addrLine> 
		<addrLine>Website: http://www.univie.ac.at/voice</addrLine> 
	  </address>
	  <availability status="free">
	  	<p>
		  The Vienna-Oxford International Corpus of English (VOICE)
		  was created by Barbara Seidlhofer (project director) and
		  Angelika Breiteneder, Theresa Klimpfinger, Stefan Majewski,
		  Marie-Luise Pitzl (project researchers). VOICE 1.0 XML is
		  available for download at the VOICE Project's website <ref target="http://www.univie.ac.at/voice/">http://www.univie.ac.at/voice/</ref>
		  under a Creative Commons
		  Attribution-NonCommercial-ShareAlike 3.0 Unported (CC
		  BY-NC-SA 3.0) License (<ref target="http://creativecommons.org/licenses/by-nc-sa/3.0/">
		  http://creativecommons.org/licenses/by-nc-sa/3.0/
		  </ref>). The original audio files are held at the Department
		  of English, University of Vienna. 23 selected audio files
		  are available as audio streams in the VOICE Online interface
		  at the VOICE Project's website <ref target="http://www.univie.ac.at/voice">http://www.univie.ac.at/voice</ref>.
		</p>
		<p>
		The recommended citation for VOICE 1.0 XML is:
		</p>
		<p>
		<bibl><title>VOICE</title>. <date>2011</date>. <title level="m">The Vienna-Oxford International Corpus of
		English</title> (<edition>version 1.0
		XML</edition>). Director: Barbara Seidlhofer; Researchers:
		Angelika Breiteneder, Theresa Klimpfinger, Stefan Majewski,
		Marie-Luise Pitzl.</bibl>
		</p>
		<p>The short citation for VOICE 1.0 XML is:
		</p>
		<p>
		<bibl><title>VOICE</title>. <date>2011</date>. <title level="m">The Vienna-Oxford International Corpus of
		English</title> (<edition>version 1.0
		XML</edition>).</bibl></p>
		<p>
		  For further information about availability and copyright
		  permissions, please see the README file included in the
		  download package. For further enquiries please contact the
		  VOICE Project at <ref target="mailto:voice@univie.ac.at">voice@univie.ac.at</ref>.
		</p>
	  </availability>
	</publicationStmt>
         <notesStmt>
            <note xml:id="LEcon352_wc">Words: 2126</note>
            <note xml:id="LEcon352_tn_0">This conversation takes place at a party in a private home in Spain, where students from different countries who work and live in Spain meet and discuss customs of their home countries. The venue of the party is S6's house. His friends S1 and S3 know the location, whereas S2, S4, S5 and S7 are here for the first time. The fact that S2, who studies English and Spanish, writes her thesis in English, leads to a discussion about the differences of the Spanish language in Spain and in South America and the German language in Austria and in Germany. This triggers a conversation about different informal idioms in Spanish and German. As it is a private party and people know each other, the atmosphere is relaxed. There is a lot of background noise, as at times parallel conversations take place. In the middle of the conversation a dog enters, so the speakers speak to and talk about it for some time. </note>
         </notesStmt>
         <sourceDesc>
            <recordingStmt>
               <recording dur="PT00H09M55S" type="audio">
                  <date>2004-11-26</date>
                  <equipment>
                     <p>Portable minidisc recorder with electret condenser stereo microphone</p>
                  </equipment>
                  <respStmt>
                     <resp>recording</resp>
                     <name>R15</name>
                  </respStmt>
               </recording>
            </recordingStmt>
         </sourceDesc>
      </fileDesc>
      <encodingDesc>
         <classDecl>
            <taxonomy>
               <category xml:id="LEcon352_domain">
                  <catDesc>Domain</catDesc>
                  <category sameAs="#ED" xml:id="LEcon352_ED">
                     <catDesc>educational</catDesc>
                  </category>
                  <category sameAs="#LE" xml:id="LEcon352_LE">
                     <catDesc>leisure</catDesc>
                  </category>
                  <category sameAs="#PB" xml:id="LEcon352_PB">
                     <catDesc>professional business</catDesc>
                  </category>
                  <category sameAs="#PO" xml:id="LEcon352_PO">
                     <catDesc>professional organizational</catDesc>
                  </category>
                  <category sameAs="#PR" xml:id="LEcon352_PR">
                     <catDesc>professional research/science</catDesc>
                  </category>
               </category>
               <category xml:id="LEcon352_spet">
                  <catDesc>Speech Event Type</catDesc>
                  <category sameAs="#int" xml:id="LEcon352_int">
                     <catDesc>interview</catDesc>
                  </category>
                  <category sameAs="#prc" xml:id="LEcon352_prc">
                     <catDesc>press conference</catDesc>
                  </category>
                  <category sameAs="#sve" xml:id="LEcon352_sve">
                     <catDesc>service encounter</catDesc>
                  </category>
                  <category sameAs="#sed" xml:id="LEcon352_sed">
                     <catDesc>seminar discussion</catDesc>
                  </category>
                  <category sameAs="#wgd" xml:id="LEcon352_wgd">
                     <catDesc>working group discussion</catDesc>
                  </category>
                  <category sameAs="#wsd" xml:id="LEcon352_wsd">
                     <catDesc>workshop discussion</catDesc>
                  </category>
                  <category sameAs="#mtg" xml:id="LEcon352_mtg">
                     <catDesc>meeting</catDesc>
                  </category>
                  <category sameAs="#pan" xml:id="LEcon352_pan">
                     <catDesc>panel</catDesc>
                  </category>
                  <category sameAs="#qas" xml:id="LEcon352_qas">
                     <catDesc>question-answer session</catDesc>
                  </category>
                  <category sameAs="#con" xml:id="LEcon352_con">
                     <catDesc>conversation</catDesc>
                  </category>
               </category>
            </taxonomy>
         </classDecl>
         <tagsDecl><namespace name="http://www.tei-c.org/ns/1.0">
      <tagUsage gi="TEI" occurs="1"/>
      <tagUsage gi="teiHeader" occurs="1"/>
      <tagUsage gi="fileDesc" occurs="1"/>
      <tagUsage gi="titleStmt" occurs="1"/>
      <tagUsage gi="title" occurs="5"/>
      <tagUsage gi="principal" occurs="1"/>
      <tagUsage gi="editor" occurs="1"/>
      <tagUsage gi="funder" occurs="1"/>
      <tagUsage gi="sponsor" occurs="1"/>
      <tagUsage gi="respStmt" occurs="3"/>
      <tagUsage gi="resp" occurs="3"/>
      <tagUsage gi="orgName" occurs="1"/>
      <tagUsage gi="persName" occurs="5"/>
      <tagUsage gi="editionStmt" occurs="1"/>
      <tagUsage gi="edition" occurs="3"/>
      <tagUsage gi="date" occurs="4"/>
      <tagUsage gi="name" occurs="8"/>
      <tagUsage gi="publicationStmt" occurs="1"/>
      <tagUsage gi="publisher" occurs="1"/>
      <tagUsage gi="distributor" occurs="1"/>
      <tagUsage gi="address" occurs="1"/>
      <tagUsage gi="addrLine" occurs="6"/>
      <tagUsage gi="availability" occurs="1"/>
      <tagUsage gi="p" occurs="7"/>
      <tagUsage gi="ref" occurs="5"/>
      <tagUsage gi="bibl" occurs="2"/>
      <tagUsage gi="notesStmt" occurs="1"/>
      <tagUsage gi="note" occurs="2"/>
      <tagUsage gi="sourceDesc" occurs="1"/>
      <tagUsage gi="recordingStmt" occurs="1"/>
      <tagUsage gi="recording" occurs="1"/>
      <tagUsage gi="equipment" occurs="1"/>
      <tagUsage gi="encodingDesc" occurs="1"/>
      <tagUsage gi="classDecl" occurs="1"/>
      <tagUsage gi="taxonomy" occurs="1"/>
      <tagUsage gi="category" occurs="17"/>
      <tagUsage gi="catDesc" occurs="17"/>
      <tagUsage gi="tagsDecl" occurs="1"/>
      <tagUsage gi="namespace" occurs="2"/>
      <tagUsage gi="tagUsage" occurs="82"/>
      <tagUsage gi="gi" occurs="5"/>
      <tagUsage gi="att" occurs="15"/>
      <tagUsage gi="list" occurs="11"/>
      <tagUsage gi="label" occurs="20"/>
      <tagUsage gi="val" occurs="42"/>
      <tagUsage gi="item" occurs="40"/>
      <tagUsage gi="profileDesc" occurs="1"/>
      <tagUsage gi="textClass" occurs="1"/>
      <tagUsage gi="catRef" occurs="2"/>
      <tagUsage gi="settingDesc" occurs="1"/>
      <tagUsage gi="setting" occurs="1"/>
      <tagUsage gi="locale" occurs="1"/>
      <tagUsage gi="activity" occurs="1"/>
      <tagUsage gi="particDesc" occurs="1"/>
      <tagUsage gi="listPerson" occurs="4"/>
      <tagUsage gi="personGrp" occurs="2"/>
      <tagUsage gi="person" occurs="9"/>
      <tagUsage gi="age" occurs="7"/>
      <tagUsage gi="sex" occurs="7"/>
      <tagUsage gi="langKnowledge" occurs="7"/>
      <tagUsage gi="langKnown" occurs="7"/>
      <tagUsage gi="occupation" occurs="6"/>
      <tagUsage gi="relationGrp" occurs="1"/>
      <tagUsage gi="relation" occurs="2"/>
      <tagUsage gi="revisionDesc" occurs="1"/>
      <tagUsage gi="change" occurs="5"/>
      <tagUsage gi="text" occurs="1"/>
      <tagUsage gi="body" occurs="1"/>
      <tagUsage gi="div" occurs="1"/>
      <tagUsage gi="u" occurs="275">Used to mark a stretch of speech commonly
		preceded and followed by a pause or by a change of speaker. A
		<gi>u</gi> is, however, not required to be bounded by a pause or
		a change of speaker, nor does it represent a turn in a
		conversation analytic sense. At a minimum, a <gi>u</gi> is some
		phonetic production or noise made by a given speaker or a group of speakers.</tagUsage>
      <tagUsage gi="pause" occurs="172">Used to mark a pause either between or
		within utterances. Used without <att>dur</att> attribute to
		indicate a brief pause up to half a second.
		</tagUsage>
      <tagUsage gi="seg" occurs="185">Used with different <att>type</att> attributes to mark:
		<list>
		  <label><att>type</att><val>overlap</val></label>
		  <item>overlaps</item>
		  <label><att>type</att><val>onomatopoeia</val></label>
		  <item>onomatopoeic sounds</item>
		  <label><att>type</att><val>ipa</val></label>
		  <item>transcriptions in the international phonetic alphabet</item>
		</list>
		</tagUsage>
      <tagUsage gi="vocal" occurs="57">Used to mark laughter and other speaker
		noises and non-verbal feedback.
        <list>
          <label>
            <val>speaker_noise</val>
          </label>
          <item>
            <list>
              <item>
                <val>coughing</val>
              </item>
              <item>
                <val>nods</val>
              </item>
              <item>
                <val>shakes head</val>
              </item>
              <item>
                <val>smacks lips</val>
              </item>
              <item>
                <val>sniffs</val>
              </item>
              <item>
                <val>swallows</val>
              </item>
              <item>
                <val>whistles</val>
              </item>
            </list>
          </item>
          <label>
            <val>wordlike</val>
          </label>
          <item>
            <val>laughing</val>
          </item>
        </list>
        </tagUsage>
      <tagUsage gi="foreign" occurs="67">Used to mark a word or phrase as
		belonging to some language other than English. The following
		values for the <att>type</att> attribute are used to mark:
		<list>
		  <label><val>L1</val></label><item>the speaker's first
		  language</item>
		  <label><val>LN</val></label><item>a language other than the
		  speaker's first language</item>
		  <label><val>LQ</val></label><item>a language where it cannot
		  be ascertained whether it is the speaker's first or other
		  language.</item>
		</list>
		Whenever possible, the 
		<att>voice:translation</att> attribute provides a rough translation of the
		non-English speech into English.
		</tagUsage>
      <tagUsage gi="c" occurs="172">Used to mark lengthening of sounds and
		intonation (fall, rise). The following <att>type</att>
		attributes are used to mark:
		<list>
		  <label><val>lengthening</val></label><item>lengthened
		  sounds</item>
		  <label><val>intonation</val></label><item>a significant change in
		  intonation, marked with the following <att>function</att>
		  attribute for:
		  <list>
			<label><val>fall</val></label><item>falling
			intonation</item>
			<label><val>rise</val></label><item>rising intonation</item>
		  </list>
		</item>
		</list>
		Intonation may or may not coincide with
		syntactic boundaries.
		</tagUsage>
      <tagUsage gi="emph" occurs="69">Used to mark speech which is stressed or
		emphasized in a way that goes beyond regular nuclear
		stress.</tagUsage>
      <tagUsage gi="anchor" occurs="34">Used to mark other-continuation,
		i.e. whenever a speaker continues another speaker's <gi>u</gi>
		without a pause. Other-continuation is to be interpreted
		temporally and does not relate to form or content of the
		speakers' utterances.</tagUsage>
      <tagUsage gi="supplied" occurs="48">Used to mark text supplied by the
		transcriber because the original is unintelligible or needed to
		be anonymized. The <att>reason</att> attribute is used to mark:
		<list>
		  <label><val>unintelligible</val></label><item>unintelligible
		  speech</item>
		  <label><val>anonymization</val></label><item>anonymized
		  speech</item>
		</list>
		</tagUsage>
      <tagUsage gi="unclear" occurs="9">Used to mark speech which cannot be
		transcribed with certainty, because it is difficult to hear or
		understand for the transcriber.</tagUsage>
      <tagUsage gi="shift" occurs="92">Used to mark the point at which some
		paralinguistic feature changes. The following attribute values
		are used to mark:
		<list>
          <label>
            <val>voice</val>
          </label>
          <item>voice quality
          <list>
            <item><val>imitating</val></item>
            <item><val>laugh</val></item>
            <item><val>neutral</val></item>
            <item><val>phone</val></item>
            <item><val>reading</val></item>
            <item><val>reading_aloud</val></item>
            <item><val>sigh</val></item>
            <item><val>singing</val></item>
            <item><val>whisp</val></item>
            <item><val>yawning</val></item>
          </list>
          </item>
          <label>
          <val>tempo</val></label>
          <item>speed of utterance
            <list>
              <label><val>a</val></label>
              <item>accelerando</item>
              <label><val>l</val></label>
              <item>lento</item>
              <label><val>neutral</val></label>
              <item>neutral</item>
            </list>
          </item>
          <label>
          <val>loud</val></label>
          <item>loudness
            <list>
              <item><val>f</val></item>
              <item><val>neutral</val></item>
              <item><val>p</val></item>
            </list>
          </item>
		  </list>
		</tagUsage>
      <tagUsage gi="incident" occurs="14">Used to mark contextual information
		relevant to the understanding of the interaction or the
		interaction as such. The <att>voice:desc</att> attribute
		provides a short prose description of the contextual
		event.</tagUsage>
      <tagUsage gi="w" occurs="1">
		  Used with the <att>type</att> attribute set to
		  <val>spelt</val> to mark words or word fragments which are
		  spelt out, i.e. words whose constituents are pronounced as
		  individual letters.
		</tagUsage></namespace><namespace name="http://www.univie.ac.at/voice/ns/1.0">
      <tagUsage gi="voice:to" occurs="3">Used to mark speech directed towards a
		particular speaker. The <att>who</att>who attribute indicates the
		addressed speaker.</tagUsage>
      <tagUsage gi="voice:track" occurs="3">Used to mark the beginning of a new
		audio track used in transcription (usually three minutes in length) and thus refers to the audio recording
		of the transcribed speech event.
		</tagUsage>
      <tagUsage gi="voice:pvc" occurs="1">Used to mark a pronunciation variation
		or coinage as described in <ref target="http://www.univie.ac.at/voice/documents/VOICE_mark-up_conventions_v2-1.pdf">the
			VOICE mark-up conventions [2.1].</ref>the
			VOICE mark-up conventions [2.1]. An existing word corresponding to the PVC may be provided within a <att>comment</att>comment attribute within the <gi>voice:pvc</gi>voice:pvc element. Additional phonetic
			transcription may be provided within a <att>voice:ipa</att>voice:ipa attribute
			within the <gi>voice:pvc</gi>voice:pvc element.</tagUsage></namespace></tagsDecl>
      </encodingDesc>
      <profileDesc>
         <textClass>
            <catRef target="#LEcon352_LE #LEcon352_con"/>
            <catRef target="#LE #con"/>
         </textClass>
         <settingDesc>
            <setting>
               <name type="country">ES</name>
               <name type="city">La Herdura</name>
               <locale>private home</locale>
               <activity>drinking, eating, playing with dog</activity>
            </setting>
         </settingDesc>
         <particDesc>
            <listPerson type="main">
               <listPerson type="groups">
                  <personGrp role="speakers" size="7"/>
                  <personGrp role="interactants" size="7"/>
               </listPerson>
               <listPerson type="identified">
                  <person role="participant" sameAs="#P676" xml:id="LEcon352_S1">
                     <age value="2">25-34</age>
                     <sex value="1">male</sex>
                     <langKnowledge>
                        <langKnown level="L1" tag="spa-ES"/>
                     </langKnowledge>
                  </person>
                  <person role="participant" sameAs="#P677" xml:id="LEcon352_S3">
                     <age value="2">25-34</age>
                     <sex value="1">male</sex>
                     <occupation>student</occupation>
                     <langKnowledge>
                        <langKnown level="L1" tag="spa-AR"/>
                     </langKnowledge>
                  </person>
                  <person role="participant" sameAs="#P679" xml:id="LEcon352_S7">
                     <age value="1">17-24</age>
                     <sex value="2">female</sex>
                     <occupation>student</occupation>
                     <langKnowledge>
                        <langKnown level="L1" tag="ger-AT"/>
                     </langKnowledge>
                  </person>
                  <person role="participant" sameAs="#P678" xml:id="LEcon352_S4">
                     <age value="2">25-34</age>
                     <sex value="1">male</sex>
                     <occupation>student</occupation>
                     <langKnowledge>
                        <langKnown level="L1" tag="ger-AT"/>
                     </langKnowledge>
                  </person>
                  <person role="participant" sameAs="#P682" xml:id="LEcon352_S6">
                     <age value="2">25-34</age>
                     <sex value="1">male</sex>
                     <occupation>student</occupation>
                     <langKnowledge>
                        <langKnown level="L1" tag="spa-AR"/>
                     </langKnowledge>
                  </person>
                  <person role="participant" sameAs="#P680" xml:id="LEcon352_S5">
                     <age value="2">25-34</age>
                     <sex value="1">male</sex>
                     <occupation>student</occupation>
                     <langKnowledge>
                        <langKnown level="L1" tag="ger-AT"/>
                     </langKnowledge>
                  </person>
                  <person role="participant" sameAs="#P681" xml:id="LEcon352_S2">
                     <age value="1">17-24</age>
                     <sex value="2">female</sex>
                     <occupation>student</occupation>
                     <langKnowledge>
                        <langKnown level="L1" tag="ger-AT"/>
                     </langKnowledge>
                  </person>
               </listPerson>
               <listPerson type="not_identified">
                  <person sameAs="#SX-f" xml:id="LEcon352_SX-f"/>
                  <person sameAs="#SS" xml:id="LEcon352_SS"/>
               </listPerson>
               <relationGrp>
                  <relation mutual="#LEcon352_S1 #LEcon352_S2 #LEcon352_S3 #LEcon352_S4 #LEcon352_S5 #LEcon352_S6 #LEcon352_S7" name="fairly_symmetrical" type="power"/>
                  <relation mutual="#LEcon352_S1 #LEcon352_S2 #LEcon352_S3 #LEcon352_S4 #LEcon352_S5 #LEcon352_S6 #LEcon352_S7" name="acquainted" type="acquaintedness"/>
               </relationGrp>
            </listPerson>
         </particDesc>
      </profileDesc>
      <revisionDesc>
         <change when="2009-05-19" who="SM">conversion to XML</change>
         <change when="2009-05-14" who="TK">finalized for publication</change>
         <change when="2008-10-18" who="VO">proof-reading</change>
         <change when="2008-10-17" who="TK">checking</change>
         <change when="2007-12-03" who="AW">transcription</change>
      </revisionDesc>
   </teiHeader>
   <text>
      <body>
         <div type="medium" voice:end="00:55" voice:end_medium_number="1" voice:end_track="4" voice:medium_type="md" voice:start="00:00" voice:start_medium_number="1" voice:start_track="1">
            <u who="#LEcon352_S1" xml:id="LEcon352_u_1"> we got no copyright </u>
            <u who="#LEcon352_S2" xml:id="LEcon352_u_2"> yeah you're always speaking spanish so <pause/><seg n="1" type="overlap" xml:id="LEcon352_ol_0"> it </seg> doesn't work <vocal subtype="wordstart" type="wordlike" voice:desc="laughing" voice:syl="3"/></u>
            <u who="#LEcon352_S3" xml:id="LEcon352_u_3"><seg n="1" synch="#LEcon352_ol_0" type="overlap" xml:id="LEcon352_ol_1"><foreign type="L1" voice:translation="but" xml:lang="spa"> aun </foreign></seg></u>
            <u who="#LEcon352_S3" xml:id="LEcon352_u_4"><foreign type="L1" voice:translation="that we have another memory and" xml:lang="spa"> ya que tenemos otra memoria y<c type="lengthening"/></foreign><vocal subtype="wordstart" type="wordlike" voice:desc="laughing" voice:syl="2"/><pause/></u>
            <u who="#LEcon352_S2" xml:id="LEcon352_u_5"> but maybe i'll change the subject and write in spanish or something like that <pause/></u>
            <u who="#LEcon352_S3" xml:id="LEcon352_u_6"> yeah but actually we're <emph> not </emph><emph> spanish </emph><pause dur="PT2S"/></u>
            <u who="#LEcon352_S2" xml:id="LEcon352_u_7"> hh <pause dur="PT1S"/> yeah but <pause/> you're <seg n="2" type="overlap" xml:id="LEcon352_ol_2"> speaking </seg></u>
            <u who="#LEcon352_S4" xml:id="LEcon352_u_8"><foreign type="L1" voice:translation="now you've got a problem" xml:lang="ger"><seg n="2" synch="#LEcon352_ol_2" type="overlap" xml:id="LEcon352_ol_3"> jetzt hast </seg> ein <seg n="9" type="overlap" xml:id="LEcon352_ol_4"> problem </seg></foreign><seg n="3" type="overlap" xml:id="LEcon352_ol_5"><vocal subtype="wordstart" type="wordlike" voice:desc="laughing" voice:syl="3"/></seg><vocal subtype="wordstart" type="wordlike" voice:desc="laughing" voice:syl="2"/><pause/></u>
            <u who="#LEcon352_S3" xml:id="LEcon352_u_9"><seg n="9" synch="#LEcon352_ol_4" type="overlap" xml:id="LEcon352_ol_6"><foreign type="L1" voice:translation="yes but" xml:lang="spa"> ya aun </foreign></seg></u>
            <u who="#LEcon352_S2" xml:id="LEcon352_u_10"><seg n="3" synch="#LEcon352_ol_5" type="overlap" xml:id="LEcon352_ol_7"> no<c type="lengthening"/></seg></u>
            <u who="#LEcon352_S2" xml:id="LEcon352_u_11"> i don't know<c function="rise" type="intonation"/><pause/> is it a problem<c function="rise" type="intonation"/> when i <pause/> when <emph> i </emph> say that you're spanish<c function="rise" type="intonation"/></u>
            <u who="#LEcon352_S5" xml:id="LEcon352_u_12"> yes it's <anchor synch="#LEcon352_oc_1" type="other_continuation" xml:id="LEcon352_oc_0"/></u>
            <u who="#LEcon352_S2" xml:id="LEcon352_u_13"><anchor synch="#LEcon352_oc_0" type="other_continuation" xml:id="LEcon352_oc_1"/> but you're spa<seg n="4" type="overlap" xml:id="LEcon352_ol_8">nish-<emph>spea</emph>king </seg></u>
            <u who="#LEcon352_S6" xml:id="LEcon352_u_14"><seg n="4" synch="#LEcon352_ol_8" type="overlap" xml:id="LEcon352_ol_9"> yeah that's different </seg></u>
            <u who="#LEcon352_S5" xml:id="LEcon352_u_15"><seg n="4" synch="#LEcon352_ol_8" type="overlap" xml:id="LEcon352_ol_10"> yes it's exactly the same if </seg> they say <emph> we </emph><seg n="5" type="overlap" xml:id="LEcon352_ol_11"> have <supplied reason="unintelligible"> xx </supplied></seg></u>
            <u who="#LEcon352_S6" xml:id="LEcon352_u_16"><seg n="5" synch="#LEcon352_ol_11" type="overlap" xml:id="LEcon352_ol_12"> it's a quite </seg> different spanish <anchor synch="#LEcon352_oc_3" type="other_continuation" xml:id="LEcon352_oc_2"/></u>
            <u who="#LEcon352_S2" xml:id="LEcon352_u_17"><anchor synch="#LEcon352_oc_2" type="other_continuation" xml:id="LEcon352_oc_3"/> yeah but we speak <emph> ger</emph>man<c function="fall" type="intonation"/><pause/><seg n="6" type="overlap" xml:id="LEcon352_ol_13"> and you speak </seg> spanish<c function="fall" type="intonation"/><seg n="7" type="overlap" xml:id="LEcon352_ol_14"> mhm okay </seg></u>
            <u who="#LEcon352_S1" xml:id="LEcon352_u_18"><seg n="6" synch="#LEcon352_ol_13" type="overlap" xml:id="LEcon352_ol_15"> you know even </seg></u>
            <u who="#LEcon352_S1" xml:id="LEcon352_u_19"><seg n="7" synch="#LEcon352_ol_14" type="overlap" xml:id="LEcon352_ol_16"> even for my </seg></u>
            <u who="#LEcon352_S6" xml:id="LEcon352_u_20"><seg n="7" synch="#LEcon352_ol_14" type="overlap" xml:id="LEcon352_ol_17"> it's different </seg> it's a <unclear> prime </unclear><pause/><seg n="1" type="overlap" xml:id="LEcon352_ol_18"><supplied reason="unintelligible"> xxxx </supplied></seg></u>
            <u who="#LEcon352_S5" xml:id="LEcon352_u_21"><seg n="1" synch="#LEcon352_ol_18" type="overlap" xml:id="LEcon352_ol_19"> yeah but </seg></u>
            <u who="#LEcon352_S4" xml:id="LEcon352_u_22"><seg n="1" synch="#LEcon352_ol_18" type="overlap" xml:id="LEcon352_ol_20"> it's just </seg></u>
            <u who="#LEcon352_S2" xml:id="LEcon352_u_23"><seg n="1" synch="#LEcon352_ol_18" type="overlap" xml:id="LEcon352_ol_21"> ye- yeah </seg> yeah <seg n="2" type="overlap" xml:id="LEcon352_ol_22"> it's interesting i <emph> know </emph></seg></u>
            <u who="#LEcon352_S6" xml:id="LEcon352_u_24"><seg n="2" synch="#LEcon352_ol_22" type="overlap" xml:id="LEcon352_ol_23"> yeah </seg></u>
            <u who="#LEcon352_S4" xml:id="LEcon352_u_25"><seg n="2" synch="#LEcon352_ol_22" type="overlap" xml:id="LEcon352_ol_24"> think about it </seg> when somebody tells us <pause/> well you're german i say no my <emph> god </emph> i'm austrian<c function="fall" type="intonation"/><pause dur="PT1S"/></u>
            <u who="#LEcon352_S7" xml:id="LEcon352_u_26"> thanks god not <vocal subtype="wordstart" type="wordlike" voice:desc="laughing" voice:syl="1"/><anchor synch="#LEcon352_oc_5" type="other_continuation" xml:id="LEcon352_oc_4"/></u>
            <u who="#LEcon352_S3" xml:id="LEcon352_u_27"><anchor synch="#LEcon352_oc_4" type="other_continuation" xml:id="LEcon352_oc_5"/> no <anchor synch="#LEcon352_oc_7" type="other_continuation" xml:id="LEcon352_oc_6"/></u>
            <u who="#LEcon352_S2" xml:id="LEcon352_u_28"><anchor synch="#LEcon352_oc_6" type="other_continuation" xml:id="LEcon352_oc_7"/> yeah but <pause/> but we are speaking german<c function="rise" type="intonation"/><pause/></u>
            <u who="#LEcon352_S7" xml:id="LEcon352_u_29"> no </u>
            <u who="#LEcon352_S4" xml:id="LEcon352_u_30"> but if somebody tells me in your restaurant well <seg n="3" type="overlap" xml:id="LEcon352_ol_25"><shift corresp="#LEcon352_s_2" feature="voice" new="imitating" xml:id="LEcon352_s_1"/> are you from germany <shift corresp="#LEcon352_s_1" feature="voice" new="neutral" xml:id="LEcon352_s_2"/></seg><pause/> i said <shift corresp="#LEcon352_s_4" feature="voice" new="imitating" xml:id="LEcon352_s_3"/><emph> no </emph><c type="lengthening"/><shift corresp="#LEcon352_s_3" feature="voice" new="neutral" xml:id="LEcon352_s_4"/><anchor synch="#LEcon352_oc_9" type="other_continuation" xml:id="LEcon352_oc_8"/></u>
            <u who="#LEcon352_S2" xml:id="LEcon352_u_31"><anchor synch="#LEcon352_oc_8" type="other_continuation" xml:id="LEcon352_oc_9"/> yeah but i'm a teacher <seg n="3" synch="#LEcon352_ol_25" type="overlap" xml:id="LEcon352_ol_26"> of german </seg> not of <seg n="4" type="overlap" xml:id="LEcon352_ol_27"><emph> austrian </emph></seg></u>
            <u who="#LEcon352_S4" xml:id="LEcon352_u_32"><seg n="3" synch="#LEcon352_ol_25" type="overlap" xml:id="LEcon352_ol_28"> i'm from austria </seg></u>
            <u who="#LEcon352_S3" xml:id="LEcon352_u_33"><seg n="4" synch="#LEcon352_ol_27" type="overlap" xml:id="LEcon352_ol_29"> wh- <emph> why </emph></seg> is that is that it's like an offense or something<c function="rise" type="intonation"/></u>
            <u who="#LEcon352_S5" xml:id="LEcon352_u_34"> yes <seg n="9" type="overlap" xml:id="LEcon352_ol_30"> it is </seg></u>
            <u who="#LEcon352_S4" xml:id="LEcon352_u_35"><seg n="9" synch="#LEcon352_ol_30" type="overlap" xml:id="LEcon352_ol_31"> yeah </seg></u>
            <u who="#LEcon352_S2" xml:id="LEcon352_u_36"><emph> yah </emph><c type="lengthening"/> because the <seg n="5" type="overlap" xml:id="LEcon352_ol_32"> germans </seg></u>
            <u who="#LEcon352_S3" xml:id="LEcon352_u_37"><shift corresp="#LEcon352_s_6" feature="tempo" new="a" xml:id="LEcon352_s_5"/><seg n="5" synch="#LEcon352_ol_32" type="overlap" xml:id="LEcon352_ol_33"> o<c type="lengthening"/>h </seg> really <emph> yes </emph><c function="fall" type="intonation"/><shift corresp="#LEcon352_s_5" feature="tempo" new="neutral" xml:id="LEcon352_s_6"/></u>
            <u who="#LEcon352_SS" xml:id="LEcon352_u_38"><vocal subtype="wordstart" type="wordlike" voice:desc="laughing" voice:syl="6"/><pause/>  hh <vocal subtype="wordstart" type="wordlike" voice:desc="laughing" voice:syl="2"/></u>
            <u who="#LEcon352_S2" xml:id="LEcon352_u_39"><shift corresp="#LEcon352_s_8" feature="tempo" new="a" xml:id="LEcon352_s_7"/> no no <shift corresp="#LEcon352_s_7" feature="tempo" new="neutral" xml:id="LEcon352_s_8"/> it w- it was just a question because i didn't <emph> know </emph> that because in my studies they always tell us <shift corresp="#LEcon352_s_10" feature="voice" new="imitating" xml:id="LEcon352_s_9"/> yeah there're <seg n="6" type="overlap" xml:id="LEcon352_ol_34"><emph> some </emph></seg> differences but <shift corresp="#LEcon352_s_9" feature="voice" new="neutral" xml:id="LEcon352_s_10"/><anchor synch="#LEcon352_oc_11" type="other_continuation" xml:id="LEcon352_oc_10"/></u>
            <u who="#LEcon352_S5" xml:id="LEcon352_u_40"><seg n="6" synch="#LEcon352_ol_34" type="overlap" xml:id="LEcon352_ol_35"> it's like </seg></u>
            <u who="#LEcon352_S5" xml:id="LEcon352_u_41"><anchor synch="#LEcon352_oc_10" type="other_continuation" xml:id="LEcon352_oc_11"/> it's the same like <incident voice:desc="parallel conversation between S5, S1 and S3 starts"/></u>
            <u who="#LEcon352_S2" xml:id="LEcon352_u_42"><seg n="7" type="overlap" xml:id="LEcon352_ol_36"><supplied reason="unintelligible"> x xx </supplied> each other </seg> and </u>
            <u who="#LEcon352_S7" xml:id="LEcon352_u_43"><seg n="7" synch="#LEcon352_ol_36" type="overlap" xml:id="LEcon352_ol_37"> no no no no no no </seg></u>
            <u who="#LEcon352_S7" xml:id="LEcon352_u_44"><emph> no </emph><c type="lengthening"/><pause/><seg n="1" type="overlap" xml:id="LEcon352_ol_38"><emph> don't </emph></seg></u>
            <u who="#LEcon352_S6" xml:id="LEcon352_u_45"><seg n="1" synch="#LEcon352_ol_38" type="overlap" xml:id="LEcon352_ol_39"> your study is <supplied reason="unintelligible"> xx xx </supplied></seg> people spanish people <seg n="2" type="overlap" xml:id="LEcon352_ol_40"> some will speak<c function="fall" type="intonation"/> english all that </seg></u>
            <u who="#LEcon352_S7" xml:id="LEcon352_u_46"><seg n="2" synch="#LEcon352_ol_40" type="overlap" xml:id="LEcon352_ol_41"><voice:to who="#LEcon352_S4"><foreign type="L1" voice:translation="we don't like each other do we" xml:lang="ger"> wir moegen uns doch nicht oder<c function="rise" type="intonation"/></foreign></voice:to></seg></u>
            <u who="#LEcon352_S4" xml:id="LEcon352_u_47"><voice:to who="#LEcon352_S7"><shift corresp="#LEcon352_s_12" feature="loud" new="p" xml:id="LEcon352_s_11"/><foreign type="L1" voice:translation="no now they are talking about spanish" xml:lang="ger"> nein nein jetzt reden sie vom spanischen </foreign><shift corresp="#LEcon352_s_11" feature="loud" new="neutral" xml:id="LEcon352_s_12"/></voice:to><incident voice:desc="short parallel conversation between S4 and S7"/></u>
            <u who="#LEcon352_S6" xml:id="LEcon352_u_48"><emph> what </emph> is your study<c function="fall" type="intonation"/><anchor synch="#LEcon352_oc_13" type="other_continuation" xml:id="LEcon352_oc_12"/></u>
            <u who="#LEcon352_S2" xml:id="LEcon352_u_49"><anchor synch="#LEcon352_oc_12" type="other_continuation" xml:id="LEcon352_oc_13"/> well <pause/><emph> i'</emph>m studying <pause/> well i'm learning the proper spanish<c function="fall" type="intonation"/> spanish <pause/> the spanish spanish in spain<c function="fall" type="intonation"/></u>
            <u who="#LEcon352_S6" xml:id="LEcon352_u_50"> but spanish <seg n="6" type="overlap" xml:id="LEcon352_ol_42"><supplied reason="unintelligible"> xx </supplied> english </seg></u>
            <u who="#LEcon352_S2" xml:id="LEcon352_u_51"><seg n="6" synch="#LEcon352_ol_42" type="overlap" xml:id="LEcon352_ol_43"> yeah but you know<c function="rise" type="intonation"/></seg><pause/> but no no no but you know <pause/> i also learn the var- <seg n="7" type="overlap" xml:id="LEcon352_ol_44"> the<c type="lengthening"/> the<c type="lengthening"/></seg></u>
            <u who="#LEcon352_S6" xml:id="LEcon352_u_52"><seg n="7" synch="#LEcon352_ol_44" type="overlap" xml:id="LEcon352_ol_45"> but your </seg> study is about the language <pause/><incident voice:desc="parallel conversation between S5, S1 and S3 continues"/></u>
            <u who="#LEcon352_S2" xml:id="LEcon352_u_53"> yeah yeah </u>
            <u who="#LEcon352_S6" xml:id="LEcon352_u_54"> from the spanish of the <supplied reason="unintelligible"> xx </supplied><pause/> go to the spanish people <seg n="1" type="overlap" xml:id="LEcon352_ol_46"> speak english<c function="rise" type="intonation"/></seg></u>
            <u who="#LEcon352_S2" xml:id="LEcon352_u_55"><shift corresp="#LEcon352_s_14" feature="tempo" new="a" xml:id="LEcon352_s_13"/><seg n="1" synch="#LEcon352_ol_46" type="overlap" xml:id="LEcon352_ol_47"> both of </seg> them <shift corresp="#LEcon352_s_13" feature="tempo" new="neutral" xml:id="LEcon352_s_14"/><pause/> i have two subjects<c function="fall" type="intonation"/><seg n="2" type="overlap" xml:id="LEcon352_ol_48"> i study </seg></u>
            <u who="#LEcon352_S4" xml:id="LEcon352_u_56"><seg n="2" synch="#LEcon352_ol_48" type="overlap" xml:id="LEcon352_ol_49"> you finished </seg> your beer i saw it <vocal subtype="wordstart" type="wordlike" voice:desc="laughing" voice:syl="2"/></u>
            <u who="#LEcon352_SX-f" xml:id="LEcon352_u_57"><supplied reason="unintelligible"> x xx xx </supplied><vocal subtype="wordstart" type="wordlike" voice:desc="laughing" voice:syl="1"/><seg n="3" type="overlap" xml:id="LEcon352_ol_50"><vocal subtype="wordstart" type="wordlike" voice:desc="laughing" voice:syl="2"/></seg></u>
            <u who="#LEcon352_S6" xml:id="LEcon352_u_58"><seg n="3" synch="#LEcon352_ol_50" type="overlap" xml:id="LEcon352_ol_51"> do we know </seg> do we know or or completely accommodate to the spanish <seg n="4" type="overlap" xml:id="LEcon352_ol_52"> people </seg></u>
            <u who="#LEcon352_S7" xml:id="LEcon352_u_59"><seg n="4" synch="#LEcon352_ol_52" type="overlap" xml:id="LEcon352_ol_53"> do you want a second <unclear> juice </unclear></seg> to waken <pause dur="PT2S"/><incident voice:desc="parallel conversation between S5, S1 and S3 continues"/></u>
            <u who="#LEcon352_S2" xml:id="LEcon352_u_60"> it's only for <seg n="5" type="overlap" xml:id="LEcon352_ol_54"> my<c type="lengthening"/></seg></u>
            <u who="#LEcon352_S7" xml:id="LEcon352_u_61"><voice:to who="#LEcon352_S4"><foreign type="L1" voice:translation="i hope i've got it switched on now" xml:lang="ger"><seg n="5" synch="#LEcon352_ol_54" type="overlap" xml:id="LEcon352_ol_55"> jetzt hab ich es </seg> hoffentlich eingeschaltet </foreign></voice:to><pause/></u>
            <u who="#LEcon352_S2" xml:id="LEcon352_u_62"><foreign type="LN" voice:translation="thesis" xml:lang="spa"> tesis </foreign><seg n="6" type="overlap" xml:id="LEcon352_ol_56"> now<c function="fall" type="intonation"/></seg><pause/></u>
            <u who="#LEcon352_S6" xml:id="LEcon352_u_63"><seg n="6" synch="#LEcon352_ol_56" type="overlap" xml:id="LEcon352_ol_57"> yeah </seg></u>
            <u who="#LEcon352_S2" xml:id="LEcon352_u_64"> it's only f- for the work<c function="fall" type="intonation"/><seg n="7" type="overlap" xml:id="LEcon352_ol_58"> but but studies are the studies of language </seg></u>
            <u who="#LEcon352_S6" xml:id="LEcon352_u_65"><seg n="7" synch="#LEcon352_ol_58" type="overlap" xml:id="LEcon352_ol_59"> yeah but it's it's it's </seg> it's different e<c type="lengthening"/>r the the spanish people sp- <pause/> speaking english and the argentinian people speaking english <incident voice:desc="parallel conversation between S4 and S7 begins"/></u>
            <u who="#LEcon352_S2" xml:id="LEcon352_u_66"> yeah well </u>
            <u who="#LEcon352_S6" xml:id="LEcon352_u_67"> that's very well i i i i feel the difference <pause/></u>
            <u who="#LEcon352_S2" xml:id="LEcon352_u_68"> yeah<c function="rise" type="intonation"/></u>
            <u who="#LEcon352_S6" xml:id="LEcon352_u_69"><shift corresp="#LEcon352_s_16" feature="tempo" new="a" xml:id="LEcon352_s_15"/> yeah <shift corresp="#LEcon352_s_15" feature="tempo" new="neutral" xml:id="LEcon352_s_16"/></u>
            <u who="#LEcon352_S2" xml:id="LEcon352_u_70"> i've never er <pause/> you know i <emph> have </emph> heard many sp- people speaking yeah you are much better now <pause dur="PT2S"/><incident voice:desc="parallel conversations continue in the background"/></u>
            <u who="#LEcon352_S6" xml:id="LEcon352_u_71"> for me <pause/> for me it's better<c function="fall" type="intonation"/><seg n="1" type="overlap" xml:id="LEcon352_ol_60"><unclear> because </unclear></seg> i understand <pause/></u>
            <u who="#LEcon352_S2" xml:id="LEcon352_u_72"><seg n="1" synch="#LEcon352_ol_60" type="overlap" xml:id="LEcon352_ol_61"> yeah </seg></u>
            <u who="#LEcon352_S6" xml:id="LEcon352_u_73"> not what an argentin- an argentinian <supplied reason="unintelligible"> x x x xx </supplied><unclear> is very low </unclear><pause/> i can't understand <supplied reason="unintelligible"> xx </supplied><pause/> the most difficult <supplied reason="unintelligible"> xx xx x x </supplied> in english <pause/> very well also<c function="fall" type="intonation"/><pause/> but i cannot understand <supplied reason="unintelligible"> xx </supplied></u>
            <u who="#LEcon352_S2" xml:id="LEcon352_u_74"> yeah you know what<c function="rise" type="intonation"/><emph> i </emph><emph> i </emph> feel the spanish of <pause/> the <pause/> yeah the spanish people have problems with pronunciation<c function="fall" type="intonation"/><pause/> because when <emph> i </emph> was living in <foreign type="LN" voice:translation="region in spain" xml:lang="spa"> asturias<c function="rise" type="intonation"/></foreign><pause/><shift corresp="#LEcon352_s_18" feature="voice" new="laugh" xml:id="LEcon352_s_17"/> and <shift corresp="#LEcon352_s_17" feature="voice" new="neutral" xml:id="LEcon352_s_18"/><pause/><shift corresp="#LEcon352_s_20" feature="tempo" new="a" xml:id="LEcon352_s_19"/> the father of the family i was working as an au pair <shift corresp="#LEcon352_s_19" feature="tempo" new="neutral" xml:id="LEcon352_s_20"/> and <shift corresp="#LEcon352_s_22" feature="tempo" new="a" xml:id="LEcon352_s_21"/> the father of my family <shift corresp="#LEcon352_s_21" feature="tempo" new="neutral" xml:id="LEcon352_s_22"/><pause/><vocal subtype="wordstart" type="wordlike" voice:desc="laughing" voice:syl="1"/> was a doctor and he said don't ask me some words <shift corresp="#LEcon352_s_24" feature="tempo" new="a" xml:id="LEcon352_s_23"/> and i said <shift corresp="#LEcon352_s_23" feature="tempo" new="neutral" xml:id="LEcon352_s_24"/><shift corresp="#LEcon352_s_26" feature="voice" new="imitating" xml:id="LEcon352_s_25"/> oh my spelling it's <pause/> spanish <shift corresp="#LEcon352_s_25" feature="voice" new="neutral" xml:id="LEcon352_s_26"/> and <pause/> i <emph> couldn't </emph> understand them<c function="fall" type="intonation"/></u>
            <u who="#LEcon352_S6" xml:id="LEcon352_u_75"> mhm<c function="rise" type="intonation"/></u>
            <u who="#LEcon352_S2" xml:id="LEcon352_u_76"> i think it was only <emph> once </emph> that i understood him <pause dur="PT1S"/> and is <emph> that </emph> terrible and i couldn't tell him so <pause dur="PT1S"/> erm i don't know erm i don't know er or something like that cause i can't say <supplied reason="unintelligible"> xx xx x </supplied> english so <pause/></u>
            <u who="#LEcon352_S6" xml:id="LEcon352_u_77"> when when when <voice:track medium="1" num="2" type="md"/></u>
            <u who="#LEcon352_S3" xml:id="LEcon352_u_78"> we're spanish-speaking<c function="fall" type="intonation"/><pause/><incident voice:desc="parallel conversation between S4 and S7 in german"/> well and er partly <emph> ev</emph>ery culture is different from the <supplied reason="unintelligible"> xx </supplied> and that's <supplied reason="unintelligible"> xxx </supplied><anchor synch="#LEcon352_oc_15" type="other_continuation" xml:id="LEcon352_oc_14"/></u>
            <u who="#LEcon352_S2" xml:id="LEcon352_u_79"><anchor synch="#LEcon352_oc_14" type="other_continuation" xml:id="LEcon352_oc_15"/> yeah <anchor synch="#LEcon352_oc_17" type="other_continuation" xml:id="LEcon352_oc_16"/></u>
            <u who="#LEcon352_S3" xml:id="LEcon352_u_80"><anchor synch="#LEcon352_oc_16" type="other_continuation" xml:id="LEcon352_oc_17"/> people let me <supplied reason="unintelligible"> xxx </supplied> nobody is <supplied reason="unintelligible"> xx </supplied> so let me <seg n="2" type="overlap" xml:id="LEcon352_ol_62"> show you </seg><pause/></u>
            <u who="#LEcon352_S2" xml:id="LEcon352_u_81"><seg n="2" synch="#LEcon352_ol_62" type="overlap" xml:id="LEcon352_ol_63"> okay<c function="fall" type="intonation"/> yeah yeah yeah yeah </seg></u>
            <u who="#LEcon352_S3" xml:id="LEcon352_u_82"><supplied reason="unintelligible"> xxx </supplied><seg n="3" type="overlap" xml:id="LEcon352_ol_64"><supplied reason="unintelligible"> x </supplied></seg><supplied reason="unintelligible"> x </supplied><seg n="4" type="overlap" xml:id="LEcon352_ol_65"><supplied reason="unintelligible"> xx </supplied> they are stupid for <emph> some </emph> reasons the the jokes are <supplied reason="unintelligible"> xx </supplied> people from <supplied reason="unintelligible"> xx </supplied></seg></u>
            <u who="#LEcon352_S2" xml:id="LEcon352_u_83"><seg n="3" synch="#LEcon352_ol_64" type="overlap" xml:id="LEcon352_ol_66"> but </seg></u>
            <u who="#LEcon352_S2" xml:id="LEcon352_u_84"><seg n="4" synch="#LEcon352_ol_65" type="overlap" xml:id="LEcon352_ol_67"> what <emph> i </emph> wanted to know is <pause/> if <pause/> there is a difference <seg n="8" type="overlap" xml:id="LEcon352_ol_68"> between <emph> your </emph> spanish and the spanish </seg></seg> on <pause/></u>
            <u who="#LEcon352_S6" xml:id="LEcon352_u_85"><seg n="8" synch="#LEcon352_ol_68" type="overlap" xml:id="LEcon352_ol_69"> it'<emph>s </emph> the same it's the same as in german </seg></u>
            <u who="#LEcon352_S2" xml:id="LEcon352_u_86"> yeah <seg n="9" type="overlap" xml:id="LEcon352_ol_70"> i <emph> know </emph> that's the the difference<c function="fall" type="intonation"/><pause/> but why is it annoying </seg> for you is it annoying when <emph> i </emph> say <pause/></u>
            <u who="#LEcon352_S6" xml:id="LEcon352_u_87"><seg n="9" synch="#LEcon352_ol_70" type="overlap" xml:id="LEcon352_ol_71"> if if you are austrians </seg></u>
            <u who="#LEcon352_S2" xml:id="LEcon352_u_88"> yeah you spanish people <pause/> you're spanish <pause/> you're spanish-speaking and <pause/></u>
            <u who="#LEcon352_S3" xml:id="LEcon352_u_89"> spanish-speaking<c function="fall" type="intonation"/></u>
            <u who="#LEcon352_S2" xml:id="LEcon352_u_90"><emph> yeah </emph><anchor synch="#LEcon352_oc_19" type="other_continuation" xml:id="LEcon352_oc_18"/></u>
            <u who="#LEcon352_S6" xml:id="LEcon352_u_91"><anchor synch="#LEcon352_oc_18" type="other_continuation" xml:id="LEcon352_oc_19"/> yeah <anchor synch="#LEcon352_oc_21" type="other_continuation" xml:id="LEcon352_oc_20"/></u>
            <u who="#LEcon352_S3" xml:id="LEcon352_u_92"><anchor synch="#LEcon352_oc_20" type="other_continuation" xml:id="LEcon352_oc_21"/> yeah </u>
            <u who="#LEcon352_S2" xml:id="LEcon352_u_93"> but <pause/><emph> i </emph> was saying that you are always spanish-speaking and he said <shift corresp="#LEcon352_s_28" feature="voice" new="imitating" xml:id="LEcon352_s_27"/> no no <pause/> we are argentinian <shift corresp="#LEcon352_s_27" feature="voice" new="neutral" xml:id="LEcon352_s_28"/><seg n="5" type="overlap" xml:id="LEcon352_ol_72"> but </seg> you speak <emph> spanish </emph></u>
            <u who="#LEcon352_S3" xml:id="LEcon352_u_94"><seg n="5" synch="#LEcon352_ol_72" type="overlap" xml:id="LEcon352_ol_73"> no no <vocal type="speaker_noise" voice:desc="smacks lips"/></seg></u>
            <u who="#LEcon352_S3" xml:id="LEcon352_u_95"> yes we are spanish-speaking<c function="fall" type="intonation"/><pause/> well actually <shift corresp="#LEcon352_s_30" feature="tempo" new="a" xml:id="LEcon352_s_29"/> the the <shift corresp="#LEcon352_s_29" feature="tempo" new="neutral" xml:id="LEcon352_s_30"/> the language is not <emph> spanish </emph> it's <foreign type="L1" voice:translation="castilian" xml:lang="spa"><emph> castellano </emph></foreign><pause dur="PT1S"/> you know that<c function="rise" type="intonation"/></u>
            <u who="#LEcon352_S2" xml:id="LEcon352_u_96"> yeah <seg n="6" type="overlap" xml:id="LEcon352_ol_74"> yeah yeah of course </seg></u>
            <u who="#LEcon352_S3" xml:id="LEcon352_u_97"><seg n="6" synch="#LEcon352_ol_74" type="overlap" xml:id="LEcon352_ol_75"> the language is </seg><foreign type="L1" voice:translation="castillian" xml:lang="spa"><emph> castellano </emph></foreign><seg n="7" type="overlap" xml:id="LEcon352_ol_76"> it's not spanish </seg></u>
            <u who="#LEcon352_S2" xml:id="LEcon352_u_98"><seg n="7" synch="#LEcon352_ol_76" type="overlap" xml:id="LEcon352_ol_77"><supplied reason="unintelligible"> x x x x xx </supplied></seg></u>
            <u who="#LEcon352_S3" xml:id="LEcon352_u_99"> no no<c function="fall" type="intonation"/></u>
            <u who="#LEcon352_S2" xml:id="LEcon352_u_100"><supplied reason="unintelligible"> xx </supplied> yeah <seg n="1" type="overlap" xml:id="LEcon352_ol_78"><supplied reason="unintelligible"> xxx </supplied></seg></u>
            <u who="#LEcon352_S3" xml:id="LEcon352_u_101"><seg n="1" synch="#LEcon352_ol_78" type="overlap" xml:id="LEcon352_ol_79"> well <foreign type="L1" voice:translation="well but" xml:lang="spa"> vale <pause/> pero pero </foreign></seg></u>
            <u who="#LEcon352_S2" xml:id="LEcon352_u_102"><supplied reason="unintelligible"> x xx xx </supplied><anchor synch="#LEcon352_oc_21" type="other_continuation" xml:id="LEcon352_oc_22"/></u>
            <u who="#LEcon352_S3" xml:id="LEcon352_u_103"><anchor synch="#LEcon352_oc_22" type="other_continuation" xml:id="LEcon352_oc_23"/> the language everybody <pause/> er recognized as <emph> spanish </emph> is not <emph> spanish </emph><c function="fall" type="intonation"/> that's <foreign type="L1" voice:translation="castillian" xml:lang="spa"><emph> castellano </emph></foreign><pause/></u>
            <u who="#LEcon352_S2" xml:id="LEcon352_u_104"> erm </u>
            <u who="#LEcon352_S3" xml:id="LEcon352_u_105"> yeah but in spain you have <emph> diff</emph>erent languages<c function="fall" type="intonation"/><foreign type="L1" voice:translation="it is castillian catalan basque" xml:lang="spa"> ca- ca- es castellano <pause/> catalan <pause/> euskera </foreign><pause/> different languages from spain<c function="fall" type="intonation"/> but the <foreign type="L1" voice:translation="castillian" xml:lang="spa"> castellano </foreign> is im- m<c type="lengthening"/><pause/> the one everybody use all over the world <pause/> so so  </u>
            <u who="#LEcon352_S6" xml:id="LEcon352_u_106"> a standard </u>
            <u who="#LEcon352_S3" xml:id="LEcon352_u_107"><shift corresp="#LEcon352_s_32" feature="tempo" new="a" xml:id="LEcon352_s_31"/> everybody is <shift corresp="#LEcon352_s_31" feature="tempo" new="neutral" xml:id="LEcon352_s_32"/> ah it's eve- -ry because <shift corresp="#LEcon352_s_34" feature="tempo" new="a" xml:id="LEcon352_s_33"/> it's the language of <emph> spain </emph><shift corresp="#LEcon352_s_33" feature="tempo" new="neutral" xml:id="LEcon352_s_34"/><seg n="3" type="overlap" xml:id="LEcon352_ol_80"> so everybody says </seg> ah that's spanish <seg n="4" type="overlap" xml:id="LEcon352_ol_81"> it's <emph> not </emph> spanish<c function="fall" type="intonation"/></seg></u>
            <u who="#LEcon352_S2" xml:id="LEcon352_u_108"><seg n="3" synch="#LEcon352_ol_80" type="overlap" xml:id="LEcon352_ol_82"> we do not speak standard </seg></u>
            <u who="#LEcon352_S2" xml:id="LEcon352_u_109"><seg n="4" synch="#LEcon352_ol_81" type="overlap" xml:id="LEcon352_ol_83"> don't you have </seg> that <foreign type="LN" voice:translation="morphosyntactical characteristic of the spanish language in some regions" xml:lang="spa"> voseo </foreign> and <foreign type="LN" voice:translation="all that" xml:lang="spa"> todo eso </foreign></u>
            <u who="#LEcon352_S3" xml:id="LEcon352_u_110"> hm<c function="rise" type="intonation"/></u>
            <u who="#LEcon352_S1" xml:id="LEcon352_u_111"><foreign type="L1" voice:translation="morphosyntactical characteristic of the spanish language in some regions" xml:lang="spa"> voseo </foreign></u>
            <u who="#LEcon352_S2" xml:id="LEcon352_u_112"><foreign type="LN" voice:translation="the voseo and" xml:lang="spa"> el voseo y </foreign></u>
            <u who="#LEcon352_S1" xml:id="LEcon352_u_113"> both <foreign type="L1" voice:translation="morphosyntactical characteristic of the spanish language in some regions" xml:lang="spa"> voseo </foreign> and <seg n="5" type="overlap" xml:id="LEcon352_ol_84"> er </seg></u>
            <u who="#LEcon352_S3" xml:id="LEcon352_u_114"><seg n="5" synch="#LEcon352_ol_84" type="overlap" xml:id="LEcon352_ol_85"><supplied reason="unintelligible"> xx </supplied></seg> that's in er american<c function="fall" type="intonation"/><pause/> because we we speak the erm <pause/><emph> old </emph><foreign type="L1" voice:translation="castillian" xml:lang="spa"> castellano </foreign><pause/> the proper one </u>
            <u who="#LEcon352_S2" xml:id="LEcon352_u_115"> so <emph> you </emph> speak the proper <pause/></u>
            <u who="#LEcon352_S3" xml:id="LEcon352_u_116"> yeah </u>
            <u who="#LEcon352_S2" xml:id="LEcon352_u_117"><foreign type="LN" voice:translation="castillian" xml:lang="spa"> castellano </foreign></u>
            <u who="#LEcon352_S3" xml:id="LEcon352_u_118"> more more than the spanish<c function="fall" type="intonation"/> more than the spanish people<c function="fall" type="intonation"/><pause/></u>
            <u who="#LEcon352_S2" xml:id="LEcon352_u_119"> so <pause/></u>
            <u who="#LEcon352_S3" xml:id="LEcon352_u_120"> in <seg n="6" type="overlap" xml:id="LEcon352_ol_86"> south america </seg></u>
            <u who="#LEcon352_S2" xml:id="LEcon352_u_121"><seg n="6" synch="#LEcon352_ol_86" type="overlap" xml:id="LEcon352_ol_87"><emph> why </emph> did you feel annoy </seg> when i say <seg n="7" type="overlap" xml:id="LEcon352_ol_88"> you're spanish </seg><pause/></u>
            <u who="#LEcon352_S3" xml:id="LEcon352_u_122"><seg n="7" synch="#LEcon352_ol_88" type="overlap" xml:id="LEcon352_ol_89"> no in south america </seg></u>
            <u who="#LEcon352_S2" xml:id="LEcon352_u_123"> or didn't you feel annoyed and you just correct me i don't know<c function="rise" type="intonation"/><pause dur="PT2S"/><incident voice:desc="parallel conversation between S4 and S7 in German continues"/> because i was saying <pause/> before that <shift corresp="#LEcon352_s_36" feature="voice" new="imitating" xml:id="LEcon352_s_35"/> yeah and you <shift corresp="#LEcon352_s_35" feature="voice" new="neutral" xml:id="LEcon352_s_36"/><pause/><shift corresp="#LEcon352_s_38" feature="tempo" new="a" xml:id="LEcon352_s_37"/> i don't know what i was saying <shift corresp="#LEcon352_s_37" feature="tempo" new="neutral" xml:id="LEcon352_s_38"/> i was saying something like <shift corresp="#LEcon352_s_40" feature="voice" new="imitating" xml:id="LEcon352_s_39"/> yeah you're speaking spanish <shift corresp="#LEcon352_s_39" feature="voice" new="neutral" xml:id="LEcon352_s_40"/> and you said <shift corresp="#LEcon352_s_42" feature="voice" new="imitating" xml:id="LEcon352_s_41"/> oh no no no <pause/><seg n="1" type="overlap" xml:id="LEcon352_ol_90"> we </seg> are <seg n="2" type="overlap" xml:id="LEcon352_ol_91"> argentinian<c function="fall" type="intonation"/></seg><shift corresp="#LEcon352_s_41" feature="voice" new="neutral" xml:id="LEcon352_s_42"/></u>
            <u who="#LEcon352_S3" xml:id="LEcon352_u_124"><seg n="1" synch="#LEcon352_ol_90" type="overlap" xml:id="LEcon352_ol_92"><shift corresp="#LEcon352_s_44" feature="tempo" new="a" xml:id="LEcon352_s_43"/> no no <shift corresp="#LEcon352_s_43" feature="tempo" new="neutral" xml:id="LEcon352_s_44"/></seg></u>
            <u who="#LEcon352_S3" xml:id="LEcon352_u_125"><seg n="2" synch="#LEcon352_ol_91" type="overlap" xml:id="LEcon352_ol_93"><shift corresp="#LEcon352_s_46" feature="tempo" new="a" xml:id="LEcon352_s_45"/> no no <shift corresp="#LEcon352_s_45" feature="tempo" new="neutral" xml:id="LEcon352_s_46"/></seg><shift corresp="#LEcon352_s_48" feature="tempo" new="a" xml:id="LEcon352_s_47"/> no no <shift corresp="#LEcon352_s_47" feature="tempo" new="neutral" xml:id="LEcon352_s_48"/> you say <pause/><shift corresp="#LEcon352_s_50" feature="voice" new="imitating" xml:id="LEcon352_s_49"/><emph> you </emph> are spanish<c function="fall" type="intonation"/><shift corresp="#LEcon352_s_49" feature="voice" new="neutral" xml:id="LEcon352_s_50"/> i said <shift corresp="#LEcon352_s_52" feature="voice" new="imitating" xml:id="LEcon352_s_51"/><shift corresp="#LEcon352_s_54" feature="tempo" new="a" xml:id="LEcon352_s_53"/> no no <shift corresp="#LEcon352_s_53" feature="tempo" new="neutral" xml:id="LEcon352_s_54"/> i am not spanish<c function="fall" type="intonation"/><shift corresp="#LEcon352_s_51" feature="voice" new="neutral" xml:id="LEcon352_s_52"/><seg n="3" type="overlap" xml:id="LEcon352_ol_94"> but </seg></u>
            <u who="#LEcon352_S2" xml:id="LEcon352_u_126"><seg n="3" synch="#LEcon352_ol_94" type="overlap" xml:id="LEcon352_ol_95"><emph> ye</emph><c type="lengthening"/><emph>ah </emph></seg> but you say you are <seg n="4" type="overlap" xml:id="LEcon352_ol_96"> spanish-speaking </seg></u>
            <u who="#LEcon352_S3" xml:id="LEcon352_u_127"><seg n="4" synch="#LEcon352_ol_96" type="overlap" xml:id="LEcon352_ol_97"> now we are speaking </seg> we are speaking spanish with a with a <pause/><supplied reason="unintelligible"> xx </supplied><vocal type="speaker_noise" voice:desc="smacks lips"/><pause/> for example if comparing spanish from south america<c function="fall" type="intonation"/><pause/> er central america<c function="fall" type="intonation"/><pause/> mexico<c function="fall" type="intonation"/><pause/> spain <pause/> why different<c function="fall" type="intonation"/><pause/></u>
            <u who="#LEcon352_S2" xml:id="LEcon352_u_128"> yeah<c function="rise" type="intonation"/></u>
            <u who="#LEcon352_S3" xml:id="LEcon352_u_129"> sounds the same<c function="rise" type="intonation"/><pause/> we have a <pause/> we can understand each other <seg n="9" type="overlap" xml:id="LEcon352_ol_98"> but we have a l<c type="lengthening"/>ot of things e<c type="lengthening"/>r </seg> so different<c function="fall" type="intonation"/><pause/></u>
            <u who="#LEcon352_S2" xml:id="LEcon352_u_130"><seg n="9" synch="#LEcon352_ol_98" type="overlap" xml:id="LEcon352_ol_99"> and you know it doesn't sound the same </seg></u>
            <u who="#LEcon352_S3" xml:id="LEcon352_u_131"> and e<c type="lengthening"/>r we have a lot of dialects<c function="fall" type="intonation"/><pause/> for example<c function="fall" type="intonation"/><pause/> at the beginning even to u- <pause/> understand the local people who speak different <pause/> because they speak <pause/> e<c type="lengthening"/>r <pause/><foreign type="L1" voice:translation="andalusian" xml:lang="spa"><emph> and</emph>aluz </foreign> it's e<c type="lengthening"/>r <pause/> it's er spanish with a <pause/> with a strong accent<c function="fall" type="intonation"/><pause/> and a few words and er terms used er very very <pause/><vocal type="speaker_noise" voice:desc="smacks lips"/> er it's like slang <seg n="5" type="overlap" xml:id="LEcon352_ol_100"> word you know </seg></u>
            <u who="#LEcon352_S1" xml:id="LEcon352_u_132"><seg n="5" synch="#LEcon352_ol_100" type="overlap" xml:id="LEcon352_ol_101"><shift corresp="#LEcon352_s_56" feature="tempo" new="a" xml:id="LEcon352_s_55"/> no no no <shift corresp="#LEcon352_s_55" feature="tempo" new="neutral" xml:id="LEcon352_s_56"/></seg><incident voice:desc="dog enters room"/><foreign type="L1" voice:translation="aside" xml:lang="spa"> aparte </foreign></u>
            <u who="#LEcon352_S3" xml:id="LEcon352_u_133"> he<c type="lengthening"/>y <foreign type="L1" voice:translation="where does he come from" xml:lang="spa"> de donde va </foreign></u>
            <u who="#LEcon352_S2" xml:id="LEcon352_u_134"> ah <foreign type="LN" voice:translation="hello are you cold" xml:lang="spa"> hola<c function="fall" type="intonation"/><pause/> o<c type="lengthening"/>h tienes frio<c function="fall" type="intonation"/></foreign><pause dur="PT2S"/><incident voice:desc="S1 is softly talking to the dog"/><seg n="6" type="overlap" xml:id="LEcon352_ol_102"> yeah<c function="rise" type="intonation"/></seg></u>
            <u who="#LEcon352_S3" xml:id="LEcon352_u_135"><seg n="6" synch="#LEcon352_ol_102" type="overlap" xml:id="LEcon352_ol_103"> so </seg> since er since i'm not from here from the town to<c type="lengthening"/> buenos aires<c function="fall" type="intonation"/><pause/> and he was er <shift corresp="#LEcon352_s_58" feature="loud" new="f" xml:id="LEcon352_s_57"/><foreign type="L1" voice:translation="he sould go" xml:lang="spa"><unclear> que puede a ir </unclear></foreign><shift corresp="#LEcon352_s_57" feature="loud" new="neutral" xml:id="LEcon352_s_58"/><pause/> nobody will understand what what <pause/> what he says <incident voice:desc="S4 asks S5 to take care of the warm drinks"/><pause/> nobody will understand <pause/> what you're saying <pause/> i think <pause/></u>
            <u who="#LEcon352_S2" xml:id="LEcon352_u_136"> yeah<c function="rise" type="intonation"/><pause dur="PT2S"/><incident voice:desc="S5 goes to have a look at the warm drinks"/><shift corresp="#LEcon352_s_60" feature="tempo" new="a" xml:id="LEcon352_s_59"/> yeah yeah<c function="fall" type="intonation"/><shift corresp="#LEcon352_s_59" feature="tempo" new="neutral" xml:id="LEcon352_s_60"/> we have it as well in austria<c function="fall" type="intonation"/> but<c function="fall" type="intonation"/><pause/> but there is the problem in <pause/><voice:pvc> argentinia </voice:pvc> in spain or not<c function="fall" type="intonation"/> because <emph> we </emph> have only the problem with <supplied reason="unintelligible"> xxx </supplied><pause/> we don't have a problem <voice:track medium="1" num="3" type="md"/> always the accents with<emph>in </emph> austria<c function="fall" type="intonation"/><incident voice:desc="S4 is talking in a high-pitched voice to the dog in the background"/></u>
            <u who="#LEcon352_S3" xml:id="LEcon352_u_137"> yes </u>
            <u who="#LEcon352_S2" xml:id="LEcon352_u_138"> because yeah people tell me <shift corresp="#LEcon352_s_62" feature="voice" new="imitating" xml:id="LEcon352_s_61"/> oh you sound like an <pause/> er like a a girl from <pause/> upper austria <seg n="7" type="overlap" xml:id="LEcon352_ol_104"> and not from lower austria </seg><shift corresp="#LEcon352_s_61" feature="voice" new="neutral" xml:id="LEcon352_s_62"/><pause/></u>
            <u who="#LEcon352_S3" xml:id="LEcon352_u_139"><seg n="7" synch="#LEcon352_ol_104" type="overlap" xml:id="LEcon352_ol_105"><vocal subtype="wordstart" type="wordlike" voice:desc="laughing" voice:syl="3"/></seg><incident voice:desc="SX-m and S4 are talking about the dog"/></u>
            <u who="#LEcon352_S2" xml:id="LEcon352_u_140"> it's <pause/> really no problem <supplied reason="unintelligible"> xx </supplied></u>
            <u who="#LEcon352_S4" xml:id="LEcon352_u_141"> did you <seg n="1" type="overlap" xml:id="LEcon352_ol_106"><unclear> train </unclear> him against women<c function="rise" type="intonation"/></seg></u>
            <u who="#LEcon352_S1" xml:id="LEcon352_u_142"><seg n="1" synch="#LEcon352_ol_106" type="overlap" xml:id="LEcon352_ol_107"> it's not it's not erm </seg><pause/> okay it's like you go argentina<c function="rise" type="intonation"/> you go <pause/><seg n="2" type="overlap" xml:id="LEcon352_ol_108"> spain <supplied reason="unintelligible"> xxxx </supplied></seg><seg n="3" type="overlap" xml:id="LEcon352_ol_109"><supplied reason="unintelligible"> xxxx </supplied></seg><seg n="4" type="overlap" xml:id="LEcon352_ol_110"><supplied reason="unintelligible"> xxxx </supplied></seg><seg n="5" type="overlap" xml:id="LEcon352_ol_111"><supplied reason="unintelligible"> xxxx </supplied></seg> we got the same er language<c function="fall" type="intonation"/><pause/></u>
            <u who="#LEcon352_S4" xml:id="LEcon352_u_143"><seg n="2" synch="#LEcon352_ol_108" type="overlap" xml:id="LEcon352_ol_112"> no no no no </seg><seg n="3" synch="#LEcon352_ol_109" type="overlap" xml:id="LEcon352_ol_113"> just against bad<c function="fall" type="intonation"/></seg></u>
            <u who="#LEcon352_S3" xml:id="LEcon352_u_144"><seg n="3" synch="#LEcon352_ol_109" type="overlap" xml:id="LEcon352_ol_114"> i train him against against men </seg><seg n="4" synch="#LEcon352_ol_110" type="overlap" xml:id="LEcon352_ol_115"> i say yeah against men<c function="fall" type="intonation"/> there you go </seg></u>
            <u who="#LEcon352_S4" xml:id="LEcon352_u_145"><seg n="5" synch="#LEcon352_ol_111" type="overlap" xml:id="LEcon352_ol_116"> ah <shift corresp="#LEcon352_s_64" feature="tempo" new="a" xml:id="LEcon352_s_63"/> okay okay <shift corresp="#LEcon352_s_63" feature="tempo" new="neutral" xml:id="LEcon352_s_64"/></seg></u>
            <u who="#LEcon352_S1" xml:id="LEcon352_u_146"> a- all is the same language you know <pause/> because as they said <pause/> in a <pause/> like they speak <pause/> the<c type="lengthening"/><pause/> the <emph> old </emph> spanish <pause/></u>
            <u who="#LEcon352_S2" xml:id="LEcon352_u_147"><seg n="6" type="overlap" xml:id="LEcon352_ol_117"> yeah you know it's </seg> the same <emph> lang</emph>uage i- i- it is <seg n="7" type="overlap" xml:id="LEcon352_ol_118"> different </seg><emph> ac</emph>cents<c function="fall" type="intonation"/></u>
            <u who="#LEcon352_S1" xml:id="LEcon352_u_148"><seg n="6" synch="#LEcon352_ol_117" type="overlap" xml:id="LEcon352_ol_119"> i know more the old </seg></u>
            <u who="#LEcon352_S1" xml:id="LEcon352_u_149"><seg n="7" synch="#LEcon352_ol_118" type="overlap" xml:id="LEcon352_ol_120"> it <emph> is </emph> the same </seg></u>
            <u who="#LEcon352_S1" xml:id="LEcon352_u_150"> different accents different words diff- different vocabulary<c function="rise" type="intonation"/></u>
            <u who="#LEcon352_S2" xml:id="LEcon352_u_151"> yeah you have to correct me there if <pause/> if it's not right but that's what i'm learning<c function="fall" type="intonation"/></u>
            <u who="#LEcon352_S1" xml:id="LEcon352_u_152"> yah yah <seg n="1" type="overlap" xml:id="LEcon352_ol_121"> you are what what what </seg> you're learning what you're learning it's the same<c function="fall" type="intonation"/><pause/> well you are learning english </u>
            <u who="#LEcon352_S2" xml:id="LEcon352_u_153"><seg n="1" synch="#LEcon352_ol_121" type="overlap" xml:id="LEcon352_ol_122"> that what <emph> they </emph> tell me at university<c function="fall" type="intonation"/></seg></u>
            <u who="#LEcon352_S2" xml:id="LEcon352_u_154"> yeah<c function="rise" type="intonation"/></u>
            <u who="#LEcon352_S1" xml:id="LEcon352_u_155"> you learn a <emph> standard </emph> english </u>
            <u who="#LEcon352_S2" xml:id="LEcon352_u_156"><shift corresp="#LEcon352_s_66" feature="tempo" new="a" xml:id="LEcon352_s_65"/> yeah yeah <shift corresp="#LEcon352_s_65" feature="tempo" new="neutral" xml:id="LEcon352_s_66"/></u>
            <u who="#LEcon352_S1" xml:id="LEcon352_u_157"> you kind of go <pause/> proper proper <seg n="2" type="overlap" xml:id="LEcon352_ol_123"> e<c type="lengthening"/>r english<c function="fall" type="intonation"/></seg> is that english <supplied reason="unintelligible"> xx </supplied> that really <emph> no </emph> one no one speaks<c function="fall" type="intonation"/><pause/></u>
            <u who="#LEcon352_S2" xml:id="LEcon352_u_158"><seg n="2" synch="#LEcon352_ol_123" type="overlap" xml:id="LEcon352_ol_124"> yeah you judge about <shift corresp="#LEcon352_s_68" feature="voice" new="laugh" xml:id="LEcon352_s_67"/> english <shift corresp="#LEcon352_s_67" feature="voice" new="neutral" xml:id="LEcon352_s_68"/><vocal subtype="wordstart" type="wordlike" voice:desc="laughing" voice:syl="2"/></seg></u>
            <u who="#LEcon352_S1" xml:id="LEcon352_u_159"> like <pause/> just like the queen of england <pause dur="PT1S"/></u>
            <u who="#LEcon352_S2" xml:id="LEcon352_u_160"><seg n="3" type="overlap" xml:id="LEcon352_ol_125"> no<c type="lengthening"/></seg> she neither <pause/></u>
            <u who="#LEcon352_S1" xml:id="LEcon352_u_161"><seg n="3" synch="#LEcon352_ol_125" type="overlap" xml:id="LEcon352_ol_126"> and </seg></u>
            <u who="#LEcon352_S1" xml:id="LEcon352_u_162"> er a<c type="lengthening"/>nd er like someone who works on the  <w voice:mode="spelt"> b b c  </w> on television<c function="fall" type="intonation"/></u>
            <u who="#LEcon352_S6" xml:id="LEcon352_u_163"> say it <foreign type="L1" voice:translation="a typical posh english" xml:lang="spa"> un tipico ingles pijo </foreign><pause dur="PT1S"/></u>
            <u who="#LEcon352_S1" xml:id="LEcon352_u_164"> four <pause/><foreign type="L1" voice:translation="four cat" xml:lang="spa"> cuatro que cuatro gato </foreign></u>
            <u who="#LEcon352_S6" xml:id="LEcon352_u_165"><vocal subtype="wordstart" type="wordlike" voice:desc="laughing" voice:syl="1"/></u>
            <u who="#LEcon352_S1" xml:id="LEcon352_u_166"> but <pause/></u>
            <u who="#LEcon352_S6" xml:id="LEcon352_u_167"><vocal subtype="wordstart" type="wordlike" voice:desc="laughing" voice:syl="2"/>  for a cat <anchor synch="#LEcon352_oc_25" type="other_continuation" xml:id="LEcon352_oc_24"/></u>
            <u who="#LEcon352_S1" xml:id="LEcon352_u_168"><anchor synch="#LEcon352_oc_24" type="other_continuation" xml:id="LEcon352_oc_25"/> but <pause/> e<c type="lengthening"/>r </u>
            <u who="#LEcon352_S6" xml:id="LEcon352_u_169"><vocal subtype="wordstart" type="wordlike" voice:desc="laughing" voice:syl="2"/><vocal subtype="wordstart" type="wordlike" voice:desc="laughing" voice:syl="2"/></u>
            <u who="#LEcon352_S1" xml:id="LEcon352_u_170"><seg n="4" type="overlap" xml:id="LEcon352_ol_127"> between betw- </seg></u>
            <u who="#LEcon352_S6" xml:id="LEcon352_u_171"><seg n="4" synch="#LEcon352_ol_127" type="overlap" xml:id="LEcon352_ol_128"><vocal subtype="wordstart" type="wordlike" voice:desc="laughing" voice:syl="2"/><vocal subtype="wordstart" type="wordlike" voice:desc="laughing" voice:syl="2"/></seg><vocal subtype="wordstart" type="wordlike" voice:desc="laughing" voice:syl="1"/><shift corresp="#LEcon352_s_70" feature="voice" new="laugh" xml:id="LEcon352_s_69"/>  between no more <shift corresp="#LEcon352_s_69" feature="voice" new="neutral" xml:id="LEcon352_s_70"/><vocal subtype="wordstart" type="wordlike" voice:desc="laughing" voice:syl="2"/></u>
            <u who="#LEcon352_S1" xml:id="LEcon352_u_172"><vocal subtype="wordstart" type="wordlike" voice:desc="laughing" voice:syl="4"/></u>
            <u who="#LEcon352_S6" xml:id="LEcon352_u_173"><vocal subtype="wordstart" type="wordlike" voice:desc="laughing" voice:syl="3"/></u>
            <u who="#LEcon352_S1" xml:id="LEcon352_u_174"><vocal subtype="wordstart" type="wordlike" voice:desc="laughing" voice:syl="3"/><pause/>  no<c function="fall" type="intonation"/> but what i mean you know it's like <pause/> e<c type="lengthening"/>r <pause/> even then you know there for argentina what's other you know but here in spain there is a very strong er nationalistic <pause/> er feeling<c function="fall" type="intonation"/> you know </u>
            <u who="#LEcon352_S2" xml:id="LEcon352_u_175"><emph> for </emph> spain<c function="fall" type="intonation"/></u>
            <u who="#LEcon352_S1" xml:id="LEcon352_u_176"> e<c type="lengthening"/>r you know even for me <pause/> it's difficult sometimes to say<c function="fall" type="intonation"/> that <emph> i </emph><emph> am </emph> spanish<c function="fall" type="intonation"/></u>
            <u who="#LEcon352_S2" xml:id="LEcon352_u_177"> yeah<c function="rise" type="intonation"/> it is<c function="rise" type="intonation"/></u>
            <u who="#LEcon352_S1" xml:id="LEcon352_u_178"> bec- <pause/> hm <pause dur="PT1S"/> officially okay<c function="fall" type="intonation"/><anchor synch="#LEcon352_oc_27" type="other_continuation" xml:id="LEcon352_oc_26"/></u>
            <u who="#LEcon352_S3" xml:id="LEcon352_u_179"><anchor synch="#LEcon352_oc_26" type="other_continuation" xml:id="LEcon352_oc_27"/><shift corresp="#LEcon352_s_72" feature="voice" new="imitating" xml:id="LEcon352_s_71"/> i'm from <foreign type="L1" voice:translation="city in the south of spain" xml:lang="spa"><emph> ca</emph>diz<c function="fall" type="intonation"/></foreign><shift corresp="#LEcon352_s_71" feature="voice" new="neutral" xml:id="LEcon352_s_72"/></u>
            <u who="#LEcon352_S1" xml:id="LEcon352_u_180"> but <seg n="5" type="overlap" xml:id="LEcon352_ol_129"> i'm </seg> from the south of spain<c function="fall" type="intonation"/></u>
            <u who="#LEcon352_S3" xml:id="LEcon352_u_181"><seg n="5" synch="#LEcon352_ol_129" type="overlap" xml:id="LEcon352_ol_130"><foreign type="L1" voice:translation="dick, guy" xml:lang="spa"> picha </foreign><vocal subtype="wordstart" type="wordlike" voice:desc="laughing" voice:syl="1"/></seg></u>
            <u who="#LEcon352_S2" xml:id="LEcon352_u_182"> yeah<c function="rise" type="intonation"/></u>
            <u who="#LEcon352_S1" xml:id="LEcon352_u_183"> i'm from <foreign type="L1" voice:translation="city in the south of spain" xml:lang="spa"> cadiz<c function="fall" type="intonation"/></foreign></u>
            <u who="#LEcon352_S2" xml:id="LEcon352_u_184"> yeah<c function="rise" type="intonation"/></u>
            <u who="#LEcon352_S3" xml:id="LEcon352_u_185"><shift corresp="#LEcon352_s_74" feature="voice" new="laugh" xml:id="LEcon352_s_73"/><foreign type="L1" voice:translation="dick, guy" xml:lang="spa"> picha<c function="fall" type="intonation"/></foreign><shift corresp="#LEcon352_s_73" feature="voice" new="neutral" xml:id="LEcon352_s_74"/></u>
            <u who="#LEcon352_S6" xml:id="LEcon352_u_186"><shift corresp="#LEcon352_s_76" feature="voice" new="laugh" xml:id="LEcon352_s_75"/><foreign type="L1" voice:translation="dick, guy" xml:lang="spa"> picha<c function="fall" type="intonation"/></foreign><shift corresp="#LEcon352_s_75" feature="voice" new="neutral" xml:id="LEcon352_s_76"/></u>
            <u who="#LEcon352_S3" xml:id="LEcon352_u_187"><vocal subtype="wordstart" type="wordlike" voice:desc="laughing" voice:syl="3"/><pause/></u>
            <u who="#LEcon352_S1" xml:id="LEcon352_u_188"><foreign type="L1" voice:translation="dick, guy" xml:lang="spa"> picha<c function="fall" type="intonation"/></foreign></u>
            <u who="#LEcon352_S3" xml:id="LEcon352_u_189"><vocal subtype="wordstart" type="wordlike" voice:desc="laughing" voice:syl="3"/></u>
            <u who="#LEcon352_S2" xml:id="LEcon352_u_190"><seg n="6" type="overlap" xml:id="LEcon352_ol_131"> what does </seg><foreign type="L1" voice:translation="dick, guy" xml:lang="spa"> picha </foreign> mean </u>
            <u who="#LEcon352_S1" xml:id="LEcon352_u_191"><seg n="6" synch="#LEcon352_ol_131" type="overlap" xml:id="LEcon352_ol_132"> erm but </seg></u>
            <u who="#LEcon352_S6" xml:id="LEcon352_u_192"><foreign type="L1" voice:translation="dick, guy" xml:lang="spa"> picha </foreign> is an expression from <foreign type="L1" voice:translation="city in the south of spain" xml:lang="spa"> cadiz<c function="fall" type="intonation"/></foreign><seg n="7" type="overlap" xml:id="LEcon352_ol_133"><vocal subtype="wordstart" type="wordlike" voice:desc="laughing" voice:syl="2"/></seg></u>
            <u who="#LEcon352_S3" xml:id="LEcon352_u_193"><seg n="7" synch="#LEcon352_ol_133" type="overlap" xml:id="LEcon352_ol_134"><foreign type="L1" voice:translation="city in the south of spain" xml:lang="spa"> cadiz<c function="fall" type="intonation"/></foreign></seg></u>
            <u who="#LEcon352_S2" xml:id="LEcon352_u_194"><vocal subtype="wordstart" type="wordlike" voice:desc="laughing" voice:syl="2"/><seg n="1" type="overlap" xml:id="LEcon352_ol_135"><vocal subtype="wordstart" type="wordlike" voice:desc="laughing" voice:syl="3"/></seg></u>
            <u who="#LEcon352_S3" xml:id="LEcon352_u_195"><seg n="1" synch="#LEcon352_ol_135" type="overlap" xml:id="LEcon352_ol_136"> if somebody says </seg><pause/><seg n="2" type="overlap" xml:id="LEcon352_ol_137"> er </seg></u>
            <u who="#LEcon352_S2" xml:id="LEcon352_u_196"><seg n="2" synch="#LEcon352_ol_137" type="overlap" xml:id="LEcon352_ol_138"><shift corresp="#LEcon352_s_78" feature="voice" new="laugh" xml:id="LEcon352_s_77"/> i see <shift corresp="#LEcon352_s_77" feature="voice" new="neutral" xml:id="LEcon352_s_78"/></seg></u>
            <u who="#LEcon352_S6" xml:id="LEcon352_u_197"> when when you listen somebody to say <foreign type="L1" voice:translation="dick, guy" xml:lang="spa"> picha<c function="rise" type="intonation"/></foreign> you're from <foreign type="L1" voice:translation="city in the south of spain" xml:lang="spa"> cadiz<c function="fall" type="intonation"/></foreign></u>
            <u who="#LEcon352_S3" xml:id="LEcon352_u_198"> yeah something <foreign type="L1" voice:translation="what's up guy" xml:lang="spa"> que pasa picha<c function="rise" type="intonation"/></foreign></u>
            <u who="#LEcon352_S1" xml:id="LEcon352_u_199"> you are <pause/> from cadiz<c function="fall" type="intonation"/><anchor synch="#LEcon352_oc_29" type="other_continuation" xml:id="LEcon352_oc_28"/></u>
            <u who="#LEcon352_S2" xml:id="LEcon352_u_200"><anchor synch="#LEcon352_oc_28" type="other_continuation" xml:id="LEcon352_oc_29"/><foreign type="L1" voice:translation="dick, guy" xml:lang="spa"> picha<c function="fall" type="intonation"/></foreign></u>
            <u who="#LEcon352_S3" xml:id="LEcon352_u_201"><foreign type="L1" voice:translation="dick, guy" xml:lang="spa"> picha<c function="fall" type="intonation"/></foreign></u>
            <u who="#LEcon352_S2" xml:id="LEcon352_u_202"><vocal subtype="wordstart" type="wordlike" voice:desc="laughing" voice:syl="1"/>  i <seg n="8" type="overlap" xml:id="LEcon352_ol_139"> didn't know<c function="fall" type="intonation"/></seg></u>
            <u who="#LEcon352_S1" xml:id="LEcon352_u_203"><seg n="8" synch="#LEcon352_ol_139" type="overlap" xml:id="LEcon352_ol_140"><foreign type="L1" voice:translation="dick, guy" xml:lang="spa"> picha picha </foreign></seg> is e<c type="lengthening"/>rm <pause/> you know <unclear> jenny oakes </unclear> you know er <anchor synch="#LEcon352_oc_31" type="other_continuation" xml:id="LEcon352_oc_30"/></u>
            <u who="#LEcon352_S2" xml:id="LEcon352_u_204"><anchor synch="#LEcon352_oc_30" type="other_continuation" xml:id="LEcon352_oc_31"/> yeah<c function="rise" type="intonation"/></u>
            <u who="#LEcon352_S1" xml:id="LEcon352_u_205"> little willy<c function="fall" type="intonation"/><pause/> you know<c function="rise" type="intonation"/></u>
            <u who="#LEcon352_S2" xml:id="LEcon352_u_206"><seg n="3" type="overlap" xml:id="LEcon352_ol_141"> no<c function="rise" type="intonation"/> little willy<c function="rise" type="intonation"/></seg></u>
            <u who="#LEcon352_S3" xml:id="LEcon352_u_207"><seg n="3" synch="#LEcon352_ol_141" type="overlap" xml:id="LEcon352_ol_142"><vocal subtype="wordstart" type="wordlike" voice:desc="laughing" voice:syl="2"/></seg></u>
            <u who="#LEcon352_S1" xml:id="LEcon352_u_208"> little willy </u>
            <u who="#LEcon352_S2" xml:id="LEcon352_u_209"> is it him<c function="rise" type="intonation"/> or<c function="rise" type="intonation"/></u>
            <u who="#LEcon352_S1" xml:id="LEcon352_u_210"> no little <seg n="4" type="overlap" xml:id="LEcon352_ol_143"> willy okay this is </seg></u>
            <u who="#LEcon352_S2" xml:id="LEcon352_u_211"><seg n="4" synch="#LEcon352_ol_143" type="overlap" xml:id="LEcon352_ol_144"> do you want to show </seg><shift corresp="#LEcon352_s_80" feature="voice" new="laugh" xml:id="LEcon352_s_79"/> me<c function="rise" type="intonation"/><shift corresp="#LEcon352_s_79" feature="voice" new="neutral" xml:id="LEcon352_s_80"/><vocal subtype="wordstart" type="wordlike" voice:desc="laughing" voice:syl="2"/><seg n="5" type="overlap" xml:id="LEcon352_ol_145"><shift corresp="#LEcon352_s_82" feature="voice" new="laugh" xml:id="LEcon352_s_81"/> or <supplied reason="unintelligible"> xx </supplied><shift corresp="#LEcon352_s_81" feature="voice" new="neutral" xml:id="LEcon352_s_82"/></seg></u>
            <u who="#LEcon352_S6" xml:id="LEcon352_u_212"><seg n="5" synch="#LEcon352_ol_145" type="overlap" xml:id="LEcon352_ol_146"><supplied reason="unintelligible"> xx xx </supplied> little </seg></u>
            <u who="#LEcon352_S1" xml:id="LEcon352_u_213"><seg n="6" type="overlap" xml:id="LEcon352_ol_147"> okay i </seg> want to show you <seg n="7" type="overlap" xml:id="LEcon352_ol_148"><supplied reason="unintelligible"> xx xx </supplied><vocal subtype="wordstart" type="wordlike" voice:desc="laughing" voice:syl="3"/></seg><vocal subtype="wordstart" type="wordlike" voice:desc="laughing" voice:syl="2"/><seg n="1" type="overlap" xml:id="LEcon352_ol_149"><vocal subtype="wordstart" type="wordlike" voice:desc="laughing" voice:syl="4"/></seg></u>
            <u who="#LEcon352_S6" xml:id="LEcon352_u_214"><seg n="6" synch="#LEcon352_ol_147" type="overlap" xml:id="LEcon352_ol_150"> little willy </seg></u>
            <u who="#LEcon352_S6" xml:id="LEcon352_u_215"><seg n="7" synch="#LEcon352_ol_148" type="overlap" xml:id="LEcon352_ol_151"> little willy <supplied reason="unintelligible"> xx </supplied></seg></u>
            <u who="#LEcon352_S3" xml:id="LEcon352_u_216"><seg n="1" synch="#LEcon352_ol_149" type="overlap" xml:id="LEcon352_ol_152"><vocal subtype="wordstart" type="wordlike" voice:desc="laughing" voice:syl="4"/></seg></u>
            <u who="#LEcon352_S2" xml:id="LEcon352_u_217"><shift corresp="#LEcon352_s_84" feature="voice" new="laugh" xml:id="LEcon352_s_83"/> you want to indicate er little <shift corresp="#LEcon352_s_83" feature="voice" new="neutral" xml:id="LEcon352_s_84"/><pause/><seg n="2" type="overlap" xml:id="LEcon352_ol_153"><vocal subtype="wordstart" type="wordlike" voice:desc="laughing" voice:syl="2"/> i don't know </seg> if <emph> he </emph> is little willy you never <shift corresp="#LEcon352_s_86" feature="voice" new="laugh" xml:id="LEcon352_s_85"/> know <shift corresp="#LEcon352_s_85" feature="voice" new="neutral" xml:id="LEcon352_s_86"/><anchor synch="#LEcon352_oc_33" type="other_continuation" xml:id="LEcon352_oc_32"/></u>
            <u who="#LEcon352_S6" xml:id="LEcon352_u_218"><seg n="2" synch="#LEcon352_ol_153" type="overlap" xml:id="LEcon352_ol_154"> little little what we <supplied reason="unintelligible"> xx xx </supplied></seg></u>
            <u who="#LEcon352_S3" xml:id="LEcon352_u_219"><seg n="2" synch="#LEcon352_ol_153" type="overlap" xml:id="LEcon352_ol_155"><foreign type="L1" voice:translation="for him" xml:lang="spa"><supplied reason="unintelligible"> xx x x </supplied> por el </foreign></seg></u>
            <u who="#LEcon352_S1" xml:id="LEcon352_u_220"><anchor synch="#LEcon352_oc_32" type="other_continuation" xml:id="LEcon352_oc_33"/> big willy big willy </u>
            <u who="#LEcon352_S3" xml:id="LEcon352_u_221"><foreign type="L1" voice:translation="of course" xml:lang="spa"> claro </foreign> little </u>
            <u who="#LEcon352_S2" xml:id="LEcon352_u_222"> a<c type="lengthening"/>h <emph> dick </emph><pause/></u>
            <u who="#LEcon352_S4" xml:id="LEcon352_u_223"> oh my god<c function="fall" type="intonation"/></u>
            <u who="#LEcon352_S2" xml:id="LEcon352_u_224"> i don't want to know his <vocal subtype="wordstart" type="wordlike" voice:desc="laughing" voice:syl="2"/></u>
            <u who="#LEcon352_SS" xml:id="LEcon352_u_225"><vocal subtype="wordstart" type="wordlike" voice:desc="laughing" voice:syl="2"/></u>
            <u who="#LEcon352_S1" xml:id="LEcon352_u_226"><vocal subtype="wordstart" type="wordlike" voice:desc="laughing" voice:syl="1"/>  no little willy in english it yeah it's the same the little willy you know the </u>
            <u who="#LEcon352_S2" xml:id="LEcon352_u_227"> really<c function="rise" type="intonation"/></u>
            <u who="#LEcon352_S1" xml:id="LEcon352_u_228"> yeah because <seg n="3" type="overlap" xml:id="LEcon352_ol_156"> in english </seg><pause/></u>
            <u who="#LEcon352_S2" xml:id="LEcon352_u_229"><seg n="3" synch="#LEcon352_ol_156" type="overlap" xml:id="LEcon352_ol_157"> i didn't </seg></u>
            <u who="#LEcon352_S1" xml:id="LEcon352_u_230"> you know in english little willy <pause/></u>
            <u who="#LEcon352_S2" xml:id="LEcon352_u_231"> yeah<c function="rise" type="intonation"/> i didn't know that </u>
            <u who="#LEcon352_S6" xml:id="LEcon352_u_232"> oh miss i will <pause/><vocal subtype="wordstart" type="wordlike" voice:desc="laughing" voice:syl="1"/><seg n="4" type="overlap" xml:id="LEcon352_ol_158"><vocal subtype="wordstart" type="wordlike" voice:desc="laughing" voice:syl="2"/></seg></u>
            <u who="#LEcon352_S3" xml:id="LEcon352_u_233"><seg n="4" synch="#LEcon352_ol_158" type="overlap" xml:id="LEcon352_ol_159"><vocal subtype="wordstart" type="wordlike" voice:desc="laughing" voice:syl="2"/></seg></u>
            <u who="#LEcon352_S1" xml:id="LEcon352_u_234"><seg n="4" synch="#LEcon352_ol_158" type="overlap" xml:id="LEcon352_ol_160"> oh my dear </seg><foreign type="L1" xml:lang="spa"><unclear> barrito picha de </unclear></foreign> e<c type="lengthening"/>r </u>
            <u who="#LEcon352_S2" xml:id="LEcon352_u_235"> in well in german the in in in austria it's <supplied reason="unintelligible"> xx </supplied> to say your best friend<c function="rise" type="intonation"/> or something like that<c function="rise" type="intonation"/> but i <pause/> i'm not sure<c function="fall" type="intonation"/><pause/><shift corresp="#LEcon352_s_88" feature="loud" new="f" xml:id="LEcon352_s_87"/><seg n="5" type="overlap" xml:id="LEcon352_ol_161"> how do </seg> you call little willy<c function="rise" type="intonation"/><shift corresp="#LEcon352_s_87" feature="loud" new="neutral" xml:id="LEcon352_s_88"/><pause dur="PT2S"/></u>
            <u who="#LEcon352_S1" xml:id="LEcon352_u_236"><seg n="5" synch="#LEcon352_ol_161" type="overlap" xml:id="LEcon352_ol_162"> it's like </seg></u>
            <u who="#LEcon352_S5" xml:id="LEcon352_u_237"><shift corresp="#LEcon352_s_90" feature="loud" new="p" xml:id="LEcon352_s_89"/> little willy<c function="rise" type="intonation"/><shift corresp="#LEcon352_s_89" feature="loud" new="neutral" xml:id="LEcon352_s_90"/></u>
            <u who="#LEcon352_SS" xml:id="LEcon352_u_238"><vocal subtype="wordstart" type="wordlike" voice:desc="laughing" voice:syl="12"/></u>
            <u who="#LEcon352_S2" xml:id="LEcon352_u_239"> how can you <emph> know </emph><seg n="9" type="overlap" xml:id="LEcon352_ol_163"> i didn't know that<c function="rise" type="intonation"/></seg><pause/></u>
            <u who="#LEcon352_S5" xml:id="LEcon352_u_240"><seg n="9" synch="#LEcon352_ol_163" type="overlap" xml:id="LEcon352_ol_164"><foreign type="L1" voice:translation="john, dick" xml:lang="ger"> jo- johannes </foreign></seg></u>
            <u who="#LEcon352_S2" xml:id="LEcon352_u_241"> he <seg n="8" type="overlap" xml:id="LEcon352_ol_165"> said little willy </seg> and i thought oh it's the <unclear> fourth </unclear></u>
            <u who="#LEcon352_S5" xml:id="LEcon352_u_242"><seg n="8" synch="#LEcon352_ol_165" type="overlap" xml:id="LEcon352_ol_166"><foreign type="L1" voice:translation="john, dick" xml:lang="ger"> johannes </foreign></seg></u>
            <u who="#LEcon352_S5" xml:id="LEcon352_u_243"><voice:track medium="1" num="4" type="md"/><foreign type="L1" voice:translation="john/dick" xml:lang="ger"> johannes </foreign><pause/></u>
            <u who="#LEcon352_S2" xml:id="LEcon352_u_244"><seg n="1" type="overlap" xml:id="LEcon352_ol_167"><foreign type="L1" voice:translation="john" xml:lang="ger"> johannes<c function="rise" type="intonation"/></foreign></seg></u>
            <u who="#LEcon352_S5" xml:id="LEcon352_u_245"><seg n="1" synch="#LEcon352_ol_167" type="overlap" xml:id="LEcon352_ol_168"><foreign type="L1" voice:translation="john" xml:lang="ger"> johannes<c function="rise" type="intonation"/></foreign></seg></u>
            <u who="#LEcon352_SS" xml:id="LEcon352_u_246"><vocal subtype="wordstart" type="wordlike" voice:desc="laughing" voice:syl="3"/><seg n="6" type="overlap" xml:id="LEcon352_ol_169"><vocal subtype="wordstart" type="wordlike" voice:desc="laughing" voice:syl="4"/></seg><vocal subtype="wordstart" type="wordlike" voice:desc="laughing" voice:syl="3"/><pause/></u>
            <u who="#LEcon352_S2" xml:id="LEcon352_u_247"><seg n="6" synch="#LEcon352_ol_169" type="overlap" xml:id="LEcon352_ol_170"> no that's not you </seg></u>
            <u who="#LEcon352_S5" xml:id="LEcon352_u_248"><foreign type="L1" voice:translation="john, dick" xml:lang="ger"> johannes </foreign></u>
            <u who="#LEcon352_S2" xml:id="LEcon352_u_249"> no it's not <foreign type="L1" voice:translation="john/dick" xml:lang="ger"> johannes </foreign></u>
            <u who="#LEcon352_S5" xml:id="LEcon352_u_250"><foreign type="L1" voice:translation="oh yes it is john" xml:lang="ger"> oja johannes </foreign></u>
            <u who="#LEcon352_S2" xml:id="LEcon352_u_251"><emph> where </emph> are from<c function="fall" type="intonation"/> from vienna<c function="rise" type="intonation"/></u>
            <u who="#LEcon352_S6" xml:id="LEcon352_u_252"><vocal subtype="wordstart" type="wordlike" voice:desc="laughing" voice:syl="3"/><shift corresp="#LEcon352_s_92" feature="voice" new="laugh" xml:id="LEcon352_s_91"/><foreign type="LN" voice:translation="john" xml:lang="ger">  johannes </foreign><shift corresp="#LEcon352_s_91" feature="voice" new="neutral" xml:id="LEcon352_s_92"/><vocal subtype="wordstart" type="wordlike" voice:desc="laughing" voice:syl="1"/></u>
            <u who="#LEcon352_S5" xml:id="LEcon352_u_253"><supplied reason="unintelligible"> xx </supplied><seg n="7" type="overlap" xml:id="LEcon352_ol_171"><supplied reason="unintelligible"> xxxx </supplied></seg><supplied reason="unintelligible"> xxxx </supplied></u>
            <u who="#LEcon352_SS" xml:id="LEcon352_u_254"><seg n="7" synch="#LEcon352_ol_171" type="overlap" xml:id="LEcon352_ol_172"><vocal subtype="wordstart" type="wordlike" voice:desc="laughing" voice:syl="4"/></seg></u>
            <u who="#LEcon352_S2" xml:id="LEcon352_u_255"> a<c type="lengthening"/>h it's true<c function="fall" type="intonation"/></u>
            <u who="#LEcon352_S5" xml:id="LEcon352_u_256"><supplied reason="unintelligible"> xxxx </supplied><seg n="1" type="overlap" xml:id="LEcon352_ol_173"><supplied reason="unintelligible"> xxxx </supplied></seg></u>
            <u who="#LEcon352_S2" xml:id="LEcon352_u_257"><seg n="1" synch="#LEcon352_ol_173" type="overlap" xml:id="LEcon352_ol_174"> yeah you know<c function="rise" type="intonation"/></seg> there is <pause/> that idiom erm <pause/> i i try to translate it's like the nose of the man so it's his <pause/><foreign type="L1" voice:translation="john/dick" xml:lang="ger"> johannes </foreign> and in german it's a rhyme<c function="fall" type="intonation"/><foreign type="L1" voice:translation="as is the man's nose" xml:lang="ger"> wie die nase des mannes </foreign> the nose of the man<c function="rise" type="intonation"/> so <pause dur="PT1S"/> it's his <pause/><foreign type="L1" voice:translation="john/dick" xml:lang="ger"> johannes </foreign></u>
            <u who="#LEcon352_S1" xml:id="LEcon352_u_258"><foreign type="LN" voice:translation="john/dick" xml:lang="ger"> johannes </foreign></u>
            <u who="#LEcon352_S2" xml:id="LEcon352_u_259"> so <pause/> no<c type="lengthening"/> i didn't know that </u>
            <u who="#LEcon352_S1" xml:id="LEcon352_u_260"> no  </u>
            <u who="#LEcon352_S6" xml:id="LEcon352_u_261"><vocal subtype="wordstart" type="wordlike" voice:desc="laughing" voice:syl="3"/></u>
            <u who="#LEcon352_S1" xml:id="LEcon352_u_262"><foreign type="L1" voice:translation="john/dick" xml:lang="ger"> johannes<c function="rise" type="intonation"/></foreign></u>
            <u who="#LEcon352_S2" xml:id="LEcon352_u_263"> really <vocal subtype="wordstart" type="wordlike" voice:desc="laughing" voice:syl="3"/></u>
            <u who="#LEcon352_S6" xml:id="LEcon352_u_264"><foreign type="L1" voice:translation="john/dick" xml:lang="ger"> johannes </foreign></u>
            <u who="#LEcon352_S2" xml:id="LEcon352_u_265"> yeah okay okay <seg n="9" type="overlap" xml:id="LEcon352_ol_175"> okay </seg></u>
            <u who="#LEcon352_S1" xml:id="LEcon352_u_266"><seg n="9" synch="#LEcon352_ol_175" type="overlap" xml:id="LEcon352_ol_176"> we have </seg> different names <seg n="2" type="overlap" xml:id="LEcon352_ol_177"> about the same thing </seg></u>
            <u who="#LEcon352_S2" xml:id="LEcon352_u_267"><seg n="2" synch="#LEcon352_ol_177" type="overlap" xml:id="LEcon352_ol_178"> stop it now<c function="fall" type="intonation"/> so </seg> we have the little willy<c function="fall" type="intonation"/> what <seg n="3" type="overlap" xml:id="LEcon352_ol_179"> do you wanna say <vocal subtype="wordstart" type="wordlike" voice:desc="laughing" voice:syl="1"/></seg></u>
            <u who="#LEcon352_S1" xml:id="LEcon352_u_268"><seg n="3" synch="#LEcon352_ol_179" type="overlap" xml:id="LEcon352_ol_180"> okay we'll do it </seg></u>
            <u who="#LEcon352_S3" xml:id="LEcon352_u_269"> anyway<c function="fall" type="intonation"/></u>
            <u who="#LEcon352_S1" xml:id="LEcon352_u_270"> okay </u>
            <u who="#LEcon352_S3" xml:id="LEcon352_u_271"> well <seg n="8" type="overlap" xml:id="LEcon352_ol_181"> if somebody </seg> says <foreign type="L1" voice:translation="what's up guy" xml:lang="spa"> que pasa picha<c function="rise" type="intonation"/></foreign><pause/></u>
            <u who="#LEcon352_S6" xml:id="LEcon352_u_272"><seg n="8" synch="#LEcon352_ol_181" type="overlap" xml:id="LEcon352_ol_182"> okay <supplied reason="unintelligible"> xx </supplied></seg></u>
            <u who="#LEcon352_S2" xml:id="LEcon352_u_273"><seg n="4" type="overlap" xml:id="LEcon352_ol_183"> yeah<c function="rise" type="intonation"/></seg></u>
            <u who="#LEcon352_S3" xml:id="LEcon352_u_274"><seg n="4" synch="#LEcon352_ol_183" type="overlap" xml:id="LEcon352_ol_184"> so<c function="fall" type="intonation"/></seg><pause/> immediately you know ah this guy is from <foreign type="L1" voice:translation="city in the south of spain" xml:lang="spa"> cadiz<c function="fall" type="intonation"/></foreign> because they they<c type="lengthening"/> are the only ones using that expression<c function="fall" type="intonation"/><foreign type="L1" voice:translation="dick, guy" xml:lang="spa"> picha </foreign></u>
            <u who="#LEcon352_S2" xml:id="LEcon352_u_275"><foreign type="L1" voice:translation="dick, guy" xml:lang="spa"> picha </foreign></u>
         </div>
      </body>
   </text>
</TEI>