<TEI xmlns="http://www.tei-c.org/ns/1.0" xmlns:voice="http://www.univie.ac.at/voice/ns/1.0" xmlns:xi="http://www.w3.org/2001/XInclude" version="5" xml:id="LEcon353" xml:lang="eng">
   <teiHeader>
      <fileDesc>
         <titleStmt>
            <title>conversation at a party about Spanish in Argentina and about a dog</title>
            <principal>Prof. Barbara Seidlhofer</principal>
            <editor/>
            <funder>Austrian Science Foundation (FWF)</funder>
            <sponsor/>
            <respStmt>
               <resp>Corpus Compilation</resp>
               <orgName>VOICE Project</orgName>
               <persName>Barbara Seidlhofer</persName>
               <persName>Angelika Breiteneder</persName>
               <persName>Marie-Luise Pitzl</persName>
               <persName>Stefan Majewski</persName>
               <persName>Theresa Klimpfinger</persName>
            </respStmt>
         </titleStmt>
         <editionStmt>
		<edition>Version 1.0 XML, <date>May 2011</date></edition>
	  <respStmt>
		<resp>Researchers</resp>
		<name>Barbara Seidlhofer</name> 		
		<name>Angelika Breiteneder</name> 
		<name>Theresa Klimpfinger</name> 
		<name>Stefan Majewski</name> 
		<name>Marie-Luise Pitzl</name> 
	  </respStmt>
	</editionStmt>
         <publicationStmt>
		<publisher>Barbara Seidlhofer, Stefan Majewski, Marie-Luise Pitzl</publisher> 
	  <distributor>VOICE Project, University of Vienna, Austria</distributor> 
	  <address>
		<addrLine>Spitalgasse 2, AAKH Hof 8</addrLine> 
		<addrLine>1090 Vienna</addrLine> 
		<addrLine>Austria</addrLine> 
		<addrLine>Telephone: +43 1 427742446</addrLine> 
	  	<addrLine>Email: voice@univie.ac.at</addrLine> 
		<addrLine>Website: http://www.univie.ac.at/voice</addrLine> 
	  </address>
	  <availability status="free">
	  	<p>
		  The Vienna-Oxford International Corpus of English (VOICE)
		  was created by Barbara Seidlhofer (project director) and
		  Angelika Breiteneder, Theresa Klimpfinger, Stefan Majewski,
		  Marie-Luise Pitzl (project researchers). VOICE 1.0 XML is
		  available for download at the VOICE Project's website <ref target="http://www.univie.ac.at/voice/">http://www.univie.ac.at/voice/</ref>
		  under a Creative Commons
		  Attribution-NonCommercial-ShareAlike 3.0 Unported (CC
		  BY-NC-SA 3.0) License (<ref target="http://creativecommons.org/licenses/by-nc-sa/3.0/">
		  http://creativecommons.org/licenses/by-nc-sa/3.0/
		  </ref>). The original audio files are held at the Department
		  of English, University of Vienna. 23 selected audio files
		  are available as audio streams in the VOICE Online interface
		  at the VOICE Project's website <ref target="http://www.univie.ac.at/voice">http://www.univie.ac.at/voice</ref>.
		</p>
		<p>
		The recommended citation for VOICE 1.0 XML is:
		</p>
		<p>
		<bibl><title>VOICE</title>. <date>2011</date>. <title level="m">The Vienna-Oxford International Corpus of
		English</title> (<edition>version 1.0
		XML</edition>). Director: Barbara Seidlhofer; Researchers:
		Angelika Breiteneder, Theresa Klimpfinger, Stefan Majewski,
		Marie-Luise Pitzl.</bibl>
		</p>
		<p>The short citation for VOICE 1.0 XML is:
		</p>
		<p>
		<bibl><title>VOICE</title>. <date>2011</date>. <title level="m">The Vienna-Oxford International Corpus of
		English</title> (<edition>version 1.0
		XML</edition>).</bibl></p>
		<p>
		  For further information about availability and copyright
		  permissions, please see the README file included in the
		  download package. For further enquiries please contact the
		  VOICE Project at <ref target="mailto:voice@univie.ac.at">voice@univie.ac.at</ref>.
		</p>
	  </availability>
	</publicationStmt>
         <notesStmt>
            <note xml:id="LEcon353_wc">Words: 1877</note>
            <note xml:id="LEcon353_tn_0">This conversation takes place at a party in a private home in Spain. The 5 students from Austria, Spain and Argentina work and live in Spain. The party is held at S4's house. His friends S2 and S5 know the location, whereas S1 and S3, who are friends as well, are here for the first time. S2 and S3 know each other, whereas S1, S4 and S5 meet for the first time. The fact that S2 and S4 are from Argentina triggers a discussion about the Spanish language in Argentina. S4 owns a dog which becomes the subject of the conversation later on. As the party has already been going on for quite some time, the speakers - also those who have met this very evening for the first time - seem to be quite familiar with each other. The atmosphere is relaxed and there is a lot of joking. There is a lot of background noise too, as at times parallel conversations take place.  </note>
         </notesStmt>
         <sourceDesc>
            <recordingStmt>
               <recording dur="PT00H09M42S" type="audio">
                  <date>2004-11-26</date>
                  <equipment>
                     <p>Portable minidisc recorder with electret condenser stereo microphone</p>
                  </equipment>
                  <respStmt>
                     <resp>recording</resp>
                     <name>R15</name>
                  </respStmt>
               </recording>
            </recordingStmt>
         </sourceDesc>
      </fileDesc>
      <encodingDesc>
         <classDecl>
            <taxonomy>
               <category xml:id="LEcon353_domain">
                  <catDesc>Domain</catDesc>
                  <category sameAs="#ED" xml:id="LEcon353_ED">
                     <catDesc>educational</catDesc>
                  </category>
                  <category sameAs="#LE" xml:id="LEcon353_LE">
                     <catDesc>leisure</catDesc>
                  </category>
                  <category sameAs="#PB" xml:id="LEcon353_PB">
                     <catDesc>professional business</catDesc>
                  </category>
                  <category sameAs="#PO" xml:id="LEcon353_PO">
                     <catDesc>professional organizational</catDesc>
                  </category>
                  <category sameAs="#PR" xml:id="LEcon353_PR">
                     <catDesc>professional research/science</catDesc>
                  </category>
               </category>
               <category xml:id="LEcon353_spet">
                  <catDesc>Speech Event Type</catDesc>
                  <category sameAs="#int" xml:id="LEcon353_int">
                     <catDesc>interview</catDesc>
                  </category>
                  <category sameAs="#prc" xml:id="LEcon353_prc">
                     <catDesc>press conference</catDesc>
                  </category>
                  <category sameAs="#sve" xml:id="LEcon353_sve">
                     <catDesc>service encounter</catDesc>
                  </category>
                  <category sameAs="#sed" xml:id="LEcon353_sed">
                     <catDesc>seminar discussion</catDesc>
                  </category>
                  <category sameAs="#wgd" xml:id="LEcon353_wgd">
                     <catDesc>working group discussion</catDesc>
                  </category>
                  <category sameAs="#wsd" xml:id="LEcon353_wsd">
                     <catDesc>workshop discussion</catDesc>
                  </category>
                  <category sameAs="#mtg" xml:id="LEcon353_mtg">
                     <catDesc>meeting</catDesc>
                  </category>
                  <category sameAs="#pan" xml:id="LEcon353_pan">
                     <catDesc>panel</catDesc>
                  </category>
                  <category sameAs="#qas" xml:id="LEcon353_qas">
                     <catDesc>question-answer session</catDesc>
                  </category>
                  <category sameAs="#con" xml:id="LEcon353_con">
                     <catDesc>conversation</catDesc>
                  </category>
               </category>
            </taxonomy>
         </classDecl>
         <tagsDecl><namespace name="http://www.tei-c.org/ns/1.0">
      <tagUsage gi="TEI" occurs="1"/>
      <tagUsage gi="teiHeader" occurs="1"/>
      <tagUsage gi="fileDesc" occurs="1"/>
      <tagUsage gi="titleStmt" occurs="1"/>
      <tagUsage gi="title" occurs="5"/>
      <tagUsage gi="principal" occurs="1"/>
      <tagUsage gi="editor" occurs="1"/>
      <tagUsage gi="funder" occurs="1"/>
      <tagUsage gi="sponsor" occurs="1"/>
      <tagUsage gi="respStmt" occurs="3"/>
      <tagUsage gi="resp" occurs="3"/>
      <tagUsage gi="orgName" occurs="1"/>
      <tagUsage gi="persName" occurs="5"/>
      <tagUsage gi="editionStmt" occurs="1"/>
      <tagUsage gi="edition" occurs="3"/>
      <tagUsage gi="date" occurs="4"/>
      <tagUsage gi="name" occurs="8"/>
      <tagUsage gi="publicationStmt" occurs="1"/>
      <tagUsage gi="publisher" occurs="1"/>
      <tagUsage gi="distributor" occurs="1"/>
      <tagUsage gi="address" occurs="1"/>
      <tagUsage gi="addrLine" occurs="6"/>
      <tagUsage gi="availability" occurs="1"/>
      <tagUsage gi="p" occurs="7"/>
      <tagUsage gi="ref" occurs="5"/>
      <tagUsage gi="bibl" occurs="2"/>
      <tagUsage gi="notesStmt" occurs="1"/>
      <tagUsage gi="note" occurs="2"/>
      <tagUsage gi="sourceDesc" occurs="1"/>
      <tagUsage gi="recordingStmt" occurs="1"/>
      <tagUsage gi="recording" occurs="1"/>
      <tagUsage gi="equipment" occurs="1"/>
      <tagUsage gi="encodingDesc" occurs="1"/>
      <tagUsage gi="classDecl" occurs="1"/>
      <tagUsage gi="taxonomy" occurs="1"/>
      <tagUsage gi="category" occurs="17"/>
      <tagUsage gi="catDesc" occurs="17"/>
      <tagUsage gi="tagsDecl" occurs="1"/>
      <tagUsage gi="namespace" occurs="2"/>
      <tagUsage gi="tagUsage" occurs="83"/>
      <tagUsage gi="gi" occurs="5"/>
      <tagUsage gi="list" occurs="12"/>
      <tagUsage gi="label" occurs="22"/>
      <tagUsage gi="val" occurs="44"/>
      <tagUsage gi="item" occurs="42"/>
      <tagUsage gi="att" occurs="17"/>
      <tagUsage gi="profileDesc" occurs="1"/>
      <tagUsage gi="textClass" occurs="1"/>
      <tagUsage gi="catRef" occurs="2"/>
      <tagUsage gi="settingDesc" occurs="1"/>
      <tagUsage gi="setting" occurs="1"/>
      <tagUsage gi="locale" occurs="1"/>
      <tagUsage gi="activity" occurs="1"/>
      <tagUsage gi="particDesc" occurs="1"/>
      <tagUsage gi="listPerson" occurs="4"/>
      <tagUsage gi="personGrp" occurs="2"/>
      <tagUsage gi="person" occurs="6"/>
      <tagUsage gi="age" occurs="5"/>
      <tagUsage gi="sex" occurs="5"/>
      <tagUsage gi="langKnowledge" occurs="5"/>
      <tagUsage gi="langKnown" occurs="5"/>
      <tagUsage gi="occupation" occurs="4"/>
      <tagUsage gi="relationGrp" occurs="1"/>
      <tagUsage gi="relation" occurs="2"/>
      <tagUsage gi="revisionDesc" occurs="1"/>
      <tagUsage gi="change" occurs="5"/>
      <tagUsage gi="text" occurs="1"/>
      <tagUsage gi="body" occurs="1"/>
      <tagUsage gi="div" occurs="2"/>
      <tagUsage gi="u" occurs="287">Used to mark a stretch of speech commonly
		preceded and followed by a pause or by a change of speaker. A
		<gi>u</gi> is, however, not required to be bounded by a pause or
		a change of speaker, nor does it represent a turn in a
		conversation analytic sense. At a minimum, a <gi>u</gi> is some
		phonetic production or noise made by a given speaker or a group of speakers.</tagUsage>
      <tagUsage gi="vocal" occurs="45">Used to mark laughter and other speaker
		noises and non-verbal feedback.
        <list>
          <label>
            <val>speaker_noise</val>
          </label>
          <item>
            <list>
              <item>
                <val>coughing</val>
              </item>
              <item>
                <val>nods</val>
              </item>
              <item>
                <val>shakes head</val>
              </item>
              <item>
                <val>smacks lips</val>
              </item>
              <item>
                <val>sniffs</val>
              </item>
              <item>
                <val>swallows</val>
              </item>
              <item>
                <val>whistles</val>
              </item>
            </list>
          </item>
          <label>
            <val>wordlike</val>
          </label>
          <item>
            <val>laughing</val>
          </item>
        </list>
        </tagUsage>
      <tagUsage gi="foreign" occurs="88">Used to mark a word or phrase as
		belonging to some language other than English. The following
		values for the <att>type</att> attribute are used to mark:
		<list>
		  <label><val>L1</val></label><item>the speaker's first
		  language</item>
		  <label><val>LN</val></label><item>a language other than the
		  speaker's first language</item>
		  <label><val>LQ</val></label><item>a language where it cannot
		  be ascertained whether it is the speaker's first or other
		  language.</item>
		</list>
		Whenever possible, the 
		<att>voice:translation</att> attribute provides a rough translation of the
		non-English speech into English.
		</tagUsage>
      <tagUsage gi="pause" occurs="125">Used to mark a pause either between or
		within utterances. Used without <att>dur</att> attribute to
		indicate a brief pause up to half a second.
		</tagUsage>
      <tagUsage gi="c" occurs="137">Used to mark lengthening of sounds and
		intonation (fall, rise). The following <att>type</att>
		attributes are used to mark:
		<list>
		  <label><val>lengthening</val></label><item>lengthened
		  sounds</item>
		  <label><val>intonation</val></label><item>a significant change in
		  intonation, marked with the following <att>function</att>
		  attribute for:
		  <list>
			<label><val>fall</val></label><item>falling
			intonation</item>
			<label><val>rise</val></label><item>rising intonation</item>
		  </list>
		</item>
		</list>
		Intonation may or may not coincide with
		syntactic boundaries.
		</tagUsage>
      <tagUsage gi="anchor" occurs="39">Used to mark other-continuation,
		i.e. whenever a speaker continues another speaker's <gi>u</gi>
		without a pause. Other-continuation is to be interpreted
		temporally and does not relate to form or content of the
		speakers' utterances.</tagUsage>
      <tagUsage gi="seg" occurs="168">Used with different <att>type</att> attributes to mark:
		<list>
		  <label><att>type</att><val>overlap</val></label>
		  <item>overlaps</item>
		  <label><att>type</att><val>onomatopoeia</val></label>
		  <item>onomatopoeic sounds</item>
		  <label><att>type</att><val>ipa</val></label>
		  <item>transcriptions in the international phonetic alphabet</item>
		</list>
		</tagUsage>
      <tagUsage gi="unclear" occurs="19">Used to mark speech which cannot be
		transcribed with certainty, because it is difficult to hear or
		understand for the transcriber.</tagUsage>
      <tagUsage gi="emph" occurs="34">Used to mark speech which is stressed or
		emphasized in a way that goes beyond regular nuclear
		stress.</tagUsage>
      <tagUsage gi="supplied" occurs="31">Used to mark text supplied by the
		transcriber because the original is unintelligible or needed to
		be anonymized. The <att>reason</att> attribute is used to mark:
		<list>
		  <label><val>unintelligible</val></label><item>unintelligible
		  speech</item>
		  <label><val>anonymization</val></label><item>anonymized
		  speech</item>
		</list>
		</tagUsage>
      <tagUsage gi="shift" occurs="42">Used to mark the point at which some
		paralinguistic feature changes. The following attribute values
		are used to mark:
		<list>
          <label>
            <val>voice</val>
          </label>
          <item>voice quality
          <list>
            <item><val>imitating</val></item>
            <item><val>laugh</val></item>
            <item><val>neutral</val></item>
            <item><val>phone</val></item>
            <item><val>reading</val></item>
            <item><val>reading_aloud</val></item>
            <item><val>sigh</val></item>
            <item><val>singing</val></item>
            <item><val>whisp</val></item>
            <item><val>yawning</val></item>
          </list>
          </item>
          <label>
          <val>tempo</val></label>
          <item>speed of utterance
            <list>
              <label><val>a</val></label>
              <item>accelerando</item>
              <label><val>l</val></label>
              <item>lento</item>
              <label><val>neutral</val></label>
              <item>neutral</item>
            </list>
          </item>
          <label>
          <val>loud</val></label>
          <item>loudness
            <list>
              <item><val>f</val></item>
              <item><val>neutral</val></item>
              <item><val>p</val></item>
            </list>
          </item>
		  </list>
		</tagUsage>
      <tagUsage gi="w" occurs="2">
		  Used with the <att>type</att> attribute set to
		  <val>spelt</val> to mark words or word fragments which are
		  spelt out, i.e. words whose constituents are pronounced as
		  individual letters.
		</tagUsage>
      <tagUsage gi="incident" occurs="35">Used to mark contextual information
		relevant to the understanding of the interaction or the
		interaction as such. The <att>voice:desc</att> attribute
		provides a short prose description of the contextual
		event.</tagUsage>
      <tagUsage gi="gap" occurs="1">Used to mark points where a short portion of
		speech has not been recorded or has been left untranscribed,
		whether for editorial reasons, as part of the sampling practice,
		or because the material is inaudible or comprises sensitive
		content. The following <att>reason</att> attributes are used to
		mark:
		<list>
		  <label><val>not_recorded</val></label><item>Not recorded
		  speech</item>
		  <label><val>not_transcribed</val></label><item>Not transcribed
		  speech</item>
		</list>
		Further information on the reason for a gap is provided within
		the <att>voice:desc</att> attribute.
		</tagUsage></namespace><namespace name="http://www.univie.ac.at/voice/ns/1.0">
      <tagUsage gi="voice:pvc" occurs="3">Used to mark a pronunciation variation
		or coinage as described in <ref target="http://www.univie.ac.at/voice/documents/VOICE_mark-up_conventions_v2-1.pdf">the
			VOICE mark-up conventions [2.1].</ref>the
			VOICE mark-up conventions [2.1]. An existing word corresponding to the PVC may be provided within a <att>comment</att>comment attribute within the <gi>voice:pvc</gi>voice:pvc element. Additional phonetic
			transcription may be provided within a <att>voice:ipa</att>voice:ipa attribute
			within the <gi>voice:pvc</gi>voice:pvc element.</tagUsage>
      <tagUsage gi="voice:to" occurs="10">Used to mark speech directed towards a
		particular speaker. The <att>who</att>who attribute indicates the
		addressed speaker.</tagUsage>
      <tagUsage gi="voice:track" occurs="3">Used to mark the beginning of a new
		audio track used in transcription (usually three minutes in length) and thus refers to the audio recording
		of the transcribed speech event.
		</tagUsage></namespace></tagsDecl>
      </encodingDesc>
      <profileDesc>
         <textClass>
            <catRef target="#LEcon353_LE #LEcon353_con"/>
            <catRef target="#LE #con"/>
         </textClass>
         <settingDesc>
            <setting>
               <name type="country">ES</name>
               <name type="city">unknown</name>
               <locale>private home</locale>
               <activity>playing with dog</activity>
            </setting>
         </settingDesc>
         <particDesc>
            <listPerson type="main">
               <listPerson type="groups">
                  <personGrp role="speakers" size="5"/>
                  <personGrp role="interactants" size="5"/>
               </listPerson>
               <listPerson type="identified">
                  <person role="participant" sameAs="#P676" xml:id="LEcon353_S5">
                     <age value="2">25-34</age>
                     <sex value="1">male</sex>
                     <langKnowledge>
                        <langKnown level="L1" tag="spa-ES"/>
                     </langKnowledge>
                  </person>
                  <person role="participant" sameAs="#P677" xml:id="LEcon353_S2">
                     <age value="2">25-34</age>
                     <sex value="1">male</sex>
                     <occupation>student</occupation>
                     <langKnowledge>
                        <langKnown level="L1" tag="spa-AR"/>
                     </langKnowledge>
                  </person>
                  <person role="participant" sameAs="#P678" xml:id="LEcon353_S3">
                     <age value="2">25-34</age>
                     <sex value="1">male</sex>
                     <occupation>student</occupation>
                     <langKnowledge>
                        <langKnown level="L1" tag="ger-AT"/>
                     </langKnowledge>
                  </person>
                  <person role="participant" sameAs="#P682" xml:id="LEcon353_S4">
                     <age value="2">25-34</age>
                     <sex value="1">male</sex>
                     <occupation>student</occupation>
                     <langKnowledge>
                        <langKnown level="L1" tag="spa-AR"/>
                     </langKnowledge>
                  </person>
                  <person role="participant" sameAs="#P681" xml:id="LEcon353_S1">
                     <age value="1">17-24</age>
                     <sex value="2">female</sex>
                     <occupation>student</occupation>
                     <langKnowledge>
                        <langKnown level="L1" tag="ger-AT"/>
                     </langKnowledge>
                  </person>
               </listPerson>
               <listPerson type="not_identified">
                  <person sameAs="#SS" xml:id="LEcon353_SS"/>
               </listPerson>
               <relationGrp>
                  <relation mutual="#LEcon353_S1 #LEcon353_S2 #LEcon353_S3 #LEcon353_S4 #LEcon353_S5" name="fairly_symmetrical" type="power"/>
                  <relation mutual="#LEcon353_S1 #LEcon353_S2 #LEcon353_S3 #LEcon353_S4 #LEcon353_S5" name="predominantly_acquainted" type="acquaintedness"/>
               </relationGrp>
            </listPerson>
         </particDesc>
      </profileDesc>
      <revisionDesc>
         <change when="2009-05-19" who="SM">conversion to XML</change>
         <change when="2009-05-11" who="TK">finalized for publication</change>
         <change when="2009-02-25" who="TK">proof-reading</change>
         <change when="2009-02-24" who="TK">checking</change>
         <change when="2007-12-04" who="AW">transcription</change>
      </revisionDesc>
   </teiHeader>
   <text>
      <body>
         <div type="medium" voice:end="01:20" voice:end_medium_number="1" voice:end_track="3" voice:medium_type="md" voice:start="00:00" voice:start_medium_number="1" voice:start_track="1">
            <u who="#LEcon353_S1" xml:id="LEcon353_u_1"><vocal subtype="wordstart" type="wordlike" voice:desc="laughing" voice:syl="3"/></u>
            <u who="#LEcon353_S2" xml:id="LEcon353_u_2"><foreign type="L1" voice:translation="du you understand me spanish or english" xml:lang="spa"> tu me entiendes <pause/> espanol o ingles<c function="fall" type="intonation"/></foreign><pause/></u>
            <u who="#LEcon353_S1" xml:id="LEcon353_u_3"> in- <anchor synch="#LEcon353_oc_1" type="other_continuation" xml:id="LEcon353_oc_0"/></u>
            <u who="#LEcon353_S3" xml:id="LEcon353_u_4"><anchor synch="#LEcon353_oc_0" type="other_continuation" xml:id="LEcon353_oc_1"/> e<c type="lengthening"/>r <foreign type="LN" voice:translation="spanish is" xml:lang="spa"><seg n="1" type="overlap" xml:id="LEcon353_ol_0"> espanol </seg> es es </foreign></u>
            <u who="#LEcon353_S1" xml:id="LEcon353_u_5"><seg n="1" synch="#LEcon353_ol_0" type="overlap" xml:id="LEcon353_ol_1"><foreign type="LN" voice:translation="all of them" xml:lang="spa"> todo </foreign></seg></u>
            <u who="#LEcon353_S1" xml:id="LEcon353_u_6"><foreign type="LN" voice:translation="yes but also spanish" xml:lang="spa"> si pero espanol tambien </foreign><pause/></u>
            <u who="#LEcon353_S2" xml:id="LEcon353_u_7"><foreign type="L1" voice:translation="okay from now on we talk" xml:lang="spa"> claro<c function="fall" type="intonation"/><unclear> pero ahora </unclear> hablar </foreign><anchor synch="#LEcon353_oc_3" type="other_continuation" xml:id="LEcon353_oc_2"/></u>
            <u who="#LEcon353_S1" xml:id="LEcon353_u_8"><anchor synch="#LEcon353_oc_2" type="other_continuation" xml:id="LEcon353_oc_3"/> yeah <pause/> well  </u>
            <u who="#LEcon353_S2" xml:id="LEcon353_u_9"><foreign type="L1" voice:translation="from buenos aires" xml:lang="spa"> a la <pause/> p<c type="lengthening"/>ortene<c function="fall" type="intonation"/></foreign><pause/></u>
            <u who="#LEcon353_S3" xml:id="LEcon353_u_10"><foreign type="L1" voice:translation="what is that" xml:lang="ger"> was ist denn das<c function="rise" type="intonation"/></foreign></u>
            <u who="#LEcon353_S4" xml:id="LEcon353_u_11"> it's <seg n="2" type="overlap" xml:id="LEcon353_ol_2"> the people the people </seg> the people fro<c type="lengthening"/>m <voice:pvc> argentinia<c function="fall" type="intonation"/></voice:pvc><pause/></u>
            <u who="#LEcon353_S1" xml:id="LEcon353_u_12"><seg n="2" synch="#LEcon353_ol_2" type="overlap" xml:id="LEcon353_ol_3"><voice:to who="#LEcon353_S3"><foreign type="L1" voice:translation="put your legs aside" xml:lang="ger"> tu mal deine fuesse ein bisschen zusammen </foreign></voice:to></seg></u>
            <u who="#LEcon353_S3" xml:id="LEcon353_u_13"><foreign type="L1" voice:translation="who is that" xml:lang="ger"> wer ist denn das<c function="rise" type="intonation"/></foreign></u>
            <u who="#LEcon353_S1" xml:id="LEcon353_u_14"> and what's <seg n="3" type="overlap" xml:id="LEcon353_ol_4"> with what's with </seg></u>
            <u who="#LEcon353_S4" xml:id="LEcon353_u_15"><seg n="3" synch="#LEcon353_ol_4" type="overlap" xml:id="LEcon353_ol_5"> but <voice:pvc> argentinia </voice:pvc></seg><unclear> brought </unclear> for from the capital<c function="fall" type="intonation"/> you know from <foreign type="L1" xml:lang="spa"> buenos aires </foreign></u>
            <u who="#LEcon353_S1" xml:id="LEcon353_u_16"> a<c type="lengthening"/><c type="lengthening"/>h yah<c function="fall" type="intonation"/><pause/> i understand </u>
            <u who="#LEcon353_S4" xml:id="LEcon353_u_17"> it's different for me<c function="fall" type="intonation"/><seg n="4" type="overlap" xml:id="LEcon353_ol_6"> because i live in e<c type="lengthening"/>r </seg> two thousand kilometres <seg n="5" type="overlap" xml:id="LEcon353_ol_7"> from </seg><pause/></u>
            <u who="#LEcon353_S1" xml:id="LEcon353_u_18"><seg n="4" synch="#LEcon353_ol_6" type="overlap" xml:id="LEcon353_ol_8"> but what is<c function="rise" type="intonation"/><unclear> speaking </unclear> what what is<c function="rise" type="intonation"/></seg></u>
            <u who="#LEcon353_S1" xml:id="LEcon353_u_19"><seg n="5" synch="#LEcon353_ol_7" type="overlap" xml:id="LEcon353_ol_9"> yah </seg></u>
            <u who="#LEcon353_S4" xml:id="LEcon353_u_20"><foreign type="L1" xml:lang="spa"> buenos aires<c function="fall" type="intonation"/></foreign><pause/> yes too different<c function="fall" type="intonation"/> for me it's difficult  </u>
            <u who="#LEcon353_S3" xml:id="LEcon353_u_21"> he has a lovely house and there's a lovely lake and a <pause/> l<c type="lengthening"/>ovely mountain <pause/></u>
            <u who="#LEcon353_S1" xml:id="LEcon353_u_22"> everything is lovely okay<c function="fall" type="intonation"/></u>
            <u who="#LEcon353_SS" xml:id="LEcon353_u_23"><vocal subtype="wordstart" type="wordlike" voice:desc="laughing" voice:syl="2"/></u>
            <u who="#LEcon353_S3" xml:id="LEcon353_u_24"> no it's it's like hut <foreign type="L1" voice:translation="it's as if you thumb through a picture book" xml:lang="ger"> es ist wie wenn wie wenn du im bilderbuch blaetterst </foreign></u>
            <u who="#LEcon353_S1" xml:id="LEcon353_u_25"> so <seg n="6" type="overlap" xml:id="LEcon353_ol_10"> what is <emph> he </emph> speaking then<c function="fall" type="intonation"/></seg><pause/></u>
            <u who="#LEcon353_S2" xml:id="LEcon353_u_26"><seg n="6" synch="#LEcon353_ol_10" type="overlap" xml:id="LEcon353_ol_11"><foreign type="L1" xml:lang="spa"><supplied reason="unintelligible"> xxxx </supplied></foreign></seg></u>
            <u who="#LEcon353_S2" xml:id="LEcon353_u_27"><seg n="7" type="overlap" xml:id="LEcon353_ol_12"> what<c function="rise" type="intonation"/></seg></u>
            <u who="#LEcon353_S3" xml:id="LEcon353_u_28"><seg n="7" synch="#LEcon353_ol_12" type="overlap" xml:id="LEcon353_ol_13"><foreign type="L1" voice:translation="strange" xml:lang="ger"> komisch </foreign></seg></u>
            <u who="#LEcon353_S1" xml:id="LEcon353_u_29"> what is <emph> he </emph> speaking then<c function="fall" type="intonation"/> double <pause/> speed<c function="rise" type="intonation"/> or <shift corresp="#LEcon353_s_2" feature="voice" new="laugh" xml:id="LEcon353_s_1"/> what <shift corresp="#LEcon353_s_1" feature="voice" new="neutral" xml:id="LEcon353_s_2"/><vocal subtype="wordstart" type="wordlike" voice:desc="laughing" voice:syl="3"/></u>
            <u who="#LEcon353_S3" xml:id="LEcon353_u_30"><vocal subtype="wordstart" type="wordlike" voice:desc="laughing" voice:syl="4"/></u>
            <u who="#LEcon353_S1" xml:id="LEcon353_u_31"> it's <emph> that </emph> difficult for me to understand your spanish </u>
            <u who="#LEcon353_S3" xml:id="LEcon353_u_32"> yeah but he's speaking<c function="fall" type="intonation"/><pause/><voice:to who="#LEcon353_S2"><seg n="1" type="overlap" xml:id="LEcon353_ol_14"> you're speaking </seg><foreign type="LN" voice:translation="very fast" xml:lang="spa"> muy muy muy rapido </foreign></voice:to></u>
            <u who="#LEcon353_S4" xml:id="LEcon353_u_33"><seg n="1" synch="#LEcon353_ol_14" type="overlap" xml:id="LEcon353_ol_15"><foreign type="L1" xml:lang="spa"><supplied reason="unintelligible"> xxx </supplied></foreign></seg></u>
            <u who="#LEcon353_S4" xml:id="LEcon353_u_34"><foreign type="L1" voice:translation="he speaks the spanish from buenos aires very fast" xml:lang="spa"> habla habla habla el espanol de buenos aires muy rapido </foreign><anchor synch="#LEcon353_oc_5" type="other_continuation" xml:id="LEcon353_oc_4"/></u>
            <u who="#LEcon353_S2" xml:id="LEcon353_u_35"><anchor synch="#LEcon353_oc_4" type="other_continuation" xml:id="LEcon353_oc_5"/><foreign type="L1" xml:lang="spa"><supplied reason="unintelligible"> x xx xxx x x </supplied></foreign><anchor synch="#LEcon353_oc_5" type="other_continuation" xml:id="LEcon353_oc_6"/></u>
            <u who="#LEcon353_S1" xml:id="LEcon353_u_36"><anchor synch="#LEcon353_oc_6" type="other_continuation" xml:id="LEcon353_oc_7"/><foreign type="LN" voice:translation="him but you" xml:lang="spa"> el pero tu </foreign></u>
            <u who="#LEcon353_S4" xml:id="LEcon353_u_37"><foreign type="L1" voice:translation="no him" xml:lang="spa"> no el </foreign></u>
            <u who="#LEcon353_S1" xml:id="LEcon353_u_38"> er <foreign type="LN" voice:translation="him or you." xml:lang="spa"> el <emph> o </emph> tu<c function="fall" type="intonation"/></foreign><anchor synch="#LEcon353_oc_9" type="other_continuation" xml:id="LEcon353_oc_8"/></u>
            <u who="#LEcon353_S4" xml:id="LEcon353_u_39"><anchor synch="#LEcon353_oc_8" type="other_continuation" xml:id="LEcon353_oc_9"/><foreign type="L1" voice:translation="i'm the calmer one" xml:lang="spa"> soy el mas tranquilo </foreign></u>
            <u who="#LEcon353_S2" xml:id="LEcon353_u_40"><foreign type="L1" voice:translation="but he's not from buenos aires he's from the south" xml:lang="spa"> pero no es de buenos <seg n="9" type="overlap" xml:id="LEcon353_ol_16"> aires <pause/> el es del sur </seg></foreign></u>
            <u who="#LEcon353_S3" xml:id="LEcon353_u_41"><foreign type="L1" voice:translation="no he speaks extremely fast" xml:lang="ger"><seg n="9" synch="#LEcon353_ol_16" type="overlap" xml:id="LEcon353_ol_17"> nein <emph> er </emph></seg> spricht extrem schnell </foreign></u>
            <u who="#LEcon353_S1" xml:id="LEcon353_u_42"><foreign type="L1" xml:lang="ger"> ja eh </foreign><seg n="2" type="overlap" xml:id="LEcon353_ol_18"> er <foreign type="LN" voice:translation="i know that" xml:lang="spa"> yo lo se </foreign></seg><pause dur="PT2S"/></u>
            <u who="#LEcon353_S3" xml:id="LEcon353_u_43"><seg n="2" synch="#LEcon353_ol_18" type="overlap" xml:id="LEcon353_ol_19"><foreign type="L1" voice:translation="extremely" xml:lang="ger"> extrem </foreign></seg></u>
            <u who="#LEcon353_S1" xml:id="LEcon353_u_44"><foreign type="LN" xml:lang="spa"> si </foreign><anchor synch="#LEcon353_oc_11" type="other_continuation" xml:id="LEcon353_oc_10"/></u>
            <u who="#LEcon353_S2" xml:id="LEcon353_u_45"><anchor synch="#LEcon353_oc_10" type="other_continuation" xml:id="LEcon353_oc_11"/><seg n="3" type="overlap" xml:id="LEcon353_ol_20"> he's not from <foreign type="L1" xml:lang="spa"> buenos aires </foreign></seg><pause/></u>
            <u who="#LEcon353_S4" xml:id="LEcon353_u_46"><seg n="3" synch="#LEcon353_ol_20" type="overlap" xml:id="LEcon353_ol_21"><foreign type="L1" voice:translation="in argentina" xml:lang="spa"> en en argentina<c function="rise" type="intonation"/></foreign></seg></u>
            <u who="#LEcon353_S3" xml:id="LEcon353_u_47"><seg n="4" type="overlap" xml:id="LEcon353_ol_22"><foreign type="L1" xml:lang="ger"> und er </foreign></seg></u>
            <u who="#LEcon353_S4" xml:id="LEcon353_u_48"><foreign type="L1" voice:translation="in the north of argentina or in the south there are almost different languages very distinct" xml:lang="spa"><seg n="4" synch="#LEcon353_ol_22" type="overlap" xml:id="LEcon353_ol_23"> en el no</seg>rte de argentina o en el sur son idiomas <pause/> casi diferentes <pause/> muy distintos </foreign><anchor synch="#LEcon353_oc_13" type="other_continuation" xml:id="LEcon353_oc_12"/></u>
            <u who="#LEcon353_S1" xml:id="LEcon353_u_49"><anchor synch="#LEcon353_oc_12" type="other_continuation" xml:id="LEcon353_oc_13"/><foreign type="LN" voice:translation="yes and which language does he speak" xml:lang="spa"> si<c function="fall" type="intonation"/><pause/> y que idioma habla el<c function="rise" type="intonation"/></foreign><seg n="5" type="overlap" xml:id="LEcon353_ol_24"><foreign type="LN" xml:lang="spa"> porque yo no comprendo </foreign></seg></u>
            <u who="#LEcon353_S3" xml:id="LEcon353_u_50"><voice:to who="#LEcon353_S4"><seg n="5" synch="#LEcon353_ol_24" type="overlap" xml:id="LEcon353_ol_25"> can i take your dog with me<c function="rise" type="intonation"/></seg></voice:to></u>
            <u who="#LEcon353_S4" xml:id="LEcon353_u_51"><foreign type="L1" voice:translation="from buenos aires" xml:lang="spa"> porteno </foreign></u>
            <u who="#LEcon353_S1" xml:id="LEcon353_u_52"><foreign type="LN" voice:translation="from buenos aires" xml:lang="spa"><w voice:mode="spelt">  por te no  </w></foreign></u>
            <u who="#LEcon353_S3" xml:id="LEcon353_u_53"><voice:to who="#LEcon353_S4"> now </voice:to></u>
            <u who="#LEcon353_S1" xml:id="LEcon353_u_54"><foreign type="LN" voice:translation="all right i have to learn porteno" xml:lang="spa"> bueno <pause/> tengo que estudiar<c function="rise" type="intonation"/> porteno </foreign><anchor synch="#LEcon353_oc_15" type="other_continuation" xml:id="LEcon353_oc_14"/></u>
            <u who="#LEcon353_S3" xml:id="LEcon353_u_55"><anchor synch="#LEcon353_oc_14" type="other_continuation" xml:id="LEcon353_oc_15"/><voice:to who="#LEcon353_S4"> he's so love- <pause/><shift corresp="#LEcon353_s_4" feature="loud" new="f" xml:id="LEcon353_s_3"/> he's eating my <emph> shoe </emph><shift corresp="#LEcon353_s_3" feature="loud" new="neutral" xml:id="LEcon353_s_4"/></voice:to></u>
            <u who="#LEcon353_S2" xml:id="LEcon353_u_56"><voice:to who="#LEcon353_S3"> i know<c function="rise" type="intonation"/></voice:to><pause/><vocal subtype="wordstart" type="wordlike" voice:desc="laughing" voice:syl="1"/><anchor synch="#LEcon353_oc_17" type="other_continuation" xml:id="LEcon353_oc_16"/></u>
            <u who="#LEcon353_S3" xml:id="LEcon353_u_57"><anchor synch="#LEcon353_oc_16" type="other_continuation" xml:id="LEcon353_oc_17"/><vocal subtype="wordstart" type="wordlike" voice:desc="laughing" voice:syl="3"/><seg n="6" type="overlap" xml:id="LEcon353_ol_26">  i leave him there<c function="fall" type="intonation"/> i <emph> leave </emph> you there<c function="fall" type="intonation"/></seg></u>
            <u who="#LEcon353_S2" xml:id="LEcon353_u_58"><seg n="6" synch="#LEcon353_ol_26" type="overlap" xml:id="LEcon353_ol_27"><supplied reason="unintelligible"> xxxx </supplied></seg> explain <foreign type="L1" voice:translation="don't eat the shoes" xml:lang="spa"> todo<c function="rise" type="intonation"/><seg n="7" type="overlap" xml:id="LEcon353_ol_28"> no te </seg> comas los zapatitos<c function="fall" type="intonation"/></foreign><pause dur="PT1S"/></u>
            <u who="#LEcon353_S1" xml:id="LEcon353_u_59"><seg n="7" synch="#LEcon353_ol_28" type="overlap" xml:id="LEcon353_ol_29"><foreign type="LN" voice:translation="from buenos aires" xml:lang="spa"><w voice:mode="spelt">  por te no  </w></foreign></seg></u>
            <u who="#LEcon353_S2" xml:id="LEcon353_u_60"><seg n="1" type="overlap" xml:id="LEcon353_ol_30"><foreign type="L1" voice:translation="don't eat shoes" xml:lang="spa"> no te comas los zapatitos </foreign></seg></u>
            <u who="#LEcon353_S4" xml:id="LEcon353_u_61"><seg n="1" synch="#LEcon353_ol_30" type="overlap" xml:id="LEcon353_ol_31"><foreign type="L1" voice:translation="in the north of argentina" xml:lang="spa"> en el norte de argentina </foreign></seg><anchor synch="#LEcon353_oc_19" type="other_continuation" xml:id="LEcon353_oc_18"/></u>
            <u who="#LEcon353_S3" xml:id="LEcon353_u_62"><incident voice:desc="speaks with the dog"/> we don't eat shoes <anchor synch="#LEcon353_oc_20" type="other_continuation" xml:id="LEcon353_oc_19"/></u>
            <u who="#LEcon353_S4" xml:id="LEcon353_u_63"><anchor synch="#LEcon353_oc_19" type="other_continuation" xml:id="LEcon353_oc_20"/><foreign type="L1" voice:translation="they speak in a singing way" xml:lang="spa"> hablan cantando </foreign></u>
            <u who="#LEcon353_S3" xml:id="LEcon353_u_64"><incident voice:desc="speaks with the dog"/> you've <seg n="2" type="overlap" xml:id="LEcon353_ol_32"> been a good </seg> good <seg n="3" type="overlap" xml:id="LEcon353_ol_33"> good </seg> boy </u>
            <u who="#LEcon353_S1" xml:id="LEcon353_u_65"><seg n="2" synch="#LEcon353_ol_32" type="overlap" xml:id="LEcon353_ol_34"><foreign type="LN" voice:translation="singing" xml:lang="spa"> cantando </foreign></seg></u>
            <u who="#LEcon353_S4" xml:id="LEcon353_u_66"><seg n="3" synch="#LEcon353_ol_33" type="overlap" xml:id="LEcon353_ol_35"> mhm </seg></u>
            <u who="#LEcon353_S1" xml:id="LEcon353_u_67"><foreign type="LN" voice:translation="singing or" xml:lang="spa"> cantando o </foreign> is </u>
            <u who="#LEcon353_S4" xml:id="LEcon353_u_68"> sinking </u>
            <u who="#LEcon353_S2" xml:id="LEcon353_u_69"><seg n="4" type="overlap" xml:id="LEcon353_ol_36"> singing </seg></u>
            <u who="#LEcon353_S1" xml:id="LEcon353_u_70"><seg n="4" synch="#LEcon353_ol_36" type="overlap" xml:id="LEcon353_ol_37"> singing </seg> yeah </u>
            <u who="#LEcon353_S2" xml:id="LEcon353_u_71"> ca- </u>
            <u who="#LEcon353_S1" xml:id="LEcon353_u_72"><foreign type="LN" voice:translation="singing" xml:lang="spa"> cantando </foreign> a<c type="lengthening"/>h <pause/><vocal subtype="wordstart" type="wordlike" voice:desc="laughing" voice:syl="1"/> so that's not <seg n="5" type="overlap" xml:id="LEcon353_ol_38"><unclear> to do with </unclear> the language so i just wanted to say <emph> oh </emph> it's the same </seg> lan- <pause/><foreign type="LN" voice:translation="singing and" xml:lang="spa"> cantando y </foreign><anchor synch="#LEcon353_oc_22" type="other_continuation" xml:id="LEcon353_oc_21"/></u>
            <u who="#LEcon353_S4" xml:id="LEcon353_u_73"><seg n="5" synch="#LEcon353_ol_38" type="overlap" xml:id="LEcon353_ol_39"><shift corresp="#LEcon353_s_6" feature="voice" new="singing" xml:id="LEcon353_s_5"/> ah<c function="rise" type="intonation"/> yea<c type="lengthening"/><c type="lengthening"/>h yea<c type="lengthening"/><c type="lengthening"/>h yeah yeah yeah <shift corresp="#LEcon353_s_5" feature="voice" new="neutral" xml:id="LEcon353_s_6"/></seg></u>
            <u who="#LEcon353_S4" xml:id="LEcon353_u_74"><anchor synch="#LEcon353_oc_21" type="other_continuation" xml:id="LEcon353_oc_22"/> mhm <anchor synch="#LEcon353_oc_24" type="other_continuation" xml:id="LEcon353_oc_23"/></u>
            <u who="#LEcon353_S1" xml:id="LEcon353_u_75"><anchor synch="#LEcon353_oc_23" type="other_continuation" xml:id="LEcon353_oc_24"/> and he doesn't do that<c function="fall" type="intonation"/><pause/><seg n="6" type="overlap" xml:id="LEcon353_ol_40"> no he doesn't do that <shift corresp="#LEcon353_s_8" feature="voice" new="singing" xml:id="LEcon353_s_7"/> yah yah yah yah <shift corresp="#LEcon353_s_7" feature="voice" new="neutral" xml:id="LEcon353_s_8"/></seg><shift corresp="#LEcon353_s_10" feature="voice" new="singing" xml:id="LEcon353_s_9"/> yah yah <shift corresp="#LEcon353_s_9" feature="voice" new="neutral" xml:id="LEcon353_s_10"/> i know i see that<c function="fall" type="intonation"/></u>
            <u who="#LEcon353_S4" xml:id="LEcon353_u_76"><seg n="6" synch="#LEcon353_ol_40" type="overlap" xml:id="LEcon353_ol_41"><foreign type="L1" voice:translation="now speaking fast very fast" xml:lang="spa"><unclear> ahora </unclear> hablar rapido<c function="fall" type="intonation"/> muy rapi- rapido </foreign></seg></u>
            <u who="#LEcon353_S3" xml:id="LEcon353_u_77"><incident voice:desc="speaking to the dog"/><vocal type="speaker_noise" voice:desc="smacks lips"/><vocal type="speaker_noise" voice:desc="smacks lips"/><vocal type="speaker_noise" voice:desc="smacks lips"/></u>
            <u who="#LEcon353_S1" xml:id="LEcon353_u_78"> i don't understand you </u>
            <u who="#LEcon353_S5" xml:id="LEcon353_u_79"> that's good for a thesis <pause/></u>
            <u who="#LEcon353_S1" xml:id="LEcon353_u_80"><vocal subtype="wordstart" type="wordlike" voice:desc="laughing" voice:syl="2"/><seg n="7" type="overlap" xml:id="LEcon353_ol_42"><vocal subtype="wordstart" type="wordlike" voice:desc="laughing" voice:syl="2"/></seg></u>
            <u who="#LEcon353_S5" xml:id="LEcon353_u_81"><seg n="7" synch="#LEcon353_ol_42" type="overlap" xml:id="LEcon353_ol_43"><vocal subtype="wordstart" type="wordlike" voice:desc="laughing" voice:syl="2"/></seg><vocal subtype="wordstart" type="wordlike" voice:desc="laughing" voice:syl="2"/>  different kind of a <seg n="8" type="overlap" xml:id="LEcon353_ol_44"> spanish </seg></u>
            <u who="#LEcon353_S1" xml:id="LEcon353_u_82"><seg n="8" synch="#LEcon353_ol_44" type="overlap" xml:id="LEcon353_ol_45"> yea<c type="lengthening"/>h </seg><pause dur="PT1S"/> so maybe i should change my topic or something <shift corresp="#LEcon353_s_12" feature="voice" new="laugh" xml:id="LEcon353_s_11"/> like <seg n="9" type="overlap" xml:id="LEcon353_ol_46"> that </seg><shift corresp="#LEcon353_s_11" feature="voice" new="neutral" xml:id="LEcon353_s_12"/></u>
            <u who="#LEcon353_S5" xml:id="LEcon353_u_83"><seg n="9" synch="#LEcon353_ol_46" type="overlap" xml:id="LEcon353_ol_47"><vocal subtype="wordstart" type="wordlike" voice:desc="laughing" voice:syl="2"/><vocal subtype="wordstart" type="wordlike" voice:desc="laughing" voice:syl="2"/></seg></u>
            <u who="#LEcon353_S4" xml:id="LEcon353_u_84"><vocal subtype="wordstart" type="wordlike" voice:desc="laughing" voice:syl="2"/></u>
            <u who="#LEcon353_S3" xml:id="LEcon353_u_85"><voice:to who="#LEcon353_S4"><seg n="6" type="overlap" xml:id="LEcon353_ol_48"> he's so<c type="lengthening"/></seg><seg n="7" type="overlap" xml:id="LEcon353_ol_49"> so<c type="lengthening"/><shift corresp="#LEcon353_s_14" feature="loud" new="f" xml:id="LEcon353_s_13"/><emph> so </emph><emph> cute </emph><shift corresp="#LEcon353_s_13" feature="loud" new="neutral" xml:id="LEcon353_s_14"/></seg></voice:to></u>
            <u who="#LEcon353_S5" xml:id="LEcon353_u_86"><seg n="6" synch="#LEcon353_ol_48" type="overlap" xml:id="LEcon353_ol_50"><supplied reason="unintelligible"> x </supplied></seg></u>
            <u who="#LEcon353_S1" xml:id="LEcon353_u_87"><seg n="7" synch="#LEcon353_ol_49" type="overlap" xml:id="LEcon353_ol_51"> but then we have to meet again because i have to </seg> write <seg n="1" type="overlap" xml:id="LEcon353_ol_52"> one </seg> hundred pages and </u>
            <u who="#LEcon353_S4" xml:id="LEcon353_u_88"><voice:to who="#LEcon353_S3"><seg n="1" synch="#LEcon353_ol_52" type="overlap" xml:id="LEcon353_ol_53"> yeah </seg></voice:to></u>
            <u who="#LEcon353_S4" xml:id="LEcon353_u_89"><voice:to who="#LEcon353_S3"> yeah sometimes when i i'm there watching tv<c function="rise" type="intonation"/><pause/> e<c type="lengthening"/>r he brings little things he wants to play <pause/> and sometimes i'm watching a movie or something like that i don't want <seg n="2" type="overlap" xml:id="LEcon353_ol_54"> so </seg></voice:to></u>
            <u who="#LEcon353_S1" xml:id="LEcon353_u_90"><seg n="2" synch="#LEcon353_ol_54" type="overlap" xml:id="LEcon353_ol_55"> you </seg> do<c function="rise" type="intonation"/><seg n="3" type="overlap" xml:id="LEcon353_ol_56"> really<c function="rise" type="intonation"/></seg></u>
            <u who="#LEcon353_S4" xml:id="LEcon353_u_91"><seg n="3" synch="#LEcon353_ol_56" type="overlap" xml:id="LEcon353_ol_57"> he </seg> he insist<c function="fall" type="intonation"/> he he bring it here <incident voice:desc="dog makes noises"/> or like hey <pause/> and <supplied reason="unintelligible"> xx </supplied><incident voice:desc="dog makes noises"/><seg n="4" type="overlap" xml:id="LEcon353_ol_58"> and i say hey </seg><seg n="5" type="overlap" xml:id="LEcon353_ol_59"> relax<c function="fall" type="intonation"/></seg></u>
            <u who="#LEcon353_S1" xml:id="LEcon353_u_92"><seg n="4" synch="#LEcon353_ol_58" type="overlap" xml:id="LEcon353_ol_60"> but he's nice <foreign type="L1" voice:translation="he's really nice" xml:lang="ger"> er ist wirklich lieb </foreign></seg></u>
            <u who="#LEcon353_S3" xml:id="LEcon353_u_93"><seg n="5" synch="#LEcon353_ol_59" type="overlap" xml:id="LEcon353_ol_61"> er ist voll lieb <incident voice:desc="he's very nice"/></seg></u>
            <u who="#LEcon353_S1" xml:id="LEcon353_u_94"> and i don't like dogs but he's nice </u>
            <u who="#LEcon353_S3" xml:id="LEcon353_u_95"> yeah she told me <pause/><emph> i </emph> told her well  </u>
            <u who="#LEcon353_S1" xml:id="LEcon353_u_96"> yeah <anchor synch="#LEcon353_oc_26" type="other_continuation" xml:id="LEcon353_oc_25"/></u>
            <u who="#LEcon353_S3" xml:id="LEcon353_u_97"><anchor synch="#LEcon353_oc_25" type="other_continuation" xml:id="LEcon353_oc_26"/> i'm going to get my dog tomorrow no<c function="rise" type="intonation"/> cos my mum is going to madrid<c function="fall" type="intonation"/></u>
            <u who="#LEcon353_S1" xml:id="LEcon353_u_98"> ur  </u>
            <u who="#LEcon353_S3" xml:id="LEcon353_u_99"> and she said <shift corresp="#LEcon353_s_16" feature="voice" new="imitating" xml:id="LEcon353_s_15"/> no i don't like that <seg type="onomatopoeia"> brbrm </seg><shift corresp="#LEcon353_s_15" feature="voice" new="neutral" xml:id="LEcon353_s_16"/> but i said <pause/> well we going tomorrow and he's a dog as well<c function="rise" type="intonation"/><pause/> okay <seg n="6" type="overlap" xml:id="LEcon353_ol_62"><vocal subtype="wordstart" type="wordlike" voice:desc="laughing" voice:syl="2"/></seg></u>
            <u who="#LEcon353_S1" xml:id="LEcon353_u_100"><seg n="6" synch="#LEcon353_ol_62" type="overlap" xml:id="LEcon353_ol_63"> yeah i like </seg> your dog as well<c function="fall" type="intonation"/><shift corresp="#LEcon353_s_18" feature="tempo" new="a" xml:id="LEcon353_s_17"/> a friend of mine has a dog and it was really cute <shift corresp="#LEcon353_s_17" feature="tempo" new="neutral" xml:id="LEcon353_s_18"/><pause dur="PT1S"/> but some dogs <emph> aren't </emph><c function="fall" type="intonation"/> and some dogs are stinking and <pause/><seg n="7" type="overlap" xml:id="LEcon353_ol_64"> maybe old dogs </seg></u>
            <u who="#LEcon353_S4" xml:id="LEcon353_u_101"><seg n="7" synch="#LEcon353_ol_64" type="overlap" xml:id="LEcon353_ol_65"> no he he this one </seg> this one is a he he he <seg n="1" type="overlap" xml:id="LEcon353_ol_66"> needs a shower </seg><pause/></u>
            <u who="#LEcon353_S1" xml:id="LEcon353_u_102"><seg n="1" synch="#LEcon353_ol_66" type="overlap" xml:id="LEcon353_ol_67"> but he's nice you know </seg></u>
            <u who="#LEcon353_S4" xml:id="LEcon353_u_103"> maybe tomorrow <seg n="2" type="overlap" xml:id="LEcon353_ol_68"> or sunday </seg></u>
            <u who="#LEcon353_S1" xml:id="LEcon353_u_104"><seg n="2" synch="#LEcon353_ol_68" type="overlap" xml:id="LEcon353_ol_69"> really<c function="rise" type="intonation"/></seg><pause/><incident voice:desc="turning to the dog"/> oh you didn't tell me that you need a shower </u>
            <u who="#LEcon353_S5" xml:id="LEcon353_u_105"><vocal subtype="wordstart" type="wordlike" voice:desc="laughing" voice:syl="2"/></u>
            <u who="#LEcon353_S1" xml:id="LEcon353_u_106"><incident voice:desc="speaking to the dog"/> and you were touching me all the time </u>
            <u who="#LEcon353_S4" xml:id="LEcon353_u_107"><seg n="3" type="overlap" xml:id="LEcon353_ol_70"> no he he's <supplied reason="unintelligible"> xx </supplied> but er </seg></u>
            <u who="#LEcon353_S3" xml:id="LEcon353_u_108"><seg n="3" synch="#LEcon353_ol_70" type="overlap" xml:id="LEcon353_ol_71"><foreign type="L1" voice:translation="he doesn't care much about that i think" xml:lang="ger"> das ist ihm aber relativ wurscht glaub ich </foreign></seg></u>
            <u who="#LEcon353_S1" xml:id="LEcon353_u_109"> you are ugly </u>
            <u who="#LEcon353_S3" xml:id="LEcon353_u_110"><seg n="4" type="overlap" xml:id="LEcon353_ol_72"> no he's <emph> not </emph> ugly </seg></u>
            <u who="#LEcon353_S4" xml:id="LEcon353_u_111"><seg n="4" synch="#LEcon353_ol_72" type="overlap" xml:id="LEcon353_ol_73"> no no he's not ugly </seg> no he's not ugly </u>
            <u who="#LEcon353_S1" xml:id="LEcon353_u_112"><seg n="4" synch="#LEcon353_ol_72" type="overlap" xml:id="LEcon353_ol_74"><vocal subtype="wordstart" type="wordlike" voice:desc="laughing" voice:syl="7"/></seg></u>
            <u who="#LEcon353_S3" xml:id="LEcon353_u_113"><emph> god </emph></u>
            <u who="#LEcon353_S4" xml:id="LEcon353_u_114"> no he's not ugly <seg n="5" type="overlap" xml:id="LEcon353_ol_75"> but er </seg></u>
            <u who="#LEcon353_S1" xml:id="LEcon353_u_115"><seg n="5" synch="#LEcon353_ol_75" type="overlap" xml:id="LEcon353_ol_76"> remember </seg> i'm the one who doesn't like dogs </u>
            <u who="#LEcon353_S3" xml:id="LEcon353_u_116"> no he's really he's <seg n="9" type="overlap" xml:id="LEcon353_ol_77"> really clean<c function="fall" type="intonation"/></seg></u>
            <u who="#LEcon353_S5" xml:id="LEcon353_u_117"><foreign type="L1" voice:translation="tomorrow i'll present rufo to you" xml:lang="spa"><seg n="9" synch="#LEcon353_ol_77" type="overlap" xml:id="LEcon353_ol_78"> manana te presento </seg> a rufo </foreign></u>
            <u who="#LEcon353_S1" xml:id="LEcon353_u_118"><shift corresp="#LEcon353_s_20" feature="voice" new="laugh" xml:id="LEcon353_s_19"/> i see <shift corresp="#LEcon353_s_19" feature="voice" new="neutral" xml:id="LEcon353_s_20"/></u>
            <u who="#LEcon353_S3" xml:id="LEcon353_u_119"> rufo <pause/><voice:track medium="1" num="2" type="md"/><emph> no </emph></u>
            <u who="#LEcon353_S1" xml:id="LEcon353_u_120"> who is it </u>
            <u who="#LEcon353_S3" xml:id="LEcon353_u_121"> he's like </u>
            <u who="#LEcon353_S5" xml:id="LEcon353_u_122"><emph> my </emph> dog </u>
            <u who="#LEcon353_S1" xml:id="LEcon353_u_123"><seg n="6" type="overlap" xml:id="LEcon353_ol_79"> you have a </seg><seg n="7" type="overlap" xml:id="LEcon353_ol_80"><emph> dog </emph><c function="rise" type="intonation"/></seg></u>
            <u who="#LEcon353_S3" xml:id="LEcon353_u_124"><seg n="6" synch="#LEcon353_ol_79" type="overlap" xml:id="LEcon353_ol_81"> what </seg><seg n="7" synch="#LEcon353_ol_80" type="overlap" xml:id="LEcon353_ol_82"><emph> what </emph><c function="rise" type="intonation"/></seg></u>
            <u who="#LEcon353_S3" xml:id="LEcon353_u_125"><seg n="1" type="overlap" xml:id="LEcon353_ol_83"> is it your dog now </seg></u>
            <u who="#LEcon353_S5" xml:id="LEcon353_u_126"><seg n="1" synch="#LEcon353_ol_83" type="overlap" xml:id="LEcon353_ol_84"> he <unclear> stops </unclear> stops <unclear> leaving </unclear> for the <unclear> dive center </unclear></seg></u>
            <u who="#LEcon353_S1" xml:id="LEcon353_u_127"> i wouldn't have entered your <emph> house </emph> if i knew that </u>
            <u who="#LEcon353_S3" xml:id="LEcon353_u_128"> no no no no <seg n="2" type="overlap" xml:id="LEcon353_ol_85"> no no </seg> he is in the diving center and he's </u>
            <u who="#LEcon353_S5" xml:id="LEcon353_u_129"><seg n="2" synch="#LEcon353_ol_85" type="overlap" xml:id="LEcon353_ol_86"> in the diving center </seg></u>
            <u who="#LEcon353_S1" xml:id="LEcon353_u_130"> diving center<c function="rise" type="intonation"/><anchor synch="#LEcon353_oc_28" type="other_continuation" xml:id="LEcon353_oc_27"/></u>
            <u who="#LEcon353_S3" xml:id="LEcon353_u_131"><anchor synch="#LEcon353_oc_27" type="other_continuation" xml:id="LEcon353_oc_28"/><foreign type="L1" voice:translation="he fits" xml:lang="ger"> er passt auf's </foreign></u>
            <u who="#LEcon353_S1" xml:id="LEcon353_u_132"> ah yah yah <seg n="9" type="overlap" xml:id="LEcon353_ol_87"> you are the diver </seg></u>
            <u who="#LEcon353_S3" xml:id="LEcon353_u_133"><seg n="9" synch="#LEcon353_ol_87" type="overlap" xml:id="LEcon353_ol_88"><foreign type="L1" voice:translation="often into the room" xml:lang="ger"> oft in das zimmer </foreign></seg><pause/><shift corresp="#LEcon353_s_22" feature="voice" new="laugh" xml:id="LEcon353_s_21"/><seg n="3" type="overlap" xml:id="LEcon353_ol_89"> you are </seg> the diver <shift corresp="#LEcon353_s_21" feature="voice" new="neutral" xml:id="LEcon353_s_22"/><anchor synch="#LEcon353_oc_30" type="other_continuation" xml:id="LEcon353_oc_29"/></u>
            <u who="#LEcon353_S4" xml:id="LEcon353_u_134"><seg n="3" synch="#LEcon353_ol_89" type="overlap" xml:id="LEcon353_ol_90"> now he's er </seg></u>
            <u who="#LEcon353_S1" xml:id="LEcon353_u_135"><anchor synch="#LEcon353_oc_29" type="other_continuation" xml:id="LEcon353_oc_30"/><vocal subtype="wordstart" type="wordlike" voice:desc="laughing" voice:syl="5"/></u>
            <u who="#LEcon353_S3" xml:id="LEcon353_u_136"><shift corresp="#LEcon353_s_24" feature="voice" new="laugh" xml:id="LEcon353_s_23"/><seg n="4" type="overlap" xml:id="LEcon353_ol_91"> you are the </seg> man who's always under water <shift corresp="#LEcon353_s_23" feature="voice" new="neutral" xml:id="LEcon353_s_24"/></u>
            <u who="#LEcon353_S4" xml:id="LEcon353_u_137"><seg n="4" synch="#LEcon353_ol_91" type="overlap" xml:id="LEcon353_ol_92"> he's he's </seg></u>
            <u who="#LEcon353_S1" xml:id="LEcon353_u_138"><vocal subtype="wordstart" type="wordlike" voice:desc="laughing" voice:syl="4"/></u>
            <u who="#LEcon353_S4" xml:id="LEcon353_u_139"> he's not too clean now because er he's with me er every he's coming with me to the warehouse <incident voice:desc="parallel conversation between S1 and S5 starts"/> where i'm working <pause/><supplied reason="unintelligible"> xx x x </supplied></u>
            <u who="#LEcon353_S3" xml:id="LEcon353_u_140"> no but he is <seg n="5" type="overlap" xml:id="LEcon353_ol_93"> clean for me<c function="fall" type="intonation"/></seg><vocal type="speaker_noise" voice:desc="smacks lips"/> really  </u>
            <u who="#LEcon353_S4" xml:id="LEcon353_u_141"><seg n="5" synch="#LEcon353_ol_93" type="overlap" xml:id="LEcon353_ol_94"> and er he's </seg></u>
            <u who="#LEcon353_S4" xml:id="LEcon353_u_142"> he's in the er you know the floors are full of er dust <pause/><incident voice:desc="parallel conversation between S1 and S5 continues"/> e<c type="lengthening"/>rm sand you have sand in the<c type="lengthening"/> erm all the boxes <supplied reason="unintelligible"> xxx </supplied> so he's got white dust<c function="rise" type="intonation"/><pause/> all over so he is </u>
            <u who="#LEcon353_S3" xml:id="LEcon353_u_143"> you cannot see it <pause dur="PT1S"/><incident voice:desc="parallel conversation between S1 and S5 continues"/> no he he is beautiful </u>
            <u who="#LEcon353_S4" xml:id="LEcon353_u_144"> hm <pause dur="PT1S"/><incident voice:desc="parallel conversation between S1 and S5 continues"/></u>
            <u who="#LEcon353_S3" xml:id="LEcon353_u_145"> he's really really beautiful<c function="fall" type="intonation"/><pause dur="PT1S"/> and his his face is like<c function="fall" type="intonation"/><vocal type="speaker_noise" voice:desc="smacks lips"/><pause/> he's really <pause/> really <pause/><emph> re</emph>ally amazing<c function="fall" type="intonation"/><pause dur="PT2S"/><incident voice:desc="parallel conversation between S1 and S5 continues"/></u>
            <u who="#LEcon353_S4" xml:id="LEcon353_u_146"> i take him with me e<c type="lengthening"/>rm <pause/> one month ago<c function="rise" type="intonation"/><pause/> er we went with <supplied reason="anonymization"> [first name1] </supplied> one of my neighbors <pause/> it's a friend e<c type="lengthening"/>r he brings his dog also and we went erm <vocal type="speaker_noise" voice:desc="smacks lips"/> climbing all the way up following the <foreign type="L1" xml:lang="spa"> rio verde<c function="fall" type="intonation"/></foreign><pause/><seg n="6" type="overlap" xml:id="LEcon353_ol_95"><unclear> you know </unclear><supplied reason="unintelligible"> x x xx </supplied></seg><pause/></u>
            <u who="#LEcon353_S3" xml:id="LEcon353_u_147"><seg n="6" synch="#LEcon353_ol_95" type="overlap" xml:id="LEcon353_ol_96"> yeah<c function="rise" type="intonation"/></seg></u>
            <u who="#LEcon353_S4" xml:id="LEcon353_u_148"> all the way up and <pause/> hh he was <incident voice:desc="parallel conversation between S1 and S5 continues"/></u>
            <u who="#LEcon353_S3" xml:id="LEcon353_u_149"> he <seg n="7" type="overlap" xml:id="LEcon353_ol_97"><emph> loves </emph> it<c function="fall" type="intonation"/></seg></u>
            <u who="#LEcon353_S4" xml:id="LEcon353_u_150"><seg n="7" synch="#LEcon353_ol_97" type="overlap" xml:id="LEcon353_ol_98"><unclear> it was a </unclear></seg><incident voice:desc="parallel conversation between S1 and S5 gets louder"/></u>
            <u who="#LEcon353_S3" xml:id="LEcon353_u_151"> yeah yeah <seg n="1" type="overlap" xml:id="LEcon353_ol_99"> yeah yeah </seg></u>
            <u who="#LEcon353_S4" xml:id="LEcon353_u_152"><seg n="1" synch="#LEcon353_ol_99" type="overlap" xml:id="LEcon353_ol_100"> jumping </seg> and swimming all <pause/> all day it was <pause/> wow<c function="fall" type="intonation"/><pause/> and all the way <pause/> when we were on the way down<c function="rise" type="intonation"/><pause/><supplied reason="unintelligible"> xxx </supplied> he was <supplied reason="unintelligible"> xxx </supplied><incident voice:desc="parallel conversation between S1 and S5 continues very loud"/></u>
            <u who="#LEcon353_S3" xml:id="LEcon353_u_153"><vocal subtype="wordstart" type="wordlike" voice:desc="laughing" voice:syl="3"/></u>
            <u who="#LEcon353_S2" xml:id="LEcon353_u_154"> yeah he loves that </u>
            <u who="#LEcon353_S4" xml:id="LEcon353_u_155"><vocal subtype="wordstart" type="wordlike" voice:desc="laughing" voice:syl="1"/>  yeah<c function="fall" type="intonation"/><pause/> really tired <pause/><shift corresp="#LEcon353_s_26" feature="custom" new="speaking_with_a_high_voice" xml:id="LEcon353_s_25"/><shift corresp="#LEcon353_s_25" feature="custom" new="neutral" xml:id="LEcon353_s_26"/></u>
            <u who="#LEcon353_S3" xml:id="LEcon353_u_156"> yeah that's<c function="fall" type="intonation"/> you know that's that's <anchor synch="#LEcon353_oc_32" type="other_continuation" xml:id="LEcon353_oc_31"/></u>
            <u who="#LEcon353_S5" xml:id="LEcon353_u_157"><anchor synch="#LEcon353_oc_31" type="other_continuation" xml:id="LEcon353_oc_32"/> but it's a lovely dog <incident voice:desc="parallel conversation between S1 and S5 ends"/></u>
            <u who="#LEcon353_S1" xml:id="LEcon353_u_158"> you didn't <pause/> tell me that he knows and never talks <pause/> talks <pause/> talks <vocal subtype="wordstart" type="wordlike" voice:desc="laughing" voice:syl="1"/></u>
            <u who="#LEcon353_S3" xml:id="LEcon353_u_159"><foreign type="L1" voice:translation="what" xml:lang="ger"> was<c function="rise" type="intonation"/></foreign><pause/></u>
            <u who="#LEcon353_S1" xml:id="LEcon353_u_160"> rufus killed two dogs </u>
            <u who="#LEcon353_S3" xml:id="LEcon353_u_161"> did she<c function="rise" type="intonation"/></u>
            <u who="#LEcon353_S1" xml:id="LEcon353_u_162"> yeah <pause/> you didn't tell me that </u>
            <u who="#LEcon353_S4" xml:id="LEcon353_u_163"> he's a killer dog </u>
            <u who="#LEcon353_S3" xml:id="LEcon353_u_164"><foreign type="L1" voice:translation="no i don't know" xml:lang="ger"><unclear> nein weiss ich nicht </unclear></foreign></u>
            <u who="#LEcon353_S1" xml:id="LEcon353_u_165"> that's not funny <vocal subtype="wordstart" type="wordlike" voice:desc="laughing" voice:syl="1"/> i'm <seg n="2" type="overlap" xml:id="LEcon353_ol_101"> rea</seg>lly afraid now<c function="fall" type="intonation"/> we go <pause/></u>
            <u who="#LEcon353_S5" xml:id="LEcon353_u_166"><seg n="2" synch="#LEcon353_ol_101" type="overlap" xml:id="LEcon353_ol_102"> yeah </seg></u>
            <u who="#LEcon353_S1" xml:id="LEcon353_u_167"> come straight away <seg n="3" type="overlap" xml:id="LEcon353_ol_103"><supplied reason="unintelligible"> xxxx </supplied></seg></u>
            <u who="#LEcon353_S3" xml:id="LEcon353_u_168"><seg n="3" synch="#LEcon353_ol_103" type="overlap" xml:id="LEcon353_ol_104"><supplied reason="unintelligible"> xxxx </supplied></seg></u>
            <u who="#LEcon353_S4" xml:id="LEcon353_u_169"><seg n="3" synch="#LEcon353_ol_103" type="overlap" xml:id="LEcon353_ol_105"> no <pause/> no no no no </seg> no no no no no <emph> no </emph><pause/> with with people no- nothing is er <seg n="4" type="overlap" xml:id="LEcon353_ol_106"> the problem is <supplied reason="unintelligible"> xx </supplied></seg></u>
            <u who="#LEcon353_S5" xml:id="LEcon353_u_170"><seg n="4" synch="#LEcon353_ol_106" type="overlap" xml:id="LEcon353_ol_107"> no<c function="fall" type="intonation"/> the problem is with other dogs </seg></u>
            <u who="#LEcon353_S1" xml:id="LEcon353_u_171"> but with other dogs </u>
            <u who="#LEcon353_S3" xml:id="LEcon353_u_172"> is <seg n="5" type="overlap" xml:id="LEcon353_ol_108"> is it e<c type="lengthening"/>r </seg></u>
            <u who="#LEcon353_S4" xml:id="LEcon353_u_173"><seg n="5" synch="#LEcon353_ol_108" type="overlap" xml:id="LEcon353_ol_109"> yeah other dogs </seg> with people it's a  </u>
            <u who="#LEcon353_S1" xml:id="LEcon353_u_174"><shift corresp="#LEcon353_s_28" feature="loud" new="f" xml:id="LEcon353_s_27"/> don't come with us <shift corresp="#LEcon353_s_27" feature="loud" new="neutral" xml:id="LEcon353_s_28"/></u>
            <u who="#LEcon353_S3" xml:id="LEcon353_u_175"> which kind of dog is it <seg n="6" type="overlap" xml:id="LEcon353_ol_110"> a french mastiff<c function="rise" type="intonation"/></seg></u>
            <u who="#LEcon353_S4" xml:id="LEcon353_u_176"><seg n="6" synch="#LEcon353_ol_110" type="overlap" xml:id="LEcon353_ol_111"> no they </seg><pause/> used to <seg n="7" type="overlap" xml:id="LEcon353_ol_112"> play together when he was a </seg> puppy<c function="fall" type="intonation"/></u>
            <u who="#LEcon353_S5" xml:id="LEcon353_u_177"><seg n="7" synch="#LEcon353_ol_112" type="overlap" xml:id="LEcon353_ol_113"> no <supplied reason="unintelligible"> x xx xxx </supplied></seg></u>
            <u who="#LEcon353_S3" xml:id="LEcon353_u_178"> he looks like a <seg n="1" type="overlap" xml:id="LEcon353_ol_114"> french mastiff </seg></u>
            <u who="#LEcon353_S4" xml:id="LEcon353_u_179"><seg n="1" synch="#LEcon353_ol_114" type="overlap" xml:id="LEcon353_ol_115"> because he has </seg> no problem with <seg n="2" type="overlap" xml:id="LEcon353_ol_116"> small dogs<c function="fall" type="intonation"/></seg></u>
            <u who="#LEcon353_S5" xml:id="LEcon353_u_180"><seg n="2" synch="#LEcon353_ol_116" type="overlap" xml:id="LEcon353_ol_117"> yeah it's similar </seg></u>
            <u who="#LEcon353_S4" xml:id="LEcon353_u_181"> he was a puppy as a <supplied reason="unintelligible"> xx </supplied> he pays no attention<c function="fall" type="intonation"/><pause/> but <emph> now </emph> since he has grown <unclear> big </unclear> now he's maybe it's not a good idea to </u>
            <u who="#LEcon353_S1" xml:id="LEcon353_u_182"> yeah but <emph> why </emph> is it a problem of </u>
            <u who="#LEcon353_S5" xml:id="LEcon353_u_183"> yeah might </u>
            <u who="#LEcon353_S1" xml:id="LEcon353_u_184"><emph> might </emph><c function="rise" type="intonation"/><pause/> or <emph> power </emph> or something like that </u>
            <u who="#LEcon353_S4" xml:id="LEcon353_u_185"><seg n="3" type="overlap" xml:id="LEcon353_ol_118"> yeah <unclear> maybe </unclear></seg></u>
            <u who="#LEcon353_S5" xml:id="LEcon353_u_186"><seg n="3" synch="#LEcon353_ol_118" type="overlap" xml:id="LEcon353_ol_119"><supplied reason="unintelligible"> xxx </supplied></seg></u>
            <u who="#LEcon353_S5" xml:id="LEcon353_u_187"> they count four <pause/> legs<c function="rise" type="intonation"/> one two three four <seg type="onomatopoeia"> waxahaxa pux </seg> if you <unclear> stay into that </unclear></u>
            <u who="#LEcon353_S1" xml:id="LEcon353_u_188"> yeah<c function="rise" type="intonation"/></u>
            <u who="#LEcon353_S5" xml:id="LEcon353_u_189"> yeah </u>
            <u who="#LEcon353_S4" xml:id="LEcon353_u_190"> hm </u>
            <u who="#LEcon353_S1" xml:id="LEcon353_u_191"> i don't believe that<c function="fall" type="intonation"/><incident voice:desc="turning to the dog"/> you are that cute </u>
            <u who="#LEcon353_S3" xml:id="LEcon353_u_192"><foreign type="L1" voice:translation="he's just so nice" xml:lang="ger"> der ist <emph> so </emph> etwas von lieb </foreign></u>
            <u who="#LEcon353_S1" xml:id="LEcon353_u_193"> yeah and he has brown lips <pause/> and <pause/><seg n="4" type="overlap" xml:id="LEcon353_ol_120"> i'm impressed </seg></u>
            <u who="#LEcon353_S5" xml:id="LEcon353_u_194"><seg n="4" synch="#LEcon353_ol_120" type="overlap" xml:id="LEcon353_ol_121"> he's a friend of <supplied reason="unintelligible"> xx </supplied></seg></u>
            <u who="#LEcon353_S1" xml:id="LEcon353_u_195"><emph> yeah </emph> you can bite me <pause/><seg n="5" type="overlap" xml:id="LEcon353_ol_122"> does it hurt </seg> when he <seg n="6" type="overlap" xml:id="LEcon353_ol_123"> bites me </seg><pause/></u>
            <u who="#LEcon353_S3" xml:id="LEcon353_u_196"><seg n="5" synch="#LEcon353_ol_122" type="overlap" xml:id="LEcon353_ol_124"> rufo </seg></u>
            <u who="#LEcon353_S5" xml:id="LEcon353_u_197"><seg n="6" synch="#LEcon353_ol_123" type="overlap" xml:id="LEcon353_ol_125"> yeah<c function="rise" type="intonation"/></seg></u>
            <u who="#LEcon353_S4" xml:id="LEcon353_u_198"> no no no he never hurts <anchor synch="#LEcon353_oc_34" type="other_continuation" xml:id="LEcon353_oc_33"/></u>
            <u who="#LEcon353_S1" xml:id="LEcon353_u_199"><anchor synch="#LEcon353_oc_33" type="other_continuation" xml:id="LEcon353_oc_34"/> no<c function="rise" type="intonation"/><anchor synch="#LEcon353_oc_36" type="other_continuation" xml:id="LEcon353_oc_35"/></u>
            <u who="#LEcon353_S4" xml:id="LEcon353_u_200"><anchor synch="#LEcon353_oc_35" type="other_continuation" xml:id="LEcon353_oc_36"/> no no he's just <pause/> er play <shift corresp="#LEcon353_s_30" feature="loud" new="p" xml:id="LEcon353_s_29"/><supplied reason="unintelligible"> xx </supplied><shift corresp="#LEcon353_s_29" feature="loud" new="neutral" xml:id="LEcon353_s_30"/></u>
            <u who="#LEcon353_S3" xml:id="LEcon353_u_201"> yeah but <seg n="7" type="overlap" xml:id="LEcon353_ol_126"> the best thing is </seg> he will eat you as well </u>
            <u who="#LEcon353_S1" xml:id="LEcon353_u_202"><seg n="7" synch="#LEcon353_ol_126" type="overlap" xml:id="LEcon353_ol_127"> yeah </seg></u>
            <u who="#LEcon353_S1" xml:id="LEcon353_u_203"> now i really like you<c function="fall" type="intonation"/></u>
            <u who="#LEcon353_S3" xml:id="LEcon353_u_204"> now  </u>
            <u who="#LEcon353_S1" xml:id="LEcon353_u_205"> that's a compliment for you because i never <seg n="1" type="overlap" xml:id="LEcon353_ol_128"> like </seg> dogs<c function="fall" type="intonation"/></u>
            <u who="#LEcon353_S3" xml:id="LEcon353_u_206"><seg n="1" synch="#LEcon353_ol_128" type="overlap" xml:id="LEcon353_ol_129"> but </seg> is he<c type="lengthening"/>'s <pause/> castrated<c function="rise" type="intonation"/></u>
            <u who="#LEcon353_S4" xml:id="LEcon353_u_207"> no </u>
            <u who="#LEcon353_S5" xml:id="LEcon353_u_208"> no </u>
            <u who="#LEcon353_S1" xml:id="LEcon353_u_209"> so </u>
            <u who="#LEcon353_S3" xml:id="LEcon353_u_210"><vocal type="speaker_noise" voice:desc="smacks lips"/> o<c type="lengthening"/>h<c function="fall" type="intonation"/> that's really <pause/><seg n="2" type="overlap" xml:id="LEcon353_ol_130"> shit </seg></u>
            <u who="#LEcon353_S1" xml:id="LEcon353_u_211"><seg n="2" synch="#LEcon353_ol_130" type="overlap" xml:id="LEcon353_ol_131"> that can </seg> be a <seg n="3" type="overlap" xml:id="LEcon353_ol_132"> problem once </seg></u>
            <u who="#LEcon353_S5" xml:id="LEcon353_u_212"><seg n="3" synch="#LEcon353_ol_132" type="overlap" xml:id="LEcon353_ol_133"> nobody </seg> nobody real- <pause/> wi- with <pause/> male dogs </u>
            <u who="#LEcon353_S3" xml:id="LEcon353_u_213"> yes </u>
            <u who="#LEcon353_S1" xml:id="LEcon353_u_214"> yeah but you know <seg n="4" type="overlap" xml:id="LEcon353_ol_134"> a </seg> friend of mine <seg n="5" type="overlap" xml:id="LEcon353_ol_135"> had a </seg> golden retriever and he was really big and he <emph> wasn't </emph> castrated<c function="rise" type="intonation"/><pause/></u>
            <u who="#LEcon353_S5" xml:id="LEcon353_u_215"><seg n="4" synch="#LEcon353_ol_134" type="overlap" xml:id="LEcon353_ol_136"> no<c function="rise" type="intonation"/></seg></u>
            <u who="#LEcon353_S3" xml:id="LEcon353_u_216"><seg n="5" synch="#LEcon353_ol_135" type="overlap" xml:id="LEcon353_ol_137"> yeah </seg></u>
            <u who="#LEcon353_S1" xml:id="LEcon353_u_217"><shift corresp="#LEcon353_s_32" feature="voice" new="laugh" xml:id="LEcon353_s_31"/> and <shift corresp="#LEcon353_s_31" feature="voice" new="neutral" xml:id="LEcon353_s_32"/> a friend of mine she's <pause/> a large one  </u>
            <u who="#LEcon353_S3" xml:id="LEcon353_u_218"> mhm </u>
            <u who="#LEcon353_S1" xml:id="LEcon353_u_219"> and well <pause/> the dog was always hanging on her <voice:track medium="1" num="3" type="md"/> legs and she has <unclear> very long </unclear> legs and the dog was <pause/> hanging all day long on her legs and <vocal subtype="wordstart" type="wordlike" voice:desc="laughing" voice:syl="2"/></u>
            <u who="#LEcon353_S3" xml:id="LEcon353_u_220"><vocal subtype="wordstart" type="wordlike" voice:desc="laughing" voice:syl="3"/></u>
            <u who="#LEcon353_S1" xml:id="LEcon353_u_221"> yeah it was really funny but <seg n="6" type="overlap" xml:id="LEcon353_ol_138"> she was <supplied reason="unintelligible"> xxxxx </supplied></seg><shift corresp="#LEcon353_s_34" feature="voice" new="laugh" xml:id="LEcon353_s_33"/> she was <pause/> she <shift corresp="#LEcon353_s_33" feature="voice" new="neutral" xml:id="LEcon353_s_34"/></u>
            <u who="#LEcon353_S3" xml:id="LEcon353_u_222"><seg n="6" synch="#LEcon353_ol_138" type="overlap" xml:id="LEcon353_ol_139"> he was f<c type="lengthening"/>ucking with the leg<c function="rise" type="intonation"/></seg></u>
            <u who="#LEcon353_S4" xml:id="LEcon353_u_223"><foreign type="L1" voice:translation="why castrate the dog that's craziness isn't it" xml:lang="spa"> como castrar el perro eso es una <pause/> una locura no<c function="rise" type="intonation"/></foreign></u>
            <u who="#LEcon353_S1" xml:id="LEcon353_u_224"><foreign type="LN" voice:translation="but no" xml:lang="spa"> pero <pause/> no </foreign><seg n="7" type="overlap" xml:id="LEcon353_ol_140"><foreign type="L1" voice:translation="this is completely normal" xml:lang="ger"> das ist ganz normal </foreign></seg></u>
            <u who="#LEcon353_S3" xml:id="LEcon353_u_225"><seg n="7" synch="#LEcon353_ol_140" type="overlap" xml:id="LEcon353_ol_141"> no<c type="lengthening"/></seg><foreign type="LN" voice:translation="what is a mala guru" xml:lang="spa"> que es una m- mala guru<c function="rise" type="intonation"/></foreign><foreign type="L1" voice:translation="what's a" xml:lang="ger"> was ist </foreign> a guru </u>
            <u who="#LEcon353_S4" xml:id="LEcon353_u_226"> no </u>
            <u who="#LEcon353_S1" xml:id="LEcon353_u_227"><seg n="1" type="overlap" xml:id="LEcon353_ol_142"> guru is </seg><pause/></u>
            <u who="#LEcon353_S4" xml:id="LEcon353_u_228"><seg n="1" synch="#LEcon353_ol_142" type="overlap" xml:id="LEcon353_ol_143"> i don't </seg></u>
            <u who="#LEcon353_S1" xml:id="LEcon353_u_229"><seg n="2" type="overlap" xml:id="LEcon353_ol_144"><foreign type="L1" xml:lang="ger"> und was ist ein guru </foreign></seg></u>
            <u who="#LEcon353_S4" xml:id="LEcon353_u_230"><seg n="2" synch="#LEcon353_ol_144" type="overlap" xml:id="LEcon353_ol_145"> i i i i </seg> i don't want to do that to my dog </u>
            <u who="#LEcon353_S1" xml:id="LEcon353_u_231"><vocal subtype="wordstart" type="wordlike" voice:desc="laughing" voice:syl="4"/><pause/><vocal subtype="wordstart" type="wordlike" voice:desc="laughing" voice:syl="1"/></u>
            <u who="#LEcon353_S4" xml:id="LEcon353_u_232"><incident voice:desc="stroking the dog"/><foreign type="L1" voice:translation="i won't castrate the dog poor little guy" xml:lang="spa"> no voy a castrar el perro pobrecito </foreign></u>
            <u who="#LEcon353_S1" xml:id="LEcon353_u_233"> no w- <seg n="3" type="overlap" xml:id="LEcon353_ol_146"> what's a <foreign type="LN" xml:lang="spa"> mala guru </foreign><vocal subtype="wordstart" type="wordlike" voice:desc="laughing" voice:syl="3"/></seg></u>
            <u who="#LEcon353_S5" xml:id="LEcon353_u_234"><seg n="3" synch="#LEcon353_ol_146" type="overlap" xml:id="LEcon353_ol_147"><foreign type="L1" xml:lang="spa"><supplied reason="unintelligible"> xx x x x </supplied></foreign></seg></u>
            <u who="#LEcon353_S4" xml:id="LEcon353_u_235"><seg n="4" type="overlap" xml:id="LEcon353_ol_148"><supplied reason="unintelligible"> xxxxx </supplied></seg></u>
            <u who="#LEcon353_S1" xml:id="LEcon353_u_236"><seg n="4" synch="#LEcon353_ol_148" type="overlap" xml:id="LEcon353_ol_149"><vocal subtype="wordstart" type="wordlike" voice:desc="laughing" voice:syl="5"/></seg></u>
            <u who="#LEcon353_S3" xml:id="LEcon353_u_237"><foreign type="L1" voice:translation="at least guru" xml:lang="ger"> immerhin guru </foreign></u>
            <u who="#LEcon353_S1" xml:id="LEcon353_u_238"> no in german a guru is <pause/> the leader <vocal subtype="wordstart" type="wordlike" voice:desc="laughing" voice:syl="1"/><shift corresp="#LEcon353_s_36" feature="voice" new="laugh" xml:id="LEcon353_s_35"/> like god <pause/> so <shift corresp="#LEcon353_s_35" feature="voice" new="neutral" xml:id="LEcon353_s_36"/><vocal subtype="wordstart" type="wordlike" voice:desc="laughing" voice:syl="2"/> what is a <foreign type="LN" xml:lang="spa"> mala guru<c function="rise" type="intonation"/></foreign><pause dur="PT1S"/></u>
            <u who="#LEcon353_S3" xml:id="LEcon353_u_239"> you said <foreign type="LN" xml:lang="spa"> mala<c function="rise" type="intonation"/></foreign><pause/></u>
            <u who="#LEcon353_S1" xml:id="LEcon353_u_240"> yeah he said it </u>
            <u who="#LEcon353_S3" xml:id="LEcon353_u_241"> i'm sure it's not <foreign type="LN" xml:lang="spa"> ma<seg n="5" type="overlap" xml:id="LEcon353_ol_150">la </seg> guru </foreign> but <shift corresp="#LEcon353_s_38" feature="loud" new="p" xml:id="LEcon353_s_37"/> i <supplied reason="unintelligible"> xx </supplied> i understood it wrong <shift corresp="#LEcon353_s_37" feature="loud" new="neutral" xml:id="LEcon353_s_38"/></u>
            <u who="#LEcon353_S1" xml:id="LEcon353_u_242"><seg n="5" synch="#LEcon353_ol_150" type="overlap" xml:id="LEcon353_ol_151"> yeah </seg></u>
            <u who="#LEcon353_S5" xml:id="LEcon353_u_243"><foreign type="L1" voice:translation="a craziness" xml:lang="spa"> una locura </foreign></u>
            <u who="#LEcon353_S4" xml:id="LEcon353_u_244"><foreign type="L1" voice:translation="a craziness" xml:lang="spa"> una locura </foreign></u>
            <u who="#LEcon353_S3" xml:id="LEcon353_u_245"><foreign type="LN" voice:translation="a craziness" xml:lang="spa"> una locura </foreign></u>
            <u who="#LEcon353_S4" xml:id="LEcon353_u_246"><seg n="6" type="overlap" xml:id="LEcon353_ol_152"> a crazy thing </seg></u>
            <u who="#LEcon353_S1" xml:id="LEcon353_u_247"><seg n="6" synch="#LEcon353_ol_152" type="overlap" xml:id="LEcon353_ol_153"> ah </seg><foreign type="LN" xml:lang="spa"> cura </foreign><incident voice:desc="S3 starts talking to the dog"/></u>
            <u who="#LEcon353_S4" xml:id="LEcon353_u_248"><foreign type="L1" voice:translation="a craziness" xml:lang="spa"> una locura </foreign></u>
            <u who="#LEcon353_S5" xml:id="LEcon353_u_249"><foreign type="L1" voice:translation="craziness" xml:lang="spa"><emph> lo</emph>cura </foreign></u>
            <u who="#LEcon353_S4" xml:id="LEcon353_u_250"><foreign type="L1" voice:translation="a craziness" xml:lang="spa"> una locura </foreign></u>
            <u who="#LEcon353_S1" xml:id="LEcon353_u_251"><supplied reason="unintelligible"> x x x x x x x xx </supplied><foreign type="LN" voice:translation="craziness" xml:lang="spa"> locura </foreign><incident voice:desc="S3 keeps on talking to the dog very loud"/><pause/></u>
            <u who="#LEcon353_S4" xml:id="LEcon353_u_252"><foreign type="L1" voice:translation="my poor little dog they your balls poor little guy" xml:lang="spa"> pobrecito mi perro te <supplied reason="unintelligible"> xx </supplied> los huevos pobrecito </foreign></u>
            <u who="#LEcon353_S5" xml:id="LEcon353_u_253"><foreign type="L1" voice:translation="they the balls" xml:lang="spa"> te <supplied reason="unintelligible"> xx </supplied> los huevos </foreign></u>
            <u who="#LEcon353_S4" xml:id="LEcon353_u_254"> no </u>
            <u who="#LEcon353_S1" xml:id="LEcon353_u_255"><incident voice:desc="to the dog"/><foreign type="L1" voice:translation="do you hurry up" xml:lang="ger"> ja tust du <unclear> weiter </unclear></foreign></u>
            <u who="#LEcon353_S3" xml:id="LEcon353_u_256"> he's so lovely<c function="fall" type="intonation"/> he brings the newspaper and all the things when he <pause/> can pick it <seg n="2" type="overlap" xml:id="LEcon353_ol_154"> up </seg></u>
            <u who="#LEcon353_S1" xml:id="LEcon353_u_257"><seg n="2" synch="#LEcon353_ol_154" type="overlap" xml:id="LEcon353_ol_155"> he<c function="rise" type="intonation"/></seg></u>
            <u who="#LEcon353_S4" xml:id="LEcon353_u_258"> no i i i bring the newspapers <pause/></u>
            <u who="#LEcon353_S3" xml:id="LEcon353_u_259"> you bring the news- </u>
            <u who="#LEcon353_S4" xml:id="LEcon353_u_260"><vocal subtype="wordstart" type="wordlike" voice:desc="laughing" voice:syl="4"/><seg n="9" type="overlap" xml:id="LEcon353_ol_156"><vocal subtype="wordstart" type="wordlike" voice:desc="laughing" voice:syl="3"/></seg></u>
            <u who="#LEcon353_S1" xml:id="LEcon353_u_261"><seg n="9" synch="#LEcon353_ol_156" type="overlap" xml:id="LEcon353_ol_157"><vocal subtype="wordstart" type="wordlike" voice:desc="laughing" voice:syl="3"/></seg>  and you read to them <vocal subtype="wordstart" type="wordlike" voice:desc="laughing" voice:syl="3"/><shift corresp="#LEcon353_s_40" feature="voice" new="laugh" xml:id="LEcon353_s_39"/> for them<c function="rise" type="intonation"/><shift corresp="#LEcon353_s_39" feature="voice" new="neutral" xml:id="LEcon353_s_40"/></u>
            <u who="#LEcon353_S4" xml:id="LEcon353_u_262"> no he he <incident voice:desc="turning to the dog"/><foreign type="L1" voice:translation="where do you go with that" xml:lang="spa"> a donde va con eso a donde va con eso </foreign><pause/></u>
            <u who="#LEcon353_S3" xml:id="LEcon353_u_263"><incident voice:desc="to the dog"/><foreign type="L1" voice:translation="i'll jump down from the balcony now and sod you i don't like you any more" xml:lang="ger"> ich spring jetzt vom balkon und du kannst mich am arsch lecken ich mag dich nicht mehr </foreign></u>
            <u who="#LEcon353_S1" xml:id="LEcon353_u_264"><vocal subtype="wordstart" type="wordlike" voice:desc="laughing" voice:syl="2"/><emph>  y</emph><c type="lengthening"/>a<c type="lengthening"/>h </u>
         </div>
         <gap dur="PT00H00M35S" reason="not_transcribed" voice:desc="S4 is talking to the dog in spanish, parallel conversation in german between S1 and S3"/>
         <div type="medium" voice:end="00:13" voice:end_medium_number="1" voice:end_track="4" voice:medium_type="md" voice:start="01:55" voice:start_medium_number="1" voice:start_track="3">
            <u who="#LEcon353_S1" xml:id="LEcon353_u_265"> is there another balcony out there<c function="rise" type="intonation"/></u>
            <u who="#LEcon353_S3" xml:id="LEcon353_u_266"><foreign type="L1" xml:lang="ger"> was<c function="rise" type="intonation"/></foreign></u>
            <u who="#LEcon353_S1" xml:id="LEcon353_u_267"><foreign type="L1" xml:lang="ger"> der hat schon wieder einen balkon<c function="fall" type="intonation"/></foreign></u>
            <u who="#LEcon353_S3" xml:id="LEcon353_u_268"><foreign type="L1" voice:translation="talk german to me" xml:lang="ger"> red deutsch <seg n="3" type="overlap" xml:id="LEcon353_ol_158"> mit mir </seg></foreign></u>
            <u who="#LEcon353_S1" xml:id="LEcon353_u_269"><seg n="3" synch="#LEcon353_ol_158" type="overlap" xml:id="LEcon353_ol_159"> you have <emph> two </emph></seg><pause/> balconies<c function="rise" type="intonation"/><pause/></u>
            <u who="#LEcon353_S3" xml:id="LEcon353_u_270"> yes </u>
            <u who="#LEcon353_S1" xml:id="LEcon353_u_271"> yes<c function="rise" type="intonation"/> how can you know<c function="fall" type="intonation"/> you haven't seen it </u>
            <u who="#LEcon353_S3" xml:id="LEcon353_u_272"><foreign type="L1" voice:translation="because i already had a look out there" xml:lang="ger"> weil ich hab da ja rausgeschaut vorher schon </foreign></u>
            <u who="#LEcon353_S1" xml:id="LEcon353_u_273"><foreign type="L1" voice:translation="really" xml:lang="ger"> echt<c function="rise" type="intonation"/></foreign><pause/><seg n="4" type="overlap" xml:id="LEcon353_ol_160"> wow </seg></u>
            <u who="#LEcon353_S3" xml:id="LEcon353_u_274"><foreign type="L1" voice:translation="sure the first time i come in a flat i have to inspect everything" xml:lang="ger"><seg n="4" synch="#LEcon353_ol_160" type="overlap" xml:id="LEcon353_ol_161"> na sicher </seg><pause/> das erste mal wenn ich in eine wohnung komme muss ich alles inspizieren </foreign></u>
            <u who="#LEcon353_S1" xml:id="LEcon353_u_275"><vocal subtype="wordstart" type="wordlike" voice:desc="laughing" voice:syl="5"/><incident voice:desc="S1 is about to leave the room"/></u>
            <u who="#LEcon353_S3" xml:id="LEcon353_u_276"><incident voice:desc="turning to the dog"/> go with her to toilet come on <pause/></u>
            <u who="#LEcon353_S1" xml:id="LEcon353_u_277"><emph> no </emph><pause/> i go alone<c function="fall" type="intonation"/><pause/> without you<c function="fall" type="intonation"/><pause dur="PT12S"/><incident voice:desc="S1 goes to the toilet, noises from the hallway"/></u>
            <u who="#LEcon353_S3" xml:id="LEcon353_u_278"><incident voice:desc="talking to the dog"/><shift corresp="#LEcon353_s_42" feature="loud" new="p" xml:id="LEcon353_s_41"/> okay <unclear> if you are here </unclear><supplied reason="unintelligible"> x x x x x xx </supplied> sorry <shift corresp="#LEcon353_s_41" feature="loud" new="neutral" xml:id="LEcon353_s_42"/><pause dur="PT1S"/> o<c type="lengthening"/><c type="lengthening"/>h you're so cute<c function="fall" type="intonation"/><pause dur="PT5S"/><voice:to who="#LEcon353_S4"> you know we can change one day my dog with your dog<c function="rise" type="intonation"/></voice:to><pause/><incident voice:desc="music in the background"/></u>
            <u who="#LEcon353_S4" xml:id="LEcon353_u_279"> no problem <pause/></u>
            <u who="#LEcon353_S3" xml:id="LEcon353_u_280"> cos my dog she's really good good girl now <pause/> but she is a girl<c function="fall" type="intonation"/><pause dur="PT1S"/><incident voice:desc="music in the background grows louder"/> she's a really good girl<c function="fall" type="intonation"/><pause/> i <voice:pvc> teached </voice:pvc><incident voice:desc="S4 starts singing"/> her so many things <pause dur="PT2S"/> she is <vocal type="speaker_noise" voice:desc="smacks lips"/><pause dur="PT1S"/> really good now <anchor synch="#LEcon353_oc_38" type="other_continuation" xml:id="LEcon353_oc_37"/></u>
            <u who="#LEcon353_S4" xml:id="LEcon353_u_281"><anchor synch="#LEcon353_oc_37" type="other_continuation" xml:id="LEcon353_oc_38"/><unclear> i have a </unclear><voice:track medium="1" num="4" type="md"/><unclear> nice </unclear><c function="rise" type="intonation"/><pause/><incident voice:desc="music in the background"/></u>
            <u who="#LEcon353_S3" xml:id="LEcon353_u_282"> he is well<c function="fall" type="intonation"/><pause/> he's better than <supplied reason="anonymization"> [first name2] </supplied><seg n="5" type="overlap" xml:id="LEcon353_ol_162"><supplied reason="anonymization"> [first name2] </supplied></seg> is a <pause dur="PT1S"/></u>
            <u who="#LEcon353_S4" xml:id="LEcon353_u_283"><seg n="5" synch="#LEcon353_ol_162" type="overlap" xml:id="LEcon353_ol_163"> yes<c function="rise" type="intonation"/></seg></u>
            <u who="#LEcon353_S4" xml:id="LEcon353_u_284"> crazy<c function="fall" type="intonation"/></u>
            <u who="#LEcon353_S3" xml:id="LEcon353_u_285"> yeah she's <emph> rea</emph>lly <seg n="6" type="overlap" xml:id="LEcon353_ol_164"> crazy </seg></u>
            <u who="#LEcon353_S4" xml:id="LEcon353_u_286"><seg n="6" synch="#LEcon353_ol_164" type="overlap" xml:id="LEcon353_ol_165"> always crazy </seg><pause dur="PT3S"/><incident voice:desc="S2 starts singing"/></u>
            <u who="#LEcon353_S3" xml:id="LEcon353_u_287"> she's jumping like crazy an<c type="lengthening"/>d <incident voice:desc="S4 starts singing as well"/><pause dur="PT29S"/><incident voice:desc="S2 and S4 are singing along with the music"/></u>
         </div>
      </body>
   </text>
</TEI>