<TEI xmlns="http://www.tei-c.org/ns/1.0" xmlns:voice="http://www.univie.ac.at/voice/ns/1.0" xmlns:xi="http://www.w3.org/2001/XInclude" version="5" xml:id="LEcon351" xml:lang="eng">
   <teiHeader>
      <fileDesc>
         <titleStmt>
            <title>conversation about customs and legends among students at a party</title>
            <principal>Prof. Barbara Seidlhofer</principal>
            <editor/>
            <funder>Austrian Science Foundation (FWF)</funder>
            <sponsor/>
            <respStmt>
               <resp>Corpus Compilation</resp>
               <orgName>VOICE Project</orgName>
               <persName>Barbara Seidlhofer</persName>
               <persName>Angelika Breiteneder</persName>
               <persName>Marie-Luise Pitzl</persName>
               <persName>Stefan Majewski</persName>
               <persName>Theresa Klimpfinger</persName>
            </respStmt>
         </titleStmt>
         <editionStmt>
		<edition>Version 1.0 XML, <date>May 2011</date></edition>
	  <respStmt>
		<resp>Researchers</resp>
		<name>Barbara Seidlhofer</name> 		
		<name>Angelika Breiteneder</name> 
		<name>Theresa Klimpfinger</name> 
		<name>Stefan Majewski</name> 
		<name>Marie-Luise Pitzl</name> 
	  </respStmt>
	</editionStmt>
         <publicationStmt>
		<publisher>Barbara Seidlhofer, Stefan Majewski, Marie-Luise Pitzl</publisher> 
	  <distributor>VOICE Project, University of Vienna, Austria</distributor> 
	  <address>
		<addrLine>Spitalgasse 2, AAKH Hof 8</addrLine> 
		<addrLine>1090 Vienna</addrLine> 
		<addrLine>Austria</addrLine> 
		<addrLine>Telephone: +43 1 427742446</addrLine> 
	  	<addrLine>Email: voice@univie.ac.at</addrLine> 
		<addrLine>Website: http://www.univie.ac.at/voice</addrLine> 
	  </address>
	  <availability status="free">
	  	<p>
		  The Vienna-Oxford International Corpus of English (VOICE)
		  was created by Barbara Seidlhofer (project director) and
		  Angelika Breiteneder, Theresa Klimpfinger, Stefan Majewski,
		  Marie-Luise Pitzl (project researchers). VOICE 1.0 XML is
		  available for download at the VOICE Project's website <ref target="http://www.univie.ac.at/voice/">http://www.univie.ac.at/voice/</ref>
		  under a Creative Commons
		  Attribution-NonCommercial-ShareAlike 3.0 Unported (CC
		  BY-NC-SA 3.0) License (<ref target="http://creativecommons.org/licenses/by-nc-sa/3.0/">
		  http://creativecommons.org/licenses/by-nc-sa/3.0/
		  </ref>). The original audio files are held at the Department
		  of English, University of Vienna. 23 selected audio files
		  are available as audio streams in the VOICE Online interface
		  at the VOICE Project's website <ref target="http://www.univie.ac.at/voice">http://www.univie.ac.at/voice</ref>.
		</p>
		<p>
		The recommended citation for VOICE 1.0 XML is:
		</p>
		<p>
		<bibl><title>VOICE</title>. <date>2011</date>. <title level="m">The Vienna-Oxford International Corpus of
		English</title> (<edition>version 1.0
		XML</edition>). Director: Barbara Seidlhofer; Researchers:
		Angelika Breiteneder, Theresa Klimpfinger, Stefan Majewski,
		Marie-Luise Pitzl.</bibl>
		</p>
		<p>The short citation for VOICE 1.0 XML is:
		</p>
		<p>
		<bibl><title>VOICE</title>. <date>2011</date>. <title level="m">The Vienna-Oxford International Corpus of
		English</title> (<edition>version 1.0
		XML</edition>).</bibl></p>
		<p>
		  For further information about availability and copyright
		  permissions, please see the README file included in the
		  download package. For further enquiries please contact the
		  VOICE Project at <ref target="mailto:voice@univie.ac.at">voice@univie.ac.at</ref>.
		</p>
	  </availability>
	</publicationStmt>
         <notesStmt>
            <note xml:id="LEcon351_wc">Words: 2204</note>
            <note xml:id="LEcon351_tn_0">This conversation takes place at a party in a private home in Spain, where students from different countries who work and live in Spain meet and discuss customs of their home countries. The venue of the party is S7's house. His friends S1 and S2 know the location, whereas S3, S4, S5 and S6 are here for the first time. The Spanish-speaking persons have been offered mulled wine, a traditional Austrian winter drink made of hot wine and spices. This triggers a conversation about Christmas and different customs in the cultures of the speakers.  </note>
         </notesStmt>
         <sourceDesc>
            <recordingStmt>
               <recording dur="PT00H10M24S" type="audio">
                  <date>2004-11-26</date>
                  <equipment>
                     <p>Portable minidisc recorder with electret condenser stereo microphone</p>
                  </equipment>
                  <respStmt>
                     <resp>recording</resp>
                     <name>R15</name>
                  </respStmt>
               </recording>
            </recordingStmt>
         </sourceDesc>
      </fileDesc>
      <encodingDesc>
         <classDecl>
            <taxonomy>
               <category xml:id="LEcon351_domain">
                  <catDesc>Domain</catDesc>
                  <category sameAs="#ED" xml:id="LEcon351_ED">
                     <catDesc>educational</catDesc>
                  </category>
                  <category sameAs="#LE" xml:id="LEcon351_LE">
                     <catDesc>leisure</catDesc>
                  </category>
                  <category sameAs="#PB" xml:id="LEcon351_PB">
                     <catDesc>professional business</catDesc>
                  </category>
                  <category sameAs="#PO" xml:id="LEcon351_PO">
                     <catDesc>professional organizational</catDesc>
                  </category>
                  <category sameAs="#PR" xml:id="LEcon351_PR">
                     <catDesc>professional research/science</catDesc>
                  </category>
               </category>
               <category xml:id="LEcon351_spet">
                  <catDesc>Speech Event Type</catDesc>
                  <category sameAs="#int" xml:id="LEcon351_int">
                     <catDesc>interview</catDesc>
                  </category>
                  <category sameAs="#prc" xml:id="LEcon351_prc">
                     <catDesc>press conference</catDesc>
                  </category>
                  <category sameAs="#sve" xml:id="LEcon351_sve">
                     <catDesc>service encounter</catDesc>
                  </category>
                  <category sameAs="#sed" xml:id="LEcon351_sed">
                     <catDesc>seminar discussion</catDesc>
                  </category>
                  <category sameAs="#wgd" xml:id="LEcon351_wgd">
                     <catDesc>working group discussion</catDesc>
                  </category>
                  <category sameAs="#wsd" xml:id="LEcon351_wsd">
                     <catDesc>workshop discussion</catDesc>
                  </category>
                  <category sameAs="#mtg" xml:id="LEcon351_mtg">
                     <catDesc>meeting</catDesc>
                  </category>
                  <category sameAs="#pan" xml:id="LEcon351_pan">
                     <catDesc>panel</catDesc>
                  </category>
                  <category sameAs="#qas" xml:id="LEcon351_qas">
                     <catDesc>question-answer session</catDesc>
                  </category>
                  <category sameAs="#con" xml:id="LEcon351_con">
                     <catDesc>conversation</catDesc>
                  </category>
               </category>
            </taxonomy>
         </classDecl>
         <tagsDecl><namespace name="http://www.tei-c.org/ns/1.0">
      <tagUsage gi="TEI" occurs="1"/>
      <tagUsage gi="teiHeader" occurs="1"/>
      <tagUsage gi="fileDesc" occurs="1"/>
      <tagUsage gi="titleStmt" occurs="1"/>
      <tagUsage gi="title" occurs="5"/>
      <tagUsage gi="principal" occurs="1"/>
      <tagUsage gi="editor" occurs="1"/>
      <tagUsage gi="funder" occurs="1"/>
      <tagUsage gi="sponsor" occurs="1"/>
      <tagUsage gi="respStmt" occurs="3"/>
      <tagUsage gi="resp" occurs="3"/>
      <tagUsage gi="orgName" occurs="1"/>
      <tagUsage gi="persName" occurs="5"/>
      <tagUsage gi="editionStmt" occurs="1"/>
      <tagUsage gi="edition" occurs="3"/>
      <tagUsage gi="date" occurs="4"/>
      <tagUsage gi="name" occurs="8"/>
      <tagUsage gi="publicationStmt" occurs="1"/>
      <tagUsage gi="publisher" occurs="1"/>
      <tagUsage gi="distributor" occurs="1"/>
      <tagUsage gi="address" occurs="1"/>
      <tagUsage gi="addrLine" occurs="6"/>
      <tagUsage gi="availability" occurs="1"/>
      <tagUsage gi="p" occurs="7"/>
      <tagUsage gi="ref" occurs="5"/>
      <tagUsage gi="bibl" occurs="2"/>
      <tagUsage gi="notesStmt" occurs="1"/>
      <tagUsage gi="note" occurs="2"/>
      <tagUsage gi="sourceDesc" occurs="1"/>
      <tagUsage gi="recordingStmt" occurs="1"/>
      <tagUsage gi="recording" occurs="1"/>
      <tagUsage gi="equipment" occurs="1"/>
      <tagUsage gi="encodingDesc" occurs="1"/>
      <tagUsage gi="classDecl" occurs="1"/>
      <tagUsage gi="taxonomy" occurs="1"/>
      <tagUsage gi="category" occurs="17"/>
      <tagUsage gi="catDesc" occurs="17"/>
      <tagUsage gi="tagsDecl" occurs="1"/>
      <tagUsage gi="namespace" occurs="2"/>
      <tagUsage gi="tagUsage" occurs="83"/>
      <tagUsage gi="gi" occurs="5"/>
      <tagUsage gi="att" occurs="17"/>
      <tagUsage gi="list" occurs="12"/>
      <tagUsage gi="label" occurs="22"/>
      <tagUsage gi="val" occurs="44"/>
      <tagUsage gi="item" occurs="42"/>
      <tagUsage gi="profileDesc" occurs="1"/>
      <tagUsage gi="textClass" occurs="1"/>
      <tagUsage gi="catRef" occurs="2"/>
      <tagUsage gi="settingDesc" occurs="1"/>
      <tagUsage gi="setting" occurs="1"/>
      <tagUsage gi="locale" occurs="1"/>
      <tagUsage gi="activity" occurs="1"/>
      <tagUsage gi="particDesc" occurs="1"/>
      <tagUsage gi="listPerson" occurs="4"/>
      <tagUsage gi="personGrp" occurs="2"/>
      <tagUsage gi="person" occurs="10"/>
      <tagUsage gi="age" occurs="7"/>
      <tagUsage gi="sex" occurs="7"/>
      <tagUsage gi="langKnowledge" occurs="7"/>
      <tagUsage gi="langKnown" occurs="7"/>
      <tagUsage gi="occupation" occurs="6"/>
      <tagUsage gi="relationGrp" occurs="1"/>
      <tagUsage gi="relation" occurs="2"/>
      <tagUsage gi="revisionDesc" occurs="1"/>
      <tagUsage gi="change" occurs="5"/>
      <tagUsage gi="text" occurs="1"/>
      <tagUsage gi="body" occurs="1"/>
      <tagUsage gi="div" occurs="4"/>
      <tagUsage gi="u" occurs="334">Used to mark a stretch of speech commonly
		preceded and followed by a pause or by a change of speaker. A
		<gi>u</gi> is, however, not required to be bounded by a pause or
		a change of speaker, nor does it represent a turn in a
		conversation analytic sense. At a minimum, a <gi>u</gi> is some
		phonetic production or noise made by a given speaker or a group of speakers.</tagUsage>
      <tagUsage gi="foreign" occurs="117">Used to mark a word or phrase as
		belonging to some language other than English. The following
		values for the <att>type</att> attribute are used to mark:
		<list>
		  <label><val>L1</val></label><item>the speaker's first
		  language</item>
		  <label><val>LN</val></label><item>a language other than the
		  speaker's first language</item>
		  <label><val>LQ</val></label><item>a language where it cannot
		  be ascertained whether it is the speaker's first or other
		  language.</item>
		</list>
		Whenever possible, the 
		<att>voice:translation</att> attribute provides a rough translation of the
		non-English speech into English.
		</tagUsage>
      <tagUsage gi="pause" occurs="152">Used to mark a pause either between or
		within utterances. Used without <att>dur</att> attribute to
		indicate a brief pause up to half a second.
		</tagUsage>
      <tagUsage gi="c" occurs="178">Used to mark lengthening of sounds and
		intonation (fall, rise). The following <att>type</att>
		attributes are used to mark:
		<list>
		  <label><val>lengthening</val></label><item>lengthened
		  sounds</item>
		  <label><val>intonation</val></label><item>a significant change in
		  intonation, marked with the following <att>function</att>
		  attribute for:
		  <list>
			<label><val>fall</val></label><item>falling
			intonation</item>
			<label><val>rise</val></label><item>rising intonation</item>
		  </list>
		</item>
		</list>
		Intonation may or may not coincide with
		syntactic boundaries.
		</tagUsage>
      <tagUsage gi="seg" occurs="191">Used with different <att>type</att> attributes to mark:
		<list>
		  <label><att>type</att><val>overlap</val></label>
		  <item>overlaps</item>
		  <label><att>type</att><val>onomatopoeia</val></label>
		  <item>onomatopoeic sounds</item>
		  <label><att>type</att><val>ipa</val></label>
		  <item>transcriptions in the international phonetic alphabet</item>
		</list>
		</tagUsage>
      <tagUsage gi="supplied" occurs="50">Used to mark text supplied by the
		transcriber because the original is unintelligible or needed to
		be anonymized. The <att>reason</att> attribute is used to mark:
		<list>
		  <label><val>unintelligible</val></label><item>unintelligible
		  speech</item>
		  <label><val>anonymization</val></label><item>anonymized
		  speech</item>
		</list>
		</tagUsage>
      <tagUsage gi="incident" occurs="28">Used to mark contextual information
		relevant to the understanding of the interaction or the
		interaction as such. The <att>voice:desc</att> attribute
		provides a short prose description of the contextual
		event.</tagUsage>
      <tagUsage gi="emph" occurs="26">Used to mark speech which is stressed or
		emphasized in a way that goes beyond regular nuclear
		stress.</tagUsage>
      <tagUsage gi="vocal" occurs="39">Used to mark laughter and other speaker
		noises and non-verbal feedback.
        <list>
          <label>
            <val>speaker_noise</val>
          </label>
          <item>
            <list>
              <item>
                <val>coughing</val>
              </item>
              <item>
                <val>nods</val>
              </item>
              <item>
                <val>shakes head</val>
              </item>
              <item>
                <val>smacks lips</val>
              </item>
              <item>
                <val>sniffs</val>
              </item>
              <item>
                <val>swallows</val>
              </item>
              <item>
                <val>whistles</val>
              </item>
            </list>
          </item>
          <label>
            <val>wordlike</val>
          </label>
          <item>
            <val>laughing</val>
          </item>
        </list>
        </tagUsage>
      <tagUsage gi="shift" occurs="30">Used to mark the point at which some
		paralinguistic feature changes. The following attribute values
		are used to mark:
		<list>
          <label>
            <val>voice</val>
          </label>
          <item>voice quality
          <list>
            <item><val>imitating</val></item>
            <item><val>laugh</val></item>
            <item><val>neutral</val></item>
            <item><val>phone</val></item>
            <item><val>reading</val></item>
            <item><val>reading_aloud</val></item>
            <item><val>sigh</val></item>
            <item><val>singing</val></item>
            <item><val>whisp</val></item>
            <item><val>yawning</val></item>
          </list>
          </item>
          <label>
          <val>tempo</val></label>
          <item>speed of utterance
            <list>
              <label><val>a</val></label>
              <item>accelerando</item>
              <label><val>l</val></label>
              <item>lento</item>
              <label><val>neutral</val></label>
              <item>neutral</item>
            </list>
          </item>
          <label>
          <val>loud</val></label>
          <item>loudness
            <list>
              <item><val>f</val></item>
              <item><val>neutral</val></item>
              <item><val>p</val></item>
            </list>
          </item>
		  </list>
		</tagUsage>
      <tagUsage gi="unclear" occurs="11">Used to mark speech which cannot be
		transcribed with certainty, because it is difficult to hear or
		understand for the transcriber.</tagUsage>
      <tagUsage gi="anchor" occurs="24">Used to mark other-continuation,
		i.e. whenever a speaker continues another speaker's <gi>u</gi>
		without a pause. Other-continuation is to be interpreted
		temporally and does not relate to form or content of the
		speakers' utterances.</tagUsage>
      <tagUsage gi="w" occurs="2">
		  Used with the <att>type</att> attribute set to
		  <val>spelt</val> to mark words or word fragments which are
		  spelt out, i.e. words whose constituents are pronounced as
		  individual letters.
		</tagUsage>
      <tagUsage gi="gap" occurs="3">Used to mark points where a short portion of
		speech has not been recorded or has been left untranscribed,
		whether for editorial reasons, as part of the sampling practice,
		or because the material is inaudible or comprises sensitive
		content. The following <att>reason</att> attributes are used to
		mark:
		<list>
		  <label><val>not_recorded</val></label><item>Not recorded
		  speech</item>
		  <label><val>not_transcribed</val></label><item>Not transcribed
		  speech</item>
		</list>
		Further information on the reason for a gap is provided within
		the <att>voice:desc</att> attribute.
		</tagUsage></namespace><namespace name="http://www.univie.ac.at/voice/ns/1.0">
      <tagUsage gi="voice:pvc" occurs="2">Used to mark a pronunciation variation
		or coinage as described in <ref target="http://www.univie.ac.at/voice/documents/VOICE_mark-up_conventions_v2-1.pdf">the
			VOICE mark-up conventions [2.1].</ref>the
			VOICE mark-up conventions [2.1]. An existing word corresponding to the PVC may be provided within a <att>comment</att>comment attribute within the <gi>voice:pvc</gi>voice:pvc element. Additional phonetic
			transcription may be provided within a <att>voice:ipa</att>voice:ipa attribute
			within the <gi>voice:pvc</gi>voice:pvc element.</tagUsage>
      <tagUsage gi="voice:to" occurs="3">Used to mark speech directed towards a
		particular speaker. The <att>who</att>who attribute indicates the
		addressed speaker.</tagUsage>
      <tagUsage gi="voice:track" occurs="3">Used to mark the beginning of a new
		audio track used in transcription (usually three minutes in length) and thus refers to the audio recording
		of the transcribed speech event.
		</tagUsage></namespace></tagsDecl>
      </encodingDesc>
      <profileDesc>
         <textClass>
            <catRef target="#LEcon351_LE #LEcon351_con"/>
            <catRef target="#LE #con"/>
         </textClass>
         <settingDesc>
            <setting>
               <name type="country">ES</name>
               <name type="city">La Herdura</name>
               <locale>private home</locale>
               <activity>drinking, eating</activity>
            </setting>
         </settingDesc>
         <particDesc>
            <listPerson type="main">
               <listPerson type="groups">
                  <personGrp role="speakers" size="7"/>
                  <personGrp role="interactants" size="7"/>
               </listPerson>
               <listPerson type="identified">
                  <person role="participant" sameAs="#P676" xml:id="LEcon351_S1">
                     <age value="2">25-34</age>
                     <sex value="1">male</sex>
                     <langKnowledge>
                        <langKnown level="L1" tag="spa-ES"/>
                     </langKnowledge>
                  </person>
                  <person role="participant" sameAs="#P677" xml:id="LEcon351_S2">
                     <age value="2">25-34</age>
                     <sex value="1">male</sex>
                     <occupation>student</occupation>
                     <langKnowledge>
                        <langKnown level="L1" tag="spa-AR"/>
                     </langKnowledge>
                  </person>
                  <person role="participant" sameAs="#P678" xml:id="LEcon351_S3">
                     <age value="2">25-34</age>
                     <sex value="1">male</sex>
                     <occupation>student</occupation>
                     <langKnowledge>
                        <langKnown level="L1" tag="ger-AT"/>
                     </langKnowledge>
                  </person>
                  <person role="participant" sameAs="#P679" xml:id="LEcon351_S4">
                     <age value="1">17-24</age>
                     <sex value="2">female</sex>
                     <occupation>student</occupation>
                     <langKnowledge>
                        <langKnown level="L1" tag="ger-AT"/>
                     </langKnowledge>
                  </person>
                  <person role="participant" sameAs="#P680" xml:id="LEcon351_S5">
                     <age value="2">25-34</age>
                     <sex value="1">male</sex>
                     <occupation>student</occupation>
                     <langKnowledge>
                        <langKnown level="L1" tag="ger-AT"/>
                     </langKnowledge>
                  </person>
                  <person role="participant" sameAs="#P681" xml:id="LEcon351_S6">
                     <age value="1">17-24</age>
                     <sex value="2">female</sex>
                     <occupation>student</occupation>
                     <langKnowledge>
                        <langKnown level="L1" tag="ger-AT"/>
                     </langKnowledge>
                  </person>
                  <person role="participant" sameAs="#P682" xml:id="LEcon351_S7">
                     <age value="2">25-34</age>
                     <sex value="1">male</sex>
                     <occupation>student</occupation>
                     <langKnowledge>
                        <langKnown level="L1" tag="spa-AR"/>
                     </langKnowledge>
                  </person>
               </listPerson>
               <listPerson type="not_identified">
                  <person sameAs="#SX-f" xml:id="LEcon351_SX-f"/>
                  <person sameAs="#SX-m" xml:id="LEcon351_SX-m"/>
                  <person sameAs="#SS" xml:id="LEcon351_SS"/>
               </listPerson>
               <relationGrp>
                  <relation mutual="#LEcon351_S1 #LEcon351_S2 #LEcon351_S3 #LEcon351_S4 #LEcon351_S5 #LEcon351_S6 #LEcon351_S7" name="fairly_symmetrical" type="power"/>
                  <relation mutual="#LEcon351_S1 #LEcon351_S2 #LEcon351_S3 #LEcon351_S4 #LEcon351_S5 #LEcon351_S6 #LEcon351_S7" name="acquainted" type="acquaintedness"/>
               </relationGrp>
            </listPerson>
         </particDesc>
      </profileDesc>
      <revisionDesc>
         <change when="2009-05-19" who="SM">conversion to XML</change>
         <change when="2009-05-11" who="TK">finalized for publication</change>
         <change when="2008-10-11" who="VO">proof-reading</change>
         <change when="2008-10-10" who="TK">checking</change>
         <change when="2007-12-05" who="AW">transcription</change>
      </revisionDesc>
   </teiHeader>
   <text>
      <body>
         <div type="medium" voice:end="00:19" voice:end_medium_number="1" voice:end_track="2" voice:medium_type="md" voice:start="00:00" voice:start_medium_number="1" voice:start_track="1">
            <u who="#LEcon351_S1" xml:id="LEcon351_u_1"><foreign type="L1" voice:translation="it's very hot this tea" xml:lang="spa"> es torrido este te </foreign> ooph <pause/></u>
            <u who="#LEcon351_S2" xml:id="LEcon351_u_2"><foreign type="L1" voice:translation="it makes you feel hot, doen't it" xml:lang="spa"> te da calor eh<c function="rise" type="intonation"/></foreign></u>
            <u who="#LEcon351_S1" xml:id="LEcon351_u_3"> mhm <foreign type="L1" voice:translation="it should you xx of your" xml:lang="spa"> te suele del <seg n="1" type="overlap" xml:id="LEcon351_ol_0"><supplied reason="unintelligible"> xx </supplied></seg> de tu </foreign><pause/></u>
            <u who="#LEcon351_S2" xml:id="LEcon351_u_4"><seg n="1" synch="#LEcon351_ol_0" type="overlap" xml:id="LEcon351_ol_1"><foreign type="L1" xml:lang="spa"> x xx </foreign></seg></u>
            <u who="#LEcon351_S3" xml:id="LEcon351_u_5"><supplied reason="unintelligible"> x x xx <seg n="2" type="overlap" xml:id="LEcon351_ol_2"> xxx </seg></supplied></u>
            <u who="#LEcon351_S4" xml:id="LEcon351_u_6"><seg n="2" synch="#LEcon351_ol_2" type="overlap" xml:id="LEcon351_ol_3"><foreign type="L1" voice:translation="i" xml:lang="spa"> yo<c function="fall" type="intonation"/></foreign></seg><pause/><incident voice:desc="soft murmuring in the background"/></u>
            <u who="#LEcon351_S4" xml:id="LEcon351_u_7"> that's the reason why <emph> we </emph> brought that today<c function="fall" type="intonation"/><vocal subtype="wordstart" type="wordlike" voice:desc="laughing" voice:syl="3"/></u>
            <u who="#LEcon351_SS" xml:id="LEcon351_u_8"><vocal subtype="wordstart" type="wordlike" voice:desc="laughing" voice:syl="6"/></u>
            <u who="#LEcon351_S2" xml:id="LEcon351_u_9"> and which <vocal subtype="wordstart" type="wordlike" voice:desc="laughing" voice:syl="1"/><seg n="3" type="overlap" xml:id="LEcon351_ol_4"><supplied reason="unintelligible"> xxx </supplied> if </seg></u>
            <u who="#LEcon351_S6" xml:id="LEcon351_u_10"><seg n="3" synch="#LEcon351_ol_4" type="overlap" xml:id="LEcon351_ol_5"><vocal subtype="wordstart" type="wordlike" voice:desc="laughing" voice:syl="3"/></seg></u>
            <u who="#LEcon351_S3" xml:id="LEcon351_u_11"><vocal subtype="wordstart" type="wordlike" voice:desc="laughing" voice:syl="3"/></u>
            <u who="#LEcon351_S7" xml:id="LEcon351_u_12"><foreign type="L1" xml:lang="spa"><supplied reason="unintelligible"> x xxxx x x xx xx </supplied></foreign><vocal subtype="wordstart" type="wordlike" voice:desc="laughing" voice:syl="1"/></u>
            <u who="#LEcon351_S2" xml:id="LEcon351_u_13"><vocal subtype="wordstart" type="wordlike" voice:desc="laughing" voice:syl="2"/><pause/></u>
            <u who="#LEcon351_S5" xml:id="LEcon351_u_14"> in austria it's very cold<c function="fall" type="intonation"/><pause/></u>
            <u who="#LEcon351_S3" xml:id="LEcon351_u_15"><foreign type="L1" voice:translation="where is" xml:lang="spa"> donde <seg n="4" type="overlap" xml:id="LEcon351_ol_6"> esta </seg><pause/> donde esta <seg n="5" type="overlap" xml:id="LEcon351_ol_7"><supplied reason="unintelligible"> xx </supplied></seg></foreign></u>
            <u who="#LEcon351_S4" xml:id="LEcon351_u_16"><seg n="4" synch="#LEcon351_ol_6" type="overlap" xml:id="LEcon351_ol_8"> yeah </seg></u>
            <u who="#LEcon351_S5" xml:id="LEcon351_u_17"><seg n="5" synch="#LEcon351_ol_7" type="overlap" xml:id="LEcon351_ol_9"> it's austria </seg> it's very cold <seg n="6" type="overlap" xml:id="LEcon351_ol_10"> and it's <pause/> hot enough </seg><pause/></u>
            <u who="#LEcon351_S7" xml:id="LEcon351_u_18"><seg n="6" synch="#LEcon351_ol_10" type="overlap" xml:id="LEcon351_ol_11"><foreign type="L1" voice:translation="at home" xml:lang="spa"> en casa </foreign><pause/> like i know </seg></u>
            <u who="#LEcon351_S5" xml:id="LEcon351_u_19"> to drink </u>
            <u who="#LEcon351_S4" xml:id="LEcon351_u_20"><seg n="1" type="overlap" xml:id="LEcon351_ol_12"><foreign type="L1" voice:translation="with the girlfriend" xml:lang="ger"> mit der freundin </foreign></seg></u>
            <u who="#LEcon351_S2" xml:id="LEcon351_u_21"><foreign type="L1" voice:translation="a film with his girlfriend" xml:lang="spa"><seg n="1" synch="#LEcon351_ol_12" type="overlap" xml:id="LEcon351_ol_13"><supplied reason="unintelligible"> xx xx </supplied> una </seg> pelicula con la novia </foreign><pause/></u>
            <u who="#LEcon351_S3" xml:id="LEcon351_u_22"> mhm <pause/></u>
            <u who="#LEcon351_S6" xml:id="LEcon351_u_23"> so do you like it<c function="rise" type="intonation"/><pause dur="PT1S"/> did you <emph> know </emph> it<c function="fall" type="intonation"/></u>
            <u who="#LEcon351_S1" xml:id="LEcon351_u_24"><shift corresp="#LEcon351_s_2" feature="loud" new="p" xml:id="LEcon351_s_1"/> er <foreign type="L1" xml:lang="spa"><supplied reason="unintelligible"> xx x xx x x </supplied></foreign><shift corresp="#LEcon351_s_1" feature="loud" new="neutral" xml:id="LEcon351_s_2"/><pause/></u>
            <u who="#LEcon351_S4" xml:id="LEcon351_u_25"><shift corresp="#LEcon351_s_4" feature="loud" new="f" xml:id="LEcon351_s_3"/> do you <seg n="2" type="overlap" xml:id="LEcon351_ol_14"><emph> like </emph> it<c function="fall" type="intonation"/></seg><shift corresp="#LEcon351_s_3" feature="loud" new="neutral" xml:id="LEcon351_s_4"/></u>
            <u who="#LEcon351_S2" xml:id="LEcon351_u_26"><seg n="2" synch="#LEcon351_ol_14" type="overlap" xml:id="LEcon351_ol_15"><vocal subtype="wordstart" type="wordlike" voice:desc="laughing" voice:syl="1"/></seg><vocal type="wordlike" voice:desc="laughing" voice:syl="3"/></u>
            <u who="#LEcon351_S1" xml:id="LEcon351_u_27"> i never drink w- <pause/> er <pause/></u>
            <u who="#LEcon351_S4" xml:id="LEcon351_u_28"> warm <pause/><seg n="3" type="overlap" xml:id="LEcon351_ol_16"> warm wine </seg></u>
            <u who="#LEcon351_S1" xml:id="LEcon351_u_29"><seg n="3" synch="#LEcon351_ol_16" type="overlap" xml:id="LEcon351_ol_17"> warm wine <supplied reason="unintelligible"> x </supplied></seg></u>
            <u who="#LEcon351_S2" xml:id="LEcon351_u_30"><foreign type="L1" voice:translation="this would be the good part of being with the girlfriend" xml:lang="spa"> sera la parte buena <seg n="4" type="overlap" xml:id="LEcon351_ol_18"> con la novia </seg></foreign><vocal subtype="wordstart" type="wordlike" voice:desc="laughing" voice:syl="2"/><vocal subtype="wordstart" type="wordlike" voice:desc="laughing" voice:syl="2"/><vocal subtype="wordstart" type="wordlike" voice:desc="laughing" voice:syl="2"/></u>
            <u who="#LEcon351_S4" xml:id="LEcon351_u_31"><seg n="4" synch="#LEcon351_ol_18" type="overlap" xml:id="LEcon351_ol_19"> you never drink <unclear> white </unclear> red wine<c function="rise" type="intonation"/></seg></u>
            <u who="#LEcon351_S1" xml:id="LEcon351_u_32"> warm <pause/><seg n="5" type="overlap" xml:id="LEcon351_ol_20"> red wine </seg></u>
            <u who="#LEcon351_S4" xml:id="LEcon351_u_33"><seg n="5" synch="#LEcon351_ol_20" type="overlap" xml:id="LEcon351_ol_21"> warm </seg><seg n="8" type="overlap" xml:id="LEcon351_ol_22"> red wine </seg></u>
            <u who="#LEcon351_S6" xml:id="LEcon351_u_34"><seg n="8" synch="#LEcon351_ol_22" type="overlap" xml:id="LEcon351_ol_23"> yeah well </seg></u>
            <u who="#LEcon351_S2" xml:id="LEcon351_u_35"><seg n="8" synch="#LEcon351_ol_22" type="overlap" xml:id="LEcon351_ol_24"> oh </seg> yeah<c function="rise" type="intonation"/><pause/></u>
            <u who="#LEcon351_S4" xml:id="LEcon351_u_36"> but that's special from austria<c function="fall" type="intonation"/><incident voice:desc="parallel conversation between S3 and S2 starts"/> that's the reason why we brought it today<c function="fall" type="intonation"/><pause dur="PT1S"/><incident voice:desc="parallel conversation ends"/> now <seg n="6" type="overlap" xml:id="LEcon351_ol_25"> you have </seg><shift corresp="#LEcon351_s_6" feature="loud" new="f" xml:id="LEcon351_s_5"/> you have to imagine now <shift corresp="#LEcon351_s_5" feature="loud" new="neutral" xml:id="LEcon351_s_6"/><anchor synch="#LEcon351_oc_1" type="other_continuation" xml:id="LEcon351_oc_0"/></u>
            <u who="#LEcon351_S7" xml:id="LEcon351_u_37"><seg n="6" synch="#LEcon351_ol_25" type="overlap" xml:id="LEcon351_ol_26"> it's er </seg></u>
            <u who="#LEcon351_S7" xml:id="LEcon351_u_38"><anchor synch="#LEcon351_oc_0" type="other_continuation" xml:id="LEcon351_oc_1"/><unclear> maybe he's </unclear> good in er in er <pause/> up in the mountain </u>
            <u who="#LEcon351_S4" xml:id="LEcon351_u_39"><supplied reason="anonymization"> [S7] </supplied> er you have to imagine now you are on the christmas market <pause/> snow is falling <pause/><incident voice:desc="parallel conversation between S3 and S2 starts"/> it's <emph> co</emph>ld <pause/> you are standing there <seg n="7" type="overlap" xml:id="LEcon351_ol_27"> with a hand like a <supplied reason="unintelligible"> x </supplied></seg></u>
            <u who="#LEcon351_S7" xml:id="LEcon351_u_40"><seg n="7" synch="#LEcon351_ol_27" type="overlap" xml:id="LEcon351_ol_28"> well e<c type="lengthening"/>r </seg></u>
            <u who="#LEcon351_S6" xml:id="LEcon351_u_41"> it's <unclear> hot </unclear> and <pause/></u>
            <u who="#LEcon351_S4" xml:id="LEcon351_u_42"><emph> then </emph> it's really lovely </u>
            <u who="#LEcon351_S7" xml:id="LEcon351_u_43"> in our case e<c type="lengthening"/>r <pause/> we're not used to e<c type="lengthening"/>r <pause dur="PT1S"/> a- all our life our christmas is like er thirty forty-five degrees<c function="fall" type="intonation"/><pause dur="PT2S"/><incident voice:desc="parallel conversation continues in the background"/></u>
            <u who="#LEcon351_S4" xml:id="LEcon351_u_44"> where<c function="fall" type="intonation"/></u>
            <u who="#LEcon351_S7" xml:id="LEcon351_u_45"> yeah<c function="fall" type="intonation"/><pause/> in argentina<c function="fall" type="intonation"/><pause/><seg n="1" type="overlap" xml:id="LEcon351_ol_29"> last year </seg> it was like <seg n="2" type="overlap" xml:id="LEcon351_ol_30"> my first </seg> my first christmas in the snow </u>
            <u who="#LEcon351_S4" xml:id="LEcon351_u_46"><seg n="1" synch="#LEcon351_ol_29" type="overlap" xml:id="LEcon351_ol_31"> here- </seg></u>
            <u who="#LEcon351_S4" xml:id="LEcon351_u_47"><seg n="2" synch="#LEcon351_ol_30" type="overlap" xml:id="LEcon351_ol_32"> in argentina<c function="rise" type="intonation"/></seg></u>
            <u who="#LEcon351_S7" xml:id="LEcon351_u_48"> no<c function="fall" type="intonation"/> in <foreign type="L1" voice:translation="mountain range" xml:lang="spa"> sierra nevada </foreign></u>
            <u who="#LEcon351_S4" xml:id="LEcon351_u_49"> in sierra nevada uhu </u>
            <u who="#LEcon351_S7" xml:id="LEcon351_u_50"> in argentina <foreign type="L1" voice:translation="would" xml:lang="spa"> sera s- </foreign><pause/> the other side of the world it's er christmas is in <pause/> middle of the summer<c function="fall" type="intonation"/> thirty-five degrees in buenos aires <pause/> it's <seg n="3" type="overlap" xml:id="LEcon351_ol_33"> no snow </seg> nor santa claus but it's er <pause/></u>
            <u who="#LEcon351_S4" xml:id="LEcon351_u_51"><seg n="3" synch="#LEcon351_ol_33" type="overlap" xml:id="LEcon351_ol_34"> ah<c function="rise" type="intonation"/></seg></u>
            <u who="#LEcon351_S4" xml:id="LEcon351_u_52"><vocal subtype="wordstart" type="wordlike" voice:desc="laughing" voice:syl="2"/><anchor synch="#LEcon351_oc_3" type="other_continuation" xml:id="LEcon351_oc_2"/></u>
            <u who="#LEcon351_S7" xml:id="LEcon351_u_53"><anchor synch="#LEcon351_oc_2" type="other_continuation" xml:id="LEcon351_oc_3"/> summer </u>
            <u who="#LEcon351_S4" xml:id="LEcon351_u_54"> no nothing </u>
            <u who="#LEcon351_S7" xml:id="LEcon351_u_55"> hh yes and c- cold things all the time </u>
            <u who="#LEcon351_S4" xml:id="LEcon351_u_56"> yeah yeah yeah <pause dur="PT1S"/></u>
            <u who="#LEcon351_S5" xml:id="LEcon351_u_57"> but you celebrate<c function="rise" type="intonation"/><pause dur="PT1S"/></u>
            <u who="#LEcon351_S7" xml:id="LEcon351_u_58"> erm<c function="rise" type="intonation"/><anchor synch="#LEcon351_oc_5" type="other_continuation" xml:id="LEcon351_oc_4"/></u>
            <u who="#LEcon351_S5" xml:id="LEcon351_u_59"><anchor synch="#LEcon351_oc_4" type="other_continuation" xml:id="LEcon351_oc_5"/> you celebrate christmas in<c type="lengthening"/> in argentina<c function="fall" type="intonation"/><anchor synch="#LEcon351_oc_7" type="other_continuation" xml:id="LEcon351_oc_6"/></u>
            <u who="#LEcon351_S7" xml:id="LEcon351_u_60"><anchor synch="#LEcon351_oc_6" type="other_continuation" xml:id="LEcon351_oc_7"/> yeah<c function="fall" type="intonation"/> like anybody but e<c type="lengthening"/>r <seg n="4" type="overlap" xml:id="LEcon351_ol_35"><supplied reason="unintelligible"> x </supplied> different four </seg> different drinks it's it's too hot it's forty-five degrees it's <pause/></u>
            <u who="#LEcon351_S5" xml:id="LEcon351_u_61"><seg n="4" synch="#LEcon351_ol_35" type="overlap" xml:id="LEcon351_ol_36"> it's twenty-fourth or twenty-fifth </seg></u>
            <u who="#LEcon351_S7" xml:id="LEcon351_u_62"> much more <pause/> yes er <seg n="5" type="overlap" xml:id="LEcon351_ol_37"> we celebrate christmas </seg> like everybody<c function="fall" type="intonation"/><pause/></u>
            <u who="#LEcon351_S5" xml:id="LEcon351_u_63"><seg n="5" synch="#LEcon351_ol_37" type="overlap" xml:id="LEcon351_ol_38"><supplied reason="unintelligible"> xxxxx </supplied></seg></u>
            <u who="#LEcon351_S7" xml:id="LEcon351_u_64"> but er er <pause/> when we were <voice:pvc> childrens </voice:pvc> nobody understands <emph> why </emph> is santa claus is in the snow<c function="rise" type="intonation"/> with er s- <vocal subtype="wordstart" type="wordlike" voice:desc="laughing" voice:syl="2"/> there's no snow at christmas<c function="fall" type="intonation"/> but in in  <w voice:mode="spelt"> t v  </w> in the movies it's a christmas is with snow <supplied reason="unintelligible"> xx </supplied><shift corresp="#LEcon351_s_8" feature="tempo" new="a" xml:id="LEcon351_s_7"/> and so on <shift corresp="#LEcon351_s_7" feature="tempo" new="neutral" xml:id="LEcon351_s_8"/><pause/> when we were children you didn't understand <supplied reason="unintelligible"> xx </supplied> this is <pause/> this is not the christmas the christmas i <emph> know </emph><pause/> hh yeah<c function="fall" type="intonation"/><pause/> last e<c type="lengthening"/>r last year i went up to sierra nevada cos i <pause/> say for <pause/> at least once i i want to celebrate a new year in the snow there it was f<c type="lengthening"/>antastic<c function="fall" type="intonation"/><pause/> yeah but sierra there is pf problem<c function="fall" type="intonation"/> er new year's pf <pause/> it's <pause/> every place is full of people <pause/> e<c type="lengthening"/>r you need to<c type="lengthening"/> er make reservations for dinner <pause/> for the hotels within pf two months before hh and er <pause/> that night er <seg n="6" type="overlap" xml:id="LEcon351_ol_39"> every bar there<c function="rise" type="intonation"/></seg><pause/></u>
            <u who="#LEcon351_S4" xml:id="LEcon351_u_65"><seg n="6" synch="#LEcon351_ol_39" type="overlap" xml:id="LEcon351_ol_40"><voice:to who="#LEcon351_S6"><foreign type="L1" voice:translation="that's normal isn't it" xml:lang="ger"> das ist normal oder<c function="rise" type="intonation"/></foreign></voice:to></seg></u>
            <u who="#LEcon351_S7" xml:id="LEcon351_u_66"> er <pause/><seg n="7" type="overlap" xml:id="LEcon351_ol_41"> they er they </seg> charge you<c function="rise" type="intonation"/> for <seg n="1" type="overlap" xml:id="LEcon351_ol_42"> getting like a </seg> discounts the <seg n="2" type="overlap" xml:id="LEcon351_ol_43"> ticket </seg></u>
            <u who="#LEcon351_S4" xml:id="LEcon351_u_67"><seg n="7" synch="#LEcon351_ol_41" type="overlap" xml:id="LEcon351_ol_44"><voice:to who="#LEcon351_S6"><foreign type="L1" voice:translation="it's not different in our country either is it" xml:lang="ger"> bei uns ist es auch nicht anders oder<c function="rise" type="intonation"/></foreign></voice:to></seg></u>
            <u who="#LEcon351_S6" xml:id="LEcon351_u_68"><seg n="1" synch="#LEcon351_ol_42" type="overlap" xml:id="LEcon351_ol_45"><voice:to who="#LEcon351_S4"> the flair <unclear> don't have to </unclear></voice:to></seg></u>
            <u who="#LEcon351_S4" xml:id="LEcon351_u_69"><seg n="2" synch="#LEcon351_ol_43" type="overlap" xml:id="LEcon351_ol_46"> the what<c function="rise" type="intonation"/></seg><incident voice:desc="parallel conversation stops"/></u>
            <u who="#LEcon351_SX-m" xml:id="LEcon351_u_70"> the ticket<c function="rise" type="intonation"/></u>
            <u who="#LEcon351_S6" xml:id="LEcon351_u_71"> the <emph> flair </emph><vocal subtype="wordstart" type="wordlike" voice:desc="laughing" voice:syl="1"/></u>
            <u who="#LEcon351_S7" xml:id="LEcon351_u_72"> the f<c type="lengthening"/>lair is no <pause/> n- er in new year it's twenty euros for to get in<c function="rise" type="intonation"/><pause/> ten euros every drinks<c function="rise" type="intonation"/><pause/> it- you think you are you stupid or what<c function="fall" type="intonation"/><pause/> is is is <pause/><foreign type="L1" voice:translation="this is what you find there that is andalusian" xml:lang="spa"> es lo que hay <pause/> que es andaluz </foreign></u>
            <u who="#LEcon351_SX-m" xml:id="LEcon351_u_73"><vocal subtype="wordstart" type="wordlike" voice:desc="laughing" voice:syl="3"/></u>
            <u who="#LEcon351_S7" xml:id="LEcon351_u_74"><foreign type="L1" voice:translation="it is what you find there" xml:lang="spa"><shift corresp="#LEcon351_s_10" feature="voice" new="laugh" xml:id="LEcon351_s_9"/> es lo que hay <shift corresp="#LEcon351_s_9" feature="voice" new="neutral" xml:id="LEcon351_s_10"/></foreign><pause/></u>
            <u who="#LEcon351_S6" xml:id="LEcon351_u_75"><foreign type="L1" voice:translation="but" xml:lang="spa"> pero </foreign><pause/> but <vocal subtype="wordstart" type="wordlike" voice:desc="laughing" voice:syl="1"/> but you celebrate <pause/> christmas <seg n="3" type="overlap" xml:id="LEcon351_ol_47"><supplied reason="unintelligible"> xxxx </supplied></seg><incident voice:desc="parallel conversations start"/> on the sixth<c function="rise" type="intonation"/></u>
            <u who="#LEcon351_S7" xml:id="LEcon351_u_76"><seg n="3" synch="#LEcon351_ol_47" type="overlap" xml:id="LEcon351_ol_48"> yes<c function="rise" type="intonation"/></seg></u>
            <u who="#LEcon351_S7" xml:id="LEcon351_u_77"> like everybody yeah </u>
            <u who="#LEcon351_S6" xml:id="LEcon351_u_78"> of january<c function="fall" type="intonation"/> so <pause/> it's only in spain that the<c type="lengthening"/> they celebrate er <voice:track medium="1" num="2" type="md"/><incident voice:desc="parallel conversation goes on"/></u>
            <u who="#LEcon351_S3" xml:id="LEcon351_u_79"> we just <unclear> transform </unclear><supplied reason="unintelligible"> xx xx xx </supplied><seg n="4" type="overlap" xml:id="LEcon351_ol_49"> this </seg></u>
            <u who="#LEcon351_S6" xml:id="LEcon351_u_80"><foreign type="L1" voice:translation="the three saints" xml:lang="spa"><seg n="4" synch="#LEcon351_ol_49" type="overlap" xml:id="LEcon351_ol_50"> los tres </seg> santos </foreign> okay<c function="rise" type="intonation"/></u>
            <u who="#LEcon351_S4" xml:id="LEcon351_u_81"><foreign type="L1" voice:translation="yeah that's right" xml:lang="ger"> ja stimmt </foreign><pause dur="PT1S"/></u>
            <u who="#LEcon351_S6" xml:id="LEcon351_u_82"> yeah <pause/></u>
            <u who="#LEcon351_S7" xml:id="LEcon351_u_83"> in spain they celebrate <emph> every</emph>thing<c function="fall" type="intonation"/><pause/></u>
            <u who="#LEcon351_S6" xml:id="LEcon351_u_84"> yeah but they ce- er <seg n="6" type="overlap" xml:id="LEcon351_ol_51"> the- <pause/> they celebrate </seg> the<c type="lengthening"/><seg n="7" type="overlap" xml:id="LEcon351_ol_52"><emph> holy </emph> kings or ho- </seg><emph> how </emph> they are called in english <pause/></u>
            <u who="#LEcon351_S7" xml:id="LEcon351_u_85"><seg n="6" synch="#LEcon351_ol_51" type="overlap" xml:id="LEcon351_ol_53"> and everything is a good excuse for </seg></u>
            <u who="#LEcon351_S7" xml:id="LEcon351_u_86"><seg n="7" synch="#LEcon351_ol_52" type="overlap" xml:id="LEcon351_ol_54"> er not going to work and er having parties </seg></u>
            <u who="#LEcon351_S7" xml:id="LEcon351_u_87"><shift corresp="#LEcon351_s_12" feature="loud" new="p" xml:id="LEcon351_s_11"/><supplied reason="unintelligible"> xx xx </supplied><shift corresp="#LEcon351_s_11" feature="loud" new="neutral" xml:id="LEcon351_s_12"/></u>
            <u who="#LEcon351_S6" xml:id="LEcon351_u_88"><shift corresp="#LEcon351_s_14" feature="loud" new="f" xml:id="LEcon351_s_13"/> yeah <shift corresp="#LEcon351_s_13" feature="loud" new="neutral" xml:id="LEcon351_s_14"/><pause dur="PT1S"/></u>
            <u who="#LEcon351_S7" xml:id="LEcon351_u_89"><shift corresp="#LEcon351_s_16" feature="loud" new="f" xml:id="LEcon351_s_15"/> yeah <shift corresp="#LEcon351_s_15" feature="loud" new="neutral" xml:id="LEcon351_s_16"/></u>
         </div>
         <gap dur="PT00H00M16S" reason="not_transcribed" voice:desc="un; multiple, overlapping and chaotic, parallel conversations, partly in german and spanish"/>
         <div type="medium" voice:end="02:13" voice:end_medium_number="1" voice:end_track="3" voice:medium_type="md" voice:start="00:24" voice:start_medium_number="1" voice:start_track="2">
            <u who="#LEcon351_S4" xml:id="LEcon351_u_90"><incident voice:desc="multiple parallel conversations in spanish and laughter goes on"/><foreign type="L1" voice:translation="yes and on the sixth there is the giving of the presents; because the three kings bring the presents" xml:lang="ger"> ja und am sechsten <unclear> weil ich grad </unclear><supplied reason="unintelligible"> x xx </supplied> da ist geschenkuebergabe<c function="fall" type="intonation"/> weil die heiligen drei koenige bringen aber die <seg n="9" type="overlap" xml:id="LEcon351_ol_55"> geschenke<c function="fall" type="intonation"/></seg></foreign><pause/></u>
            <u who="#LEcon351_S6" xml:id="LEcon351_u_91"><seg n="9" synch="#LEcon351_ol_55" type="overlap" xml:id="LEcon351_ol_56"><foreign type="L1" voice:translation="christ child" xml:lang="ger"> das christkind joe </foreign></seg></u>
            <u who="#LEcon351_S4" xml:id="LEcon351_u_92"><foreign type="L1" voice:translation="there is no 'christkind' there are no sparklers in front of the windows no letter to the 'christkind'" xml:lang="ger"> christkind gibt es nicht<c function="fall" type="intonation"/><pause dur="PT1S"/> es gibt keine <pause/> sternspritzer vor dem fenster <unclear> keinen brief </unclear> ans christkind </foreign><incident voice:desc="parallel conversations in spanish end"/></u>
            <u who="#LEcon351_S3" xml:id="LEcon351_u_93"><foreign type="L1" voice:translation="santa claus hasn't become accepted either" xml:lang="ger"> der weihnachtsmann hat sich auch nicht durchgesetzt<c function="rise" type="intonation"/></foreign><pause dur="PT1S"/></u>
            <u who="#LEcon351_S6" xml:id="LEcon351_u_94"> yeah it is working </u>
            <u who="#LEcon351_S5" xml:id="LEcon351_u_95"> isn't it <pause/> in sp- <pause/></u>
            <u who="#LEcon351_S3" xml:id="LEcon351_u_96"><foreign type="L1" voice:translation="santa claus hasn't become accepted" xml:lang="ger"> der santa klaus<c function="rise" type="intonation"/> hat sich nicht durchgesetzt<c function="rise" type="intonation"/></foreign><incident voice:desc="parallel conversation in spanish starts"/></u>
            <u who="#LEcon351_S5" xml:id="LEcon351_u_97"><foreign type="L1" voice:translation="well i do think that they celebrate this" xml:lang="ger"> also ich glaube die feiern <seg n="1" type="overlap" xml:id="LEcon351_ol_57"> das schon </seg></foreign></u>
            <u who="#LEcon351_S4" xml:id="LEcon351_u_98"><seg n="1" synch="#LEcon351_ol_57" type="overlap" xml:id="LEcon351_ol_58"><foreign type="L1" voice:translation="they celebrate" xml:lang="ger"> he die feiern <supplied reason="unintelligible"> xxx </supplied></foreign></seg></u>
            <u who="#LEcon351_S4" xml:id="LEcon351_u_99"><foreign type="L1" voice:translation="well the rich ones maybe both but" xml:lang="ger"> also die reichen vielleicht beides aber </foreign><vocal subtype="wordstart" type="wordlike" voice:desc="laughing" voice:syl="1"/></u>
            <u who="#LEcon351_S2" xml:id="LEcon351_u_100"> yes i'm n<c type="lengthening"/>early blind </u>
            <u who="#LEcon351_S6" xml:id="LEcon351_u_101"><vocal subtype="wordstart" type="wordlike" voice:desc="laughing" voice:syl="3"/><shift corresp="#LEcon351_s_18" feature="voice" new="laugh" xml:id="LEcon351_s_17"/>  nothing is happening <shift corresp="#LEcon351_s_17" feature="voice" new="neutral" xml:id="LEcon351_s_18"/><seg n="2" type="overlap" xml:id="LEcon351_ol_59"><vocal subtype="wordstart" type="wordlike" voice:desc="laughing" voice:syl="4"/></seg></u>
            <u who="#LEcon351_S5" xml:id="LEcon351_u_102"><seg n="2" synch="#LEcon351_ol_59" type="overlap" xml:id="LEcon351_ol_60"> the three kings on the sixth of<c type="lengthening"/></seg> january <seg n="3" type="overlap" xml:id="LEcon351_ol_61"> they bring the presents no<c function="rise" type="intonation"/></seg><seg n="4" type="overlap" xml:id="LEcon351_ol_62"> not on the twenty-fourth like we celebrate it </seg></u>
            <u who="#LEcon351_S6" xml:id="LEcon351_u_103"><seg n="3" synch="#LEcon351_ol_61" type="overlap" xml:id="LEcon351_ol_63"> so you can <pause/> you can still see<c function="rise" type="intonation"/></seg></u>
            <u who="#LEcon351_S2" xml:id="LEcon351_u_104"><foreign type="L1" voice:translation="so i do understand that these things are usually always with a fence" xml:lang="spa"><seg n="4" synch="#LEcon351_ol_62" type="overlap" xml:id="LEcon351_ol_64"> asi m- <pause/> asi me entero <pause/> asi me entero que estas cosas suelen todas ser que siempre<c type="lengthening"/></seg><pause/> esta con una <unclear> valla </unclear></foreign><pause/></u>
            <u who="#LEcon351_S5" xml:id="LEcon351_u_105"> and in <voice:pvc comment="argentina"> argentinia<c function="rise" type="intonation"/></voice:pvc><pause dur="PT1S"/></u>
            <u who="#LEcon351_S2" xml:id="LEcon351_u_106"><seg n="5" type="overlap" xml:id="LEcon351_ol_65"><vocal subtype="wordstart" type="wordlike" voice:desc="laughing" voice:syl="3"/></seg></u>
            <u who="#LEcon351_S7" xml:id="LEcon351_u_107"><seg n="5" synch="#LEcon351_ol_65" type="overlap" xml:id="LEcon351_ol_66"> the sixth </seg><pause/></u>
            <u who="#LEcon351_SS" xml:id="LEcon351_u_108"> the sixth </u>
            <u who="#LEcon351_S2" xml:id="LEcon351_u_109"> on the sixth </u>
            <u who="#LEcon351_S4" xml:id="LEcon351_u_110"> no<c type="lengthening"/></u>
            <u who="#LEcon351_S5" xml:id="LEcon351_u_111"> yeah <emph> what </emph><c function="rise" type="intonation"/></u>
            <u who="#LEcon351_S6" xml:id="LEcon351_u_112"> i i thought on the twenty-fourth<c function="rise" type="intonation"/></u>
            <u who="#LEcon351_S3" xml:id="LEcon351_u_113"> so no presents on the twenty-fourth<c function="rise" type="intonation"/></u>
            <u who="#LEcon351_S7" xml:id="LEcon351_u_114"> yeah twenty-four yes but not not the<c type="lengthening"/></u>
            <u who="#LEcon351_S2" xml:id="LEcon351_u_115"><foreign type="L1" voice:translation="what now" xml:lang="spa"> que cosa<c function="rise" type="intonation"/></foreign></u>
            <u who="#LEcon351_S6" xml:id="LEcon351_u_116"> yeah i just <seg n="6" type="overlap" xml:id="LEcon351_ol_67"> asked you and you said </seg></u>
            <u who="#LEcon351_S7" xml:id="LEcon351_u_117"><foreign type="L1" voice:translation="it's about the presents she says that on the sixth of november the three magi come" xml:lang="spa"><seg n="6" synch="#LEcon351_ol_67" type="overlap" xml:id="LEcon351_ol_68"> no por los regalos dice que </seg> si viene el seis de noviembre vienen los reyes magos </foreign></u>
            <u who="#LEcon351_S2" xml:id="LEcon351_u_118"><foreign type="L1" voice:translation="no on the sixth of january" xml:lang="spa"> no el seis de <pause/> de enero </foreign></u>
            <u who="#LEcon351_S7" xml:id="LEcon351_u_119"><foreign type="L1" voice:translation="sixth of january" xml:lang="spa"> seis de enero </foreign></u>
            <u who="#LEcon351_S3" xml:id="LEcon351_u_120"><supplied reason="unintelligible"> xx xx </supplied></u>
            <u who="#LEcon351_S6" xml:id="LEcon351_u_121"> e<c type="lengthening"/>rm she can't understand you when you are always <seg n="7" type="overlap" xml:id="LEcon351_ol_69"> talking spanish so </seg></u>
            <u who="#LEcon351_S1" xml:id="LEcon351_u_122"><seg n="7" synch="#LEcon351_ol_69" type="overlap" xml:id="LEcon351_ol_70"><foreign type="L1" voice:translation="how how was it" xml:lang="spa"> como como ha sido <supplied reason="unintelligible"> xxx </supplied></foreign></seg><incident voice:desc="parallel conversations start"/></u>
            <u who="#LEcon351_S5" xml:id="LEcon351_u_123"><foreign type="L1" voice:translation="i do understand but" xml:lang="ger"> ich versteh's eh aber </foreign></u>
            <u who="#LEcon351_S7" xml:id="LEcon351_u_124"> it's the same like here<c function="fall" type="intonation"/></u>
            <u who="#LEcon351_S6" xml:id="LEcon351_u_125"><vocal subtype="wordstart" type="wordlike" voice:desc="laughing" voice:syl="2"/><shift corresp="#LEcon351_s_20" feature="voice" new="laugh" xml:id="LEcon351_s_19"/><foreign type="L1" voice:translation="no i want anyway but" xml:lang="ger">  nein ich will eh aber </foreign><shift corresp="#LEcon351_s_19" feature="voice" new="neutral" xml:id="LEcon351_s_20"/></u>
            <u who="#LEcon351_S7" xml:id="LEcon351_u_126"> it's the twenty-four it's e<c type="lengthening"/>r  </u>
            <u who="#LEcon351_S6" xml:id="LEcon351_u_127"><foreign type="L1" voice:translation="if you point this out they'll get nervous again" xml:lang="ger"><shift corresp="#LEcon351_s_22" feature="voice" new="laugh" xml:id="LEcon351_s_21"/> wenn du jetzt wieder auf <seg n="2" type="overlap" xml:id="LEcon351_ol_71"> das hinweist dann werden </seg> sie wieder nervoes <shift corresp="#LEcon351_s_21" feature="voice" new="neutral" xml:id="LEcon351_s_22"/></foreign></u>
            <u who="#LEcon351_S7" xml:id="LEcon351_u_128"><seg n="2" synch="#LEcon351_ol_71" type="overlap" xml:id="LEcon351_ol_72"><foreign type="L1" voice:translation="how do you say for papa noel" xml:lang="spa"> como se dice papa noel<c function="rise" type="intonation"/></foreign></seg></u>
            <u who="#LEcon351_S7" xml:id="LEcon351_u_129"><foreign type="L1" voice:translation="how do you say for papa noel" xml:lang="spa"> como se dice papa noel<c function="rise" type="intonation"/></foreign></u>
            <u who="#LEcon351_S1" xml:id="LEcon351_u_130"> santa claus </u>
            <u who="#LEcon351_S2" xml:id="LEcon351_u_131"> santa </u>
            <u who="#LEcon351_S7" xml:id="LEcon351_u_132"> santa </u>
            <u who="#LEcon351_S1" xml:id="LEcon351_u_133"> mhm <pause/></u>
            <u who="#LEcon351_S7" xml:id="LEcon351_u_134"> in twenty-four<c function="fall" type="intonation"/><pause/><seg n="9" type="overlap" xml:id="LEcon351_ol_73"> and </seg> then six of january<c function="rise" type="intonation"/></u>
            <u who="#LEcon351_SX-f" xml:id="LEcon351_u_135"><seg n="9" synch="#LEcon351_ol_73" type="overlap" xml:id="LEcon351_ol_74"> yeah </seg></u>
            <u who="#LEcon351_S2" xml:id="LEcon351_u_136"><foreign type="L1" voice:translation="no santa is in january or something like this" xml:lang="spa"> no san- santa es en enero o algo asi <pause/><seg n="3" type="overlap" xml:id="LEcon351_ol_75"> navidad<c function="rise" type="intonation"/></seg></foreign></u>
            <u who="#LEcon351_S7" xml:id="LEcon351_u_137"><foreign type="L1" voice:translation="christmas" xml:lang="spa"><seg n="3" synch="#LEcon351_ol_75" type="overlap" xml:id="LEcon351_ol_76"> no<c function="fall" type="intonation"/></seg> navidad </foreign></u>
            <u who="#LEcon351_S2" xml:id="LEcon351_u_138"><foreign type="L1" voice:translation="christmas" xml:lang="spa"> navidad </foreign></u>
            <u who="#LEcon351_S7" xml:id="LEcon351_u_139"> yeah </u>
            <u who="#LEcon351_S2" xml:id="LEcon351_u_140"> christmas </u>
            <u who="#LEcon351_S7" xml:id="LEcon351_u_141"> on twenty-four<c function="fall" type="intonation"/><pause dur="PT2S"/></u>
            <u who="#LEcon351_S2" xml:id="LEcon351_u_142"> yeah everybody is er <anchor synch="#LEcon351_oc_9" type="other_continuation" xml:id="LEcon351_oc_8"/></u>
            <u who="#LEcon351_S7" xml:id="LEcon351_u_143"><anchor synch="#LEcon351_oc_8" type="other_continuation" xml:id="LEcon351_oc_9"/> it's the same<c function="fall" type="intonation"/> or not<c function="fall" type="intonation"/> in austria<c function="rise" type="intonation"/><pause/></u>
            <u who="#LEcon351_S6" xml:id="LEcon351_u_144"> yeah we <emph> don't </emph> celebrate the <seg n="4" type="overlap" xml:id="LEcon351_ol_77"> sixth </seg> at all<c function="rise" type="intonation"/></u>
            <u who="#LEcon351_S2" xml:id="LEcon351_u_145"><seg n="4" synch="#LEcon351_ol_77" type="overlap" xml:id="LEcon351_ol_78"> yeah normally e<c type="lengthening"/>r </seg></u>
            <u who="#LEcon351_S2" xml:id="LEcon351_u_146"> when er <seg n="5" type="overlap" xml:id="LEcon351_ol_79"> santa brings you </seg><pause/></u>
            <u who="#LEcon351_S7" xml:id="LEcon351_u_147"><seg n="5" synch="#LEcon351_ol_79" type="overlap" xml:id="LEcon351_ol_80"> this is </seg></u>
            <u who="#LEcon351_S2" xml:id="LEcon351_u_148"><seg n="6" type="overlap" xml:id="LEcon351_ol_81"> erm presents </seg><pause/></u>
            <u who="#LEcon351_S6" xml:id="LEcon351_u_149"><seg n="6" synch="#LEcon351_ol_81" type="overlap" xml:id="LEcon351_ol_82"> there </seg></u>
            <u who="#LEcon351_S2" xml:id="LEcon351_u_150"><seg n="7" type="overlap" xml:id="LEcon351_ol_83"> it's e<c type="lengthening"/>r <vocal type="speaker_noise" voice:desc="smacks lips"/></seg><seg n="1" type="overlap" xml:id="LEcon351_ol_84"> twenty-four night </seg><pause/></u>
            <u who="#LEcon351_S6" xml:id="LEcon351_u_151"><seg n="7" synch="#LEcon351_ol_83" type="overlap" xml:id="LEcon351_ol_85"> there are only </seg><seg n="1" synch="#LEcon351_ol_84" type="overlap" xml:id="LEcon351_ol_86"><supplied reason="unintelligible"> xx </supplied> is </seg><pause/><seg n="2" type="overlap" xml:id="LEcon351_ol_87"><foreign type="L1" voice:translation="carollers" xml:lang="ger"> sternsinger<c function="rise" type="intonation"/></foreign></seg></u>
            <u who="#LEcon351_S2" xml:id="LEcon351_u_152"><seg n="2" synch="#LEcon351_ol_87" type="overlap" xml:id="LEcon351_ol_88"> e<c type="lengthening"/>r children </seg></u>
            <u who="#LEcon351_S7" xml:id="LEcon351_u_153"><seg n="3" type="overlap" xml:id="LEcon351_ol_89"> the three kings </seg></u>
            <u who="#LEcon351_S2" xml:id="LEcon351_u_154"><seg n="3" synch="#LEcon351_ol_89" type="overlap" xml:id="LEcon351_ol_90"> we we need </seg> to le- er let our shoes </u>
            <u who="#LEcon351_S7" xml:id="LEcon351_u_155"> you <seg n="4" type="overlap" xml:id="LEcon351_ol_91"> when are they coming </seg></u>
            <u who="#LEcon351_S2" xml:id="LEcon351_u_156"><seg n="4" synch="#LEcon351_ol_91" type="overlap" xml:id="LEcon351_ol_92"> e<c type="lengthening"/>r under the tree<c function="rise" type="intonation"/> the christmas </seg> tree<c function="rise" type="intonation"/><seg n="5" type="overlap" xml:id="LEcon351_ol_93"> and then </seg> when you wake up <seg n="6" type="overlap" xml:id="LEcon351_ol_94"> the </seg> twenty-five <pause/></u>
            <u who="#LEcon351_S7" xml:id="LEcon351_u_157"><seg n="5" synch="#LEcon351_ol_93" type="overlap" xml:id="LEcon351_ol_95"> the three kings </seg></u>
            <u who="#LEcon351_S6" xml:id="LEcon351_u_158"><seg n="6" synch="#LEcon351_ol_94" type="overlap" xml:id="LEcon351_ol_96"> what<c function="rise" type="intonation"/></seg></u>
            <u who="#LEcon351_S2" xml:id="LEcon351_u_159"><seg n="7" type="overlap" xml:id="LEcon351_ol_97"> the presents are there<c function="fall" type="intonation"/></seg><pause/></u>
            <u who="#LEcon351_S7" xml:id="LEcon351_u_160"><seg n="7" synch="#LEcon351_ol_97" type="overlap" xml:id="LEcon351_ol_98"> the three kings </seg></u>
            <u who="#LEcon351_S4" xml:id="LEcon351_u_161"> when when </u>
            <u who="#LEcon351_S2" xml:id="LEcon351_u_162"> so <seg n="1" type="overlap" xml:id="LEcon351_ol_99"> it's the night between twenty-four and </seg> twenty-five <pause/></u>
            <u who="#LEcon351_S3" xml:id="LEcon351_u_163"><seg n="1" synch="#LEcon351_ol_99" type="overlap" xml:id="LEcon351_ol_100"> yeah yeah like in america </seg></u>
            <u who="#LEcon351_S4" xml:id="LEcon351_u_164"> that's <foreign type="L1" voice:translation="st nicholas with us" xml:lang="ger"> nikolaus bei uns </foreign></u>
            <u who="#LEcon351_S5" xml:id="LEcon351_u_165"> just an yeah  </u>
            <u who="#LEcon351_S4" xml:id="LEcon351_u_166"><foreign type="L1" voice:translation="st nicholas" xml:lang="ger"> nikolaus </foreign></u>
            <u who="#LEcon351_S3" xml:id="LEcon351_u_167"><seg n="3" type="overlap" xml:id="LEcon351_ol_101"><foreign type="L1" voice:translation="no:" xml:lang="ger"> nei<c type="lengthening"/>n </foreign></seg></u>
            <u who="#LEcon351_S6" xml:id="LEcon351_u_168"><seg n="3" synch="#LEcon351_ol_101" type="overlap" xml:id="LEcon351_ol_102"> no no no no </seg><foreign type="L1" voice:translation="st nicholas" xml:lang="ger"> nikolaus </foreign> is on the sixth </u>
            <u who="#LEcon351_S7" xml:id="LEcon351_u_169"> it's on the twenty-four </u>
            <u who="#LEcon351_S4" xml:id="LEcon351_u_170"><emph> ye</emph>ah of course that's the big <seg n="4" type="overlap" xml:id="LEcon351_ol_103"> difference<c function="fall" type="intonation"/></seg> that's the <seg n="5" type="overlap" xml:id="LEcon351_ol_104"> on the twenty-fourth <unclear> we celebrate </unclear></seg></u>
            <u who="#LEcon351_S6" xml:id="LEcon351_u_171"><seg n="4" synch="#LEcon351_ol_103" type="overlap" xml:id="LEcon351_ol_105"> yeah you know </seg></u>
            <u who="#LEcon351_S6" xml:id="LEcon351_u_172"><seg n="5" synch="#LEcon351_ol_104" type="overlap" xml:id="LEcon351_ol_106"><emph> we </emph> celebrate on the twenty-fourth in the </seg> evening<c function="fall" type="intonation"/></u>
            <u who="#LEcon351_S1" xml:id="LEcon351_u_173"> mhm<c function="rise" type="intonation"/></u>
            <u who="#LEcon351_S4" xml:id="LEcon351_u_174"><foreign type="L1" voice:translation="baby jesus" xml:lang="ger"> christkind<c function="rise" type="intonation"/></foreign></u>
            <u who="#LEcon351_S6" xml:id="LEcon351_u_175"> so<c type="lengthening"/></u>
            <u who="#LEcon351_S4" xml:id="LEcon351_u_176"> whatever you call <seg n="6" type="overlap" xml:id="LEcon351_ol_107"> that and <supplied reason="unintelligible"> xxx </supplied> e<c type="lengthening"/>r </seg></u>
            <u who="#LEcon351_S6" xml:id="LEcon351_u_177"><seg n="6" synch="#LEcon351_ol_107" type="overlap" xml:id="LEcon351_ol_108"> and we don't celebrate the sixth of january </seg> at all  </u>
            <u who="#LEcon351_S1" xml:id="LEcon351_u_178"> santa </u>
            <u who="#LEcon351_S6" xml:id="LEcon351_u_179"> it is not a </u>
            <u who="#LEcon351_S1" xml:id="LEcon351_u_180"> we celebrate the both<c function="fall" type="intonation"/><pause/> santa claus </u>
            <u who="#LEcon351_S4" xml:id="LEcon351_u_181"> santa is in england<c function="rise" type="intonation"/></u>
            <u who="#LEcon351_S6" xml:id="LEcon351_u_182"> yeah<c function="rise" type="intonation"/></u>
            <u who="#LEcon351_S1" xml:id="LEcon351_u_183"> yeah it's always an excuse because <seg n="7" type="overlap" xml:id="LEcon351_ol_109"> as you <supplied reason="unintelligible"> xx xx xx </supplied> e<c type="lengthening"/>r accordingly there is some more presents more things it's e<c type="lengthening"/>r it's about it's about </seg> christmas is for selling more presents and erm<c type="lengthening"/> things<c function="fall" type="intonation"/><incident voice:desc="parallel conversation in spanish starts"/></u>
            <u who="#LEcon351_SS" xml:id="LEcon351_u_184"><seg n="7" synch="#LEcon351_ol_109" type="overlap" xml:id="LEcon351_ol_110"><supplied reason="unintelligible"> xx xx xxx xx xx x </supplied></seg></u>
            <u who="#LEcon351_S6" xml:id="LEcon351_u_185"> yeah<c function="rise" type="intonation"/><pause/></u>
            <u who="#LEcon351_S1" xml:id="LEcon351_u_186"> yeah </u>
            <u who="#LEcon351_SX-f" xml:id="LEcon351_u_187"><supplied reason="unintelligible"> xx </supplied> and dublin white christmas <seg n="8" type="overlap" xml:id="LEcon351_ol_111"><supplied reason="unintelligible"> xxx </supplied></seg></u>
            <u who="#LEcon351_S4" xml:id="LEcon351_u_188"><seg n="8" synch="#LEcon351_ol_111" type="overlap" xml:id="LEcon351_ol_112"><supplied reason="unintelligible"> xx </supplied></seg><emph> i </emph> think </u>
            <u who="#LEcon351_S6" xml:id="LEcon351_u_189"> well i've just <foreign type="L1" voice:translation="do we have the carollers on the sixth of january" xml:lang="ger"> haben wir die sternsinger am sechsten jaenner<c function="rise" type="intonation"/> oder </foreign><pause/></u>
            <u who="#LEcon351_S6" xml:id="LEcon351_u_190"> we have <pause dur="PT2S"/><incident voice:desc="parallel conversations in english and spanish continue in the background"/></u>
            <u who="#LEcon351_S7" xml:id="LEcon351_u_191"><unclear> we have </unclear> on the twenty-four <seg n="1" type="overlap" xml:id="LEcon351_ol_113"> of </seg> december it's er <pause/> santa claus </u>
            <u who="#LEcon351_S6" xml:id="LEcon351_u_192"><seg n="1" synch="#LEcon351_ol_113" type="overlap" xml:id="LEcon351_ol_114"> so you know </seg></u>
            <u who="#LEcon351_S6" xml:id="LEcon351_u_193"> at the <seg n="9" type="overlap" xml:id="LEcon351_ol_115"> sixth of january we have </seg><pause dur="PT1S"/></u>
            <u who="#LEcon351_S3" xml:id="LEcon351_u_194"><foreign type="L1" voice:translation="the carollers are an imitation of the three kings" xml:lang="ger"><seg n="9" synch="#LEcon351_ol_115" type="overlap" xml:id="LEcon351_ol_116"> die sternsinger sind eine imitation </seg> von den heiligen <seg n="10" type="overlap" xml:id="LEcon351_ol_117"> drei koenigen </seg></foreign></u>
            <u who="#LEcon351_S6" xml:id="LEcon351_u_195"><seg n="10" synch="#LEcon351_ol_117" type="overlap" xml:id="LEcon351_ol_118"> yeah those </seg> people who are walking around and imitating as they would be the <anchor synch="#LEcon351_oc_11" type="other_continuation" xml:id="LEcon351_oc_10"/></u>
            <u who="#LEcon351_S7" xml:id="LEcon351_u_196"><anchor synch="#LEcon351_oc_10" type="other_continuation" xml:id="LEcon351_oc_11"/> er and on the sixth of january <seg n="2" type="overlap" xml:id="LEcon351_ol_119"> is the<c type="lengthening"/></seg><seg n="3" type="overlap" xml:id="LEcon351_ol_120"> the kings </seg></u>
            <u who="#LEcon351_S1" xml:id="LEcon351_u_197"><seg n="2" synch="#LEcon351_ol_119" type="overlap" xml:id="LEcon351_ol_121"> three kings </seg></u>
            <u who="#LEcon351_S6" xml:id="LEcon351_u_198"><seg n="3" synch="#LEcon351_ol_120" type="overlap" xml:id="LEcon351_ol_122"> the three kings </seg> yeah<c function="rise" type="intonation"/><anchor synch="#LEcon351_oc_13" type="other_continuation" xml:id="LEcon351_oc_12"/></u>
            <u who="#LEcon351_S1" xml:id="LEcon351_u_199"><anchor synch="#LEcon351_oc_12" type="other_continuation" xml:id="LEcon351_oc_13"/> the three kings<c function="fall" type="intonation"/> that's <seg n="4" type="overlap" xml:id="LEcon351_ol_123"> looking for </seg></u>
            <u who="#LEcon351_S7" xml:id="LEcon351_u_200"><seg n="4" synch="#LEcon351_ol_123" type="overlap" xml:id="LEcon351_ol_124"> three kings </seg></u>
            <u who="#LEcon351_S6" xml:id="LEcon351_u_201"><seg n="4" synch="#LEcon351_ol_123" type="overlap" xml:id="LEcon351_ol_125"> and they are </seg> singing <anchor synch="#LEcon351_oc_15" type="other_continuation" xml:id="LEcon351_oc_14"/></u>
            <u who="#LEcon351_S5" xml:id="LEcon351_u_202"><anchor synch="#LEcon351_oc_14" type="other_continuation" xml:id="LEcon351_oc_15"/> but <anchor synch="#LEcon351_oc_17" type="other_continuation" xml:id="LEcon351_oc_16"/></u>
            <u who="#LEcon351_S6" xml:id="LEcon351_u_203"><anchor synch="#LEcon351_oc_16" type="other_continuation" xml:id="LEcon351_oc_17"/> christmas carols and something <seg n="11" type="overlap" xml:id="LEcon351_ol_126"> like that </seg><voice:track medium="1" num="3" type="md"/></u>
            <u who="#LEcon351_S5" xml:id="LEcon351_u_204"><seg n="11" synch="#LEcon351_ol_126" type="overlap" xml:id="LEcon351_ol_127"> what <supplied reason="unintelligible"> xx </supplied></seg></u>
            <u who="#LEcon351_S3" xml:id="LEcon351_u_205"> and collect <seg n="6" type="overlap" xml:id="LEcon351_ol_128"> all the </seg></u>
            <u who="#LEcon351_S6" xml:id="LEcon351_u_206"><seg n="6" synch="#LEcon351_ol_128" type="overlap" xml:id="LEcon351_ol_129"> and they are </seg> walking from door to door and <seg n="7" type="overlap" xml:id="LEcon351_ol_130"> you have to give them </seg> some <pause/></u>
            <u who="#LEcon351_S5" xml:id="LEcon351_u_207"><seg n="7" synch="#LEcon351_ol_130" type="overlap" xml:id="LEcon351_ol_131"> what's what's </seg></u>
            <u who="#LEcon351_S6" xml:id="LEcon351_u_208"><seg n="1" type="overlap" xml:id="LEcon351_ol_132"> cents<c function="rise" type="intonation"/> some <foreign type="L1" voice:translation="penny shilling" xml:lang="ger"> groschen <vocal subtype="wordstart" type="wordlike" voice:desc="laughing" voice:syl="2"/> schillinge </foreign></seg><seg n="2" type="overlap" xml:id="LEcon351_ol_133"><supplied reason="unintelligible"> xxxx </supplied></seg></u>
            <u who="#LEcon351_S5" xml:id="LEcon351_u_209"><seg n="1" synch="#LEcon351_ol_132" type="overlap" xml:id="LEcon351_ol_134"> it's just it's just our day we have off<c function="rise" type="intonation"/></seg></u>
            <u who="#LEcon351_S7" xml:id="LEcon351_u_210"><seg n="2" synch="#LEcon351_ol_133" type="overlap" xml:id="LEcon351_ol_135"> now yeah </seg></u>
            <u who="#LEcon351_S5" xml:id="LEcon351_u_211"> that is we are all at home<c function="rise" type="intonation"/><incident voice:desc="parallel conversations continue"/></u>
            <u who="#LEcon351_S6" xml:id="LEcon351_u_212"> chocolates </u>
            <u who="#LEcon351_S7" xml:id="LEcon351_u_213"> the kings </u>
            <u who="#LEcon351_S5" xml:id="LEcon351_u_214"> and kids </u>
            <u who="#LEcon351_S6" xml:id="LEcon351_u_215"> and well we have <emph> this </emph><seg n="3" type="overlap" xml:id="LEcon351_ol_136"> but it's </seg></u>
            <u who="#LEcon351_S7" xml:id="LEcon351_u_216"><seg n="3" synch="#LEcon351_ol_136" type="overlap" xml:id="LEcon351_ol_137"> the three kings </seg></u>
            <u who="#LEcon351_S5" xml:id="LEcon351_u_217"> ain't this <pause/> funny<c function="rise" type="intonation"/></u>
            <u who="#LEcon351_S7" xml:id="LEcon351_u_218"> yeah </u>
            <u who="#LEcon351_S5" xml:id="LEcon351_u_219"> like the three kings and then they're coming <pause/><seg n="4" type="overlap" xml:id="LEcon351_ol_138"> from door to door </seg></u>
            <u who="#LEcon351_SS" xml:id="LEcon351_u_220"><seg n="4" synch="#LEcon351_ol_138" type="overlap" xml:id="LEcon351_ol_139"><supplied reason="unintelligible"> xx xx xx x xxxx </supplied></seg></u>
            <u who="#LEcon351_SX-m" xml:id="LEcon351_u_221"><foreign type="L1" xml:lang="spa"> xx xx xx xxx xxx </foreign></u>
            <u who="#LEcon351_S5" xml:id="LEcon351_u_222"> no no no they are just singing <incident voice:desc="parallel conversations in spanish"/></u>
            <u who="#LEcon351_S7" xml:id="LEcon351_u_223"> singing </u>
            <u who="#LEcon351_S5" xml:id="LEcon351_u_224"> the story about the three kings<c function="fall" type="intonation"/></u>
            <u who="#LEcon351_S7" xml:id="LEcon351_u_225"> okay </u>
            <u who="#LEcon351_S5" xml:id="LEcon351_u_226"> and you give them<c type="lengthening"/></u>
            <u who="#LEcon351_S6" xml:id="LEcon351_u_227"> yeah<c function="fall" type="intonation"/></u>
            <u who="#LEcon351_S5" xml:id="LEcon351_u_228"> money<c function="rise" type="intonation"/><seg n="5" type="overlap" xml:id="LEcon351_ol_140"> or what </seg></u>
            <u who="#LEcon351_S6" xml:id="LEcon351_u_229"><seg n="5" synch="#LEcon351_ol_140" type="overlap" xml:id="LEcon351_ol_141"> it's true </seg></u>
            <u who="#LEcon351_S7" xml:id="LEcon351_u_230"> no </u>
            <u who="#LEcon351_S6" xml:id="LEcon351_u_231"> and chocolates<c function="fall" type="intonation"/></u>
            <u who="#LEcon351_S5" xml:id="LEcon351_u_232"> and chocolates <pause/> i never do that </u>
            <u who="#LEcon351_S7" xml:id="LEcon351_u_233"> in argentina you can give <pause/><seg n="6" type="overlap" xml:id="LEcon351_ol_142"> alcohol <unclear> cigarettes </unclear></seg><vocal subtype="wordstart" type="wordlike" voice:desc="laughing" voice:syl="3"/><vocal subtype="wordstart" type="wordlike" voice:desc="laughing" voice:syl="4"/></u>
            <u who="#LEcon351_S6" xml:id="LEcon351_u_234"><seg n="6" synch="#LEcon351_ol_142" type="overlap" xml:id="LEcon351_ol_143"> it's all about coca cola </seg></u>
            <u who="#LEcon351_S5" xml:id="LEcon351_u_235"> you do that on the sixth of december <pause/> in austria because there is the <foreign type="L1" voice:translation="st nicholas" xml:lang="ger"> nikolaus<c function="rise" type="intonation"/></foreign></u>
            <u who="#LEcon351_S7" xml:id="LEcon351_u_236"> yeah<c function="rise" type="intonation"/></u>
            <u who="#LEcon351_S5" xml:id="LEcon351_u_237"> the man with a big hat<c function="rise" type="intonation"/><incident voice:desc="claps in her hands"/></u>
            <u who="#LEcon351_S7" xml:id="LEcon351_u_238"> yeah </u>
            <u who="#LEcon351_S5" xml:id="LEcon351_u_239"> and with the big <foreign type="L1" voice:translation="stick" xml:lang="ger"> stab </foreign> in his hand whatever <foreign type="L1" voice:translation="stick" xml:lang="ger"> stab </foreign> is<c function="rise" type="intonation"/></u>
            <u who="#LEcon351_S6" xml:id="LEcon351_u_240"> try to explain him <foreign type="L1" voice:translation="devil-like creature accompanying st. nicholas" xml:lang="ger"> krampusse </foreign><pause/></u>
            <u who="#LEcon351_S5" xml:id="LEcon351_u_241"> do you no <foreign type="L1" voice:translation="devil-like creature accompanying st. nicholas" xml:lang="ger"> krampus<c function="rise" type="intonation"/></foreign></u>
            <u who="#LEcon351_S7" xml:id="LEcon351_u_242"><shift corresp="#LEcon351_s_24" feature="loud" new="p" xml:id="LEcon351_s_23"/><foreign type="L1" voice:translation="what" xml:lang="spa"> que </foreign> krampus no <shift corresp="#LEcon351_s_23" feature="loud" new="neutral" xml:id="LEcon351_s_24"/></u>
            <u who="#LEcon351_S5" xml:id="LEcon351_u_243"> like you sometimes look in the morning<c function="rise" type="intonation"/><vocal subtype="wordstart" type="wordlike" voice:desc="laughing" voice:syl="3"/><vocal subtype="wordstart" type="wordlike" voice:desc="laughing" voice:syl="3"/><vocal subtype="wordstart" type="wordlike" voice:desc="laughing" voice:syl="2"/></u>
            <u who="#LEcon351_S6" xml:id="LEcon351_u_244"> n<c type="lengthening"/> no<c type="lengthening"/></u>
            <u who="#LEcon351_S4" xml:id="LEcon351_u_245"><foreign type="L1" voice:translation="which kind of intimate confessions are these" xml:lang="ger"> was sind das wieder intime bekenntnisse </foreign><pause dur="PT3S"/><incident voice:desc="parallel conversation in spanish to explain S4's sentence"/></u>
            <u who="#LEcon351_S5" xml:id="LEcon351_u_246"> no a <foreign type="L1" voice:translation="devil-like creature accompanying st. nicholas" xml:lang="ger"> krampus </foreign> is erm <pause/> it's coming with the <foreign type="L1" voice:translation="st nicholas" xml:lang="ger"> nikolaus<c function="rise" type="intonation"/></foreign><pause dur="PT1S"/><incident voice:desc="spanish conversation goes on"/></u>
            <u who="#LEcon351_S6" xml:id="LEcon351_u_247"><vocal subtype="wordstart" type="wordlike" voice:desc="laughing" voice:syl="1"/><vocal subtype="wordstart" type="wordlike" voice:desc="laughing" voice:syl="1"/></u>
            <u who="#LEcon351_S5" xml:id="LEcon351_u_248"> and then there is the mother outside talking with the n- <supplied reason="unintelligible"> xx xx xx </supplied><pause dur="PT3S"/><incident voice:desc="parallel conversations in spanish continue"/> and then either the <foreign type="L1" voice:translation="st nicholas" xml:lang="ger"> nikolaus </foreign> is coming into the living room  </u>
            <u who="#LEcon351_S4" xml:id="LEcon351_u_249"> they look awful </u>
            <u who="#LEcon351_S5" xml:id="LEcon351_u_250"> no the <foreign type="L1" voice:translation="st nicholas" xml:lang="ger"> nikolaus </foreign> is looking very <seg n="7" type="overlap" xml:id="LEcon351_ol_144"> nice </seg></u>
            <u who="#LEcon351_S4" xml:id="LEcon351_u_251"><seg n="7" synch="#LEcon351_ol_144" type="overlap" xml:id="LEcon351_ol_145"><foreign type="L1" voice:translation="no" xml:lang="ger"> na </foreign> the </seg><pause/><foreign type="L1" voice:translation="devil-like creature accompanying st. nicholas" xml:lang="ger"> krampus </foreign></u>
            <u who="#LEcon351_S5" xml:id="LEcon351_u_252"> the <foreign type="L1" voice:translation="devil-like creature accompanying st. nicholas" xml:lang="ger"> krampus<c function="rise" type="intonation"/></foreign><pause/><seg n="8" type="overlap" xml:id="LEcon351_ol_146"> the </seg><foreign type="L1" voice:translation="devil-like creature accompanying st. nicholas" xml:lang="ger"> krampus </foreign> has these <pause/></u>
            <u who="#LEcon351_S3" xml:id="LEcon351_u_253"><seg n="8" synch="#LEcon351_ol_146" type="overlap" xml:id="LEcon351_ol_147"><foreign type="L1" voice:translation="i think the" xml:lang="ger"> ich glaub der </foreign></seg></u>
            <u who="#LEcon351_S5" xml:id="LEcon351_u_254"> wooden sticks in her  in his hand and <pause/><seg n="1" type="overlap" xml:id="LEcon351_ol_148"> if </seg></u>
            <u who="#LEcon351_S6" xml:id="LEcon351_u_255"><seg n="1" synch="#LEcon351_ol_148" type="overlap" xml:id="LEcon351_ol_149"> he's hurting </seg> you all the time <anchor synch="#LEcon351_oc_19" type="other_continuation" xml:id="LEcon351_oc_18"/></u>
            <u who="#LEcon351_S5" xml:id="LEcon351_u_256"><anchor synch="#LEcon351_oc_18" type="other_continuation" xml:id="LEcon351_oc_19"/> if you yeah if you're a bad girl or a bad boy then he is well <seg type="onomatopoeia"> dr dr dr dr dr </seg><pause/> and with all this </u>
            <u who="#LEcon351_S6" xml:id="LEcon351_u_257"> and he has a <anchor synch="#LEcon351_oc_21" type="other_continuation" xml:id="LEcon351_oc_20"/></u>
            <u who="#LEcon351_S7" xml:id="LEcon351_u_258"><anchor synch="#LEcon351_oc_20" type="other_continuation" xml:id="LEcon351_oc_21"/> kid <anchor synch="#LEcon351_oc_23" type="other_continuation" xml:id="LEcon351_oc_22"/></u>
            <u who="#LEcon351_S6" xml:id="LEcon351_u_259"><anchor synch="#LEcon351_oc_22" type="other_continuation" xml:id="LEcon351_oc_23"/><emph> red </emph> mask </u>
            <u who="#LEcon351_S3" xml:id="LEcon351_u_260"> this is a <seg n="2" type="overlap" xml:id="LEcon351_ol_150"> northern n- er a a mo- more or less northern </seg> germanic e<c type="lengthening"/>r e<c type="lengthening"/>rm <pause/></u>
            <u who="#LEcon351_S5" xml:id="LEcon351_u_261"><seg n="2" synch="#LEcon351_ol_150" type="overlap" xml:id="LEcon351_ol_151"> no no no no no red like black hair and </seg></u>
            <u who="#LEcon351_S3" xml:id="LEcon351_u_262"> tradition<c function="fall" type="intonation"/> i think<c function="fall" type="intonation"/> it's comes from <pause/> from like <pause/><seg n="3" type="overlap" xml:id="LEcon351_ol_152"> the north </seg></u>
            <u who="#LEcon351_S5" xml:id="LEcon351_u_263"><seg n="3" synch="#LEcon351_ol_152" type="overlap" xml:id="LEcon351_ol_153"> but it's </seg> good i mean </u>
            <u who="#LEcon351_S2" xml:id="LEcon351_u_264"><foreign type="L1" voice:translation="it could be like the it could be like the cuckoo couldn't it" xml:lang="spa"> puede ser como el <seg n="4" type="overlap" xml:id="LEcon351_ol_154"> puede ser como el cuco no<c function="rise" type="intonation"/></seg></foreign></u>
            <u who="#LEcon351_S3" xml:id="LEcon351_u_265"><seg n="4" synch="#LEcon351_ol_154" type="overlap" xml:id="LEcon351_ol_155"> it's not a </seg> mediterranean <seg n="5" type="overlap" xml:id="LEcon351_ol_156"> th<c type="lengthening"/>ing </seg></u>
            <u who="#LEcon351_S5" xml:id="LEcon351_u_266"><seg n="5" synch="#LEcon351_ol_156" type="overlap" xml:id="LEcon351_ol_157"> cuckoo<c function="rise" type="intonation"/></seg></u>
            <u who="#LEcon351_S7" xml:id="LEcon351_u_267"><foreign type="L1" voice:translation="that comes on the sixth of december" xml:lang="spa"> cuco <pause/><seg n="6" type="overlap" xml:id="LEcon351_ol_158"> que viene el seis </seg> el seis de deciembre eh<c function="rise" type="intonation"/></foreign></u>
            <u who="#LEcon351_S5" xml:id="LEcon351_u_268"><seg n="6" synch="#LEcon351_ol_158" type="overlap" xml:id="LEcon351_ol_159"> like <supplied reason="unintelligible"> xx </supplied></seg></u>
            <u who="#LEcon351_S5" xml:id="LEcon351_u_269"> like <supplied reason="unintelligible"> xx </supplied></u>
            <u who="#LEcon351_S5" xml:id="LEcon351_u_270"> what is cuckoo<c function="fall" type="intonation"/></u>
            <u who="#LEcon351_S2" xml:id="LEcon351_u_271"> no <pause/><vocal type="speaker_noise" voice:desc="smacks lips"/> cuco<c function="fall" type="intonation"/> when <seg n="7" type="overlap" xml:id="LEcon351_ol_160"> you're a child erm </seg></u>
            <u who="#LEcon351_S5" xml:id="LEcon351_u_272"><seg n="7" synch="#LEcon351_ol_160" type="overlap" xml:id="LEcon351_ol_161"> cuckoo is like you are stupid </seg><supplied reason="unintelligible"> xxx </supplied><seg n="1" type="overlap" xml:id="LEcon351_ol_162"><vocal subtype="wordstart" type="wordlike" voice:desc="laughing" voice:syl="4"/></seg></u>
            <u who="#LEcon351_S2" xml:id="LEcon351_u_273"><seg n="1" synch="#LEcon351_ol_162" type="overlap" xml:id="LEcon351_ol_163"> no no no no no no no no no<c function="fall" type="intonation"/></seg></u>
            <u who="#LEcon351_S2" xml:id="LEcon351_u_274"><foreign type="L1" voice:translation="the cuckoo is" xml:lang="spa"> el cuco<c function="fall" type="intonation"/><vocal type="speaker_noise" voice:desc="smacks lips"/> el cuco es </foreign> somebo- er something that nobody knows hh how he is<c function="fall" type="intonation"/><pause/> but it's a bad thing<c function="fall" type="intonation"/> so when you're a child and you're a e<c type="lengthening"/>r <seg n="1" synch="#LEcon351_ol_162" type="overlap" xml:id="LEcon351_ol_164"> behaving not too good </seg> you say <shift corresp="#LEcon351_s_26" feature="voice" new="imitating" xml:id="LEcon351_s_25"/> hey <seg n="2" type="overlap" xml:id="LEcon351_ol_165"> be care</seg>ful if not the <foreign type="L1" xml:lang="spa"> cuco </foreign> i- is coming to get you <shift corresp="#LEcon351_s_25" feature="voice" new="neutral" xml:id="LEcon351_s_26"/></u>
            <u who="#LEcon351_S5" xml:id="LEcon351_u_275"><seg n="1" synch="#LEcon351_ol_162" type="overlap" xml:id="LEcon351_ol_166"><foreign type="L1" voice:translation="black man" xml:lang="ger"> schwarzer mann </foreign></seg></u>
            <u who="#LEcon351_S5" xml:id="LEcon351_u_276"><seg n="2" synch="#LEcon351_ol_165" type="overlap" xml:id="LEcon351_ol_167"><foreign type="L1" voice:translation="the black man" xml:lang="ger"> der schwarze mann </foreign></seg></u>
            <u who="#LEcon351_S5" xml:id="LEcon351_u_277"> yeah that's <seg n="3" type="overlap" xml:id="LEcon351_ol_168"><supplied reason="unintelligible"> xxxx </supplied> you know<c function="rise" type="intonation"/></seg></u>
            <u who="#LEcon351_S2" xml:id="LEcon351_u_278"><seg n="3" synch="#LEcon351_ol_168" type="overlap" xml:id="LEcon351_ol_169"> nobody knows what he is<c function="fall" type="intonation"/></seg><pause/></u>
            <u who="#LEcon351_S5" xml:id="LEcon351_u_279"> uhu </u>
            <u who="#LEcon351_S2" xml:id="LEcon351_u_280"> i- is so- <seg n="4" type="overlap" xml:id="LEcon351_ol_170"> you know it's something </seg> evil but nobody knows er what he is<c function="fall" type="intonation"/></u>
            <u who="#LEcon351_S5" xml:id="LEcon351_u_281"><seg n="4" synch="#LEcon351_ol_170" type="overlap" xml:id="LEcon351_ol_171"> is it like <pause/> uhu </seg></u>
            <u who="#LEcon351_S5" xml:id="LEcon351_u_282"> yeah that yeah <pause/> exactly that's the black man<c function="fall" type="intonation"/></u>
            <u who="#LEcon351_S6" xml:id="LEcon351_u_283"><seg n="5" type="overlap" xml:id="LEcon351_ol_172"> yeah that's the black man </seg><pause/></u>
            <u who="#LEcon351_S2" xml:id="LEcon351_u_284"><seg n="5" synch="#LEcon351_ol_172" type="overlap" xml:id="LEcon351_ol_173"> in spain it's er <foreign type="L1" xml:lang="spa"> el coco </foreign></seg></u>
            <u who="#LEcon351_S6" xml:id="LEcon351_u_285"> and we have <pause/> the game <pause/></u>
            <u who="#LEcon351_S2" xml:id="LEcon351_u_286"> here is <foreign type="L1" xml:lang="spa"> el coco </foreign><pause/><seg n="6" type="overlap" xml:id="LEcon351_ol_174"> in <supplied reason="unintelligible"> xx </supplied> it's <supplied reason="unintelligible"> xx </supplied></seg><pause dur="PT2S"/></u>
            <u who="#LEcon351_S6" xml:id="LEcon351_u_287"><seg n="6" synch="#LEcon351_ol_174" type="overlap" xml:id="LEcon351_ol_175"> who who who fears the black man and </seg></u>
            <u who="#LEcon351_S5" xml:id="LEcon351_u_288"><foreign type="L1" voice:translation="do you" xml:lang="ger"><supplied reason="anonymization"> [S6] </supplied> kennst du <supplied reason="unintelligible"> xx x </supplied></foreign><pause dur="PT2S"/><incident voice:desc="parallel conversations in spanish"/></u>
            <u who="#LEcon351_S6" xml:id="LEcon351_u_289"><foreign type="L1" voice:translation="whom" xml:lang="ger"> wem<c function="rise" type="intonation"/></foreign><pause dur="PT1S"/><incident voice:desc="parallel conversations in spanish continue"/></u>
            <u who="#LEcon351_S5" xml:id="LEcon351_u_290"><supplied reason="unintelligible"><emph> x </emph><emph> x </emph> x </supplied></u>
            <u who="#LEcon351_S6" xml:id="LEcon351_u_291"><foreign type="L1" voice:translation="is this really" xml:lang="ger"><supplied reason="unintelligible"> x x </supplied> ist das wirklich </foreign></u>
         </div>
         <gap dur="PT00H00M29S" reason="not_transcribed" voice:desc="non-e; S1, S2 and S7 speak in spanish about the cuco and similar legends, while S3, S4, S5 and S6 continue in german"/>
         <div type="medium" voice:end="00:41" voice:end_medium_number="1" voice:end_track="4" voice:medium_type="md" voice:start="02:42" voice:start_medium_number="1" voice:start_track="3">
            <u who="#LEcon351_S3" xml:id="LEcon351_u_292"> the <foreign type="L1" voice:translation="sandman" xml:lang="ger"> sandmann </foreign></u>
            <u who="#LEcon351_S2" xml:id="LEcon351_u_293"><foreign type="L1" voice:translation="the" xml:lang="spa"> el </foreign><foreign type="LN" voice:translation="sandman" xml:lang="ger"> sandmann </foreign><foreign type="L1" voice:translation="that" xml:lang="spa"> que </foreign></u>
            <u who="#LEcon351_S6" xml:id="LEcon351_u_294"><emph> a</emph><c type="lengthening"/><c type="lengthening"/><emph>h </emph><pause/> you know it<c function="rise" type="intonation"/></u>
            <u who="#LEcon351_S1" xml:id="LEcon351_u_295"><supplied reason="unintelligible"> xx xx xx xx </supplied></u>
            <u who="#LEcon351_S6" xml:id="LEcon351_u_296"><supplied reason="unintelligible"> xx </supplied></u>
            <u who="#LEcon351_S1" xml:id="LEcon351_u_297"><foreign type="L1" voice:translation="where" xml:lang="spa"> donde </foreign><pause/></u>
            <u who="#LEcon351_S2" xml:id="LEcon351_u_298"><foreign type="L1" voice:translation="in america in the united states" xml:lang="spa"> en america en los estados unidos </foreign><pause/></u>
            <u who="#LEcon351_S7" xml:id="LEcon351_u_299"><foreign type="L1" voice:translation="yes" xml:lang="spa"> si<c function="rise" type="intonation"/></foreign></u>
            <u who="#LEcon351_S2" xml:id="LEcon351_u_300"> er <foreign type="L1" voice:translation="the cuckoo is the" xml:lang="spa"> el cuco es el </foreign><foreign type="L1" voice:translation="sandman" xml:lang="ger"> sandmann </foreign><foreign type="L1" voice:translation="for them the" xml:lang="spa"> para ellos<c function="fall" type="intonation"/> el </foreign><foreign type="L1" voice:translation="sandman" xml:lang="ger"> sandmann </foreign><foreign type="L1" voice:translation="is the worst" xml:lang="spa"> es el malisimo </foreign></u>
            <u who="#LEcon351_S7" xml:id="LEcon351_u_301"><foreign type="L1" voice:translation="really" xml:lang="spa"> ah si<c function="rise" type="intonation"/></foreign><pause/><incident voice:desc="parallel conversation in german"/></u>
            <u who="#LEcon351_S2" xml:id="LEcon351_u_302"><foreign type="L1" voice:translation="it has got a song of metallica in it the" xml:lang="spa"> tiene una cancion de metallica aqui dentro el</foreign><foreign type="L1" voice:translation="sandman" xml:lang="ger">sandmann </foreign></u>
            <u who="#LEcon351_S7" xml:id="LEcon351_u_303"><foreign type="L1" xml:lang="spa"> no lo sabia eso<c function="fall" type="intonation"/><seg n="7" type="overlap" xml:id="LEcon351_ol_176"> si sabia la cancion pero no sabia <incident voice:desc="this i didn't know i did know the song but i did not know"/></seg></foreign></u>
            <u who="#LEcon351_S2" xml:id="LEcon351_u_304"><seg n="7" synch="#LEcon351_ol_176" type="overlap" xml:id="LEcon351_ol_177"><foreign type="L1" voice:translation="no the" xml:lang="spa"> no<c function="rise" type="intonation"/> el </foreign><foreign type="L1" voice:translation="sandman" xml:lang="ger"> sandmann </foreign><foreign type="L1" voice:translation="is the one" xml:lang="spa"> es cual </foreign></seg><foreign type="L1" voice:translation="the sandman is their cuckoo" xml:lang="spa"> cuco de ellos </foreign><pause/></u>
            <u who="#LEcon351_S6" xml:id="LEcon351_u_305"> but <pause/><foreign type="L1" voice:translation="the" xml:lang="spa"> el </foreign><pause/><foreign type="L1" voice:translation="sandman" xml:lang="ger"> sandmann </foreign><voice:track medium="1" num="4" type="md"/><foreign type="L1" xml:lang="spa"> no es </foreign> no more es <pause/><incident voice:desc="parallel conversations continue"/> ah <vocal subtype="wordstart" type="wordlike" voice:desc="laughing" voice:syl="3"/> is it bad<c function="rise" type="intonation"/></u>
            <u who="#LEcon351_S2" xml:id="LEcon351_u_306"><seg n="1" type="overlap" xml:id="LEcon351_ol_178"><foreign type="L1" xml:lang="spa"> si<c type="lengthening"/></foreign></seg></u>
            <u who="#LEcon351_S6" xml:id="LEcon351_u_307"><seg n="1" synch="#LEcon351_ol_178" type="overlap" xml:id="LEcon351_ol_179"> so the sand- </seg> no<c type="lengthening"/></u>
            <u who="#LEcon351_S2" xml:id="LEcon351_u_308"> yes <foreign type="L1" voice:translation="sandman" xml:lang="ger"> sandmann </foreign> is bad <foreign type="L1" voice:translation="he is very very bad" xml:lang="spa"> es <emph> ma</emph>lisimo </foreign></u>
            <u who="#LEcon351_S5" xml:id="LEcon351_u_309"><seg n="2" type="overlap" xml:id="LEcon351_ol_180"><foreign type="L1" voice:translation="with this our grandparents have already threatened us" xml:lang="ger"> mit dem hat uns jetzt <pause/> unsere grosseltern haben uns schon mit immer gedroht </foreign><vocal subtype="wordstart" type="wordlike" voice:desc="laughing" voice:syl="2"/></seg></u>
            <u who="#LEcon351_S6" xml:id="LEcon351_u_310"><seg n="2" synch="#LEcon351_ol_180" type="overlap" xml:id="LEcon351_ol_181"> yeah but the <foreign type="L1" voice:translation="sandman" xml:lang="ger"> sandmann </foreign> we have </seg> in in austria we have the <foreign type="L1" voice:translation="sandman" xml:lang="ger"> sandmann<c function="rise" type="intonation"/></foreign> he is bringing the dreams and he is <pause/> you can send him your ear </u>
            <u who="#LEcon351_SS" xml:id="LEcon351_u_311"><seg n="3" type="overlap" xml:id="LEcon351_ol_182"><supplied reason="unintelligible"> x </supplied></seg></u>
            <u who="#LEcon351_S2" xml:id="LEcon351_u_312"><seg n="3" synch="#LEcon351_ol_182" type="overlap" xml:id="LEcon351_ol_183"> maybe </seg> europe <seg n="4" type="overlap" xml:id="LEcon351_ol_184"> in </seg> in  <w voice:mode="spelt"> u s a  </w> e<c type="lengthening"/>r <foreign type="L1" voice:translation="sandman" xml:lang="ger"> sandmann </foreign> is the the bad guy he's the the </u>
            <u who="#LEcon351_SS" xml:id="LEcon351_u_313"><seg n="4" synch="#LEcon351_ol_184" type="overlap" xml:id="LEcon351_ol_185"><supplied reason="unintelligible"> xx </supplied></seg></u>
            <u who="#LEcon351_S6" xml:id="LEcon351_u_314"> yeah we know that<c function="fall" type="intonation"/><pause/> but we have the <foreign type="L1" voice:translation="little sandman" xml:lang="ger"> sandmaennchen </foreign> it's a <emph> little </emph> man<c function="fall" type="intonation"/><pause/> the <foreign type="L1" voice:translation="little sandman" xml:lang="ger"> sandmaennchen </foreign><pause dur="PT2S"/><incident voice:desc="parallel conversations continue"/></u>
            <u who="#LEcon351_S6" xml:id="LEcon351_u_315"> yeah and yeah that you can sleep well and he is <supplied reason="unintelligible"> x</supplied>ing you when you are sleeping <pause/> so the <foreign type="L1" voice:translation="little sandman" xml:lang="ger"> sandmaennchen </foreign> is a <emph> nice </emph> one </u>
            <u who="#LEcon351_S5" xml:id="LEcon351_u_316"> yeah yeah <pause dur="PT1S"/></u>
            <u who="#LEcon351_S2" xml:id="LEcon351_u_317"><foreign type="L1" voice:translation="in america it is said bad" xml:lang="spa"> en america mala se lo se dice mal </foreign></u>
            <u who="#LEcon351_S6" xml:id="LEcon351_u_318"> yeah <pause/> the americans <supplied reason="unintelligible"> xx </supplied> they fear everything <shift corresp="#LEcon351_s_28" feature="voice" new="laugh" xml:id="LEcon351_s_27"/> so <shift corresp="#LEcon351_s_27" feature="voice" new="neutral" xml:id="LEcon351_s_28"/> this is  </u>
            <u who="#LEcon351_SX-m" xml:id="LEcon351_u_319"><vocal subtype="wordstart" type="wordlike" voice:desc="laughing" voice:syl="2"/></u>
            <u who="#LEcon351_S6" xml:id="LEcon351_u_320"> well if someone is bad maybe she <pause dur="PT3S"/><incident voice:desc="parallel conversations in spanish continue"/></u>
         </div>
         <gap dur="PT00H00M18S" reason="not_transcribed" voice:desc="non-e; multiple parallel conversations in spanish and german about different legends and customs"/>
         <div type="medium" voice:end="01:24" voice:end_medium_number="1" voice:end_track="4" voice:medium_type="md" voice:start="00:59" voice:start_medium_number="1" voice:start_track="4">
            <u who="#LEcon351_S6" xml:id="LEcon351_u_321"> did you know that<c function="rise" type="intonation"/></u>
            <u who="#LEcon351_S5" xml:id="LEcon351_u_322"> what <pause/></u>
            <u who="#LEcon351_S6" xml:id="LEcon351_u_323"> that the <foreign type="L1" voice:translation="sandman" xml:lang="ger"> sandmann </foreign> in america is a bad one<c function="rise" type="intonation"/></u>
            <u who="#LEcon351_S5" xml:id="LEcon351_u_324"><seg n="5" type="overlap" xml:id="LEcon351_ol_186"> no </seg></u>
            <u who="#LEcon351_S6" xml:id="LEcon351_u_325"><seg n="5" synch="#LEcon351_ol_186" type="overlap" xml:id="LEcon351_ol_187"> yeah </seg> you know in america everybody is bad<c function="fall" type="intonation"/></u>
            <u who="#LEcon351_S2" xml:id="LEcon351_u_326"> yeah </u>
            <u who="#LEcon351_S6" xml:id="LEcon351_u_327"> except bush or <shift corresp="#LEcon351_s_30" feature="voice" new="laugh" xml:id="LEcon351_s_29"/> something <shift corresp="#LEcon351_s_29" feature="voice" new="neutral" xml:id="LEcon351_s_30"/><vocal subtype="wordstart" type="wordlike" voice:desc="laughing" voice:syl="4"/></u>
            <u who="#LEcon351_S2" xml:id="LEcon351_u_328"><vocal subtype="wordstart" type="wordlike" voice:desc="laughing" voice:syl="3"/><pause/>  he is supposed to be someone er er <supplied reason="unintelligible"> xx xx </supplied> one nice <incident voice:desc="parallel conversations continue"/></u>
            <u who="#LEcon351_S5" xml:id="LEcon351_u_329"> what is with your glasses is it empty </u>
            <u who="#LEcon351_S6" xml:id="LEcon351_u_330"> so the <foreign type="L1" voice:translation="sandman" xml:lang="ger"> sandmann </foreign> does no<c type="lengthening"/><c type="lengthening"/> in austria the <foreign type="L1" voice:translation="sandman" xml:lang="ger"> sandmann </foreign> brings you the <emph> good </emph> dreams </u>
            <u who="#LEcon351_S2" xml:id="LEcon351_u_331"> or if it <seg n="6" type="overlap" xml:id="LEcon351_ol_188"> likes you <supplied reason="unintelligible"> xx </supplied> a nightmare </seg></u>
            <u who="#LEcon351_S5" xml:id="LEcon351_u_332"><seg n="6" synch="#LEcon351_ol_188" type="overlap" xml:id="LEcon351_ol_189"> you should go and bring some new one<c function="fall" type="intonation"/></seg></u>
            <u who="#LEcon351_S6" xml:id="LEcon351_u_333"> yeah </u>
            <u who="#LEcon351_S2" xml:id="LEcon351_u_334"> yeah now<c function="fall" type="intonation"/> i go<c function="fall" type="intonation"/> this is some<c function="fall" type="intonation"/></u>
         </div>
      </body>
   </text>
</TEI>