<TEI xmlns="http://www.tei-c.org/ns/1.0" xmlns:voice="http://www.univie.ac.at/voice/ns/1.0" xmlns:xi="http://www.w3.org/2001/XInclude" version="5" xml:id="LEint554" xml:lang="eng">
   <teiHeader>
      <fileDesc>
         <titleStmt>
            <title>interview with participants of a scout camp about travel plans</title>
            <principal>Prof. Barbara Seidlhofer</principal>
            <editor/>
            <funder>Austrian Science Foundation (FWF)</funder>
            <sponsor/>
            <respStmt>
               <resp>Corpus Compilation</resp>
               <orgName>VOICE Project</orgName>
               <persName>Barbara Seidlhofer</persName>
               <persName>Angelika Breiteneder</persName>
               <persName>Marie-Luise Pitzl</persName>
               <persName>Stefan Majewski</persName>
               <persName>Theresa Klimpfinger</persName>
            </respStmt>
         </titleStmt>
         <editionStmt>
		<edition>Version 1.0 XML, <date>May 2011</date></edition>
	  <respStmt>
		<resp>Researchers</resp>
		<name>Barbara Seidlhofer</name> 		
		<name>Angelika Breiteneder</name> 
		<name>Theresa Klimpfinger</name> 
		<name>Stefan Majewski</name> 
		<name>Marie-Luise Pitzl</name> 
	  </respStmt>
	</editionStmt>
         <publicationStmt>
		<publisher>Barbara Seidlhofer, Stefan Majewski, Marie-Luise Pitzl</publisher> 
	  <distributor>VOICE Project, University of Vienna, Austria</distributor> 
	  <address>
		<addrLine>Spitalgasse 2, AAKH Hof 8</addrLine> 
		<addrLine>1090 Vienna</addrLine> 
		<addrLine>Austria</addrLine> 
		<addrLine>Telephone: +43 1 427742446</addrLine> 
	  	<addrLine>Email: voice@univie.ac.at</addrLine> 
		<addrLine>Website: http://www.univie.ac.at/voice</addrLine> 
	  </address>
	  <availability status="free">
	  	<p>
		  The Vienna-Oxford International Corpus of English (VOICE)
		  was created by Barbara Seidlhofer (project director) and
		  Angelika Breiteneder, Theresa Klimpfinger, Stefan Majewski,
		  Marie-Luise Pitzl (project researchers). VOICE 1.0 XML is
		  available for download at the VOICE Project's website <ref target="http://www.univie.ac.at/voice/">http://www.univie.ac.at/voice/</ref>
		  under a Creative Commons
		  Attribution-NonCommercial-ShareAlike 3.0 Unported (CC
		  BY-NC-SA 3.0) License (<ref target="http://creativecommons.org/licenses/by-nc-sa/3.0/">
		  http://creativecommons.org/licenses/by-nc-sa/3.0/
		  </ref>). The original audio files are held at the Department
		  of English, University of Vienna. 23 selected audio files
		  are available as audio streams in the VOICE Online interface
		  at the VOICE Project's website <ref target="http://www.univie.ac.at/voice">http://www.univie.ac.at/voice</ref>.
		</p>
		<p>
		The recommended citation for VOICE 1.0 XML is:
		</p>
		<p>
		<bibl><title>VOICE</title>. <date>2011</date>. <title level="m">The Vienna-Oxford International Corpus of
		English</title> (<edition>version 1.0
		XML</edition>). Director: Barbara Seidlhofer; Researchers:
		Angelika Breiteneder, Theresa Klimpfinger, Stefan Majewski,
		Marie-Luise Pitzl.</bibl>
		</p>
		<p>The short citation for VOICE 1.0 XML is:
		</p>
		<p>
		<bibl><title>VOICE</title>. <date>2011</date>. <title level="m">The Vienna-Oxford International Corpus of
		English</title> (<edition>version 1.0
		XML</edition>).</bibl></p>
		<p>
		  For further information about availability and copyright
		  permissions, please see the README file included in the
		  download package. For further enquiries please contact the
		  VOICE Project at <ref target="mailto:voice@univie.ac.at">voice@univie.ac.at</ref>.
		</p>
	  </availability>
	</publicationStmt>
         <notesStmt>
            <note xml:id="LEint554_wc">Words: 847</note>
            <note xml:id="LEint554_tn_0">This interview takes place at an international scout camp. S1 interviews a group of Spanish scouts who are accompanied by an Austrian. They talk about events in the camp and the scouts' travel plans before and after the camp.  </note>
         </notesStmt>
         <sourceDesc>
            <recordingStmt>
               <recording dur="PT00H03M45S" type="audio">
                  <date>2001-07-01</date>
                  <equipment>
                     <p>cassette recorder</p>
                  </equipment>
                  <respStmt>
                     <resp>recording</resp>
                     <name>R21</name>
                  </respStmt>
               </recording>
            </recordingStmt>
         </sourceDesc>
      </fileDesc>
      <encodingDesc>
         <classDecl>
            <taxonomy>
               <category xml:id="LEint554_domain">
                  <catDesc>Domain</catDesc>
                  <category sameAs="#ED" xml:id="LEint554_ED">
                     <catDesc>educational</catDesc>
                  </category>
                  <category sameAs="#LE" xml:id="LEint554_LE">
                     <catDesc>leisure</catDesc>
                  </category>
                  <category sameAs="#PB" xml:id="LEint554_PB">
                     <catDesc>professional business</catDesc>
                  </category>
                  <category sameAs="#PO" xml:id="LEint554_PO">
                     <catDesc>professional organizational</catDesc>
                  </category>
                  <category sameAs="#PR" xml:id="LEint554_PR">
                     <catDesc>professional research/science</catDesc>
                  </category>
               </category>
               <category xml:id="LEint554_spet">
                  <catDesc>Speech Event Type</catDesc>
                  <category sameAs="#int" xml:id="LEint554_int">
                     <catDesc>interview</catDesc>
                  </category>
                  <category sameAs="#prc" xml:id="LEint554_prc">
                     <catDesc>press conference</catDesc>
                  </category>
                  <category sameAs="#sve" xml:id="LEint554_sve">
                     <catDesc>service encounter</catDesc>
                  </category>
                  <category sameAs="#sed" xml:id="LEint554_sed">
                     <catDesc>seminar discussion</catDesc>
                  </category>
                  <category sameAs="#wgd" xml:id="LEint554_wgd">
                     <catDesc>working group discussion</catDesc>
                  </category>
                  <category sameAs="#wsd" xml:id="LEint554_wsd">
                     <catDesc>workshop discussion</catDesc>
                  </category>
                  <category sameAs="#mtg" xml:id="LEint554_mtg">
                     <catDesc>meeting</catDesc>
                  </category>
                  <category sameAs="#pan" xml:id="LEint554_pan">
                     <catDesc>panel</catDesc>
                  </category>
                  <category sameAs="#qas" xml:id="LEint554_qas">
                     <catDesc>question-answer session</catDesc>
                  </category>
                  <category sameAs="#con" xml:id="LEint554_con">
                     <catDesc>conversation</catDesc>
                  </category>
               </category>
            </taxonomy>
         </classDecl>
         <tagsDecl><namespace name="http://www.tei-c.org/ns/1.0">
      <tagUsage gi="TEI" occurs="1"/>
      <tagUsage gi="teiHeader" occurs="1"/>
      <tagUsage gi="fileDesc" occurs="1"/>
      <tagUsage gi="titleStmt" occurs="1"/>
      <tagUsage gi="title" occurs="5"/>
      <tagUsage gi="principal" occurs="1"/>
      <tagUsage gi="editor" occurs="1"/>
      <tagUsage gi="funder" occurs="1"/>
      <tagUsage gi="sponsor" occurs="1"/>
      <tagUsage gi="respStmt" occurs="3"/>
      <tagUsage gi="resp" occurs="3"/>
      <tagUsage gi="orgName" occurs="1"/>
      <tagUsage gi="persName" occurs="5"/>
      <tagUsage gi="editionStmt" occurs="1"/>
      <tagUsage gi="edition" occurs="3"/>
      <tagUsage gi="date" occurs="4"/>
      <tagUsage gi="name" occurs="8"/>
      <tagUsage gi="publicationStmt" occurs="1"/>
      <tagUsage gi="publisher" occurs="1"/>
      <tagUsage gi="distributor" occurs="1"/>
      <tagUsage gi="address" occurs="1"/>
      <tagUsage gi="addrLine" occurs="6"/>
      <tagUsage gi="availability" occurs="1"/>
      <tagUsage gi="p" occurs="7"/>
      <tagUsage gi="ref" occurs="5"/>
      <tagUsage gi="bibl" occurs="2"/>
      <tagUsage gi="notesStmt" occurs="1"/>
      <tagUsage gi="note" occurs="2"/>
      <tagUsage gi="sourceDesc" occurs="1"/>
      <tagUsage gi="recordingStmt" occurs="1"/>
      <tagUsage gi="recording" occurs="1"/>
      <tagUsage gi="equipment" occurs="1"/>
      <tagUsage gi="encodingDesc" occurs="1"/>
      <tagUsage gi="classDecl" occurs="1"/>
      <tagUsage gi="taxonomy" occurs="1"/>
      <tagUsage gi="category" occurs="17"/>
      <tagUsage gi="catDesc" occurs="17"/>
      <tagUsage gi="tagsDecl" occurs="1"/>
      <tagUsage gi="namespace" occurs="2"/>
      <tagUsage gi="tagUsage" occurs="80"/>
      <tagUsage gi="gi" occurs="5"/>
      <tagUsage gi="att" occurs="13"/>
      <tagUsage gi="list" occurs="11"/>
      <tagUsage gi="label" occurs="20"/>
      <tagUsage gi="val" occurs="41"/>
      <tagUsage gi="item" occurs="40"/>
      <tagUsage gi="profileDesc" occurs="1"/>
      <tagUsage gi="textClass" occurs="1"/>
      <tagUsage gi="catRef" occurs="2"/>
      <tagUsage gi="settingDesc" occurs="1"/>
      <tagUsage gi="setting" occurs="1"/>
      <tagUsage gi="locale" occurs="1"/>
      <tagUsage gi="activity" occurs="1"/>
      <tagUsage gi="particDesc" occurs="1"/>
      <tagUsage gi="listPerson" occurs="4"/>
      <tagUsage gi="personGrp" occurs="2"/>
      <tagUsage gi="person" occurs="11"/>
      <tagUsage gi="age" occurs="6"/>
      <tagUsage gi="sex" occurs="6"/>
      <tagUsage gi="occupation" occurs="1"/>
      <tagUsage gi="langKnowledge" occurs="6"/>
      <tagUsage gi="langKnown" occurs="6"/>
      <tagUsage gi="relationGrp" occurs="1"/>
      <tagUsage gi="relation" occurs="2"/>
      <tagUsage gi="revisionDesc" occurs="1"/>
      <tagUsage gi="change" occurs="5"/>
      <tagUsage gi="text" occurs="1"/>
      <tagUsage gi="body" occurs="1"/>
      <tagUsage gi="div" occurs="1"/>
      <tagUsage gi="u" occurs="191">Used to mark a stretch of speech commonly
		preceded and followed by a pause or by a change of speaker. A
		<gi>u</gi> is, however, not required to be bounded by a pause or
		a change of speaker, nor does it represent a turn in a
		conversation analytic sense. At a minimum, a <gi>u</gi> is some
		phonetic production or noise made by a given speaker or a group of speakers.</tagUsage>
      <tagUsage gi="c" occurs="79">Used to mark lengthening of sounds and
		intonation (fall, rise). The following <att>type</att>
		attributes are used to mark:
		<list>
		  <label><val>lengthening</val></label><item>lengthened
		  sounds</item>
		  <label><val>intonation</val></label><item>a significant change in
		  intonation, marked with the following <att>function</att>
		  attribute for:
		  <list>
			<label><val>fall</val></label><item>falling
			intonation</item>
			<label><val>rise</val></label><item>rising intonation</item>
		  </list>
		</item>
		</list>
		Intonation may or may not coincide with
		syntactic boundaries.
		</tagUsage>
      <tagUsage gi="seg" occurs="143">Used with different <att>type</att> attributes to mark:
		<list>
		  <label><att>type</att><val>overlap</val></label>
		  <item>overlaps</item>
		  <label><att>type</att><val>onomatopoeia</val></label>
		  <item>onomatopoeic sounds</item>
		  <label><att>type</att><val>ipa</val></label>
		  <item>transcriptions in the international phonetic alphabet</item>
		</list>
		</tagUsage>
      <tagUsage gi="pause" occurs="52">Used to mark a pause either between or
		within utterances. Used without <att>dur</att> attribute to
		indicate a brief pause up to half a second.
		</tagUsage>
      <tagUsage gi="shift" occurs="64">Used to mark the point at which some
		paralinguistic feature changes. The following attribute values
		are used to mark:
		<list>
          <label>
            <val>voice</val>
          </label>
          <item>voice quality
          <list>
            <item><val>imitating</val></item>
            <item><val>laugh</val></item>
            <item><val>neutral</val></item>
            <item><val>phone</val></item>
            <item><val>reading</val></item>
            <item><val>reading_aloud</val></item>
            <item><val>sigh</val></item>
            <item><val>singing</val></item>
            <item><val>whisp</val></item>
            <item><val>yawning</val></item>
          </list>
          </item>
          <label>
          <val>tempo</val></label>
          <item>speed of utterance
            <list>
              <label><val>a</val></label>
              <item>accelerando</item>
              <label><val>l</val></label>
              <item>lento</item>
              <label><val>neutral</val></label>
              <item>neutral</item>
            </list>
          </item>
          <label>
          <val>loud</val></label>
          <item>loudness
            <list>
              <item><val>f</val></item>
              <item><val>neutral</val></item>
              <item><val>p</val></item>
            </list>
          </item>
		  </list>
		</tagUsage>
      <tagUsage gi="vocal" occurs="42">Used to mark laughter and other speaker
		noises and non-verbal feedback.
        <list>
          <label>
            <val>speaker_noise</val>
          </label>
          <item>
            <list>
              <item>
                <val>coughing</val>
              </item>
              <item>
                <val>nods</val>
              </item>
              <item>
                <val>shakes head</val>
              </item>
              <item>
                <val>smacks lips</val>
              </item>
              <item>
                <val>sniffs</val>
              </item>
              <item>
                <val>swallows</val>
              </item>
              <item>
                <val>whistles</val>
              </item>
            </list>
          </item>
          <label>
            <val>wordlike</val>
          </label>
          <item>
            <val>laughing</val>
          </item>
        </list>
        </tagUsage>
      <tagUsage gi="anchor" occurs="20">Used to mark other-continuation,
		i.e. whenever a speaker continues another speaker's <gi>u</gi>
		without a pause. Other-continuation is to be interpreted
		temporally and does not relate to form or content of the
		speakers' utterances.</tagUsage>
      <tagUsage gi="supplied" occurs="7">Used to mark text supplied by the
		transcriber because the original is unintelligible or needed to
		be anonymized. The <att>reason</att> attribute is used to mark:
		<list>
		  <label><val>unintelligible</val></label><item>unintelligible
		  speech</item>
		  <label><val>anonymization</val></label><item>anonymized
		  speech</item>
		</list>
		</tagUsage>
      <tagUsage gi="foreign" occurs="5">Used to mark a word or phrase as
		belonging to some language other than English. The following
		values for the <att>type</att> attribute are used to mark:
		<list>
		  <label><val>L1</val></label><item>the speaker's first
		  language</item>
		  <label><val>LN</val></label><item>a language other than the
		  speaker's first language</item>
		  <label><val>LQ</val></label><item>a language where it cannot
		  be ascertained whether it is the speaker's first or other
		  language.</item>
		</list>
		Whenever possible, the 
		<att>voice:translation</att> attribute provides a rough translation of the
		non-English speech into English.
		</tagUsage>
      <tagUsage gi="unclear" occurs="9">Used to mark speech which cannot be
		transcribed with certainty, because it is difficult to hear or
		understand for the transcriber.</tagUsage>
      <tagUsage gi="emph" occurs="15">Used to mark speech which is stressed or
		emphasized in a way that goes beyond regular nuclear
		stress.</tagUsage></namespace><namespace name="http://www.univie.ac.at/voice/ns/1.0">
      <tagUsage gi="voice:to" occurs="6">Used to mark speech directed towards a
		particular speaker. The <att>who</att>who attribute indicates the
		addressed speaker.</tagUsage>
      <tagUsage gi="voice:pvc" occurs="8">Used to mark a pronunciation variation
		or coinage as described in <ref target="http://www.univie.ac.at/voice/documents/VOICE_mark-up_conventions_v2-1.pdf">the
			VOICE mark-up conventions [2.1].</ref>the
			VOICE mark-up conventions [2.1]. An existing word corresponding to the PVC may be provided within a <att>comment</att>comment attribute within the <gi>voice:pvc</gi>voice:pvc element. Additional phonetic
			transcription may be provided within a <att>voice:ipa</att>voice:ipa attribute
			within the <gi>voice:pvc</gi>voice:pvc element.</tagUsage>
      <tagUsage gi="voice:track" occurs="1">Used to mark the beginning of a new
		audio track used in transcription (usually three minutes in length) and thus refers to the audio recording
		of the transcribed speech event.
		</tagUsage></namespace></tagsDecl>
      </encodingDesc>
      <profileDesc>
         <textClass>
            <catRef target="#LEint554_LE #LEint554_int"/>
            <catRef target="#LE #int"/>
         </textClass>
         <settingDesc>
            <setting>
               <name type="country">AT</name>
               <name type="city">unknown</name>
               <locale>unknown</locale>
               <activity>none</activity>
            </setting>
         </settingDesc>
         <particDesc>
            <listPerson type="main">
               <listPerson type="groups">
                  <personGrp role="speakers" size="6"/>
                  <personGrp role="interactants" size="6"/>
               </listPerson>
               <listPerson type="identified">
                  <person role="interviewer" sameAs="#P639" xml:id="LEint554_S1">
                     <age value="2">25-34</age>
                     <sex value="2">female</sex>
                     <occupation>student</occupation>
                     <langKnowledge>
                        <langKnown level="L1" tag="ger-AT"/>
                     </langKnowledge>
                  </person>
                  <person role="interviewee" sameAs="#P651" xml:id="LEint554_S2">
                     <age value="1">17-24</age>
                     <sex value="2">female</sex>
                     <langKnowledge>
                        <langKnown level="L1" tag="spa-ES"/>
                     </langKnowledge>
                  </person>
                  <person role="interviewee" sameAs="#P652" xml:id="LEint554_S3">
                     <age value="1">17-24</age>
                     <sex value="2">female</sex>
                     <langKnowledge>
                        <langKnown level="L1" tag="spa-ES"/>
                     </langKnowledge>
                  </person>
                  <person role="interviewee" sameAs="#P653" xml:id="LEint554_S4">
                     <age value="1">17-24</age>
                     <sex value="1">male</sex>
                     <langKnowledge>
                        <langKnown level="L1" tag="spa-ES"/>
                     </langKnowledge>
                  </person>
                  <person role="interviewee" sameAs="#P654" xml:id="LEint554_S5">
                     <age value="1">17-24</age>
                     <sex value="1">male</sex>
                     <langKnowledge>
                        <langKnown level="L1" tag="ger-AT"/>
                     </langKnowledge>
                  </person>
                  <person role="interviewee" sameAs="#P655" xml:id="LEint554_S6">
                     <age value="1">17-24</age>
                     <sex value="1">male</sex>
                     <langKnowledge>
                        <langKnown level="L1" tag="spa-ES"/>
                     </langKnowledge>
                  </person>
               </listPerson>
               <listPerson type="not_identified">
                  <person corresp="#LEint554_S1" sameAs="#SX" xml:id="LEint554_SX-1"/>
                  <person corresp="#LEint554_S4" sameAs="#SX" xml:id="LEint554_SX-4"/>
                  <person sameAs="#SX-m" xml:id="LEint554_SX-m"/>
                  <person sameAs="#SS" xml:id="LEint554_SS"/>
                  <person sameAs="#SX" xml:id="LEint554_SX"/>
               </listPerson>
               <relationGrp>
                  <relation mutual="#LEint554_S1 #LEint554_S2 #LEint554_S3 #LEint554_S4 #LEint554_S5 #LEint554_S6" name="fairly_symmetrical" type="power"/>
                  <relation mutual="#LEint554_S1 #LEint554_S2 #LEint554_S3 #LEint554_S4 #LEint554_S5 #LEint554_S6" name="predominantly_acquainted" type="acquaintedness"/>
               </relationGrp>
            </listPerson>
         </particDesc>
      </profileDesc>
      <revisionDesc>
         <change when="2009-05-19" who="SM">conversion to XML</change>
         <change when="2009-05-11" who="TK">finalized for publication</change>
         <change when="2009-02-03" who="TK">proof-reading</change>
         <change when="2007-11-12" who="MLP">checking</change>
         <change when="2007-10-21" who="NL">transcription</change>
      </revisionDesc>
   </teiHeader>
   <text>
      <body>
         <div type="medium" voice:end="03:46" voice:end_medium_number="1" voice:end_track="2" voice:medium_type="md" voice:start="00:00" voice:start_medium_number="1" voice:start_track="1">
            <u who="#LEint554_S1" xml:id="LEint554_u_1"> what what is he doing<c function="fall" type="intonation"/> you have to fee<c type="lengthening"/>d <seg n="1" type="overlap" xml:id="LEint554_ol_0"> him<c function="rise" type="intonation"/></seg> he is an animal<c function="rise" type="intonation"/><pause/></u>
            <u who="#LEint554_S2" xml:id="LEint554_u_2"><seg n="1" synch="#LEint554_ol_0" type="overlap" xml:id="LEint554_ol_1"> yes </seg></u>
            <u who="#LEint554_S2" xml:id="LEint554_u_3"> yes<c function="fall" type="intonation"/><pause/> he's an animal<c function="rise" type="intonation"/> i have to feed him<c function="fall" type="intonation"/><pause/></u>
            <u who="#LEint554_S3" xml:id="LEint554_u_4"> and then <seg n="2" type="overlap" xml:id="LEint554_ol_2"> denmark give points <pause/> some points </seg></u>
            <u who="#LEint554_S2" xml:id="LEint554_u_5"><shift corresp="#LEint554_s_2" feature="tempo" new="l" xml:id="LEint554_s_1"/><seg n="2" synch="#LEint554_ol_2" type="overlap" xml:id="LEint554_ol_3"> have to give hi<c type="lengthening"/>m <pause/> some food </seg><shift corresp="#LEint554_s_1" feature="tempo" new="neutral" xml:id="LEint554_s_2"/></u>
            <u who="#LEint554_S1" xml:id="LEint554_u_6"> and where do you got the food from<c function="fall" type="intonation"/><pause/></u>
            <u who="#LEint554_S2" xml:id="LEint554_u_7"> from the<c type="lengthening"/><pause/> floor<c function="fall" type="intonation"/><seg n="3" type="overlap" xml:id="LEint554_ol_4"><vocal subtype="wordstart" type="wordlike" voice:desc="laughing" voice:syl="2"/></seg></u>
            <u who="#LEint554_S4" xml:id="LEint554_u_8"><seg n="3" synch="#LEint554_ol_4" type="overlap" xml:id="LEint554_ol_5"> yeah </seg> just grass </u>
            <u who="#LEint554_S2" xml:id="LEint554_u_9"><seg n="4" type="overlap" xml:id="LEint554_ol_6"> from the </seg> floor<c function="fall" type="intonation"/> the grass <anchor synch="#LEint554_oc_1" type="other_continuation" xml:id="LEint554_oc_0"/></u>
            <u who="#LEint554_SX-m" xml:id="LEint554_u_10"><seg n="4" synch="#LEint554_ol_6" type="overlap" xml:id="LEint554_ol_7"><shift corresp="#LEint554_s_4" feature="loud" new="p" xml:id="LEint554_s_3"/><vocal subtype="wordstart" type="wordlike" voice:desc="laughing" voice:syl="2"/><shift corresp="#LEint554_s_3" feature="loud" new="neutral" xml:id="LEint554_s_4"/></seg></u>
            <u who="#LEint554_S4" xml:id="LEint554_u_11"><anchor synch="#LEint554_oc_0" type="other_continuation" xml:id="LEint554_oc_1"/> yeah the <anchor synch="#LEint554_oc_3" type="other_continuation" xml:id="LEint554_oc_2"/></u>
            <u who="#LEint554_S2" xml:id="LEint554_u_12"><anchor synch="#LEint554_oc_2" type="other_continuation" xml:id="LEint554_oc_3"/> er he threw <pause/> the animal <seg n="5" type="overlap" xml:id="LEint554_ol_8"><supplied reason="unintelligible"> x x </supplied> points </seg></u>
            <u who="#LEint554_S3" xml:id="LEint554_u_13"><voice:to who="#LEint554_S6"><seg n="5" synch="#LEint554_ol_8" type="overlap" xml:id="LEint554_ol_9"><supplied reason="anonymization"> [S6] </supplied> come </seg><seg n="9" type="overlap" xml:id="LEint554_ol_10"> here </seg></voice:to></u>
            <u who="#LEint554_S5" xml:id="LEint554_u_14"><seg n="9" synch="#LEint554_ol_10" type="overlap" xml:id="LEint554_ol_11"> he's the </seg> he is the <foreign type="L1" voice:translation="a special kind of stag" xml:lang="ger"> hubertushirsch </foreign><shift corresp="#LEint554_s_6" feature="loud" new="p" xml:id="LEint554_s_5"/><shift corresp="#LEint554_s_8" feature="tempo" new="a" xml:id="LEint554_s_7"/><seg n="6" type="overlap" xml:id="LEint554_ol_12"> you know<c function="rise" type="intonation"/></seg><shift corresp="#LEint554_s_7" feature="tempo" new="neutral" xml:id="LEint554_s_8"/><shift corresp="#LEint554_s_5" feature="loud" new="neutral" xml:id="LEint554_s_6"/></u>
            <u who="#LEint554_S3" xml:id="LEint554_u_15"><voice:to who="#LEint554_S6"><seg n="6" synch="#LEint554_ol_12" type="overlap" xml:id="LEint554_ol_13"><supplied reason="anonymization"> [S6] </supplied> come </seg><seg n="7" type="overlap" xml:id="LEint554_ol_14"> here </seg></voice:to></u>
            <u who="#LEint554_S1" xml:id="LEint554_u_16"><seg n="7" synch="#LEint554_ol_14" type="overlap" xml:id="LEint554_ol_15"> oh </seg> i see and why do you have to feed the <foreign type="L1" voice:translation="a special kind of stag" xml:lang="ger"> hubertushirsch </foreign></u>
            <u who="#LEint554_S3" xml:id="LEint554_u_17"><voice:to who="#LEint554_S6"> we have won <pause/><seg n="1" type="overlap" xml:id="LEint554_ol_16"> ten points </seg></voice:to><pause/></u>
            <u who="#LEint554_S5" xml:id="LEint554_u_18"><seg n="1" synch="#LEint554_ol_16" type="overlap" xml:id="LEint554_ol_17"> to get money </seg></u>
            <u who="#LEint554_S3" xml:id="LEint554_u_19"><voice:to who="#LEint554_S6"><supplied reason="unintelligible"> xxx </supplied><unclear> ones </unclear></voice:to></u>
            <u who="#LEint554_S5" xml:id="LEint554_u_20"> to get money </u>
            <u who="#LEint554_S4" xml:id="LEint554_u_21"> to get money<c function="rise" type="intonation"/> ha- <anchor synch="#LEint554_oc_5" type="other_continuation" xml:id="LEint554_oc_4"/></u>
            <u who="#LEint554_S1" xml:id="LEint554_u_22"><anchor synch="#LEint554_oc_4" type="other_continuation" xml:id="LEint554_oc_5"/> and what do you do with the money <seg n="2" type="overlap" xml:id="LEint554_ol_18"> you get<c function="rise" type="intonation"/></seg></u>
            <u who="#LEint554_S2" xml:id="LEint554_u_23"><shift corresp="#LEint554_s_10" feature="loud" new="p" xml:id="LEint554_s_9"/><seg n="2" synch="#LEint554_ol_18" type="overlap" xml:id="LEint554_ol_19"> hh </seg><seg n="3" type="overlap" xml:id="LEint554_ol_20"> er i don't know <vocal subtype="wordstart" type="wordlike" voice:desc="laughing" voice:syl="2"/></seg><shift corresp="#LEint554_s_9" feature="loud" new="neutral" xml:id="LEint554_s_10"/></u>
            <u who="#LEint554_S3" xml:id="LEint554_u_24"><seg n="3" synch="#LEint554_ol_20" type="overlap" xml:id="LEint554_ol_21"> you get after we </seg> play<c type="lengthening"/> okay<c function="rise" type="intonation"/><seg n="10" type="overlap" xml:id="LEint554_ol_22"> huh<c function="rise" type="intonation"/></seg></u>
            <u who="#LEint554_S5" xml:id="LEint554_u_25"><shift corresp="#LEint554_s_12" feature="tempo" new="a" xml:id="LEint554_s_11"/><seg n="10" synch="#LEint554_ol_22" type="overlap" xml:id="LEint554_ol_23"> we we </seg><seg n="11" type="overlap" xml:id="LEint554_ol_24"> can </seg> play<c function="fall" type="intonation"/><shift corresp="#LEint554_s_11" feature="tempo" new="neutral" xml:id="LEint554_s_12"/><pause/></u>
            <u who="#LEint554_S1" xml:id="LEint554_u_26"><seg n="11" synch="#LEint554_ol_24" type="overlap" xml:id="LEint554_ol_25"> yes </seg></u>
            <u who="#LEint554_S3" xml:id="LEint554_u_27"> we can play <anchor synch="#LEint554_oc_7" type="other_continuation" xml:id="LEint554_oc_6"/></u>
            <u who="#LEint554_S4" xml:id="LEint554_u_28"><anchor synch="#LEint554_oc_6" type="other_continuation" xml:id="LEint554_oc_7"/> play <anchor synch="#LEint554_oc_9" type="other_continuation" xml:id="LEint554_oc_8"/></u>
            <u who="#LEint554_S3" xml:id="LEint554_u_29"><anchor synch="#LEint554_oc_8" type="other_continuation" xml:id="LEint554_oc_9"/> to other  </u>
            <u who="#LEint554_S4" xml:id="LEint554_u_30"> other <seg n="4" type="overlap" xml:id="LEint554_ol_26"> g- games so </seg></u>
            <u who="#LEint554_S3" xml:id="LEint554_u_31"><voice:to who="#LEint554_S6"><seg n="4" synch="#LEint554_ol_26" type="overlap" xml:id="LEint554_ol_27"> you have to to speak </seg><supplied reason="anonymization"> [S6] </supplied></voice:to></u>
            <u who="#LEint554_S6" xml:id="LEint554_u_32"> but speak er <seg n="5" type="overlap" xml:id="LEint554_ol_28"> about </seg></u>
            <u who="#LEint554_S3" xml:id="LEint554_u_33"><seg n="5" synch="#LEint554_ol_28" type="overlap" xml:id="LEint554_ol_29"> eng</seg>lish<c function="fall" type="intonation"/> at <seg n="12" type="overlap" xml:id="LEint554_ol_30"><unclear> play </unclear></seg></u>
            <u who="#LEint554_S6" xml:id="LEint554_u_34"><seg n="12" synch="#LEint554_ol_30" type="overlap" xml:id="LEint554_ol_31"> about </seg> what <pause/></u>
            <u who="#LEint554_S1" xml:id="LEint554_u_35"> about <emph> anything </emph> you like do you li- er about this <pause/> this camp here<c function="fall" type="intonation"/><pause dur="PT2S"/></u>
            <u who="#LEint554_S6" xml:id="LEint554_u_36"><vocal subtype="wordstart" type="wordlike" voice:desc="laughing" voice:syl="1"/></u>
            <u who="#LEint554_S3" xml:id="LEint554_u_37"><vocal subtype="wordstart" type="wordlike" voice:desc="laughing" voice:syl="3"/></u>
            <u who="#LEint554_S6" xml:id="LEint554_u_38"><shift corresp="#LEint554_s_14" feature="voice" new="laugh" xml:id="LEint554_s_13"/><shift corresp="#LEint554_s_16" feature="loud" new="f" xml:id="LEint554_s_15"/> i like it <shift corresp="#LEint554_s_15" feature="loud" new="neutral" xml:id="LEint554_s_16"/><shift corresp="#LEint554_s_13" feature="voice" new="neutral" xml:id="LEint554_s_14"/><vocal subtype="wordstart" type="wordlike" voice:desc="laughing" voice:syl="3"/><seg n="6" type="overlap" xml:id="LEint554_ol_32"><vocal subtype="wordstart" type="wordlike" voice:desc="laughing" voice:syl="2"/><vocal subtype="wordstart" type="wordlike" voice:desc="laughing" voice:syl="1"/><vocal subtype="wordstart" type="wordlike" voice:desc="laughing" voice:syl="2"/></seg></u>
            <u who="#LEint554_SX-m" xml:id="LEint554_u_39"><seg n="6" synch="#LEint554_ol_32" type="overlap" xml:id="LEint554_ol_33"><vocal subtype="wordstart" type="wordlike" voice:desc="laughing" voice:syl="4"/></seg></u>
            <u who="#LEint554_S1" xml:id="LEint554_u_40"><shift corresp="#LEint554_s_18" feature="loud" new="p" xml:id="LEint554_s_17"/><seg n="6" synch="#LEint554_ol_32" type="overlap" xml:id="LEint554_ol_34"><vocal subtype="wordstart" type="wordlike" voice:desc="laughing" voice:syl="2"/>  how long </seg><pause/><shift corresp="#LEint554_s_20" feature="voice" new="laugh" xml:id="LEint554_s_19"/> how long <shift corresp="#LEint554_s_19" feature="voice" new="neutral" xml:id="LEint554_s_20"/><shift corresp="#LEint554_s_17" feature="loud" new="neutral" xml:id="LEint554_s_18"/> when did you come here </u>
            <u who="#LEint554_S6" xml:id="LEint554_u_41"><emph> yesterday </emph></u>
            <u who="#LEint554_S1" xml:id="LEint554_u_42"> yesterday <seg n="7" type="overlap" xml:id="LEint554_ol_35"> and </seg> what did you do before<c function="rise" type="intonation"/></u>
            <u who="#LEint554_S6" xml:id="LEint554_u_43"><seg n="7" synch="#LEint554_ol_35" type="overlap" xml:id="LEint554_ol_36"> yeah </seg></u>
            <u who="#LEint554_S6" xml:id="LEint554_u_44"> er before we were in salzburg<c function="fall" type="intonation"/><pause/></u>
            <u who="#LEint554_S1" xml:id="LEint554_u_45"> yes and what <unclear> do </unclear> you do in salzburg<c function="rise" type="intonation"/></u>
            <u who="#LEint554_S6" xml:id="LEint554_u_46"> er <unclear> were </unclear> t- <pause/> er tourism<c function="fall" type="intonation"/><vocal subtype="wordstart" type="wordlike" voice:desc="laughing" voice:syl="3"/> we were there visiting the city<c function="fall" type="intonation"/></u>
            <u who="#LEint554_SX-4" xml:id="LEint554_u_47"><shift corresp="#LEint554_s_22" feature="loud" new="p" xml:id="LEint554_s_21"/> so <shift corresp="#LEint554_s_21" feature="loud" new="neutral" xml:id="LEint554_s_22"/><pause dur="PT1S"/></u>
            <u who="#LEint554_S6" xml:id="LEint554_u_48"> only  </u>
            <u who="#LEint554_S5" xml:id="LEint554_u_49"> they're on <seg n="8" type="overlap" xml:id="LEint554_ol_37"><voice:pvc> interrail<c function="fall" type="intonation"/></voice:pvc></seg><pause/></u>
            <u who="#LEint554_S6" xml:id="LEint554_u_50"><seg n="8" synch="#LEint554_ol_37" type="overlap" xml:id="LEint554_ol_38"><vocal subtype="wordstart" type="wordlike" voice:desc="laughing" voice:syl="2"/></seg></u>
            <u who="#LEint554_S5" xml:id="LEint554_u_51"> they're <seg n="1" type="overlap" xml:id="LEint554_ol_39"> on <voice:pvc> interrail </voice:pvc></seg></u>
            <u who="#LEint554_S6" xml:id="LEint554_u_52"><seg n="1" synch="#LEint554_ol_39" type="overlap" xml:id="LEint554_ol_40"> right </seg><seg n="10" type="overlap" xml:id="LEint554_ol_41"><voice:pvc> interrail </voice:pvc></seg><seg n="11" type="overlap" xml:id="LEint554_ol_42"> we have </seg></u>
            <u who="#LEint554_S3" xml:id="LEint554_u_53"><seg n="10" synch="#LEint554_ol_41" type="overlap" xml:id="LEint554_ol_43"> we have the </seg></u>
            <u who="#LEint554_S1" xml:id="LEint554_u_54"><seg n="11" synch="#LEint554_ol_42" type="overlap" xml:id="LEint554_ol_44"> so you </seg> are not sc- </u>
            <u who="#LEint554_S5" xml:id="LEint554_u_55"><emph> no </emph><emph> no </emph><seg n="2" type="overlap" xml:id="LEint554_ol_45"> we're just guests </seg></u>
            <u who="#LEint554_SX-1" xml:id="LEint554_u_56"><seg n="2" synch="#LEint554_ol_45" type="overlap" xml:id="LEint554_ol_46"> you <emph> are </emph> scouts </seg></u>
            <u who="#LEint554_S3" xml:id="LEint554_u_57"> we are scouts <seg n="3" type="overlap" xml:id="LEint554_ol_47"> yes </seg></u>
            <u who="#LEint554_S5" xml:id="LEint554_u_58"><seg n="3" synch="#LEint554_ol_47" type="overlap" xml:id="LEint554_ol_48"> yeah but </seg></u>
            <u who="#LEint554_S6" xml:id="LEint554_u_59"><seg n="12" type="overlap" xml:id="LEint554_ol_49"> yeah but we<c type="lengthening"/></seg></u>
            <u who="#LEint554_S1" xml:id="LEint554_u_60"><seg n="12" synch="#LEint554_ol_49" type="overlap" xml:id="LEint554_ol_50"> but you are guests today </seg> and <anchor synch="#LEint554_oc_11" type="other_continuation" xml:id="LEint554_oc_10"/></u>
            <u who="#LEint554_S5" xml:id="LEint554_u_61"><anchor synch="#LEint554_oc_10" type="other_continuation" xml:id="LEint554_oc_11"/> they are <seg n="13" type="overlap" xml:id="LEint554_ol_51"> guests </seg> yeah <anchor synch="#LEint554_oc_13" type="other_continuation" xml:id="LEint554_oc_12"/></u>
            <u who="#LEint554_S1" xml:id="LEint554_u_62"><seg n="13" synch="#LEint554_ol_51" type="overlap" xml:id="LEint554_ol_52"> yes<c function="fall" type="intonation"/></seg></u>
            <u who="#LEint554_S1" xml:id="LEint554_u_63"><anchor synch="#LEint554_oc_12" type="other_continuation" xml:id="LEint554_oc_13"/> so you want to stay till the end <pause/></u>
            <u who="#LEint554_SX-4" xml:id="LEint554_u_64"> er <anchor synch="#LEint554_oc_15" type="other_continuation" xml:id="LEint554_oc_14"/></u>
            <u who="#LEint554_S6" xml:id="LEint554_u_65"><anchor synch="#LEint554_oc_14" type="other_continuation" xml:id="LEint554_oc_15"/><emph> yeah </emph> yeah until <seg n="4" type="overlap" xml:id="LEint554_ol_53"> twenty-fifth twenty-sixth </seg></u>
            <u who="#LEint554_SX-4" xml:id="LEint554_u_66"><seg n="4" synch="#LEint554_ol_53" type="overlap" xml:id="LEint554_ol_54"><unclear> until </unclear> until wednesday </seg></u>
            <u who="#LEint554_S3" xml:id="LEint554_u_67"><shift corresp="#LEint554_s_24" feature="tempo" new="a" xml:id="LEint554_s_23"/><unclear> no not until </unclear><shift corresp="#LEint554_s_23" feature="tempo" new="neutral" xml:id="LEint554_s_24"/><seg n="5" type="overlap" xml:id="LEint554_ol_55"> yes<c function="fall" type="intonation"/></seg></u>
            <u who="#LEint554_S4" xml:id="LEint554_u_68"><seg n="5" synch="#LEint554_ol_55" type="overlap" xml:id="LEint554_ol_56"> near- </seg> nearly<c function="fall" type="intonation"/><pause/><seg n="9" type="overlap" xml:id="LEint554_ol_57"> nearly </seg></u>
            <u who="#LEint554_S5" xml:id="LEint554_u_69"><seg n="9" synch="#LEint554_ol_57" type="overlap" xml:id="LEint554_ol_58"> nearly </seg><pause/> nearly <seg n="8" type="overlap" xml:id="LEint554_ol_59"> until the end </seg></u>
            <u who="#LEint554_S4" xml:id="LEint554_u_70"><seg n="8" synch="#LEint554_ol_59" type="overlap" xml:id="LEint554_ol_60"> yeah yeah </seg></u>
            <u who="#LEint554_S3" xml:id="LEint554_u_71"> yeah <pause/></u>
            <u who="#LEint554_S1" xml:id="LEint554_u_72"> and where will you go <pause dur="PT1S"/></u>
            <u who="#LEint554_S6" xml:id="LEint554_u_73"> ne<seg n="6" type="overlap" xml:id="LEint554_ol_61">xt<c function="rise" type="intonation"/></seg></u>
            <u who="#LEint554_S1" xml:id="LEint554_u_74"><seg n="6" synch="#LEint554_ol_61" type="overlap" xml:id="LEint554_ol_62"> then<c function="rise" type="intonation"/></seg></u>
            <u who="#LEint554_S2" xml:id="LEint554_u_75"> to <seg n="10" type="overlap" xml:id="LEint554_ol_63"> vienna </seg></u>
            <u who="#LEint554_S6" xml:id="LEint554_u_76"><seg n="10" synch="#LEint554_ol_63" type="overlap" xml:id="LEint554_ol_64"> yeah </seg> er to <seg n="11" type="overlap" xml:id="LEint554_ol_65"> vi- </seg></u>
            <u who="#LEint554_S1" xml:id="LEint554_u_77"><seg n="11" synch="#LEint554_ol_65" type="overlap" xml:id="LEint554_ol_66"> to </seg><emph> vienna </emph> on your own<c function="fall" type="intonation"/></u>
            <u who="#LEint554_S6" xml:id="LEint554_u_78"><seg n="7" type="overlap" xml:id="LEint554_ol_67"> yeah </seg></u>
            <u who="#LEint554_S3" xml:id="LEint554_u_79"><seg n="7" synch="#LEint554_ol_67" type="overlap" xml:id="LEint554_ol_68"> yes </seg> yes after our own of our <unclear> our </unclear> own </u>
            <u who="#LEint554_S2" xml:id="LEint554_u_80"><vocal subtype="wordstart" type="wordlike" voice:desc="laughing" voice:syl="1"/>  our <seg n="12" type="overlap" xml:id="LEint554_ol_69"> own </seg></u>
            <u who="#LEint554_S6" xml:id="LEint554_u_81"><seg n="12" synch="#LEint554_ol_69" type="overlap" xml:id="LEint554_ol_70"> our </seg><seg n="13" type="overlap" xml:id="LEint554_ol_71"> own </seg></u>
            <u who="#LEint554_S3" xml:id="LEint554_u_82"><seg n="13" synch="#LEint554_ol_71" type="overlap" xml:id="LEint554_ol_72"> yes </seg></u>
            <u who="#LEint554_S1" xml:id="LEint554_u_83"><seg n="13" synch="#LEint554_ol_71" type="overlap" xml:id="LEint554_ol_73"> are you </seg> here with tents<c function="rise" type="intonation"/> or are you staying in in you- youth </u>
            <u who="#LEint554_S4" xml:id="LEint554_u_84"><seg n="2" type="overlap" xml:id="LEint554_ol_74"> tents </seg> tents  </u>
            <u who="#LEint554_S3" xml:id="LEint554_u_85"><seg n="2" synch="#LEint554_ol_74" type="overlap" xml:id="LEint554_ol_75"> with tents </seg></u>
            <u who="#LEint554_S3" xml:id="LEint554_u_86"> with tents yes <pause/><shift corresp="#LEint554_s_26" feature="voice" new="laugh" xml:id="LEint554_s_25"/> mhm <shift corresp="#LEint554_s_25" feature="voice" new="neutral" xml:id="LEint554_s_26"/></u>
            <u who="#LEint554_S5" xml:id="LEint554_u_87"> one tent for th- for five persons </u>
            <u who="#LEint554_S6" xml:id="LEint554_u_88"><shift corresp="#LEint554_s_28" feature="voice" new="laugh" xml:id="LEint554_s_27"/> yeah <shift corresp="#LEint554_s_27" feature="voice" new="neutral" xml:id="LEint554_s_28"/></u>
            <u who="#LEint554_SS" xml:id="LEint554_u_89"><vocal subtype="wordstart" type="wordlike" voice:desc="laughing" voice:syl="5"/></u>
            <u who="#LEint554_S3" xml:id="LEint554_u_90"><vocal subtype="wordstart" type="wordlike" voice:desc="laughing" voice:syl="3"/></u>
            <u who="#LEint554_S1" xml:id="LEint554_u_91"><shift corresp="#LEint554_s_30" feature="voice" new="laugh" xml:id="LEint554_s_29"/> is it big <shift corresp="#LEint554_s_29" feature="voice" new="neutral" xml:id="LEint554_s_30"/> enough the tent<c function="rise" type="intonation"/></u>
            <u who="#LEint554_S5" xml:id="LEint554_u_92"><vocal subtype="wordstart" type="wordlike" voice:desc="laughing" voice:syl="2"/></u>
            <u who="#LEint554_S4" xml:id="LEint554_u_93"> no <seg n="1" type="overlap" xml:id="LEint554_ol_76"> no <vocal subtype="wordstart" type="wordlike" voice:desc="laughing" voice:syl="3"/></seg></u>
            <u who="#LEint554_S3" xml:id="LEint554_u_94"><seg n="1" synch="#LEint554_ol_76" type="overlap" xml:id="LEint554_ol_77"> no <vocal subtype="wordstart" type="wordlike" voice:desc="laughing" voice:syl="2"/></seg></u>
            <u who="#LEint554_S2" xml:id="LEint554_u_95"> is not big enough bu<c type="lengthening"/>t er we <seg n="14" type="overlap" xml:id="LEint554_ol_78"> don't have </seg></u>
            <u who="#LEint554_SX-1" xml:id="LEint554_u_96"><seg n="14" synch="#LEint554_ol_78" type="overlap" xml:id="LEint554_ol_79"><vocal subtype="wordstart" type="wordlike" voice:desc="laughing" voice:syl="4"/></seg></u>
            <u who="#LEint554_S1" xml:id="LEint554_u_97"><seg n="3" type="overlap" xml:id="LEint554_ol_80"> you can manage </seg></u>
            <u who="#LEint554_S6" xml:id="LEint554_u_98"><seg n="3" synch="#LEint554_ol_80" type="overlap" xml:id="LEint554_ol_81"> is very small </seg></u>
            <u who="#LEint554_S5" xml:id="LEint554_u_99"><seg n="15" type="overlap" xml:id="LEint554_ol_82"> no- normally </seg><seg n="4" type="overlap" xml:id="LEint554_ol_83"> for three persons </seg> i think<c function="fall" type="intonation"/><pause/></u>
            <u who="#LEint554_S3" xml:id="LEint554_u_100"><seg n="15" synch="#LEint554_ol_82" type="overlap" xml:id="LEint554_ol_84"> yes </seg></u>
            <u who="#LEint554_S2" xml:id="LEint554_u_101"><seg n="4" synch="#LEint554_ol_83" type="overlap" xml:id="LEint554_ol_85"> we have to manage </seg></u>
            <u who="#LEint554_S1" xml:id="LEint554_u_102"><voice:to who="#LEint554_S5"> and where did they meet you<c function="rise" type="intonation"/><pause/> just </voice:to></u>
            <u who="#LEint554_S5" xml:id="LEint554_u_103"> o<c type="lengthening"/>h e<c type="lengthening"/>rm they ask me<c type="lengthening"/> er i can borrow them  the guitar<c function="rise" type="intonation"/> and i speak <seg n="5" type="overlap" xml:id="LEint554_ol_86"> spanish </seg> a little and so i </u>
            <u who="#LEint554_S1" xml:id="LEint554_u_104"><seg n="5" synch="#LEint554_ol_86" type="overlap" xml:id="LEint554_ol_87"><shift corresp="#LEint554_s_32" feature="loud" new="p" xml:id="LEint554_s_31"/> okay <shift corresp="#LEint554_s_31" feature="loud" new="neutral" xml:id="LEint554_s_32"/></seg></u>
            <u who="#LEint554_S1" xml:id="LEint554_u_105"><shift corresp="#LEint554_s_34" feature="loud" new="p" xml:id="LEint554_s_33"/> so you joined in <shift corresp="#LEint554_s_33" feature="loud" new="neutral" xml:id="LEint554_s_34"/></u>
            <u who="#LEint554_S5" xml:id="LEint554_u_106"><vocal subtype="wordstart" type="wordlike" voice:desc="laughing" voice:syl="2"/><pause/></u>
            <u who="#LEint554_S1" xml:id="LEint554_u_107"> and after you er you're after <emph> vienna </emph> what are you doing then<c function="rise" type="intonation"/><pause/><seg n="6" type="overlap" xml:id="LEint554_ol_88"><shift corresp="#LEint554_s_36" feature="loud" new="p" xml:id="LEint554_s_35"/> you're still going somewhere<c function="rise" type="intonation"/><shift corresp="#LEint554_s_35" feature="loud" new="neutral" xml:id="LEint554_s_36"/></seg></u>
            <u who="#LEint554_S6" xml:id="LEint554_u_108"><seg n="6" synch="#LEint554_ol_88" type="overlap" xml:id="LEint554_ol_89"> we're going to </seg> berlin<c function="rise" type="intonation"/></u>
            <u who="#LEint554_S3" xml:id="LEint554_u_109"> berlin<c function="fall" type="intonation"/><pause/></u>
            <u who="#LEint554_S6" xml:id="LEint554_u_110"> s- e<c type="lengthening"/>r </u>
            <u who="#LEint554_S3" xml:id="LEint554_u_111"> copen<seg n="7" type="overlap" xml:id="LEint554_ol_90">hagen </seg></u>
            <u who="#LEint554_S6" xml:id="LEint554_u_112"><shift corresp="#LEint554_s_38" feature="tempo" new="l" xml:id="LEint554_s_37"/><seg n="7" synch="#LEint554_ol_90" type="overlap" xml:id="LEint554_ol_91"> co</seg>penhagen<c type="lengthening"/><c function="rise" type="intonation"/><seg n="16" type="overlap" xml:id="LEint554_ol_92"> e<c type="lengthening"/>r </seg><seg n="1" type="overlap" xml:id="LEint554_ol_93"> stock</seg>holm <shift corresp="#LEint554_s_37" feature="tempo" new="neutral" xml:id="LEint554_s_38"/><pause/></u>
            <u who="#LEint554_S3" xml:id="LEint554_u_113"><seg n="16" synch="#LEint554_ol_92" type="overlap" xml:id="LEint554_ol_94"> copenhagen<c type="lengthening"/></seg></u>
            <u who="#LEint554_S5" xml:id="LEint554_u_114"><seg n="1" synch="#LEint554_ol_93" type="overlap" xml:id="LEint554_ol_95"> copenhagen </seg></u>
            <u who="#LEint554_SX-4" xml:id="LEint554_u_115"><seg n="1" synch="#LEint554_ol_93" type="overlap" xml:id="LEint554_ol_96"><unclear> in norway </unclear></seg></u>
            <u who="#LEint554_S6" xml:id="LEint554_u_116"><shift corresp="#LEint554_s_40" feature="tempo" new="l" xml:id="LEint554_s_39"/> er oslo <pause/><seg n="2" type="overlap" xml:id="LEint554_ol_97"> amsterdam </seg><shift corresp="#LEint554_s_39" feature="tempo" new="neutral" xml:id="LEint554_s_40"/></u>
            <u who="#LEint554_S3" xml:id="LEint554_u_117"><seg n="2" synch="#LEint554_ol_97" type="overlap" xml:id="LEint554_ol_98"> it's on </seg><voice:pvc> interrail </voice:pvc></u>
            <u who="#LEint554_S6" xml:id="LEint554_u_118"><emph> paris </emph><seg n="3" type="overlap" xml:id="LEint554_ol_99"><vocal subtype="wordstart" type="wordlike" voice:desc="laughing" voice:syl="2"/></seg></u>
            <u who="#LEint554_S1" xml:id="LEint554_u_119"><seg n="3" synch="#LEint554_ol_99" type="overlap" xml:id="LEint554_ol_100"> so you have a </seg> big trip before <seg n="8" type="overlap" xml:id="LEint554_ol_101"> you </seg></u>
            <u who="#LEint554_S4" xml:id="LEint554_u_120"><seg n="8" synch="#LEint554_ol_101" type="overlap" xml:id="LEint554_ol_102"> big </seg><seg n="4" type="overlap" xml:id="LEint554_ol_103"> trip big trip </seg></u>
            <u who="#LEint554_S3" xml:id="LEint554_u_121"><seg n="4" synch="#LEint554_ol_103" type="overlap" xml:id="LEint554_ol_104"> yes because <unclear> we have an </unclear></seg><voice:pvc> interrail </voice:pvc> and <seg n="5" type="overlap" xml:id="LEint554_ol_105"> so </seg> we will we want <seg n="9" type="overlap" xml:id="LEint554_ol_106"> to </seg></u>
            <u who="#LEint554_S4" xml:id="LEint554_u_122"><seg n="5" synch="#LEint554_ol_105" type="overlap" xml:id="LEint554_ol_107"> yeah </seg></u>
            <u who="#LEint554_S4" xml:id="LEint554_u_123"><seg n="9" synch="#LEint554_ol_106" type="overlap" xml:id="LEint554_ol_108"> one </seg> month<c function="fall" type="intonation"/><pause dur="PT1S"/></u>
            <u who="#LEint554_S6" xml:id="LEint554_u_124"> one month on <voice:pvc> inter<seg n="6" type="overlap" xml:id="LEint554_ol_109">rail </seg></voice:pvc></u>
            <u who="#LEint554_S3" xml:id="LEint554_u_125"><seg n="6" synch="#LEint554_ol_109" type="overlap" xml:id="LEint554_ol_110"> to know<c function="rise" type="intonation"/></seg><seg n="7" type="overlap" xml:id="LEint554_ol_111"> want </seg> to know how euro- europe is<c function="fall" type="intonation"/></u>
            <u who="#LEint554_S4" xml:id="LEint554_u_126"><seg n="7" synch="#LEint554_ol_111" type="overlap" xml:id="LEint554_ol_112"> yeah </seg></u>
            <u who="#LEint554_S1" xml:id="LEint554_u_127"><vocal subtype="wordstart" type="wordlike" voice:desc="laughing" voice:syl="1"/></u>
            <u who="#LEint554_SS" xml:id="LEint554_u_128"><vocal subtype="wordstart" type="wordlike" voice:desc="laughing" voice:syl="4"/></u>
            <u who="#LEint554_S1" xml:id="LEint554_u_129"> i see but you're from spain <seg n="10" type="overlap" xml:id="LEint554_ol_113"> you said </seg></u>
            <u who="#LEint554_S3" xml:id="LEint554_u_130"><seg n="10" synch="#LEint554_ol_113" type="overlap" xml:id="LEint554_ol_114"> yeah </seg></u>
            <u who="#LEint554_S6" xml:id="LEint554_u_131"> yeah </u>
            <u who="#LEint554_S1" xml:id="LEint554_u_132"><shift corresp="#LEint554_s_42" feature="loud" new="p" xml:id="LEint554_s_41"/> yes <shift corresp="#LEint554_s_41" feature="loud" new="neutral" xml:id="LEint554_s_42"/></u>
            <u who="#LEint554_S3" xml:id="LEint554_u_133"> how the north europe  is<c function="fall" type="intonation"/></u>
            <u who="#LEint554_SX-4" xml:id="LEint554_u_134"> yeah <vocal subtype="wordstart" type="wordlike" voice:desc="laughing" voice:syl="2"/><seg n="1" type="overlap" xml:id="LEint554_ol_115"><vocal type="wordlike" voice:desc="laughing" voice:syl="6"/></seg></u>
            <u who="#LEint554_SS" xml:id="LEint554_u_135"><seg n="1" synch="#LEint554_ol_115" type="overlap" xml:id="LEint554_ol_116"><vocal subtype="wordstart" type="wordlike" voice:desc="laughing" voice:syl="3"/><vocal subtype="wordstart" type="wordlike" voice:desc="laughing" voice:syl="3"/></seg></u>
            <u who="#LEint554_SX" xml:id="LEint554_u_136"><supplied reason="unintelligible"> x xx x </supplied></u>
            <u who="#LEint554_S1" xml:id="LEint554_u_137"><shift corresp="#LEint554_s_44" feature="tempo" new="a" xml:id="LEint554_s_43"/> and have you been <shift corresp="#LEint554_s_43" feature="tempo" new="neutral" xml:id="LEint554_s_44"/> to <foreign type="L1" voice:translation="name of village" xml:lang="ger"> sankt gilgen </foreign> at all<c function="rise" type="intonation"/> the town over there <pause/></u>
            <u who="#LEint554_S3" xml:id="LEint554_u_138"><shift corresp="#LEint554_s_46" feature="loud" new="p" xml:id="LEint554_s_45"/> erm huh<c function="rise" type="intonation"/><shift corresp="#LEint554_s_45" feature="loud" new="neutral" xml:id="LEint554_s_46"/></u>
            <u who="#LEint554_S6" xml:id="LEint554_u_139"> o<c type="lengthening"/>h <foreign type="LN" voice:translation="name of village" xml:lang="ger"> sankt gilgen </foreign><pause/><foreign type="L1" xml:lang="spa"> xxx x </foreign></u>
            <u who="#LEint554_S3" xml:id="LEint554_u_140"><seg n="2" type="overlap" xml:id="LEint554_ol_117"> no we haven't been there </seg></u>
            <u who="#LEint554_S2" xml:id="LEint554_u_141"><seg n="2" synch="#LEint554_ol_117" type="overlap" xml:id="LEint554_ol_118"> no we have never seen it </seg></u>
            <u who="#LEint554_S6" xml:id="LEint554_u_142"> yet <vocal subtype="wordstart" type="wordlike" voice:desc="laughing" voice:syl="2"/><seg n="3" type="overlap" xml:id="LEint554_ol_119"><vocal subtype="wordstart" type="wordlike" voice:desc="laughing" voice:syl="1"/></seg><vocal type="wordlike" voice:desc="laughing" voice:syl="2"/></u>
            <u who="#LEint554_S2" xml:id="LEint554_u_143"><seg n="3" synch="#LEint554_ol_119" type="overlap" xml:id="LEint554_ol_120"> no </seg></u>
            <u who="#LEint554_S3" xml:id="LEint554_u_144"> yet <pause/><shift corresp="#LEint554_s_48" feature="tempo" new="a" xml:id="LEint554_s_47"/> that's funny <shift corresp="#LEint554_s_47" feature="tempo" new="neutral" xml:id="LEint554_s_48"/></u>
            <u who="#LEint554_S1" xml:id="LEint554_u_145"><shift corresp="#LEint554_s_50" feature="loud" new="p" xml:id="LEint554_s_49"/><shift corresp="#LEint554_s_52" feature="tempo" new="a" xml:id="LEint554_s_51"/><supplied reason="unintelligible"> x xx x xx </supplied><shift corresp="#LEint554_s_51" feature="tempo" new="neutral" xml:id="LEint554_s_52"/><shift corresp="#LEint554_s_49" feature="loud" new="neutral" xml:id="LEint554_s_50"/></u>
            <u who="#LEint554_S2" xml:id="LEint554_u_146"><vocal subtype="wordstart" type="wordlike" voice:desc="laughing" voice:syl="1"/><pause/></u>
            <u who="#LEint554_SX-1" xml:id="LEint554_u_147"> e<c type="lengthening"/>rm  </u>
            <u who="#LEint554_S3" xml:id="LEint554_u_148"><shift corresp="#LEint554_s_54" feature="loud" new="p" xml:id="LEint554_s_53"/> okay <shift corresp="#LEint554_s_53" feature="loud" new="neutral" xml:id="LEint554_s_54"/><pause/></u>
            <u who="#LEint554_S4" xml:id="LEint554_u_149"> in <voice:pvc comment="norway" voice:ipa="nɔːrəweɪ"> noraway </voice:pvc><pause dur="PT1S"/></u>
            <u who="#LEint554_S1" xml:id="LEint554_u_150"> sorry<c function="rise" type="intonation"/></u>
            <u who="#LEint554_S4" xml:id="LEint554_u_151"><voice:pvc comment="norway" voice:ipa="nɔːrəweɪ"> noraway </voice:pvc><pause/></u>
            <u who="#LEint554_S3" xml:id="LEint554_u_152"> norway </u>
            <u who="#LEint554_S2" xml:id="LEint554_u_153"><seg n="4" type="overlap" xml:id="LEint554_ol_121"> norway </seg></u>
            <u who="#LEint554_S4" xml:id="LEint554_u_154"><seg n="4" synch="#LEint554_ol_121" type="overlap" xml:id="LEint554_ol_122"> norway </seg></u>
            <u who="#LEint554_S1" xml:id="LEint554_u_155"><seg n="5" type="overlap" xml:id="LEint554_ol_123"><emph> norway </emph></seg></u>
            <u who="#LEint554_S3" xml:id="LEint554_u_156"><seg n="5" synch="#LEint554_ol_123" type="overlap" xml:id="LEint554_ol_124"> we will </seg> be in norway <seg n="8" type="overlap" xml:id="LEint554_ol_125"> too </seg></u>
            <u who="#LEint554_SX-m" xml:id="LEint554_u_157"><seg n="8" synch="#LEint554_ol_125" type="overlap" xml:id="LEint554_ol_126"><vocal subtype="wordstart" type="wordlike" voice:desc="laughing" voice:syl="1"/></seg><seg n="6" type="overlap" xml:id="LEint554_ol_127"><vocal subtype="wordstart" type="wordlike" voice:desc="laughing" voice:syl="4"/></seg></u>
            <u who="#LEint554_S1" xml:id="LEint554_u_158"><seg n="6" synch="#LEint554_ol_127" type="overlap" xml:id="LEint554_ol_128"> you <emph> have </emph> to been </seg> to nor- or you are going to </u>
            <u who="#LEint554_S3" xml:id="LEint554_u_159"> we are we are going to </u>
            <u who="#LEint554_S2" xml:id="LEint554_u_160"><shift corresp="#LEint554_s_56" feature="loud" new="p" xml:id="LEint554_s_55"/> yeah <shift corresp="#LEint554_s_55" feature="loud" new="neutral" xml:id="LEint554_s_56"/></u>
            <u who="#LEint554_S3" xml:id="LEint554_u_161"> yes <seg n="7" type="overlap" xml:id="LEint554_ol_129"> mhm </seg></u>
            <u who="#LEint554_S1" xml:id="LEint554_u_162"><seg n="7" synch="#LEint554_ol_129" type="overlap" xml:id="LEint554_ol_130"> hm </seg><pause dur="PT1S"/> well then <vocal subtype="wordstart" type="wordlike" voice:desc="laughing" voice:syl="1"/><c type="lengthening"/><vocal subtype="wordstart" type="wordlike" voice:desc="laughing" voice:syl="1"/><seg n="1" type="overlap" xml:id="LEint554_ol_131"><vocal type="wordlike" voice:desc="laughing" voice:syl="2"/></seg></u>
            <u who="#LEint554_S2" xml:id="LEint554_u_163"><seg n="1" synch="#LEint554_ol_131" type="overlap" xml:id="LEint554_ol_132"> an<c type="lengthening"/>d </seg><pause/> and we are very<c type="lengthening"/><pause/> it's very <voice:track medium="1" num="2" type="md"/> funny all that <seg n="2" type="overlap" xml:id="LEint554_ol_133"> and we want </seg></u>
            <u who="#LEint554_SX-m" xml:id="LEint554_u_164"><seg n="2" synch="#LEint554_ol_133" type="overlap" xml:id="LEint554_ol_134"><vocal subtype="wordstart" type="wordlike" voice:desc="laughing" voice:syl="3"/></seg><vocal subtype="wordstart" type="wordlike" voice:desc="laughing" voice:syl="2"/></u>
            <u who="#LEint554_S2" xml:id="LEint554_u_165"> we are very happy here and </u>
            <u who="#LEint554_SS" xml:id="LEint554_u_166"><vocal subtype="wordstart" type="wordlike" voice:desc="laughing" voice:syl="6"/><vocal voice:desc="applauds"/></u>
            <u who="#LEint554_S2" xml:id="LEint554_u_167"> a lot of <emph> scou</emph><c type="lengthening"/><emph>ts </emph> o<c type="lengthening"/>f austria<c type="lengthening"/> and <shift corresp="#LEint554_s_58" feature="tempo" new="a" xml:id="LEint554_s_57"/> it's very nice<c function="fall" type="intonation"/><shift corresp="#LEint554_s_57" feature="tempo" new="neutral" xml:id="LEint554_s_58"/></u>
            <u who="#LEint554_S1" xml:id="LEint554_u_168"> have you met other <pause/> other scouts not from austria <shift corresp="#LEint554_s_60" feature="loud" new="p" xml:id="LEint554_s_59"/> as well <shift corresp="#LEint554_s_59" feature="loud" new="neutral" xml:id="LEint554_s_60"/></u>
            <u who="#LEint554_S2" xml:id="LEint554_u_169"> e<c type="lengthening"/>r <pause/> not too much yet <pause/></u>
            <u who="#LEint554_S1" xml:id="LEint554_u_170"> but you you <seg n="3" type="overlap" xml:id="LEint554_ol_135"> hope you will </seg></u>
            <u who="#LEint554_S2" xml:id="LEint554_u_171"><seg n="3" synch="#LEint554_ol_135" type="overlap" xml:id="LEint554_ol_136"> but i i i </seg> think yeah <seg n="5" type="overlap" xml:id="LEint554_ol_137"> we hope </seg></u>
            <u who="#LEint554_S1" xml:id="LEint554_u_172"><seg n="5" synch="#LEint554_ol_137" type="overlap" xml:id="LEint554_ol_138"> tell me </seg> about your game what's it about  </u>
            <u who="#LEint554_S2" xml:id="LEint554_u_173"> we have <emph> done </emph><pause/> yet <pause/><seg n="4" type="overlap" xml:id="LEint554_ol_139"> huh<c function="rise" type="intonation"/></seg></u>
            <u who="#LEint554_S1" xml:id="LEint554_u_174"><seg n="4" synch="#LEint554_ol_139" type="overlap" xml:id="LEint554_ol_140"> you </seg> haven't done it yet<c function="rise" type="intonation"/></u>
            <u who="#LEint554_S3" xml:id="LEint554_u_175"> yes we have<c function="fall" type="intonation"/></u>
            <u who="#LEint554_S5" xml:id="LEint554_u_176"> o<c type="lengthening"/>h the game<c function="rise" type="intonation"/></u>
            <u who="#LEint554_S1" xml:id="LEint554_u_177"> yes <pause/></u>
            <u who="#LEint554_S5" xml:id="LEint554_u_178"> it's just for fun you can make  the stations or you can or you don't make it<c function="fall" type="intonation"/><pause/></u>
            <u who="#LEint554_S6" xml:id="LEint554_u_179"> yeah<c function="fall" type="intonation"/><pause/> just for fun<c function="fall" type="intonation"/></u>
            <u who="#LEint554_S1" xml:id="LEint554_u_180"> so there's no prize to win <anchor synch="#LEint554_oc_17" type="other_continuation" xml:id="LEint554_oc_16"/></u>
            <u who="#LEint554_S5" xml:id="LEint554_u_181"><anchor synch="#LEint554_oc_16" type="other_continuation" xml:id="LEint554_oc_17"/> no there are but er if you have enough er money at er in the er at the end<c function="rise" type="intonation"/></u>
            <u who="#LEint554_S1" xml:id="LEint554_u_182"> mhm <anchor synch="#LEint554_oc_19" type="other_continuation" xml:id="LEint554_oc_18"/></u>
            <u who="#LEint554_S5" xml:id="LEint554_u_183"><anchor synch="#LEint554_oc_18" type="other_continuation" xml:id="LEint554_oc_19"/> er you get something <shift corresp="#LEint554_s_62" feature="tempo" new="a" xml:id="LEint554_s_61"/> i don't know what<c function="fall" type="intonation"/><shift corresp="#LEint554_s_61" feature="tempo" new="neutral" xml:id="LEint554_s_62"/></u>
            <u who="#LEint554_S1" xml:id="LEint554_u_184"> but you don't know what </u>
            <u who="#LEint554_S5" xml:id="LEint554_u_185"> no but you get something i think he- <emph> here </emph> you get something <pause dur="PT1S"/></u>
            <u who="#LEint554_S1" xml:id="LEint554_u_186"> okay <seg n="6" type="overlap" xml:id="LEint554_ol_141"> so i </seg><shift corresp="#LEint554_s_64" feature="voice" new="laugh" xml:id="LEint554_s_63"/> hope <shift corresp="#LEint554_s_63" feature="voice" new="neutral" xml:id="LEint554_s_64"/> you have a great day </u>
            <u who="#LEint554_SX-m" xml:id="LEint554_u_187"><seg n="6" synch="#LEint554_ol_141" type="overlap" xml:id="LEint554_ol_142"><vocal subtype="wordstart" type="wordlike" voice:desc="laughing" voice:syl="2"/></seg></u>
            <u who="#LEint554_S3" xml:id="LEint554_u_188"> thank you very much </u>
            <u who="#LEint554_SX-4" xml:id="LEint554_u_189"> thank you very much </u>
            <u who="#LEint554_S3" xml:id="LEint554_u_190"> thank you </u>
            <u who="#LEint554_S1" xml:id="LEint554_u_191"> thank you </u>
         </div>
      </body>
   </text>
</TEI>