<TEI xmlns="http://www.tei-c.org/ns/1.0" xmlns:voice="http://www.univie.ac.at/voice/ns/1.0" xmlns:xi="http://www.w3.org/2001/XInclude" version="5" xml:id="LEint552" xml:lang="eng">
   <teiHeader>
      <fileDesc>
         <titleStmt>
            <title>interview about activities related to a scout camp</title>
            <principal>Prof. Barbara Seidlhofer</principal>
            <editor/>
            <funder>Austrian Science Foundation (FWF)</funder>
            <sponsor/>
            <respStmt>
               <resp>Corpus Compilation</resp>
               <orgName>VOICE Project</orgName>
               <persName>Barbara Seidlhofer</persName>
               <persName>Angelika Breiteneder</persName>
               <persName>Marie-Luise Pitzl</persName>
               <persName>Stefan Majewski</persName>
               <persName>Theresa Klimpfinger</persName>
            </respStmt>
         </titleStmt>
         <editionStmt>
		<edition>Version 1.0 XML, <date>May 2011</date></edition>
	  <respStmt>
		<resp>Researchers</resp>
		<name>Barbara Seidlhofer</name> 		
		<name>Angelika Breiteneder</name> 
		<name>Theresa Klimpfinger</name> 
		<name>Stefan Majewski</name> 
		<name>Marie-Luise Pitzl</name> 
	  </respStmt>
	</editionStmt>
         <publicationStmt>
		<publisher>Barbara Seidlhofer, Stefan Majewski, Marie-Luise Pitzl</publisher> 
	  <distributor>VOICE Project, University of Vienna, Austria</distributor> 
	  <address>
		<addrLine>Spitalgasse 2, AAKH Hof 8</addrLine> 
		<addrLine>1090 Vienna</addrLine> 
		<addrLine>Austria</addrLine> 
		<addrLine>Telephone: +43 1 427742446</addrLine> 
	  	<addrLine>Email: voice@univie.ac.at</addrLine> 
		<addrLine>Website: http://www.univie.ac.at/voice</addrLine> 
	  </address>
	  <availability status="free">
	  	<p>
		  The Vienna-Oxford International Corpus of English (VOICE)
		  was created by Barbara Seidlhofer (project director) and
		  Angelika Breiteneder, Theresa Klimpfinger, Stefan Majewski,
		  Marie-Luise Pitzl (project researchers). VOICE 1.0 XML is
		  available for download at the VOICE Project's website <ref target="http://www.univie.ac.at/voice/">http://www.univie.ac.at/voice/</ref>
		  under a Creative Commons
		  Attribution-NonCommercial-ShareAlike 3.0 Unported (CC
		  BY-NC-SA 3.0) License (<ref target="http://creativecommons.org/licenses/by-nc-sa/3.0/">
		  http://creativecommons.org/licenses/by-nc-sa/3.0/
		  </ref>). The original audio files are held at the Department
		  of English, University of Vienna. 23 selected audio files
		  are available as audio streams in the VOICE Online interface
		  at the VOICE Project's website <ref target="http://www.univie.ac.at/voice">http://www.univie.ac.at/voice</ref>.
		</p>
		<p>
		The recommended citation for VOICE 1.0 XML is:
		</p>
		<p>
		<bibl><title>VOICE</title>. <date>2011</date>. <title level="m">The Vienna-Oxford International Corpus of
		English</title> (<edition>version 1.0
		XML</edition>). Director: Barbara Seidlhofer; Researchers:
		Angelika Breiteneder, Theresa Klimpfinger, Stefan Majewski,
		Marie-Luise Pitzl.</bibl>
		</p>
		<p>The short citation for VOICE 1.0 XML is:
		</p>
		<p>
		<bibl><title>VOICE</title>. <date>2011</date>. <title level="m">The Vienna-Oxford International Corpus of
		English</title> (<edition>version 1.0
		XML</edition>).</bibl></p>
		<p>
		  For further information about availability and copyright
		  permissions, please see the README file included in the
		  download package. For further enquiries please contact the
		  VOICE Project at <ref target="mailto:voice@univie.ac.at">voice@univie.ac.at</ref>.
		</p>
	  </availability>
	</publicationStmt>
         <notesStmt>
            <note xml:id="LEint552_wc">Words: 512</note>
            <note xml:id="LEint552_tn_0">This interview takes place at an international scout camp. S1 introduces himself and relates some of his traveling activities before coming to the scout camp. S1 and S2 also talk about this camp, the landscape and another scout camp that S1 is going to attend after the present one.   </note>
         </notesStmt>
         <sourceDesc>
            <recordingStmt>
               <recording dur="PT00H02M47S" type="audio">
                  <date>2001-07-01</date>
                  <equipment>
                     <p>cassette recorder</p>
                  </equipment>
                  <respStmt>
                     <resp>recording</resp>
                     <name>R21</name>
                  </respStmt>
               </recording>
            </recordingStmt>
         </sourceDesc>
      </fileDesc>
      <encodingDesc>
         <classDecl>
            <taxonomy>
               <category xml:id="LEint552_domain">
                  <catDesc>Domain</catDesc>
                  <category sameAs="#ED" xml:id="LEint552_ED">
                     <catDesc>educational</catDesc>
                  </category>
                  <category sameAs="#LE" xml:id="LEint552_LE">
                     <catDesc>leisure</catDesc>
                  </category>
                  <category sameAs="#PB" xml:id="LEint552_PB">
                     <catDesc>professional business</catDesc>
                  </category>
                  <category sameAs="#PO" xml:id="LEint552_PO">
                     <catDesc>professional organizational</catDesc>
                  </category>
                  <category sameAs="#PR" xml:id="LEint552_PR">
                     <catDesc>professional research/science</catDesc>
                  </category>
               </category>
               <category xml:id="LEint552_spet">
                  <catDesc>Speech Event Type</catDesc>
                  <category sameAs="#int" xml:id="LEint552_int">
                     <catDesc>interview</catDesc>
                  </category>
                  <category sameAs="#prc" xml:id="LEint552_prc">
                     <catDesc>press conference</catDesc>
                  </category>
                  <category sameAs="#sve" xml:id="LEint552_sve">
                     <catDesc>service encounter</catDesc>
                  </category>
                  <category sameAs="#sed" xml:id="LEint552_sed">
                     <catDesc>seminar discussion</catDesc>
                  </category>
                  <category sameAs="#wgd" xml:id="LEint552_wgd">
                     <catDesc>working group discussion</catDesc>
                  </category>
                  <category sameAs="#wsd" xml:id="LEint552_wsd">
                     <catDesc>workshop discussion</catDesc>
                  </category>
                  <category sameAs="#mtg" xml:id="LEint552_mtg">
                     <catDesc>meeting</catDesc>
                  </category>
                  <category sameAs="#pan" xml:id="LEint552_pan">
                     <catDesc>panel</catDesc>
                  </category>
                  <category sameAs="#qas" xml:id="LEint552_qas">
                     <catDesc>question-answer session</catDesc>
                  </category>
                  <category sameAs="#con" xml:id="LEint552_con">
                     <catDesc>conversation</catDesc>
                  </category>
               </category>
            </taxonomy>
         </classDecl>
         <tagsDecl><namespace name="http://www.tei-c.org/ns/1.0">
      <tagUsage gi="TEI" occurs="1"/>
      <tagUsage gi="teiHeader" occurs="1"/>
      <tagUsage gi="fileDesc" occurs="1"/>
      <tagUsage gi="titleStmt" occurs="1"/>
      <tagUsage gi="title" occurs="5"/>
      <tagUsage gi="principal" occurs="1"/>
      <tagUsage gi="editor" occurs="1"/>
      <tagUsage gi="funder" occurs="1"/>
      <tagUsage gi="sponsor" occurs="1"/>
      <tagUsage gi="respStmt" occurs="3"/>
      <tagUsage gi="resp" occurs="3"/>
      <tagUsage gi="orgName" occurs="1"/>
      <tagUsage gi="persName" occurs="5"/>
      <tagUsage gi="editionStmt" occurs="1"/>
      <tagUsage gi="edition" occurs="3"/>
      <tagUsage gi="date" occurs="4"/>
      <tagUsage gi="name" occurs="8"/>
      <tagUsage gi="publicationStmt" occurs="1"/>
      <tagUsage gi="publisher" occurs="1"/>
      <tagUsage gi="distributor" occurs="1"/>
      <tagUsage gi="address" occurs="1"/>
      <tagUsage gi="addrLine" occurs="6"/>
      <tagUsage gi="availability" occurs="1"/>
      <tagUsage gi="p" occurs="7"/>
      <tagUsage gi="ref" occurs="5"/>
      <tagUsage gi="bibl" occurs="2"/>
      <tagUsage gi="notesStmt" occurs="1"/>
      <tagUsage gi="note" occurs="2"/>
      <tagUsage gi="sourceDesc" occurs="1"/>
      <tagUsage gi="recordingStmt" occurs="1"/>
      <tagUsage gi="recording" occurs="1"/>
      <tagUsage gi="equipment" occurs="1"/>
      <tagUsage gi="encodingDesc" occurs="1"/>
      <tagUsage gi="classDecl" occurs="1"/>
      <tagUsage gi="taxonomy" occurs="1"/>
      <tagUsage gi="category" occurs="17"/>
      <tagUsage gi="catDesc" occurs="17"/>
      <tagUsage gi="tagsDecl" occurs="1"/>
      <tagUsage gi="namespace" occurs="2"/>
      <tagUsage gi="tagUsage" occurs="79"/>
      <tagUsage gi="gi" occurs="5"/>
      <tagUsage gi="att" occurs="13"/>
      <tagUsage gi="list" occurs="11"/>
      <tagUsage gi="label" occurs="20"/>
      <tagUsage gi="val" occurs="41"/>
      <tagUsage gi="item" occurs="40"/>
      <tagUsage gi="profileDesc" occurs="1"/>
      <tagUsage gi="textClass" occurs="1"/>
      <tagUsage gi="catRef" occurs="2"/>
      <tagUsage gi="settingDesc" occurs="1"/>
      <tagUsage gi="setting" occurs="1"/>
      <tagUsage gi="locale" occurs="1"/>
      <tagUsage gi="activity" occurs="1"/>
      <tagUsage gi="particDesc" occurs="1"/>
      <tagUsage gi="listPerson" occurs="3"/>
      <tagUsage gi="personGrp" occurs="2"/>
      <tagUsage gi="person" occurs="2"/>
      <tagUsage gi="age" occurs="2"/>
      <tagUsage gi="sex" occurs="2"/>
      <tagUsage gi="langKnowledge" occurs="2"/>
      <tagUsage gi="langKnown" occurs="2"/>
      <tagUsage gi="occupation" occurs="1"/>
      <tagUsage gi="relationGrp" occurs="1"/>
      <tagUsage gi="relation" occurs="2"/>
      <tagUsage gi="revisionDesc" occurs="1"/>
      <tagUsage gi="change" occurs="5"/>
      <tagUsage gi="text" occurs="1"/>
      <tagUsage gi="body" occurs="1"/>
      <tagUsage gi="div" occurs="1"/>
      <tagUsage gi="u" occurs="64">Used to mark a stretch of speech commonly
		preceded and followed by a pause or by a change of speaker. A
		<gi>u</gi> is, however, not required to be bounded by a pause or
		a change of speaker, nor does it represent a turn in a
		conversation analytic sense. At a minimum, a <gi>u</gi> is some
		phonetic production or noise made by a given speaker or a group of speakers.</tagUsage>
      <tagUsage gi="supplied" occurs="1">Used to mark text supplied by the
		transcriber because the original is unintelligible or needed to
		be anonymized. The <att>reason</att> attribute is used to mark:
		<list>
		  <label><val>unintelligible</val></label><item>unintelligible
		  speech</item>
		  <label><val>anonymization</val></label><item>anonymized
		  speech</item>
		</list>
		</tagUsage>
      <tagUsage gi="pause" occurs="45">Used to mark a pause either between or
		within utterances. Used without <att>dur</att> attribute to
		indicate a brief pause up to half a second.
		</tagUsage>
      <tagUsage gi="c" occurs="59">Used to mark lengthening of sounds and
		intonation (fall, rise). The following <att>type</att>
		attributes are used to mark:
		<list>
		  <label><val>lengthening</val></label><item>lengthened
		  sounds</item>
		  <label><val>intonation</val></label><item>a significant change in
		  intonation, marked with the following <att>function</att>
		  attribute for:
		  <list>
			<label><val>fall</val></label><item>falling
			intonation</item>
			<label><val>rise</val></label><item>rising intonation</item>
		  </list>
		</item>
		</list>
		Intonation may or may not coincide with
		syntactic boundaries.
		</tagUsage>
      <tagUsage gi="unclear" occurs="5">Used to mark speech which cannot be
		transcribed with certainty, because it is difficult to hear or
		understand for the transcriber.</tagUsage>
      <tagUsage gi="incident" occurs="6">Used to mark contextual information
		relevant to the understanding of the interaction or the
		interaction as such. The <att>voice:desc</att> attribute
		provides a short prose description of the contextual
		event.</tagUsage>
      <tagUsage gi="seg" occurs="42">Used with different <att>type</att> attributes to mark:
		<list>
		  <label><att>type</att><val>overlap</val></label>
		  <item>overlaps</item>
		  <label><att>type</att><val>onomatopoeia</val></label>
		  <item>onomatopoeic sounds</item>
		  <label><att>type</att><val>ipa</val></label>
		  <item>transcriptions in the international phonetic alphabet</item>
		</list>
		</tagUsage>
      <tagUsage gi="foreign" occurs="6">Used to mark a word or phrase as
		belonging to some language other than English. The following
		values for the <att>type</att> attribute are used to mark:
		<list>
		  <label><val>L1</val></label><item>the speaker's first
		  language</item>
		  <label><val>LN</val></label><item>a language other than the
		  speaker's first language</item>
		  <label><val>LQ</val></label><item>a language where it cannot
		  be ascertained whether it is the speaker's first or other
		  language.</item>
		</list>
		Whenever possible, the 
		<att>voice:translation</att> attribute provides a rough translation of the
		non-English speech into English.
		</tagUsage>
      <tagUsage gi="emph" occurs="9">Used to mark speech which is stressed or
		emphasized in a way that goes beyond regular nuclear
		stress.</tagUsage>
      <tagUsage gi="anchor" occurs="12">Used to mark other-continuation,
		i.e. whenever a speaker continues another speaker's <gi>u</gi>
		without a pause. Other-continuation is to be interpreted
		temporally and does not relate to form or content of the
		speakers' utterances.</tagUsage>
      <tagUsage gi="shift" occurs="14">Used to mark the point at which some
		paralinguistic feature changes. The following attribute values
		are used to mark:
		<list>
          <label>
            <val>voice</val>
          </label>
          <item>voice quality
          <list>
            <item><val>imitating</val></item>
            <item><val>laugh</val></item>
            <item><val>neutral</val></item>
            <item><val>phone</val></item>
            <item><val>reading</val></item>
            <item><val>reading_aloud</val></item>
            <item><val>sigh</val></item>
            <item><val>singing</val></item>
            <item><val>whisp</val></item>
            <item><val>yawning</val></item>
          </list>
          </item>
          <label>
          <val>tempo</val></label>
          <item>speed of utterance
            <list>
              <label><val>a</val></label>
              <item>accelerando</item>
              <label><val>l</val></label>
              <item>lento</item>
              <label><val>neutral</val></label>
              <item>neutral</item>
            </list>
          </item>
          <label>
          <val>loud</val></label>
          <item>loudness
            <list>
              <item><val>f</val></item>
              <item><val>neutral</val></item>
              <item><val>p</val></item>
            </list>
          </item>
		  </list>
		</tagUsage>
      <tagUsage gi="vocal" occurs="3">Used to mark laughter and other speaker
		noises and non-verbal feedback.
        <list>
          <label>
            <val>speaker_noise</val>
          </label>
          <item>
            <list>
              <item>
                <val>coughing</val>
              </item>
              <item>
                <val>nods</val>
              </item>
              <item>
                <val>shakes head</val>
              </item>
              <item>
                <val>smacks lips</val>
              </item>
              <item>
                <val>sniffs</val>
              </item>
              <item>
                <val>swallows</val>
              </item>
              <item>
                <val>whistles</val>
              </item>
            </list>
          </item>
          <label>
            <val>wordlike</val>
          </label>
          <item>
            <val>laughing</val>
          </item>
        </list>
        </tagUsage></namespace><namespace name="http://www.univie.ac.at/voice/ns/1.0">
      <tagUsage gi="voice:pvc" occurs="4">Used to mark a pronunciation variation
		or coinage as described in <ref target="http://www.univie.ac.at/voice/documents/VOICE_mark-up_conventions_v2-1.pdf">the
			VOICE mark-up conventions [2.1].</ref>the
			VOICE mark-up conventions [2.1]. An existing word corresponding to the PVC may be provided within a <att>comment</att>comment attribute within the <gi>voice:pvc</gi>voice:pvc element. Additional phonetic
			transcription may be provided within a <att>voice:ipa</att>voice:ipa attribute
			within the <gi>voice:pvc</gi>voice:pvc element.</tagUsage></namespace></tagsDecl>
      </encodingDesc>
      <profileDesc>
         <textClass>
            <catRef target="#LEint552_LE #LEint552_int"/>
            <catRef target="#LE #int"/>
         </textClass>
         <settingDesc>
            <setting>
               <name type="country">AT</name>
               <name type="city">unknown</name>
               <locale>unknown</locale>
               <activity>none</activity>
            </setting>
         </settingDesc>
         <particDesc>
            <listPerson type="main">
               <listPerson type="groups">
                  <personGrp role="speakers" size="2"/>
                  <personGrp role="interactants" size="2"/>
               </listPerson>
               <listPerson type="identified">
                  <person role="interviewee" sameAs="#P641" xml:id="LEint552_S1">
                     <age value="1">17-24</age>
                     <sex value="1">male</sex>
                     <langKnowledge>
                        <langKnown level="L1" tag="fre-BE"/>
                     </langKnowledge>
                  </person>
                  <person role="interviewer" sameAs="#P639" xml:id="LEint552_S2">
                     <age value="2">25-34</age>
                     <sex value="2">female</sex>
                     <occupation>student</occupation>
                     <langKnowledge>
                        <langKnown level="L1" tag="ger-AT"/>
                     </langKnowledge>
                  </person>
               </listPerson>
               <relationGrp>
                  <relation mutual="#LEint552_S1 #LEint552_S2" name="fairly_symmetrical" type="power"/>
                  <relation mutual="#LEint552_S1 #LEint552_S2" name="unacquainted" type="acquaintedness"/>
               </relationGrp>
            </listPerson>
         </particDesc>
      </profileDesc>
      <revisionDesc>
         <change when="2009-05-19" who="SM">conversion to XML</change>
         <change when="2009-05-11" who="TK">finalized for publication</change>
         <change when="2009-02-03" who="TK">proof-reading</change>
         <change when="2007-10-29" who="MLP">checking</change>
         <change when="2007-10-21" who="NL">transcription</change>
      </revisionDesc>
   </teiHeader>
   <text>
      <body>
         <div type="medium" voice:end="02:47" voice:end_medium_number="1" voice:end_track="1" voice:medium_type="md" voice:start="00:00" voice:start_medium_number="1" voice:start_track="1">
            <u who="#LEint552_S1" xml:id="LEint552_u_1"> so hi i'm a french scout i'm <supplied reason="anonymization"> [S1] </supplied> i'm twenty-three years old <pause/> i'm coming from france the in the south of france<c function="rise" type="intonation"/></u>
            <u who="#LEint552_S2" xml:id="LEint552_u_2"> mhm </u>
            <u who="#LEint552_S1" xml:id="LEint552_u_3"> an<c type="lengthening"/>d we are here in the <voice:pvc><unclear> haho </unclear></voice:pvc><incident voice:desc="background music begins to play"/> we<c type="lengthening"/> we are nine<c function="rise" type="intonation"/><pause/> a<c type="lengthening"/>nd we were in <voice:pvc><unclear> kerling </unclear></voice:pvc> at the beginning <pause/> of the <voice:pvc><unclear> haho </unclear><c function="rise" type="intonation"/></voice:pvc><pause/> and we had the choice between<c type="lengthening"/> a lot of good projects <seg n="1" type="overlap" xml:id="LEint552_ol_0"> and </seg> i choose <foreign type="L1" voice:translation="operation departure" xml:lang="fre"> operation <unclear> a depart </unclear></foreign> hh <incident voice:desc="background music ends"/> that was biki<c type="lengthening"/>ng saili<c type="lengthening"/>ng erm<c type="lengthening"/> discoveri<c type="lengthening"/>ng natural parks of erm <foreign type="LN" voice:translation="austrian province" xml:lang="ger"> bundenland </foreign><seg n="2" type="overlap" xml:id="LEint552_ol_1"> and it was </seg> yeah </u>
            <u who="#LEint552_S2" xml:id="LEint552_u_4"><seg n="1" synch="#LEint552_ol_0" type="overlap" xml:id="LEint552_ol_2"> mhm </seg></u>
            <u who="#LEint552_S2" xml:id="LEint552_u_5"><seg n="2" synch="#LEint552_ol_1" type="overlap" xml:id="LEint552_ol_3"><foreign type="L1" voice:translation="austrian province" xml:lang="ger"><emph> bur</emph>genland </foreign></seg></u>
            <u who="#LEint552_S2" xml:id="LEint552_u_6"> o<c type="lengthening"/>h <pause/></u>
            <u who="#LEint552_S1" xml:id="LEint552_u_7"> and it was good place<c function="fall" type="intonation"/></u>
            <u who="#LEint552_S2" xml:id="LEint552_u_8"> do you <pause/> did you go to <foreign type="L1" voice:translation="lake in austria" xml:lang="ger"> neusiedler see<c function="rise" type="intonation"/></foreign></u>
            <u who="#LEint552_S1" xml:id="LEint552_u_9"> yeah <seg n="3" type="overlap" xml:id="LEint552_ol_4"> we<c type="lengthening"/></seg> we went sailing to the <foreign type="LN" voice:translation="lake in austria" xml:lang="ger"> neusiedler see<c type="lengthening"/></foreign><anchor synch="#LEint552_oc_1" type="other_continuation" xml:id="LEint552_oc_0"/></u>
            <u who="#LEint552_S2" xml:id="LEint552_u_10"><seg n="3" synch="#LEint552_ol_4" type="overlap" xml:id="LEint552_ol_5"><shift corresp="#LEint552_s_2" feature="loud" new="p" xml:id="LEint552_s_1"/> that's great <shift corresp="#LEint552_s_1" feature="loud" new="neutral" xml:id="LEint552_s_2"/></seg></u>
            <u who="#LEint552_S2" xml:id="LEint552_u_11"><anchor synch="#LEint552_oc_0" type="other_continuation" xml:id="LEint552_oc_1"/> mhm <anchor synch="#LEint552_oc_3" type="other_continuation" xml:id="LEint552_oc_2"/></u>
            <u who="#LEint552_S1" xml:id="LEint552_u_12"><anchor synch="#LEint552_oc_2" type="other_continuation" xml:id="LEint552_oc_3"/> swimming er swimming there<c function="rise" type="intonation"/></u>
            <u who="#LEint552_S2" xml:id="LEint552_u_13"> mhm <anchor synch="#LEint552_oc_5" type="other_continuation" xml:id="LEint552_oc_4"/></u>
            <u who="#LEint552_S1" xml:id="LEint552_u_14"><anchor synch="#LEint552_oc_4" type="other_continuation" xml:id="LEint552_oc_5"/> an<c type="lengthening"/>d have a good fun because er it's <incident voice:desc="background music begins"/> a <pause/> g- great place you know <pause/></u>
            <u who="#LEint552_S2" xml:id="LEint552_u_15"> did you get to meet many people<c function="rise" type="intonation"/><pause/> from other countries<c function="rise" type="intonation"/><seg n="4" type="overlap" xml:id="LEint552_ol_6"> as well </seg></u>
            <u who="#LEint552_S1" xml:id="LEint552_u_16"><seg n="4" synch="#LEint552_ol_6" type="overlap" xml:id="LEint552_ol_7"> yeah </seg> yeah wa- we we were with austrian peopl<c type="lengthening"/>e<c function="rise" type="intonation"/><pause/> with hungarian  </u>
            <u who="#LEint552_S2" xml:id="LEint552_u_17"> mhm </u>
            <u who="#LEint552_S1" xml:id="LEint552_u_18"> scottish </u>
            <u who="#LEint552_S2" xml:id="LEint552_u_19"> mhm </u>
            <u who="#LEint552_S1" xml:id="LEint552_u_20"> irish people <seg n="5" type="overlap" xml:id="LEint552_ol_8"> eng</seg>lish people and <pause/></u>
            <u who="#LEint552_S2" xml:id="LEint552_u_21"><seg n="5" synch="#LEint552_ol_8" type="overlap" xml:id="LEint552_ol_9"><shift corresp="#LEint552_s_4" feature="loud" new="p" xml:id="LEint552_s_3"/> mhm <shift corresp="#LEint552_s_3" feature="loud" new="neutral" xml:id="LEint552_s_4"/></seg></u>
            <u who="#LEint552_S1" xml:id="LEint552_u_22"> so <shift corresp="#LEint552_s_6" feature="voice" new="laugh" xml:id="LEint552_s_5"/> french <shift corresp="#LEint552_s_5" feature="voice" new="neutral" xml:id="LEint552_s_6"/><shift corresp="#LEint552_s_8" feature="tempo" new="a" xml:id="LEint552_s_7"/> we are french <shift corresp="#LEint552_s_7" feature="tempo" new="neutral" xml:id="LEint552_s_8"/> hh e<c type="lengthening"/>rm we were six nations<c function="rise" type="intonation"/> six different <seg n="6" type="overlap" xml:id="LEint552_ol_10"> nation </seg> in the place <pause/></u>
            <u who="#LEint552_S2" xml:id="LEint552_u_23"><seg n="6" synch="#LEint552_ol_10" type="overlap" xml:id="LEint552_ol_11"> uhu </seg></u>
            <u who="#LEint552_S1" xml:id="LEint552_u_24"> and in the team it was <pause/> it was very good <pause/> and <emph> now </emph><pause/> we were twenty in this project<c function="rise" type="intonation"/> and <seg n="8" type="overlap" xml:id="LEint552_ol_12"> we </seg> stay  all the twenty together <pause/></u>
            <u who="#LEint552_S2" xml:id="LEint552_u_25"><seg n="8" synch="#LEint552_ol_12" type="overlap" xml:id="LEint552_ol_13"> mhm </seg></u>
            <u who="#LEint552_S1" xml:id="LEint552_u_26"> because we we had a lot of fun <pause/> and <pause/> i think it's a good experience <pause/> and it's a good thing because <emph> now </emph><pause/> we are not only<c type="lengthening"/> scouts of one nation<c function="rise" type="intonation"/><seg n="7" type="overlap" xml:id="LEint552_ol_14"> we </seg><incident voice:desc="background music is louder"/> are scouts <pause dur="PT1S"/></u>
            <u who="#LEint552_S2" xml:id="LEint552_u_27"><seg n="7" synch="#LEint552_ol_14" type="overlap" xml:id="LEint552_ol_15"><shift corresp="#LEint552_s_10" feature="loud" new="p" xml:id="LEint552_s_9"/> yes <shift corresp="#LEint552_s_9" feature="loud" new="neutral" xml:id="LEint552_s_10"/></seg></u>
            <u who="#LEint552_S1" xml:id="LEint552_u_28"> only scouts and it's good<c function="fall" type="intonation"/></u>
            <u who="#LEint552_S2" xml:id="LEint552_u_29"> but how do you like the place here<c function="rise" type="intonation"/></u>
            <u who="#LEint552_S1" xml:id="LEint552_u_30"> it's wonderful place because <pause/> we<c type="lengthening"/> in <foreign type="LN" voice:translation="austrian province" xml:lang="ger"> bundenland </foreign> it was no<c type="lengthening"/> mountain you <seg n="1" type="overlap" xml:id="LEint552_ol_16"> know<c function="rise" type="intonation"/></seg><pause/></u>
            <u who="#LEint552_S2" xml:id="LEint552_u_31"><seg n="1" synch="#LEint552_ol_16" type="overlap" xml:id="LEint552_ol_17"> mhm </seg></u>
            <u who="#LEint552_S1" xml:id="LEint552_u_32"> and here we are <pause/> between moun<emph>tains </emph> in the va<emph>lley </emph><pause/> with <pause/> wonderful lake <pause/></u>
            <u who="#LEint552_S2" xml:id="LEint552_u_33"> mhm <anchor synch="#LEint552_oc_7" type="other_continuation" xml:id="LEint552_oc_6"/></u>
            <u who="#LEint552_S1" xml:id="LEint552_u_34"><anchor synch="#LEint552_oc_6" type="other_continuation" xml:id="LEint552_oc_7"/> so<c type="lengthening"/> it's good place lot of people <pause/> good sou- good music <pause/><incident voice:desc="music can be heard in the background"/></u>
            <u who="#LEint552_S2" xml:id="LEint552_u_35"><vocal subtype="wordstart" type="wordlike" voice:desc="laughing" voice:syl="3"/><c type="lengthening"/></u>
            <u who="#LEint552_S1" xml:id="LEint552_u_36"> a<c type="lengthening"/>nd er <pause/> a good organi- organization <seg n="2" type="overlap" xml:id="LEint552_ol_18"> so </seg></u>
            <u who="#LEint552_S2" xml:id="LEint552_u_37"><seg n="2" synch="#LEint552_ol_18" type="overlap" xml:id="LEint552_ol_19"> you </seg> came here t- <pause/> er yesterday<c function="rise" type="intonation"/> or </u>
            <u who="#LEint552_S1" xml:id="LEint552_u_38"> yeah i came here yesterday for the second time because er <pause/> last sunday i was here for the with the ma- euro scouts <pause/> who are in the kayaks <pause dur="PT1S"/> a<c type="lengthening"/>nd <anchor synch="#LEint552_oc_9" type="other_continuation" xml:id="LEint552_oc_8"/></u>
            <u who="#LEint552_S2" xml:id="LEint552_u_39"><anchor synch="#LEint552_oc_8" type="other_continuation" xml:id="LEint552_oc_9"/> but which whi- <seg n="9" type="overlap" xml:id="LEint552_ol_20"> who <unclear> are </unclear></seg></u>
            <u who="#LEint552_S1" xml:id="LEint552_u_40"><seg n="9" synch="#LEint552_ol_20" type="overlap" xml:id="LEint552_ol_21"> er who </seg> are in the <emph> kayaks </emph><c function="fall" type="intonation"/><pause/> in the kayaks okay <seg n="3" type="overlap" xml:id="LEint552_ol_22"> so </seg><incident voice:desc="another voice in background"/><pause dur="PT1S"/></u>
            <u who="#LEint552_S2" xml:id="LEint552_u_41"><seg n="3" synch="#LEint552_ol_22" type="overlap" xml:id="LEint552_ol_23"> uhu </seg></u>
            <u who="#LEint552_S1" xml:id="LEint552_u_42"> it's a i like this place<c function="fall" type="intonation"/> because it is a lot of fun when <vocal subtype="wordstart" type="wordlike" voice:desc="laughing" voice:syl="1"/> when we are here you know<c function="rise" type="intonation"/><pause/></u>
            <u who="#LEint552_S2" xml:id="LEint552_u_43"> and how long are you staying<c function="rise" type="intonation"/><pause dur="PT1S"/></u>
            <u who="#LEint552_S1" xml:id="LEint552_u_44"> till the end<c function="rise" type="intonation"/><pause/><seg n="8" type="overlap" xml:id="LEint552_ol_24"> and </seg><shift corresp="#LEint552_s_12" feature="tempo" new="l" xml:id="LEint552_s_11"/> afte<c type="lengthening"/>r we a<c type="lengthening"/>re gonna<c type="lengthening"/> have <shift corresp="#LEint552_s_11" feature="tempo" new="neutral" xml:id="LEint552_s_12"/> erm <voice:pvc comment="international"> internation </voice:pvc> camp in germany <pause/></u>
            <u who="#LEint552_S2" xml:id="LEint552_u_45"><seg n="8" synch="#LEint552_ol_24" type="overlap" xml:id="LEint552_ol_25"> till </seg></u>
            <u who="#LEint552_S2" xml:id="LEint552_u_46"> oh you're going to <emph> another </emph> international camp<c function="fall" type="intonation"/></u>
            <u who="#LEint552_S1" xml:id="LEint552_u_47"> yeah yeah i<c type="lengthening"/>n germany we have russian scouts </u>
            <u who="#LEint552_S2" xml:id="LEint552_u_48"> mhm </u>
            <u who="#LEint552_S1" xml:id="LEint552_u_49"> a<c type="lengthening"/><c type="lengthening"/>nd scouts of laufen <pause/><seg n="4" type="overlap" xml:id="LEint552_ol_26"> it's a </seg> city near oberndorf in<c type="lengthening"/> near salzburg <pause/></u>
            <u who="#LEint552_S2" xml:id="LEint552_u_50"><seg n="4" synch="#LEint552_ol_26" type="overlap" xml:id="LEint552_ol_27"> mhm </seg></u>
            <u who="#LEint552_S1" xml:id="LEint552_u_51"> it's<c type="lengthening"/> in germany<c function="fall" type="intonation"/><pause/></u>
            <u who="#LEint552_S2" xml:id="LEint552_u_52"> oh and and they are <emph> here </emph> already as well<c function="rise" type="intonation"/> or do you meet <seg n="10" type="overlap" xml:id="LEint552_ol_28"> them there </seg></u>
            <u who="#LEint552_S1" xml:id="LEint552_u_53"><seg n="10" synch="#LEint552_ol_28" type="overlap" xml:id="LEint552_ol_29"> no no </seg><emph> no </emph> only today for the<c type="lengthening"/> meeting day<c function="rise" type="intonation"/><pause/><seg n="5" type="overlap" xml:id="LEint552_ol_30"> for the </seg> visitors' day <seg n="11" type="overlap" xml:id="LEint552_ol_31"> yeah </seg></u>
            <u who="#LEint552_S2" xml:id="LEint552_u_54"><seg n="5" synch="#LEint552_ol_30" type="overlap" xml:id="LEint552_ol_32"> they're here </seg></u>
            <u who="#LEint552_S2" xml:id="LEint552_u_55"><seg n="11" synch="#LEint552_ol_31" type="overlap" xml:id="LEint552_ol_33"> so you </seg> get to meet them and then you meet them again in <seg n="6" type="overlap" xml:id="LEint552_ol_34"> in<c type="lengthening"/></seg></u>
            <u who="#LEint552_S1" xml:id="LEint552_u_56"><seg n="6" synch="#LEint552_ol_34" type="overlap" xml:id="LEint552_ol_35"> yeah </seg> yeah  </u>
            <u who="#LEint552_S2" xml:id="LEint552_u_57"> in <anchor synch="#LEint552_oc_11" type="other_continuation" xml:id="LEint552_oc_10"/></u>
            <u who="#LEint552_S1" xml:id="LEint552_u_58"><anchor synch="#LEint552_oc_10" type="other_continuation" xml:id="LEint552_oc_11"/> in one week<c function="fall" type="intonation"/><shift corresp="#LEint552_s_14" feature="loud" new="p" xml:id="LEint552_s_13"/><seg n="7" type="overlap" xml:id="LEint552_ol_36"><vocal subtype="wordstart" type="wordlike" voice:desc="laughing" voice:syl="2"/></seg><shift corresp="#LEint552_s_13" feature="loud" new="neutral" xml:id="LEint552_s_14"/> nearly one week </u>
            <u who="#LEint552_S2" xml:id="LEint552_u_59"><seg n="7" synch="#LEint552_ol_36" type="overlap" xml:id="LEint552_ol_37"> great </seg></u>
            <u who="#LEint552_S2" xml:id="LEint552_u_60"> so wish you erm <pause/> have a great<c function="fall" type="intonation"/> nice<c function="fall" type="intonation"/></u>
            <u who="#LEint552_S1" xml:id="LEint552_u_61"> th<seg n="1" type="overlap" xml:id="LEint552_ol_38">anks </seg></u>
            <u who="#LEint552_S2" xml:id="LEint552_u_62"><seg n="1" synch="#LEint552_ol_38" type="overlap" xml:id="LEint552_ol_39"> time </seg> here and <seg n="2" type="overlap" xml:id="LEint552_ol_40"> thanks </seg> for talking to me </u>
            <u who="#LEint552_S1" xml:id="LEint552_u_63"><seg n="2" synch="#LEint552_ol_40" type="overlap" xml:id="LEint552_ol_41"> okay </seg></u>
            <u who="#LEint552_S1" xml:id="LEint552_u_64"> thanks a lot </u>
         </div>
      </body>
   </text>
</TEI>