<TEI xmlns="http://www.tei-c.org/ns/1.0" xmlns:voice="http://www.univie.ac.at/voice/ns/1.0" xmlns:xi="http://www.w3.org/2001/XInclude" version="5" xml:id="LEint553" xml:lang="eng">
   <teiHeader>
      <fileDesc>
         <titleStmt>
            <title>interview with participants of a scout camp about a trip to Tyrol</title>
            <principal>Prof. Barbara Seidlhofer</principal>
            <editor/>
            <funder>Austrian Science Foundation (FWF)</funder>
            <sponsor/>
            <respStmt>
               <resp>Corpus Compilation</resp>
               <orgName>VOICE Project</orgName>
               <persName>Barbara Seidlhofer</persName>
               <persName>Angelika Breiteneder</persName>
               <persName>Marie-Luise Pitzl</persName>
               <persName>Stefan Majewski</persName>
               <persName>Theresa Klimpfinger</persName>
            </respStmt>
         </titleStmt>
         <editionStmt>
		<edition>Version 1.0 XML, <date>May 2011</date></edition>
	  <respStmt>
		<resp>Researchers</resp>
		<name>Barbara Seidlhofer</name> 		
		<name>Angelika Breiteneder</name> 
		<name>Theresa Klimpfinger</name> 
		<name>Stefan Majewski</name> 
		<name>Marie-Luise Pitzl</name> 
	  </respStmt>
	</editionStmt>
         <publicationStmt>
		<publisher>Barbara Seidlhofer, Stefan Majewski, Marie-Luise Pitzl</publisher> 
	  <distributor>VOICE Project, University of Vienna, Austria</distributor> 
	  <address>
		<addrLine>Spitalgasse 2, AAKH Hof 8</addrLine> 
		<addrLine>1090 Vienna</addrLine> 
		<addrLine>Austria</addrLine> 
		<addrLine>Telephone: +43 1 427742446</addrLine> 
	  	<addrLine>Email: voice@univie.ac.at</addrLine> 
		<addrLine>Website: http://www.univie.ac.at/voice</addrLine> 
	  </address>
	  <availability status="free">
	  	<p>
		  The Vienna-Oxford International Corpus of English (VOICE)
		  was created by Barbara Seidlhofer (project director) and
		  Angelika Breiteneder, Theresa Klimpfinger, Stefan Majewski,
		  Marie-Luise Pitzl (project researchers). VOICE 1.0 XML is
		  available for download at the VOICE Project's website <ref target="http://www.univie.ac.at/voice/">http://www.univie.ac.at/voice/</ref>
		  under a Creative Commons
		  Attribution-NonCommercial-ShareAlike 3.0 Unported (CC
		  BY-NC-SA 3.0) License (<ref target="http://creativecommons.org/licenses/by-nc-sa/3.0/">
		  http://creativecommons.org/licenses/by-nc-sa/3.0/
		  </ref>). The original audio files are held at the Department
		  of English, University of Vienna. 23 selected audio files
		  are available as audio streams in the VOICE Online interface
		  at the VOICE Project's website <ref target="http://www.univie.ac.at/voice">http://www.univie.ac.at/voice</ref>.
		</p>
		<p>
		The recommended citation for VOICE 1.0 XML is:
		</p>
		<p>
		<bibl><title>VOICE</title>. <date>2011</date>. <title level="m">The Vienna-Oxford International Corpus of
		English</title> (<edition>version 1.0
		XML</edition>). Director: Barbara Seidlhofer; Researchers:
		Angelika Breiteneder, Theresa Klimpfinger, Stefan Majewski,
		Marie-Luise Pitzl.</bibl>
		</p>
		<p>The short citation for VOICE 1.0 XML is:
		</p>
		<p>
		<bibl><title>VOICE</title>. <date>2011</date>. <title level="m">The Vienna-Oxford International Corpus of
		English</title> (<edition>version 1.0
		XML</edition>).</bibl></p>
		<p>
		  For further information about availability and copyright
		  permissions, please see the README file included in the
		  download package. For further enquiries please contact the
		  VOICE Project at <ref target="mailto:voice@univie.ac.at">voice@univie.ac.at</ref>.
		</p>
	  </availability>
	</publicationStmt>
         <notesStmt>
            <note xml:id="LEint553_wc">Words: 411</note>
            <note xml:id="LEint553_tn_0">This interview takes place at an international scout camp. S2 and S3, who are group leaders, are interviewed by S1 about their trip to Tyrol prior to coming to the camp.  </note>
         </notesStmt>
         <sourceDesc>
            <recordingStmt>
               <recording dur="PT00H02M31S" type="audio">
                  <date>2001-07-01</date>
                  <equipment>
                     <p>cassette recorder</p>
                  </equipment>
                  <respStmt>
                     <resp>recording</resp>
                     <name>R21</name>
                  </respStmt>
               </recording>
            </recordingStmt>
         </sourceDesc>
      </fileDesc>
      <encodingDesc>
         <classDecl>
            <taxonomy>
               <category xml:id="LEint553_domain">
                  <catDesc>Domain</catDesc>
                  <category sameAs="#ED" xml:id="LEint553_ED">
                     <catDesc>educational</catDesc>
                  </category>
                  <category sameAs="#LE" xml:id="LEint553_LE">
                     <catDesc>leisure</catDesc>
                  </category>
                  <category sameAs="#PB" xml:id="LEint553_PB">
                     <catDesc>professional business</catDesc>
                  </category>
                  <category sameAs="#PO" xml:id="LEint553_PO">
                     <catDesc>professional organizational</catDesc>
                  </category>
                  <category sameAs="#PR" xml:id="LEint553_PR">
                     <catDesc>professional research/science</catDesc>
                  </category>
               </category>
               <category xml:id="LEint553_spet">
                  <catDesc>Speech Event Type</catDesc>
                  <category sameAs="#int" xml:id="LEint553_int">
                     <catDesc>interview</catDesc>
                  </category>
                  <category sameAs="#prc" xml:id="LEint553_prc">
                     <catDesc>press conference</catDesc>
                  </category>
                  <category sameAs="#sve" xml:id="LEint553_sve">
                     <catDesc>service encounter</catDesc>
                  </category>
                  <category sameAs="#sed" xml:id="LEint553_sed">
                     <catDesc>seminar discussion</catDesc>
                  </category>
                  <category sameAs="#wgd" xml:id="LEint553_wgd">
                     <catDesc>working group discussion</catDesc>
                  </category>
                  <category sameAs="#wsd" xml:id="LEint553_wsd">
                     <catDesc>workshop discussion</catDesc>
                  </category>
                  <category sameAs="#mtg" xml:id="LEint553_mtg">
                     <catDesc>meeting</catDesc>
                  </category>
                  <category sameAs="#pan" xml:id="LEint553_pan">
                     <catDesc>panel</catDesc>
                  </category>
                  <category sameAs="#qas" xml:id="LEint553_qas">
                     <catDesc>question-answer session</catDesc>
                  </category>
                  <category sameAs="#con" xml:id="LEint553_con">
                     <catDesc>conversation</catDesc>
                  </category>
               </category>
            </taxonomy>
         </classDecl>
         <tagsDecl><namespace name="http://www.tei-c.org/ns/1.0">
      <tagUsage gi="TEI" occurs="1"/>
      <tagUsage gi="teiHeader" occurs="1"/>
      <tagUsage gi="fileDesc" occurs="1"/>
      <tagUsage gi="titleStmt" occurs="1"/>
      <tagUsage gi="title" occurs="5"/>
      <tagUsage gi="principal" occurs="1"/>
      <tagUsage gi="editor" occurs="1"/>
      <tagUsage gi="funder" occurs="1"/>
      <tagUsage gi="sponsor" occurs="1"/>
      <tagUsage gi="respStmt" occurs="3"/>
      <tagUsage gi="resp" occurs="3"/>
      <tagUsage gi="orgName" occurs="1"/>
      <tagUsage gi="persName" occurs="5"/>
      <tagUsage gi="editionStmt" occurs="1"/>
      <tagUsage gi="edition" occurs="3"/>
      <tagUsage gi="date" occurs="4"/>
      <tagUsage gi="name" occurs="8"/>
      <tagUsage gi="publicationStmt" occurs="1"/>
      <tagUsage gi="publisher" occurs="1"/>
      <tagUsage gi="distributor" occurs="1"/>
      <tagUsage gi="address" occurs="1"/>
      <tagUsage gi="addrLine" occurs="6"/>
      <tagUsage gi="availability" occurs="1"/>
      <tagUsage gi="p" occurs="7"/>
      <tagUsage gi="ref" occurs="4"/>
      <tagUsage gi="bibl" occurs="2"/>
      <tagUsage gi="notesStmt" occurs="1"/>
      <tagUsage gi="note" occurs="2"/>
      <tagUsage gi="sourceDesc" occurs="1"/>
      <tagUsage gi="recordingStmt" occurs="1"/>
      <tagUsage gi="recording" occurs="1"/>
      <tagUsage gi="equipment" occurs="1"/>
      <tagUsage gi="encodingDesc" occurs="1"/>
      <tagUsage gi="classDecl" occurs="1"/>
      <tagUsage gi="taxonomy" occurs="1"/>
      <tagUsage gi="category" occurs="17"/>
      <tagUsage gi="catDesc" occurs="17"/>
      <tagUsage gi="tagsDecl" occurs="1"/>
      <tagUsage gi="namespace" occurs="1"/>
      <tagUsage gi="tagUsage" occurs="76"/>
      <tagUsage gi="gi" occurs="3"/>
      <tagUsage gi="att" occurs="9"/>
      <tagUsage gi="list" occurs="10"/>
      <tagUsage gi="label" occurs="18"/>
      <tagUsage gi="val" occurs="39"/>
      <tagUsage gi="item" occurs="38"/>
      <tagUsage gi="profileDesc" occurs="1"/>
      <tagUsage gi="textClass" occurs="1"/>
      <tagUsage gi="catRef" occurs="2"/>
      <tagUsage gi="settingDesc" occurs="1"/>
      <tagUsage gi="setting" occurs="1"/>
      <tagUsage gi="locale" occurs="1"/>
      <tagUsage gi="activity" occurs="1"/>
      <tagUsage gi="particDesc" occurs="1"/>
      <tagUsage gi="listPerson" occurs="4"/>
      <tagUsage gi="personGrp" occurs="2"/>
      <tagUsage gi="person" occurs="5"/>
      <tagUsage gi="age" occurs="3"/>
      <tagUsage gi="sex" occurs="3"/>
      <tagUsage gi="occupation" occurs="1"/>
      <tagUsage gi="langKnowledge" occurs="3"/>
      <tagUsage gi="langKnown" occurs="3"/>
      <tagUsage gi="relationGrp" occurs="1"/>
      <tagUsage gi="relation" occurs="2"/>
      <tagUsage gi="revisionDesc" occurs="1"/>
      <tagUsage gi="change" occurs="5"/>
      <tagUsage gi="text" occurs="1"/>
      <tagUsage gi="body" occurs="1"/>
      <tagUsage gi="div" occurs="1"/>
      <tagUsage gi="u" occurs="113">Used to mark a stretch of speech commonly
		preceded and followed by a pause or by a change of speaker. A
		<gi>u</gi> is, however, not required to be bounded by a pause or
		a change of speaker, nor does it represent a turn in a
		conversation analytic sense. At a minimum, a <gi>u</gi> is some
		phonetic production or noise made by a given speaker or a group of speakers.</tagUsage>
      <tagUsage gi="seg" occurs="82">Used with different <att>type</att> attributes to mark:
		<list>
		  <label><att>type</att><val>overlap</val></label>
		  <item>overlaps</item>
		  <label><att>type</att><val>onomatopoeia</val></label>
		  <item>onomatopoeic sounds</item>
		  <label><att>type</att><val>ipa</val></label>
		  <item>transcriptions in the international phonetic alphabet</item>
		</list>
		</tagUsage>
      <tagUsage gi="pause" occurs="52">Used to mark a pause either between or
		within utterances. Used without <att>dur</att> attribute to
		indicate a brief pause up to half a second.
		</tagUsage>
      <tagUsage gi="c" occurs="65">Used to mark lengthening of sounds and
		intonation (fall, rise). The following <att>type</att>
		attributes are used to mark:
		<list>
		  <label><val>lengthening</val></label><item>lengthened
		  sounds</item>
		  <label><val>intonation</val></label><item>a significant change in
		  intonation, marked with the following <att>function</att>
		  attribute for:
		  <list>
			<label><val>fall</val></label><item>falling
			intonation</item>
			<label><val>rise</val></label><item>rising intonation</item>
		  </list>
		</item>
		</list>
		Intonation may or may not coincide with
		syntactic boundaries.
		</tagUsage>
      <tagUsage gi="shift" occurs="28">Used to mark the point at which some
		paralinguistic feature changes. The following attribute values
		are used to mark:
		<list>
          <label>
            <val>voice</val>
          </label>
          <item>voice quality
          <list>
            <item><val>imitating</val></item>
            <item><val>laugh</val></item>
            <item><val>neutral</val></item>
            <item><val>phone</val></item>
            <item><val>reading</val></item>
            <item><val>reading_aloud</val></item>
            <item><val>sigh</val></item>
            <item><val>singing</val></item>
            <item><val>whisp</val></item>
            <item><val>yawning</val></item>
          </list>
          </item>
          <label>
          <val>tempo</val></label>
          <item>speed of utterance
            <list>
              <label><val>a</val></label>
              <item>accelerando</item>
              <label><val>l</val></label>
              <item>lento</item>
              <label><val>neutral</val></label>
              <item>neutral</item>
            </list>
          </item>
          <label>
          <val>loud</val></label>
          <item>loudness
            <list>
              <item><val>f</val></item>
              <item><val>neutral</val></item>
              <item><val>p</val></item>
            </list>
          </item>
		  </list>
		</tagUsage>
      <tagUsage gi="emph" occurs="14">Used to mark speech which is stressed or
		emphasized in a way that goes beyond regular nuclear
		stress.</tagUsage>
      <tagUsage gi="vocal" occurs="24">Used to mark laughter and other speaker
		noises and non-verbal feedback.
        <list>
          <label>
            <val>speaker_noise</val>
          </label>
          <item>
            <list>
              <item>
                <val>coughing</val>
              </item>
              <item>
                <val>nods</val>
              </item>
              <item>
                <val>shakes head</val>
              </item>
              <item>
                <val>smacks lips</val>
              </item>
              <item>
                <val>sniffs</val>
              </item>
              <item>
                <val>swallows</val>
              </item>
              <item>
                <val>whistles</val>
              </item>
            </list>
          </item>
          <label>
            <val>wordlike</val>
          </label>
          <item>
            <val>laughing</val>
          </item>
        </list>
        </tagUsage>
      <tagUsage gi="unclear" occurs="6">Used to mark speech which cannot be
		transcribed with certainty, because it is difficult to hear or
		understand for the transcriber.</tagUsage>
      <tagUsage gi="anchor" occurs="20">Used to mark other-continuation,
		i.e. whenever a speaker continues another speaker's <gi>u</gi>
		without a pause. Other-continuation is to be interpreted
		temporally and does not relate to form or content of the
		speakers' utterances.</tagUsage>
      <tagUsage gi="foreign" occurs="6">Used to mark a word or phrase as
		belonging to some language other than English. The following
		values for the <att>type</att> attribute are used to mark:
		<list>
		  <label><val>L1</val></label><item>the speaker's first
		  language</item>
		  <label><val>LN</val></label><item>a language other than the
		  speaker's first language</item>
		  <label><val>LQ</val></label><item>a language where it cannot
		  be ascertained whether it is the speaker's first or other
		  language.</item>
		</list>
		Whenever possible, the 
		<att>voice:translation</att> attribute provides a rough translation of the
		non-English speech into English.
		</tagUsage></namespace></tagsDecl>
      </encodingDesc>
      <profileDesc>
         <textClass>
            <catRef target="#LEint553_LE #LEint553_int"/>
            <catRef target="#LE #int"/>
         </textClass>
         <settingDesc>
            <setting>
               <name type="country">AT</name>
               <name type="city">unknown</name>
               <locale>unknown</locale>
               <activity>none</activity>
            </setting>
         </settingDesc>
         <particDesc>
            <listPerson type="main">
               <listPerson type="groups">
                  <personGrp role="speakers" size="3"/>
                  <personGrp role="interactants" size="3"/>
               </listPerson>
               <listPerson type="identified">
                  <person role="interviewer" sameAs="#P639" xml:id="LEint553_S1">
                     <age value="2">25-34</age>
                     <sex value="2">female</sex>
                     <occupation>student</occupation>
                     <langKnowledge>
                        <langKnown level="L1" tag="ger-AT"/>
                     </langKnowledge>
                  </person>
                  <person role="interviewee" sameAs="#P642" xml:id="LEint553_S2">
                     <age value="3">35-49</age>
                     <sex value="2">female</sex>
                     <langKnowledge>
                        <langKnown level="L1" tag="swe-SE"/>
                     </langKnowledge>
                  </person>
                  <person role="interviewee" sameAs="#P643" xml:id="LEint553_S3">
                     <age value="3">35-49</age>
                     <sex value="2">female</sex>
                     <langKnowledge>
                        <langKnown level="L1" tag="swe-SE"/>
                     </langKnowledge>
                  </person>
               </listPerson>
               <listPerson type="not_identified">
                  <person sameAs="#SS" xml:id="LEint553_SS"/>
                  <person sameAs="#SX" xml:id="LEint553_SX"/>
               </listPerson>
               <relationGrp>
                  <relation mutual="#LEint553_S1 #LEint553_S2 #LEint553_S3" name="fairly_symmetrical" type="power"/>
                  <relation mutual="#LEint553_S1 #LEint553_S2 #LEint553_S3" name="predominantly_unacquainted" type="acquaintedness"/>
               </relationGrp>
            </listPerson>
         </particDesc>
      </profileDesc>
      <revisionDesc>
         <change when="2009-05-19" who="SM">conversion to XML</change>
         <change when="2009-05-11" who="TK">finalized for publication</change>
         <change when="2009-02-03" who="TK">proof-reading</change>
         <change when="2007-10-29" who="MLP">checking</change>
         <change when="2007-10-21" who="NL">transcription</change>
      </revisionDesc>
   </teiHeader>
   <text>
      <body>
         <div type="medium" voice:end="02:31" voice:end_medium_number="1" voice:end_track="1" voice:medium_type="md" voice:start="00:00" voice:start_medium_number="1" voice:start_track="1">
            <u who="#LEint553_S1" xml:id="LEint553_u_1"> you came from tyrol  </u>
            <u who="#LEint553_S3" xml:id="LEint553_u_2"> from <seg n="1" type="overlap" xml:id="LEint553_ol_0"> tyrol </seg></u>
            <u who="#LEint553_S2" xml:id="LEint553_u_3"><seg n="1" synch="#LEint553_ol_0" type="overlap" xml:id="LEint553_ol_1"> yes </seg></u>
            <u who="#LEint553_S1" xml:id="LEint553_u_4"> what did you do there <pause dur="PT1S"/></u>
            <u who="#LEint553_S3" xml:id="LEint553_u_5"><seg n="2" type="overlap" xml:id="LEint553_ol_2"> canyoning<c function="rise" type="intonation"/></seg> canyon<seg n="8" type="overlap" xml:id="LEint553_ol_3">ing<c function="rise" type="intonation"/></seg></u>
            <u who="#LEint553_S2" xml:id="LEint553_u_6"><seg n="2" synch="#LEint553_ol_2" type="overlap" xml:id="LEint553_ol_4"><shift corresp="#LEint553_s_2" feature="voice" new="laugh" xml:id="LEint553_s_1"/><emph> much </emph><shift corresp="#LEint553_s_1" feature="voice" new="neutral" xml:id="LEint553_s_2"/><vocal subtype="wordstart" type="wordlike" voice:desc="laughing" voice:syl="2"/></seg></u>
            <u who="#LEint553_S1" xml:id="LEint553_u_7"><seg n="8" synch="#LEint553_ol_3" type="overlap" xml:id="LEint553_ol_5"><vocal subtype="wordstart" type="wordlike" voice:desc="laughing" voice:syl="2"/><shift corresp="#LEint553_s_4" feature="voice" new="laugh" xml:id="LEint553_s_3"/>  much <shift corresp="#LEint553_s_3" feature="voice" new="neutral" xml:id="LEint553_s_4"/></seg><vocal subtype="wordstart" type="wordlike" voice:desc="laughing" voice:syl="2"/><shift corresp="#LEint553_s_6" feature="voice" new="laugh" xml:id="LEint553_s_5"/> so you have learned <unclear> the </unclear> germa<c type="lengthening"/>n <unclear> already<c function="rise" type="intonation"/></unclear><shift corresp="#LEint553_s_5" feature="voice" new="neutral" xml:id="LEint553_s_6"/></u>
            <u who="#LEint553_S3" xml:id="LEint553_u_8"> yes<c function="fall" type="intonation"/><pause dur="PT1S"/> we we did canyoning  </u>
            <u who="#LEint553_S1" xml:id="LEint553_u_9"> yes </u>
            <u who="#LEint553_S3" xml:id="LEint553_u_10"> a<c type="lengthening"/>nd we were er up in the high alp- alp-<c function="rise" type="intonation"/><seg n="9" type="overlap" xml:id="LEint553_ol_6"> alps<c function="rise" type="intonation"/></seg><pause/></u>
            <u who="#LEint553_S1" xml:id="LEint553_u_11"><seg n="9" synch="#LEint553_ol_6" type="overlap" xml:id="LEint553_ol_7"> mhm </seg></u>
            <u who="#LEint553_S2" xml:id="LEint553_u_12"><seg n="9" synch="#LEint553_ol_6" type="overlap" xml:id="LEint553_ol_8"> yes </seg></u>
            <u who="#LEint553_S3" xml:id="LEint553_u_13"> in a hut <pause dur="PT1S"/></u>
            <u who="#LEint553_S1" xml:id="LEint553_u_14"><seg n="3" type="overlap" xml:id="LEint553_ol_9"> o<c type="lengthening"/>h </seg> you <seg n="10" type="overlap" xml:id="LEint553_ol_10"><unclear> wa- </unclear></seg> walked up there<c function="rise" type="intonation"/><seg n="11" type="overlap" xml:id="LEint553_ol_11"> or did you </seg></u>
            <u who="#LEint553_S3" xml:id="LEint553_u_15"><seg n="3" synch="#LEint553_ol_9" type="overlap" xml:id="LEint553_ol_12"> er </seg></u>
            <u who="#LEint553_S2" xml:id="LEint553_u_16"><seg n="10" synch="#LEint553_ol_10" type="overlap" xml:id="LEint553_ol_13"> and </seg></u>
            <u who="#LEint553_S3" xml:id="LEint553_u_17"><seg n="11" synch="#LEint553_ol_11" type="overlap" xml:id="LEint553_ol_14"> yes </seg></u>
            <u who="#LEint553_S2" xml:id="LEint553_u_18"> yes <pause/></u>
            <u who="#LEint553_S3" xml:id="LEint553_u_19"> in a military area<c function="rise" type="intonation"/></u>
            <u who="#LEint553_S2" xml:id="LEint553_u_20"> yeah <pause/></u>
            <u who="#LEint553_S1" xml:id="LEint553_u_21"><shift corresp="#LEint553_s_8" feature="loud" new="p" xml:id="LEint553_s_7"/> mhm<c type="lengthening"/><shift corresp="#LEint553_s_7" feature="loud" new="neutral" xml:id="LEint553_s_8"/><pause/> a <emph> military </emph> area<c function="rise" type="intonation"/><anchor synch="#LEint553_oc_1" type="other_continuation" xml:id="LEint553_oc_0"/></u>
            <u who="#LEint553_S3" xml:id="LEint553_u_22"><anchor synch="#LEint553_oc_0" type="other_continuation" xml:id="LEint553_oc_1"/> yeah <anchor synch="#LEint553_oc_3" type="other_continuation" xml:id="LEint553_oc_2"/></u>
            <u who="#LEint553_S2" xml:id="LEint553_u_23"><anchor synch="#LEint553_oc_2" type="other_continuation" xml:id="LEint553_oc_3"/> yes <pause/></u>
            <u who="#LEint553_S3" xml:id="LEint553_u_24"> it was <emph> some </emph> difficult the <pause/> s- with the erm <pause/> erm <pause dur="PT2S"/></u>
            <u who="#LEint553_S2" xml:id="LEint553_u_25"> mi<seg n="4" type="overlap" xml:id="LEint553_ol_15">li</seg>tary to </u>
            <u who="#LEint553_S3" xml:id="LEint553_u_26"><seg n="4" synch="#LEint553_ol_15" type="overlap" xml:id="LEint553_ol_16"> er </seg></u>
            <u who="#LEint553_S3" xml:id="LEint553_u_27"> yes <anchor synch="#LEint553_oc_5" type="other_continuation" xml:id="LEint553_oc_4"/></u>
            <u who="#LEint553_S2" xml:id="LEint553_u_28"><anchor synch="#LEint553_oc_4" type="other_continuation" xml:id="LEint553_oc_5"/> to get us in <pause dur="PT1S"/></u>
            <u who="#LEint553_S1" xml:id="LEint553_u_29"> so you you went across the border<c function="rise" type="intonation"/> or <pause/> was it in in austria <seg n="5" type="overlap" xml:id="LEint553_ol_17"> itself </seg></u>
            <u who="#LEint553_S3" xml:id="LEint553_u_30"><seg n="5" synch="#LEint553_ol_17" type="overlap" xml:id="LEint553_ol_18"> i<c type="lengthening"/>t </seg><seg n="6" type="overlap" xml:id="LEint553_ol_19"><emph> was </emph></seg> in austria<c function="fall" type="intonation"/></u>
            <u who="#LEint553_S2" xml:id="LEint553_u_31"><seg n="6" synch="#LEint553_ol_19" type="overlap" xml:id="LEint553_ol_20"> yes </seg></u>
            <u who="#LEint553_S2" xml:id="LEint553_u_32"> yes </u>
            <u who="#LEint553_S3" xml:id="LEint553_u_33"> it was <seg n="7" type="overlap" xml:id="LEint553_ol_21"> in a<c type="lengthening"/></seg> military <pause/></u>
            <u who="#LEint553_S1" xml:id="LEint553_u_34"><seg n="7" synch="#LEint553_ol_21" type="overlap" xml:id="LEint553_ol_22"><shift corresp="#LEint553_s_10" feature="loud" new="p" xml:id="LEint553_s_9"/> a<c type="lengthening"/>h <shift corresp="#LEint553_s_9" feature="loud" new="neutral" xml:id="LEint553_s_10"/></seg></u>
            <u who="#LEint553_S2" xml:id="LEint553_u_35"> area <seg n="8" type="overlap" xml:id="LEint553_ol_23"> in the </seg></u>
            <u who="#LEint553_S3" xml:id="LEint553_u_36"><seg n="8" synch="#LEint553_ol_23" type="overlap" xml:id="LEint553_ol_24"> train- </seg><pause/><seg n="9" type="overlap" xml:id="LEint553_ol_25"> tr- training </seg> area <anchor synch="#LEint553_oc_7" type="other_continuation" xml:id="LEint553_oc_6"/></u>
            <u who="#LEint553_S1" xml:id="LEint553_u_37"><seg n="9" synch="#LEint553_ol_25" type="overlap" xml:id="LEint553_ol_26"><shift corresp="#LEint553_s_12" feature="loud" new="p" xml:id="LEint553_s_11"/> in the mountain<unclear>s </unclear><shift corresp="#LEint553_s_11" feature="loud" new="neutral" xml:id="LEint553_s_12"/></seg></u>
            <u who="#LEint553_S2" xml:id="LEint553_u_38"><anchor synch="#LEint553_oc_6" type="other_continuation" xml:id="LEint553_oc_7"/> in the mountain </u>
            <u who="#LEint553_S3" xml:id="LEint553_u_39"> yes<c function="fall" type="intonation"/></u>
            <u who="#LEint553_S1" xml:id="LEint553_u_40"><unclear> i </unclear> didn't <shift corresp="#LEint553_s_14" feature="voice" new="laugh" xml:id="LEint553_s_13"/> know that <shift corresp="#LEint553_s_13" feature="voice" new="neutral" xml:id="LEint553_s_14"/><seg n="1" type="overlap" xml:id="LEint553_ol_27"><vocal subtype="wordstart" type="wordlike" voice:desc="laughing" voice:syl="1"/></seg><vocal type="wordlike" voice:desc="laughing" voice:syl="1"/></u>
            <u who="#LEint553_S3" xml:id="LEint553_u_41"><seg n="1" synch="#LEint553_ol_27" type="overlap" xml:id="LEint553_ol_28"> yes </seg></u>
            <u who="#LEint553_S2" xml:id="LEint553_u_42"><vocal subtype="wordstart" type="wordlike" voice:desc="laughing" voice:syl="2"/></u>
            <u who="#LEint553_S1" xml:id="LEint553_u_43"><vocal subtype="wordstart" type="wordlike" voice:desc="laughing" voice:syl="4"/><pause/></u>
            <u who="#LEint553_S3" xml:id="LEint553_u_44"> a<c type="lengthening"/>nd er we did er <foreign type="LN" voice:translation="austrian sport" xml:lang="ger"> stock schiessen<c function="rise" type="intonation"/></foreign><pause dur="PT1S"/></u>
            <u who="#LEint553_S1" xml:id="LEint553_u_45"> mhm <anchor synch="#LEint553_oc_9" type="other_continuation" xml:id="LEint553_oc_8"/></u>
            <u who="#LEint553_S3" xml:id="LEint553_u_46"><anchor synch="#LEint553_oc_8" type="other_continuation" xml:id="LEint553_oc_9"/> like curling on asphalt<c function="rise" type="intonation"/><pause/><seg n="2" type="overlap" xml:id="LEint553_ol_29"> you know </seg> yes<c function="rise" type="intonation"/><pause/></u>
            <u who="#LEint553_S1" xml:id="LEint553_u_47"><seg n="2" synch="#LEint553_ol_29" type="overlap" xml:id="LEint553_ol_30"> mhm </seg></u>
            <u who="#LEint553_S3" xml:id="LEint553_u_48"> and we did <pause/><emph> aus</emph>trian cooking<c function="rise" type="intonation"/><pause/></u>
            <u who="#LEint553_S1" xml:id="LEint553_u_49"> austrian <emph> cooking </emph><c function="rise" type="intonation"/></u>
            <u who="#LEint553_S3" xml:id="LEint553_u_50"> y<seg n="3" type="overlap" xml:id="LEint553_ol_31">es </seg><pause/></u>
            <u who="#LEint553_S2" xml:id="LEint553_u_51"><seg n="3" synch="#LEint553_ol_31" type="overlap" xml:id="LEint553_ol_32"> yes </seg></u>
            <u who="#LEint553_S1" xml:id="LEint553_u_52"><seg n="4" type="overlap" xml:id="LEint553_ol_33"> what<c function="rise" type="intonation"/></seg></u>
            <u who="#LEint553_S3" xml:id="LEint553_u_53"><seg n="4" synch="#LEint553_ol_33" type="overlap" xml:id="LEint553_ol_34"> it wa- </seg> we did <pause/><foreign type="LN" voice:translation="smoked bacon dumplings" xml:lang="ger"> speckknoedel </foreign></u>
            <u who="#LEint553_S2" xml:id="LEint553_u_54"><seg n="5" type="overlap" xml:id="LEint553_ol_35"><shift corresp="#LEint553_s_16" feature="loud" new="p" xml:id="LEint553_s_15"/><vocal subtype="wordstart" type="wordlike" voice:desc="laughing" voice:syl="2"/><shift corresp="#LEint553_s_15" feature="loud" new="neutral" xml:id="LEint553_s_16"/></seg></u>
            <u who="#LEint553_S1" xml:id="LEint553_u_55"><seg n="5" synch="#LEint553_ol_35" type="overlap" xml:id="LEint553_ol_36"> mm<c type="lengthening"/></seg> do you like them<c function="rise" type="intonation"/></u>
            <u who="#LEint553_S3" xml:id="LEint553_u_56"> and <shift corresp="#LEint553_s_18" feature="tempo" new="l" xml:id="LEint553_s_17"/><foreign type="LN" voice:translation="apple strudel" xml:lang="ger"> apfe<c type="lengthening"/>lstrudel<c function="rise" type="intonation"/></foreign><shift corresp="#LEint553_s_17" feature="tempo" new="neutral" xml:id="LEint553_s_18"/><pause/></u>
            <u who="#LEint553_S1" xml:id="LEint553_u_57"><seg n="6" type="overlap" xml:id="LEint553_ol_37"><vocal subtype="wordstart" type="wordlike" voice:desc="laughing" voice:syl="2"/></seg></u>
            <u who="#LEint553_S2" xml:id="LEint553_u_58"><seg n="6" synch="#LEint553_ol_37" type="overlap" xml:id="LEint553_ol_38"> er what </seg></u>
            <u who="#LEint553_S3" xml:id="LEint553_u_59"> something <foreign type="LN" voice:translation="apple" xml:lang="ger"><seg n="9" type="overlap" xml:id="LEint553_ol_39"> a- </seg> apfel </foreign> er in fried in <pause dur="PT1S"/></u>
            <u who="#LEint553_S2" xml:id="LEint553_u_60"><seg n="9" synch="#LEint553_ol_39" type="overlap" xml:id="LEint553_ol_40"> yeah </seg></u>
            <u who="#LEint553_S3" xml:id="LEint553_u_61"> in fat<c function="fall" type="intonation"/> i don't know <pause/> what the name is<c function="fall" type="intonation"/></u>
            <u who="#LEint553_S1" xml:id="LEint553_u_62"><foreign type="L1" voice:translation="apple slices" xml:lang="ger"> apfelspalten<c function="rise" type="intonation"/></foreign><pause/></u>
            <u who="#LEint553_S3" xml:id="LEint553_u_63"><emph> a</emph><c type="lengthening"/><emph>h </emph> maybe <anchor synch="#LEint553_oc_11" type="other_continuation" xml:id="LEint553_oc_10"/></u>
            <u who="#LEint553_S2" xml:id="LEint553_u_64"><anchor synch="#LEint553_oc_10" type="other_continuation" xml:id="LEint553_oc_11"/> yeah </u>
            <u who="#LEint553_S3" xml:id="LEint553_u_65"><vocal subtype="wordstart" type="wordlike" voice:desc="laughing" voice:syl="4"/><vocal subtype="wordstart" type="wordlike" voice:desc="laughing" voice:syl="1"/>  ye<c type="lengthening"/>s<c function="rise" type="intonation"/> that is what we did<c function="fall" type="intonation"/><pause/> or <pause/><seg n="7" type="overlap" xml:id="LEint553_ol_41"> more<c function="rise" type="intonation"/></seg></u>
            <u who="#LEint553_S1" xml:id="LEint553_u_66"><seg n="7" synch="#LEint553_ol_41" type="overlap" xml:id="LEint553_ol_42"> are </seg> you at the ranger and rover<c function="rise" type="intonation"/><pause/><seg n="10" type="overlap" xml:id="LEint553_ol_43"> camp<c function="rise" type="intonation"/></seg></u>
            <u who="#LEint553_S2" xml:id="LEint553_u_67"><seg n="10" synch="#LEint553_ol_43" type="overlap" xml:id="LEint553_ol_44"><shift corresp="#LEint553_s_20" feature="loud" new="p" xml:id="LEint553_s_19"/> yeah <shift corresp="#LEint553_s_19" feature="loud" new="neutral" xml:id="LEint553_s_20"/></seg></u>
            <u who="#LEint553_S3" xml:id="LEint553_u_68"> y<seg n="1" type="overlap" xml:id="LEint553_ol_45">es </seg></u>
            <u who="#LEint553_S2" xml:id="LEint553_u_69"><seg n="1" synch="#LEint553_ol_45" type="overlap" xml:id="LEint553_ol_46"> yeah </seg></u>
            <u who="#LEint553_S1" xml:id="LEint553_u_70"> yes <anchor synch="#LEint553_oc_13" type="other_continuation" xml:id="LEint553_oc_12"/></u>
            <u who="#LEint553_S2" xml:id="LEint553_u_71"><anchor synch="#LEint553_oc_12" type="other_continuation" xml:id="LEint553_oc_13"/> yes <pause/> and we had a <emph> lot </emph> of fun <vocal subtype="wordstart" type="wordlike" voice:desc="laughing" voice:syl="2"/><seg n="2" type="overlap" xml:id="LEint553_ol_47"><vocal subtype="wordstart" type="wordlike" voice:desc="laughing" voice:syl="1"/><vocal subtype="wordstart" type="wordlike" voice:desc="laughing" voice:syl="1"/></seg></u>
            <u who="#LEint553_S1" xml:id="LEint553_u_72"><seg n="2" synch="#LEint553_ol_47" type="overlap" xml:id="LEint553_ol_48"><vocal subtype="wordstart" type="wordlike" voice:desc="laughing" voice:syl="2"/></seg><vocal subtype="wordstart" type="wordlike" voice:desc="laughing" voice:syl="2"/><vocal subtype="wordstart" type="wordlike" voice:desc="laughing" voice:syl="1"/></u>
            <u who="#LEint553_S3" xml:id="LEint553_u_73"> and they were <emph> very </emph><pause dur="PT1S"/> helpful<c function="rise" type="intonation"/><pause dur="PT1S"/> to us<c function="rise" type="intonation"/><pause/> there were only <pause/> the we were the only group that speak <pause/> only<c type="lengthening"/><emph> en</emph>glish<c function="rise" type="intonation"/> and <emph> swe</emph>dish<c function="rise" type="intonation"/><pause/></u>
            <u who="#LEint553_S1" xml:id="LEint553_u_74"> mhm <anchor synch="#LEint553_oc_15" type="other_continuation" xml:id="LEint553_oc_14"/></u>
            <u who="#LEint553_S3" xml:id="LEint553_u_75"><anchor synch="#LEint553_oc_14" type="other_continuation" xml:id="LEint553_oc_15"/> and er the other people spoke <pause/><seg n="3" type="overlap" xml:id="LEint553_ol_49"> germans<c type="lengthening"/></seg> were from germany <foreign type="LN" voice:translation="switzerland" xml:lang="ger"> schweiz </foreign> switzerland <anchor synch="#LEint553_oc_17" type="other_continuation" xml:id="LEint553_oc_16"/></u>
            <u who="#LEint553_S1" xml:id="LEint553_u_76"><seg n="3" synch="#LEint553_ol_49" type="overlap" xml:id="LEint553_ol_50"><shift corresp="#LEint553_s_22" feature="loud" new="p" xml:id="LEint553_s_21"/> german <shift corresp="#LEint553_s_21" feature="loud" new="neutral" xml:id="LEint553_s_22"/></seg></u>
            <u who="#LEint553_S2" xml:id="LEint553_u_77"><anchor synch="#LEint553_oc_16" type="other_continuation" xml:id="LEint553_oc_17"/> yeah </u>
            <u who="#LEint553_S1" xml:id="LEint553_u_78"> mhm <anchor synch="#LEint553_oc_19" type="other_continuation" xml:id="LEint553_oc_18"/></u>
            <u who="#LEint553_S2" xml:id="LEint553_u_79"><anchor synch="#LEint553_oc_18" type="other_continuation" xml:id="LEint553_oc_19"/> mhm </u>
            <u who="#LEint553_S3" xml:id="LEint553_u_80"> and austria<c function="fall" type="intonation"/><pause/> but they <emph> all </emph> helped us<c function="fall" type="intonation"/><seg n="4" type="overlap" xml:id="LEint553_ol_51"> very well </seg></u>
            <u who="#LEint553_S1" xml:id="LEint553_u_81"><seg n="4" synch="#LEint553_ol_51" type="overlap" xml:id="LEint553_ol_52"> and you </seg> were <pause/> the only swedish <shift corresp="#LEint553_s_24" feature="voice" new="laugh" xml:id="LEint553_s_23"/> people <shift corresp="#LEint553_s_23" feature="voice" new="neutral" xml:id="LEint553_s_24"/></u>
            <u who="#LEint553_S3" xml:id="LEint553_u_82"><seg n="5" type="overlap" xml:id="LEint553_ol_53"> ye<c type="lengthening"/>s </seg></u>
            <u who="#LEint553_S2" xml:id="LEint553_u_83"><seg n="5" synch="#LEint553_ol_53" type="overlap" xml:id="LEint553_ol_54"> ye<c type="lengthening"/>s </seg></u>
            <u who="#LEint553_SS" xml:id="LEint553_u_84"><vocal subtype="wordstart" type="wordlike" voice:desc="laughing" voice:syl="3"/><vocal subtype="wordstart" type="wordlike" voice:desc="laughing" voice:syl="2"/></u>
            <u who="#LEint553_S3" xml:id="LEint553_u_85"> but they were very helpful </u>
            <u who="#LEint553_S2" xml:id="LEint553_u_86"><vocal subtype="wordstart" type="wordlike" voice:desc="laughing" voice:syl="3"/></u>
            <u who="#LEint553_S3" xml:id="LEint553_u_87"> yes <seg n="6" type="overlap" xml:id="LEint553_ol_55"> and then </seg></u>
            <u who="#LEint553_S2" xml:id="LEint553_u_88"><seg n="6" synch="#LEint553_ol_55" type="overlap" xml:id="LEint553_ol_56"> and we </seg> da<c type="lengthening"/>nce e<c type="lengthening"/>r the last night <pause/><seg n="7" type="overlap" xml:id="LEint553_ol_57"> ty</seg>rolean dancing <pause/></u>
            <u who="#LEint553_S3" xml:id="LEint553_u_89"><seg n="7" synch="#LEint553_ol_57" type="overlap" xml:id="LEint553_ol_58"> yes </seg></u>
            <u who="#LEint553_S3" xml:id="LEint553_u_90"><seg n="8" type="overlap" xml:id="LEint553_ol_59"> t- tyro- </seg> tyrolean music <seg n="1" type="overlap" xml:id="LEint553_ol_60"> and </seg> tyrolean dan<seg n="2" type="overlap" xml:id="LEint553_ol_61">cing<c function="fall" type="intonation"/></seg></u>
            <u who="#LEint553_S2" xml:id="LEint553_u_91"><seg n="8" synch="#LEint553_ol_59" type="overlap" xml:id="LEint553_ol_62"><unclear> here </unclear></seg></u>
            <u who="#LEint553_S2" xml:id="LEint553_u_92"><seg n="1" synch="#LEint553_ol_60" type="overlap" xml:id="LEint553_ol_63"> yes </seg></u>
            <u who="#LEint553_S2" xml:id="LEint553_u_93"><seg n="2" synch="#LEint553_ol_61" type="overlap" xml:id="LEint553_ol_64"> yes </seg><seg n="9" type="overlap" xml:id="LEint553_ol_65"> we learned </seg><pause/></u>
            <u who="#LEint553_S1" xml:id="LEint553_u_94"><seg n="9" synch="#LEint553_ol_65" type="overlap" xml:id="LEint553_ol_66"> mhm </seg></u>
            <u who="#LEint553_S1" xml:id="LEint553_u_95"> mhm<c type="lengthening"/></u>
            <u who="#LEint553_S2" xml:id="LEint553_u_96"> yeah <pause/></u>
            <u who="#LEint553_S1" xml:id="LEint553_u_97"> and what are you planning to do today<c type="lengthening"/><c function="rise" type="intonation"/><pause dur="PT2S"/></u>
            <u who="#LEint553_S3" xml:id="LEint553_u_98"> we are helping <emph> here </emph><vocal subtype="wordstart" type="wordlike" voice:desc="laughing" voice:syl="2"/></u>
            <u who="#LEint553_S1" xml:id="LEint553_u_99"> o<c type="lengthening"/>h so i'm disturbing you <seg n="3" type="overlap" xml:id="LEint553_ol_67"><vocal subtype="wordstart" type="wordlike" voice:desc="laughing" voice:syl="1"/><shift corresp="#LEint553_s_26" feature="voice" new="laugh" xml:id="LEint553_s_25"/> i didn't know <shift corresp="#LEint553_s_25" feature="voice" new="neutral" xml:id="LEint553_s_26"/></seg></u>
            <u who="#LEint553_S3" xml:id="LEint553_u_100"><seg n="3" synch="#LEint553_ol_67" type="overlap" xml:id="LEint553_ol_68"><shift corresp="#LEint553_s_28" feature="voice" new="laugh" xml:id="LEint553_s_27"/> no no no no <shift corresp="#LEint553_s_27" feature="voice" new="neutral" xml:id="LEint553_s_28"/></seg><pause/> it it it has not started yet<c function="fall" type="intonation"/><pause dur="PT1S"/> and yesterday we arrived here in a <seg n="10" type="overlap" xml:id="LEint553_ol_69"> bus<c function="rise" type="intonation"/></seg><pause/></u>
            <u who="#LEint553_S2" xml:id="LEint553_u_101"><seg n="10" synch="#LEint553_ol_69" type="overlap" xml:id="LEint553_ol_70"> yes </seg></u>
            <u who="#LEint553_S1" xml:id="LEint553_u_102"> from tyrol<c function="fall" type="intonation"/></u>
            <u who="#LEint553_S3" xml:id="LEint553_u_103"><seg n="4" type="overlap" xml:id="LEint553_ol_71"> from ty</seg>rol<c function="rise" type="intonation"/><pause/></u>
            <u who="#LEint553_S2" xml:id="LEint553_u_104"><seg n="4" synch="#LEint553_ol_71" type="overlap" xml:id="LEint553_ol_72"> yeah </seg></u>
            <u who="#LEint553_S1" xml:id="LEint553_u_105"> and you're staying till the end<c function="rise" type="intonation"/><pause/></u>
            <u who="#LEint553_S2" xml:id="LEint553_u_106"><seg n="5" type="overlap" xml:id="LEint553_ol_73"> ye<c type="lengthening"/>s </seg><pause/></u>
            <u who="#LEint553_S3" xml:id="LEint553_u_107"><seg n="5" synch="#LEint553_ol_73" type="overlap" xml:id="LEint553_ol_74"> yes </seg></u>
            <u who="#LEint553_S1" xml:id="LEint553_u_108"> okay<c function="fall" type="intonation"/><pause/> then i hope you have a great time  </u>
            <u who="#LEint553_SX" xml:id="LEint553_u_109"> wo<seg n="6" type="overlap" xml:id="LEint553_ol_75">w<c type="lengthening"/></seg></u>
            <u who="#LEint553_S1" xml:id="LEint553_u_110"><seg n="6" synch="#LEint553_ol_75" type="overlap" xml:id="LEint553_ol_76"> thank </seg><seg n="7" type="overlap" xml:id="LEint553_ol_77"> you very </seg> much </u>
            <u who="#LEint553_S2" xml:id="LEint553_u_111"><seg n="6" synch="#LEint553_ol_75" type="overlap" xml:id="LEint553_ol_78"> yeah </seg><seg n="7" synch="#LEint553_ol_77" type="overlap" xml:id="LEint553_ol_79"><vocal subtype="wordstart" type="wordlike" voice:desc="laughing" voice:syl="2"/><vocal subtype="wordstart" type="wordlike" voice:desc="laughing" voice:syl="1"/></seg></u>
            <u who="#LEint553_S2" xml:id="LEint553_u_112"><seg n="1" type="overlap" xml:id="LEint553_ol_80"> thank you </seg></u>
            <u who="#LEint553_S3" xml:id="LEint553_u_113"><seg n="1" synch="#LEint553_ol_80" type="overlap" xml:id="LEint553_ol_81"> thank you </seg></u>
         </div>
      </body>
   </text>
</TEI>