<TEI xmlns="http://www.tei-c.org/ns/1.0" xmlns:voice="http://www.univie.ac.at/voice/ns/1.0" xmlns:xi="http://www.w3.org/2001/XInclude" version="5" xml:id="LEint555" xml:lang="eng">
   <teiHeader>
      <fileDesc>
         <titleStmt>
            <title>interview about scout project concerned with food</title>
            <principal>Prof. Barbara Seidlhofer</principal>
            <editor/>
            <funder>Austrian Science Foundation (FWF)</funder>
            <sponsor/>
            <respStmt>
               <resp>Corpus Compilation</resp>
               <orgName>VOICE Project</orgName>
               <persName>Barbara Seidlhofer</persName>
               <persName>Angelika Breiteneder</persName>
               <persName>Marie-Luise Pitzl</persName>
               <persName>Stefan Majewski</persName>
               <persName>Theresa Klimpfinger</persName>
            </respStmt>
         </titleStmt>
         <editionStmt>
		<edition>Version 1.0 XML, <date>May 2011</date></edition>
	  <respStmt>
		<resp>Researchers</resp>
		<name>Barbara Seidlhofer</name> 		
		<name>Angelika Breiteneder</name> 
		<name>Theresa Klimpfinger</name> 
		<name>Stefan Majewski</name> 
		<name>Marie-Luise Pitzl</name> 
	  </respStmt>
	</editionStmt>
         <publicationStmt>
		<publisher>Barbara Seidlhofer, Stefan Majewski, Marie-Luise Pitzl</publisher> 
	  <distributor>VOICE Project, University of Vienna, Austria</distributor> 
	  <address>
		<addrLine>Spitalgasse 2, AAKH Hof 8</addrLine> 
		<addrLine>1090 Vienna</addrLine> 
		<addrLine>Austria</addrLine> 
		<addrLine>Telephone: +43 1 427742446</addrLine> 
	  	<addrLine>Email: voice@univie.ac.at</addrLine> 
		<addrLine>Website: http://www.univie.ac.at/voice</addrLine> 
	  </address>
	  <availability status="free">
	  	<p>
		  The Vienna-Oxford International Corpus of English (VOICE)
		  was created by Barbara Seidlhofer (project director) and
		  Angelika Breiteneder, Theresa Klimpfinger, Stefan Majewski,
		  Marie-Luise Pitzl (project researchers). VOICE 1.0 XML is
		  available for download at the VOICE Project's website <ref target="http://www.univie.ac.at/voice/">http://www.univie.ac.at/voice/</ref>
		  under a Creative Commons
		  Attribution-NonCommercial-ShareAlike 3.0 Unported (CC
		  BY-NC-SA 3.0) License (<ref target="http://creativecommons.org/licenses/by-nc-sa/3.0/">
		  http://creativecommons.org/licenses/by-nc-sa/3.0/
		  </ref>). The original audio files are held at the Department
		  of English, University of Vienna. 23 selected audio files
		  are available as audio streams in the VOICE Online interface
		  at the VOICE Project's website <ref target="http://www.univie.ac.at/voice">http://www.univie.ac.at/voice</ref>.
		</p>
		<p>
		The recommended citation for VOICE 1.0 XML is:
		</p>
		<p>
		<bibl><title>VOICE</title>. <date>2011</date>. <title level="m">The Vienna-Oxford International Corpus of
		English</title> (<edition>version 1.0
		XML</edition>). Director: Barbara Seidlhofer; Researchers:
		Angelika Breiteneder, Theresa Klimpfinger, Stefan Majewski,
		Marie-Luise Pitzl.</bibl>
		</p>
		<p>The short citation for VOICE 1.0 XML is:
		</p>
		<p>
		<bibl><title>VOICE</title>. <date>2011</date>. <title level="m">The Vienna-Oxford International Corpus of
		English</title> (<edition>version 1.0
		XML</edition>).</bibl></p>
		<p>
		  For further information about availability and copyright
		  permissions, please see the README file included in the
		  download package. For further enquiries please contact the
		  VOICE Project at <ref target="mailto:voice@univie.ac.at">voice@univie.ac.at</ref>.
		</p>
	  </availability>
	</publicationStmt>
         <notesStmt>
            <note xml:id="LEint555_wc">Words: 903</note>
            <note xml:id="LEint555_tn_0">This interview takes place at an international scout camp. S1 and S2 talk about activities related to a project to do with food that S1 participated in, which was realized in Latvia and Austria and which is connected to the scout camp.  </note>
         </notesStmt>
         <sourceDesc>
            <recordingStmt>
               <recording dur="PT00H05M50S" type="audio">
                  <date>2001-07-01</date>
                  <equipment>
                     <p>cassette recorder</p>
                  </equipment>
                  <respStmt>
                     <resp>recording</resp>
                     <name>R21</name>
                  </respStmt>
               </recording>
            </recordingStmt>
         </sourceDesc>
      </fileDesc>
      <encodingDesc>
         <classDecl>
            <taxonomy>
               <category xml:id="LEint555_domain">
                  <catDesc>Domain</catDesc>
                  <category sameAs="#ED" xml:id="LEint555_ED">
                     <catDesc>educational</catDesc>
                  </category>
                  <category sameAs="#LE" xml:id="LEint555_LE">
                     <catDesc>leisure</catDesc>
                  </category>
                  <category sameAs="#PB" xml:id="LEint555_PB">
                     <catDesc>professional business</catDesc>
                  </category>
                  <category sameAs="#PO" xml:id="LEint555_PO">
                     <catDesc>professional organizational</catDesc>
                  </category>
                  <category sameAs="#PR" xml:id="LEint555_PR">
                     <catDesc>professional research/science</catDesc>
                  </category>
               </category>
               <category xml:id="LEint555_spet">
                  <catDesc>Speech Event Type</catDesc>
                  <category sameAs="#int" xml:id="LEint555_int">
                     <catDesc>interview</catDesc>
                  </category>
                  <category sameAs="#prc" xml:id="LEint555_prc">
                     <catDesc>press conference</catDesc>
                  </category>
                  <category sameAs="#sve" xml:id="LEint555_sve">
                     <catDesc>service encounter</catDesc>
                  </category>
                  <category sameAs="#sed" xml:id="LEint555_sed">
                     <catDesc>seminar discussion</catDesc>
                  </category>
                  <category sameAs="#wgd" xml:id="LEint555_wgd">
                     <catDesc>working group discussion</catDesc>
                  </category>
                  <category sameAs="#wsd" xml:id="LEint555_wsd">
                     <catDesc>workshop discussion</catDesc>
                  </category>
                  <category sameAs="#mtg" xml:id="LEint555_mtg">
                     <catDesc>meeting</catDesc>
                  </category>
                  <category sameAs="#pan" xml:id="LEint555_pan">
                     <catDesc>panel</catDesc>
                  </category>
                  <category sameAs="#qas" xml:id="LEint555_qas">
                     <catDesc>question-answer session</catDesc>
                  </category>
                  <category sameAs="#con" xml:id="LEint555_con">
                     <catDesc>conversation</catDesc>
                  </category>
               </category>
            </taxonomy>
         </classDecl>
         <tagsDecl><namespace name="http://www.tei-c.org/ns/1.0">
      <tagUsage gi="TEI" occurs="1"/>
      <tagUsage gi="teiHeader" occurs="1"/>
      <tagUsage gi="fileDesc" occurs="1"/>
      <tagUsage gi="titleStmt" occurs="1"/>
      <tagUsage gi="title" occurs="5"/>
      <tagUsage gi="principal" occurs="1"/>
      <tagUsage gi="editor" occurs="1"/>
      <tagUsage gi="funder" occurs="1"/>
      <tagUsage gi="sponsor" occurs="1"/>
      <tagUsage gi="respStmt" occurs="3"/>
      <tagUsage gi="resp" occurs="3"/>
      <tagUsage gi="orgName" occurs="1"/>
      <tagUsage gi="persName" occurs="5"/>
      <tagUsage gi="editionStmt" occurs="1"/>
      <tagUsage gi="edition" occurs="3"/>
      <tagUsage gi="date" occurs="4"/>
      <tagUsage gi="name" occurs="8"/>
      <tagUsage gi="publicationStmt" occurs="1"/>
      <tagUsage gi="publisher" occurs="1"/>
      <tagUsage gi="distributor" occurs="1"/>
      <tagUsage gi="address" occurs="1"/>
      <tagUsage gi="addrLine" occurs="6"/>
      <tagUsage gi="availability" occurs="1"/>
      <tagUsage gi="p" occurs="7"/>
      <tagUsage gi="ref" occurs="5"/>
      <tagUsage gi="bibl" occurs="2"/>
      <tagUsage gi="notesStmt" occurs="1"/>
      <tagUsage gi="note" occurs="2"/>
      <tagUsage gi="sourceDesc" occurs="1"/>
      <tagUsage gi="recordingStmt" occurs="1"/>
      <tagUsage gi="recording" occurs="1"/>
      <tagUsage gi="equipment" occurs="1"/>
      <tagUsage gi="encodingDesc" occurs="1"/>
      <tagUsage gi="classDecl" occurs="1"/>
      <tagUsage gi="taxonomy" occurs="1"/>
      <tagUsage gi="category" occurs="17"/>
      <tagUsage gi="catDesc" occurs="17"/>
      <tagUsage gi="tagsDecl" occurs="1"/>
      <tagUsage gi="namespace" occurs="2"/>
      <tagUsage gi="tagUsage" occurs="80"/>
      <tagUsage gi="gi" occurs="5"/>
      <tagUsage gi="att" occurs="13"/>
      <tagUsage gi="list" occurs="11"/>
      <tagUsage gi="label" occurs="20"/>
      <tagUsage gi="val" occurs="41"/>
      <tagUsage gi="item" occurs="40"/>
      <tagUsage gi="profileDesc" occurs="1"/>
      <tagUsage gi="textClass" occurs="1"/>
      <tagUsage gi="catRef" occurs="2"/>
      <tagUsage gi="settingDesc" occurs="1"/>
      <tagUsage gi="setting" occurs="1"/>
      <tagUsage gi="locale" occurs="1"/>
      <tagUsage gi="activity" occurs="1"/>
      <tagUsage gi="particDesc" occurs="1"/>
      <tagUsage gi="listPerson" occurs="3"/>
      <tagUsage gi="personGrp" occurs="2"/>
      <tagUsage gi="person" occurs="2"/>
      <tagUsage gi="age" occurs="2"/>
      <tagUsage gi="sex" occurs="2"/>
      <tagUsage gi="occupation" occurs="1"/>
      <tagUsage gi="langKnowledge" occurs="2"/>
      <tagUsage gi="langKnown" occurs="2"/>
      <tagUsage gi="relationGrp" occurs="1"/>
      <tagUsage gi="relation" occurs="2"/>
      <tagUsage gi="revisionDesc" occurs="1"/>
      <tagUsage gi="change" occurs="5"/>
      <tagUsage gi="text" occurs="1"/>
      <tagUsage gi="body" occurs="1"/>
      <tagUsage gi="div" occurs="1"/>
      <tagUsage gi="u" occurs="106">Used to mark a stretch of speech commonly
		preceded and followed by a pause or by a change of speaker. A
		<gi>u</gi> is, however, not required to be bounded by a pause or
		a change of speaker, nor does it represent a turn in a
		conversation analytic sense. At a minimum, a <gi>u</gi> is some
		phonetic production or noise made by a given speaker or a group of speakers.</tagUsage>
      <tagUsage gi="c" occurs="98">Used to mark lengthening of sounds and
		intonation (fall, rise). The following <att>type</att>
		attributes are used to mark:
		<list>
		  <label><val>lengthening</val></label><item>lengthened
		  sounds</item>
		  <label><val>intonation</val></label><item>a significant change in
		  intonation, marked with the following <att>function</att>
		  attribute for:
		  <list>
			<label><val>fall</val></label><item>falling
			intonation</item>
			<label><val>rise</val></label><item>rising intonation</item>
		  </list>
		</item>
		</list>
		Intonation may or may not coincide with
		syntactic boundaries.
		</tagUsage>
      <tagUsage gi="pause" occurs="87">Used to mark a pause either between or
		within utterances. Used without <att>dur</att> attribute to
		indicate a brief pause up to half a second.
		</tagUsage>
      <tagUsage gi="shift" occurs="22">Used to mark the point at which some
		paralinguistic feature changes. The following attribute values
		are used to mark:
		<list>
          <label>
            <val>voice</val>
          </label>
          <item>voice quality
          <list>
            <item><val>imitating</val></item>
            <item><val>laugh</val></item>
            <item><val>neutral</val></item>
            <item><val>phone</val></item>
            <item><val>reading</val></item>
            <item><val>reading_aloud</val></item>
            <item><val>sigh</val></item>
            <item><val>singing</val></item>
            <item><val>whisp</val></item>
            <item><val>yawning</val></item>
          </list>
          </item>
          <label>
          <val>tempo</val></label>
          <item>speed of utterance
            <list>
              <label><val>a</val></label>
              <item>accelerando</item>
              <label><val>l</val></label>
              <item>lento</item>
              <label><val>neutral</val></label>
              <item>neutral</item>
            </list>
          </item>
          <label>
          <val>loud</val></label>
          <item>loudness
            <list>
              <item><val>f</val></item>
              <item><val>neutral</val></item>
              <item><val>p</val></item>
            </list>
          </item>
		  </list>
		</tagUsage>
      <tagUsage gi="anchor" occurs="22">Used to mark other-continuation,
		i.e. whenever a speaker continues another speaker's <gi>u</gi>
		without a pause. Other-continuation is to be interpreted
		temporally and does not relate to form or content of the
		speakers' utterances.</tagUsage>
      <tagUsage gi="emph" occurs="19">Used to mark speech which is stressed or
		emphasized in a way that goes beyond regular nuclear
		stress.</tagUsage>
      <tagUsage gi="seg" occurs="56">Used with different <att>type</att> attributes to mark:
		<list>
		  <label><att>type</att><val>overlap</val></label>
		  <item>overlaps</item>
		  <label><att>type</att><val>onomatopoeia</val></label>
		  <item>onomatopoeic sounds</item>
		  <label><att>type</att><val>ipa</val></label>
		  <item>transcriptions in the international phonetic alphabet</item>
		</list>
		</tagUsage>
      <tagUsage gi="unclear" occurs="6">Used to mark speech which cannot be
		transcribed with certainty, because it is difficult to hear or
		understand for the transcriber.</tagUsage>
      <tagUsage gi="vocal" occurs="7">Used to mark laughter and other speaker
		noises and non-verbal feedback.
        <list>
          <label>
            <val>speaker_noise</val>
          </label>
          <item>
            <list>
              <item>
                <val>coughing</val>
              </item>
              <item>
                <val>nods</val>
              </item>
              <item>
                <val>shakes head</val>
              </item>
              <item>
                <val>smacks lips</val>
              </item>
              <item>
                <val>sniffs</val>
              </item>
              <item>
                <val>swallows</val>
              </item>
              <item>
                <val>whistles</val>
              </item>
            </list>
          </item>
          <label>
            <val>wordlike</val>
          </label>
          <item>
            <val>laughing</val>
          </item>
        </list>
        </tagUsage>
      <tagUsage gi="foreign" occurs="7">Used to mark a word or phrase as
		belonging to some language other than English. The following
		values for the <att>type</att> attribute are used to mark:
		<list>
		  <label><val>L1</val></label><item>the speaker's first
		  language</item>
		  <label><val>LN</val></label><item>a language other than the
		  speaker's first language</item>
		  <label><val>LQ</val></label><item>a language where it cannot
		  be ascertained whether it is the speaker's first or other
		  language.</item>
		</list>
		Whenever possible, the 
		<att>voice:translation</att> attribute provides a rough translation of the
		non-English speech into English.
		</tagUsage>
      <tagUsage gi="supplied" occurs="1">Used to mark text supplied by the
		transcriber because the original is unintelligible or needed to
		be anonymized. The <att>reason</att> attribute is used to mark:
		<list>
		  <label><val>unintelligible</val></label><item>unintelligible
		  speech</item>
		  <label><val>anonymization</val></label><item>anonymized
		  speech</item>
		</list>
		</tagUsage>
      <tagUsage gi="incident" occurs="1">Used to mark contextual information
		relevant to the understanding of the interaction or the
		interaction as such. The <att>voice:desc</att> attribute
		provides a short prose description of the contextual
		event.</tagUsage></namespace><namespace name="http://www.univie.ac.at/voice/ns/1.0">
      <tagUsage gi="voice:track" occurs="1">Used to mark the beginning of a new
		audio track used in transcription (usually three minutes in length) and thus refers to the audio recording
		of the transcribed speech event.
		</tagUsage>
      <tagUsage gi="voice:pvc" occurs="1">Used to mark a pronunciation variation
		or coinage as described in <ref target="http://www.univie.ac.at/voice/documents/VOICE_mark-up_conventions_v2-1.pdf">the
			VOICE mark-up conventions [2.1].</ref>the
			VOICE mark-up conventions [2.1]. An existing word corresponding to the PVC may be provided within a <att>comment</att>comment attribute within the <gi>voice:pvc</gi>voice:pvc element. Additional phonetic
			transcription may be provided within a <att>voice:ipa</att>voice:ipa attribute
			within the <gi>voice:pvc</gi>voice:pvc element.</tagUsage></namespace></tagsDecl>
      </encodingDesc>
      <profileDesc>
         <textClass>
            <catRef target="#LEint555_LE #LEint555_int"/>
            <catRef target="#LE #int"/>
         </textClass>
         <settingDesc>
            <setting>
               <name type="country">AT</name>
               <name type="city">unknown</name>
               <locale>unknown</locale>
               <activity>none</activity>
            </setting>
         </settingDesc>
         <particDesc>
            <listPerson type="main">
               <listPerson type="groups">
                  <personGrp role="speakers" size="2"/>
                  <personGrp role="interactants" size="2"/>
               </listPerson>
               <listPerson type="identified">
                  <person role="interviewer" sameAs="#P639" xml:id="LEint555_S2">
                     <age value="2">25-34</age>
                     <sex value="2">female</sex>
                     <occupation>student</occupation>
                     <langKnowledge>
                        <langKnown level="L1" tag="ger-AT"/>
                     </langKnowledge>
                  </person>
                  <person role="interviewee" sameAs="#P656" xml:id="LEint555_S1">
                     <age value="2">25-34</age>
                     <sex value="2">female</sex>
                     <langKnowledge>
                        <langKnown level="L1" tag="lav-LV"/>
                     </langKnowledge>
                  </person>
               </listPerson>
               <relationGrp>
                  <relation mutual="#LEint555_S1 #LEint555_S2" name="fairly_symmetrical" type="power"/>
                  <relation mutual="#LEint555_S1 #LEint555_S2" name="unacquainted" type="acquaintedness"/>
               </relationGrp>
            </listPerson>
         </particDesc>
      </profileDesc>
      <revisionDesc>
         <change when="2009-05-19" who="SM">conversion to XML</change>
         <change when="2009-05-11" who="TK">finalized for publication</change>
         <change when="2009-02-03" who="TK">proof-reading</change>
         <change when="2007-11-13" who="MLP">checking</change>
         <change when="2007-10-21" who="NL">transcription</change>
      </revisionDesc>
   </teiHeader>
   <text>
      <body>
         <div type="medium" voice:end="02:50" voice:end_medium_number="1" voice:end_track="2" voice:medium_type="md" voice:start="00:00" voice:start_medium_number="1" voice:start_track="1">
            <u who="#LEint555_S1" xml:id="LEint555_u_1"> er anything<c function="rise" type="intonation"/></u>
            <u who="#LEint555_S2" xml:id="LEint555_u_2"> anything <pause dur="PT1S"/> what it was about <pause/> what kind of cooperation was it <pause/><shift corresp="#LEint555_s_2" feature="loud" new="p" xml:id="LEint555_s_1"/> we were talking about <shift corresp="#LEint555_s_1" feature="loud" new="neutral" xml:id="LEint555_s_2"/><anchor synch="#LEint555_oc_1" type="other_continuation" xml:id="LEint555_oc_0"/></u>
            <u who="#LEint555_S1" xml:id="LEint555_u_3"><anchor synch="#LEint555_oc_0" type="other_continuation" xml:id="LEint555_oc_1"/> e<c type="lengthening"/>r we were participating in this project erm <pause/> like arou<c type="lengthening"/>nd er twelve or more even<c type="lengthening"/> er <emph> units </emph> from latvia  </u>
            <u who="#LEint555_S2" xml:id="LEint555_u_4"> mhm </u>
            <u who="#LEint555_S1" xml:id="LEint555_u_5"> a<c type="lengthening"/>nd <pause/><emph> my </emph> unit <pause/> er we did a project about fishing<c function="rise" type="intonation"/> about <seg n="1" type="overlap" xml:id="LEint555_ol_0"> fish </seg><pause/></u>
            <u who="#LEint555_S2" xml:id="LEint555_u_6"><seg n="1" synch="#LEint555_ol_0" type="overlap" xml:id="LEint555_ol_1"> mhm </seg></u>
            <u who="#LEint555_S1" xml:id="LEint555_u_7"> so we went fishi<c type="lengthening"/>ng in a river<c function="rise" type="intonation"/><pause/> and then we<c type="lengthening"/> we <pause/> cooked by ourselves on fire the fishes hh and then we went to the<c type="lengthening"/><pause dur="PT1S"/> er place where the fish is <pause dur="PT2S"/> is<c type="lengthening"/> erm you know<c type="lengthening"/><pause/> ma<c type="lengthening"/>de for <pause/> to <unclear> it </unclear> in order to sell them in stores<c function="rise" type="intonation"/></u>
            <u who="#LEint555_S2" xml:id="LEint555_u_8"> mhm <pause/></u>
            <u who="#LEint555_S1" xml:id="LEint555_u_9"> er and then <pause dur="PT1S"/> we were <pause/></u>
            <u who="#LEint555_S2" xml:id="LEint555_u_10"> so you just erm looked around there <seg n="8" type="overlap" xml:id="LEint555_ol_2"> and and </seg> how how it is done<c function="rise" type="intonation"/></u>
            <u who="#LEint555_S1" xml:id="LEint555_u_11"><seg n="8" synch="#LEint555_ol_2" type="overlap" xml:id="LEint555_ol_3"> erm hh </seg></u>
            <u who="#LEint555_S1" xml:id="LEint555_u_12"> yah and then we hh we were <pause/> also <pause/> erm <pause/> going arou<c type="lengthening"/>nd and asking people <seg n="2" type="overlap" xml:id="LEint555_ol_4"> er </seg> how they feel about fish food <seg n="3" type="overlap" xml:id="LEint555_ol_5"> and </seg> fish meals and so on<c function="rise" type="intonation"/> hh and then we were making  one evening <pause dur="PT1S"/></u>
            <u who="#LEint555_S2" xml:id="LEint555_u_13"><seg n="2" synch="#LEint555_ol_4" type="overlap" xml:id="LEint555_ol_6"> mhm </seg></u>
            <u who="#LEint555_S2" xml:id="LEint555_u_14"><seg n="3" synch="#LEint555_ol_5" type="overlap" xml:id="LEint555_ol_7"> mhm </seg></u>
            <u who="#LEint555_S1" xml:id="LEint555_u_15"> er with er <pause/><shift corresp="#LEint555_s_4" feature="loud" new="p" xml:id="LEint555_s_3"/> dif- <shift corresp="#LEint555_s_3" feature="loud" new="neutral" xml:id="LEint555_s_4"/><emph> different </emph> fish food in <unclear> all </unclear> unit<c function="fall" type="intonation"/><pause/> every children  brought some fish <seg n="4" type="overlap" xml:id="LEint555_ol_8"> erm </seg> food and we hh we had such evening<c function="fall" type="intonation"/> hh a<c type="lengthening"/><c type="lengthening"/>nd </u>
            <u who="#LEint555_S2" xml:id="LEint555_u_16"><seg n="4" synch="#LEint555_ol_8" type="overlap" xml:id="LEint555_ol_9"> mhm </seg></u>
            <u who="#LEint555_S2" xml:id="LEint555_u_17"> so you were doing this with children<c function="fall" type="intonation"/></u>
            <u who="#LEint555_S1" xml:id="LEint555_u_18"> with children<c function="fall" type="intonation"/> with <emph> all </emph> unit<c function="fall" type="intonation"/><pause/><seg n="5" type="overlap" xml:id="LEint555_ol_10"> all u- </seg></u>
            <u who="#LEint555_S2" xml:id="LEint555_u_19"><seg n="5" synch="#LEint555_ol_10" type="overlap" xml:id="LEint555_ol_11"> aha how </seg> old w- were they </u>
            <u who="#LEint555_S1" xml:id="LEint555_u_20"> er the children er from ten years till <shift corresp="#LEint555_s_6" feature="loud" new="p" xml:id="LEint555_s_5"/> till <shift corresp="#LEint555_s_5" feature="loud" new="neutral" xml:id="LEint555_s_6"/><pause/> till eighteen twenty years<c function="fall" type="intonation"/><pause/> and not <emph> every </emph> unit in latvia we have <pause/> our o<c type="lengthening"/>wn different <seg n="6" type="overlap" xml:id="LEint555_ol_12"> topics </seg></u>
            <u who="#LEint555_S2" xml:id="LEint555_u_21"><seg n="6" synch="#LEint555_ol_12" type="overlap" xml:id="LEint555_ol_13"> mhm </seg> mhm <anchor synch="#LEint555_oc_3" type="other_continuation" xml:id="LEint555_oc_2"/></u>
            <u who="#LEint555_S1" xml:id="LEint555_u_22"><anchor synch="#LEint555_oc_2" type="other_continuation" xml:id="LEint555_oc_3"/> one were  er e<c type="lengthening"/>r <pause dur="PT1S"/><emph> writing </emph> or doing things what  concerns  bread <pause/></u>
            <u who="#LEint555_S2" xml:id="LEint555_u_23"> mhm </u>
            <u who="#LEint555_S1" xml:id="LEint555_u_24"> different with traditional <seg n="7" type="overlap" xml:id="LEint555_ol_14"> meals </seg> and the others were about <pause/></u>
            <u who="#LEint555_S2" xml:id="LEint555_u_25"><seg n="7" synch="#LEint555_ol_14" type="overlap" xml:id="LEint555_ol_15"> mhm </seg></u>
            <u who="#LEint555_S1" xml:id="LEint555_u_26"> milk o<c type="lengthening"/>r something like that<c function="fall" type="intonation"/><pause/> and <emph> yeah </emph></u>
            <u who="#LEint555_S2" xml:id="LEint555_u_27"> and and why how was the link to he<c type="lengthening"/>re<c function="rise" type="intonation"/> to austria<c function="rise" type="intonation"/><pause/></u>
            <u who="#LEint555_S1" xml:id="LEint555_u_28"> e<c type="lengthening"/>r excuse me<c function="rise" type="intonation"/></u>
            <u who="#LEint555_S2" xml:id="LEint555_u_29"> erm <pause/> so why did you come <emph> here </emph> to to <pause dur="PT1S"/></u>
            <u who="#LEint555_S1" xml:id="LEint555_u_30"> erm </u>
            <u who="#LEint555_S2" xml:id="LEint555_u_31"> was did you coope- <seg n="1" type="overlap" xml:id="LEint555_ol_16"> cooperate with </seg></u>
            <u who="#LEint555_S1" xml:id="LEint555_u_32"><seg n="1" synch="#LEint555_ol_16" type="overlap" xml:id="LEint555_ol_17"> yeah we </seg> cooperated with er er units <pause/> from austria<c function="rise" type="intonation"/></u>
            <u who="#LEint555_S2" xml:id="LEint555_u_33"> mhm <pause/></u>
            <u who="#LEint555_S1" xml:id="LEint555_u_34"> and ou<c type="lengthening"/>r er unit er my unit cooperated with <pause/> unit from trofaiach<c function="rise" type="intonation"/><pause dur="PT1S"/></u>
            <u who="#LEint555_S2" xml:id="LEint555_u_35"> mhm </u>
            <u who="#LEint555_S1" xml:id="LEint555_u_36"> and then we met <vocal voice:desc="clears throat"/> in in spring last year in vienna<c function="rise" type="intonation"/><pause/> we had a<c type="lengthening"/><pause/> camp </u>
            <u who="#LEint555_S2" xml:id="LEint555_u_37"> mhm </u>
            <u who="#LEint555_S1" xml:id="LEint555_u_38"> there for a week <pause/></u>
            <u who="#LEint555_S2" xml:id="LEint555_u_39"> mhm </u>
            <u who="#LEint555_S1" xml:id="LEint555_u_40"> a<c type="lengthening"/>nd then we were <shift corresp="#LEint555_s_8" feature="tempo" new="l" xml:id="LEint555_s_7"/> making also projects togethe<c type="lengthening"/>r and we were <shift corresp="#LEint555_s_7" feature="tempo" new="neutral" xml:id="LEint555_s_8"/></u>
            <u who="#LEint555_S2" xml:id="LEint555_u_41"> also about food </u>
            <u who="#LEint555_S1" xml:id="LEint555_u_42"> yah yah also with food we were trying to find out each other <pause/> traditions </u>
            <u who="#LEint555_S2" xml:id="LEint555_u_43"> mhm </u>
            <u who="#LEint555_S1" xml:id="LEint555_u_44"> with food making and so on <pause dur="PT1S"/></u>
            <u who="#LEint555_S2" xml:id="LEint555_u_45"> and do you enjoy it here<c function="rise" type="intonation"/> do <seg n="2" type="overlap" xml:id="LEint555_ol_18"> you like it here </seg></u>
            <u who="#LEint555_S1" xml:id="LEint555_u_46"><seg n="2" synch="#LEint555_ol_18" type="overlap" xml:id="LEint555_ol_19"> yah i </seg> really like it<c function="fall" type="intonation"/><pause/> especially today<c function="rise" type="intonation"/> the sun is <seg n="3" type="overlap" xml:id="LEint555_ol_20"> shining and it's warm yeah </seg></u>
            <u who="#LEint555_S2" xml:id="LEint555_u_47"><seg n="3" synch="#LEint555_ol_20" type="overlap" xml:id="LEint555_ol_21"> yes thank god it's finally </seg> shining hh have you been er have you arrived only yesterday<c function="rise" type="intonation"/> because many of the others <pause/></u>
            <u who="#LEint555_S1" xml:id="LEint555_u_48"> er no no i was together with rangers and rovers <pause dur="PT1S"/> so i er we had five day project hh project in vienna<c function="rise" type="intonation"/><pause/> we were <anchor synch="#LEint555_oc_5" type="other_continuation" xml:id="LEint555_oc_4"/></u>
            <u who="#LEint555_S2" xml:id="LEint555_u_49"><anchor synch="#LEint555_oc_4" type="other_continuation" xml:id="LEint555_oc_5"/> mhm <voice:track medium="1" num="2" type="md"/></u>
            <u who="#LEint555_S1" xml:id="LEint555_u_50"> divided into<c type="lengthening"/> different groups </u>
            <u who="#LEint555_S2" xml:id="LEint555_u_51"> mhm </u>
            <u who="#LEint555_S1" xml:id="LEint555_u_52"> and we were making our project<c function="rise" type="intonation"/><pause/> a<c type="lengthening"/>nd it was also a little bit cons- e<c type="lengthening"/>r connected with er food and nutrition<c function="rise" type="intonation"/><vocal subtype="wordstart" type="wordlike" voice:desc="laughing" voice:syl="1"/></u>
            <u who="#LEint555_S2" xml:id="LEint555_u_53"><vocal subtype="wordstart" type="wordlike" voice:desc="laughing" voice:syl="3"/><anchor synch="#LEint555_oc_7" type="other_continuation" xml:id="LEint555_oc_6"/></u>
            <u who="#LEint555_S1" xml:id="LEint555_u_54"><anchor synch="#LEint555_oc_6" type="other_continuation" xml:id="LEint555_oc_7"/> er <pause dur="PT1S"/> it was abou<c type="lengthening"/>t <pause dur="PT1S"/> eating also about the place where to eat in vienna<c function="fall" type="intonation"/><pause/> where the <emph> youth </emph> could eat<c function="fall" type="intonation"/><pause/> you <seg n="5" type="overlap" xml:id="LEint555_ol_22"> know </seg> cheap an<c type="lengthening"/>d <unclear> really </unclear> good <pause/></u>
            <u who="#LEint555_S2" xml:id="LEint555_u_55"><seg n="5" synch="#LEint555_ol_22" type="overlap" xml:id="LEint555_ol_23"> mh<c type="lengthening"/>m </seg></u>
            <u who="#LEint555_S2" xml:id="LEint555_u_56"> so <unclear> you were </unclear> trying out places<c function="rise" type="intonation"/></u>
            <u who="#LEint555_S1" xml:id="LEint555_u_57"> yeah <seg n="6" type="overlap" xml:id="LEint555_ol_24"> we were trying yah </seg> yah yah yah <seg n="7" type="overlap" xml:id="LEint555_ol_25"> we made a sho<c type="lengthening"/>rt </seg><pause/></u>
            <u who="#LEint555_S2" xml:id="LEint555_u_58"><seg n="6" synch="#LEint555_ol_24" type="overlap" xml:id="LEint555_ol_26"> describing them </seg></u>
            <u who="#LEint555_S2" xml:id="LEint555_u_59"><seg n="7" synch="#LEint555_ol_25" type="overlap" xml:id="LEint555_ol_27"> that sounds great </seg></u>
            <u who="#LEint555_S1" xml:id="LEint555_u_60"> manual like city <seg n="1" type="overlap" xml:id="LEint555_ol_28"> guide </seg> yah <pause/></u>
            <u who="#LEint555_S1" xml:id="LEint555_u_61"><seg n="1" synch="#LEint555_ol_28" type="overlap" xml:id="LEint555_ol_29"> gre<c type="lengthening"/>at <vocal subtype="wordstart" type="wordlike" voice:desc="laughing" voice:syl="1"/></seg></u>
            <u who="#LEint555_S2" xml:id="LEint555_u_62"> did you erm<c type="lengthening"/><unclear> work </unclear> together with erm <pause/> units from other nations as well<c function="rise" type="intonation"/><seg n="2" type="overlap" xml:id="LEint555_ol_30"><shift corresp="#LEint555_s_10" feature="loud" new="p" xml:id="LEint555_s_9"/> or just <shift corresp="#LEint555_s_9" feature="loud" new="neutral" xml:id="LEint555_s_10"/></seg></u>
            <u who="#LEint555_S1" xml:id="LEint555_u_63"><seg n="2" synch="#LEint555_ol_30" type="overlap" xml:id="LEint555_ol_31"> e<c type="lengthening"/>r </seg> er we worked together <pause dur="PT1S"/> hh we were split in in<c type="lengthening"/> like er seven groups<c function="rise" type="intonation"/> and in every group<c function="rise" type="intonation"/><pause/> not in <emph> every </emph> but in <emph> my </emph> group there were people from<c type="lengthening"/> s- austria and latvia<c function="rise" type="intonation"/><pause/></u>
            <u who="#LEint555_S2" xml:id="LEint555_u_64"><emph> mhm </emph><c function="rise" type="intonation"/><pause/></u>
            <u who="#LEint555_S1" xml:id="LEint555_u_65"> and we made<c function="fall" type="intonation"/> but there were <emph> also </emph> people from<c type="lengthening"/> england <pause dur="PT1S"/></u>
            <u who="#LEint555_S2" xml:id="LEint555_u_66"> okay <seg n="3" type="overlap" xml:id="LEint555_ol_32"><shift corresp="#LEint555_s_12" feature="loud" new="p" xml:id="LEint555_s_11"/> as well <shift corresp="#LEint555_s_11" feature="loud" new="neutral" xml:id="LEint555_s_12"/></seg> and how do you like vi- vienna have you been there <seg n="4" type="overlap" xml:id="LEint555_ol_33"> before<c function="rise" type="intonation"/></seg></u>
            <u who="#LEint555_S1" xml:id="LEint555_u_67"><seg n="3" synch="#LEint555_ol_32" type="overlap" xml:id="LEint555_ol_34"> an<c type="lengthening"/>d </seg></u>
            <u who="#LEint555_S1" xml:id="LEint555_u_68"><seg n="4" synch="#LEint555_ol_33" type="overlap" xml:id="LEint555_ol_35"> hh ya<c type="lengthening"/>h </seg> i was there e<c type="lengthening"/>rm <anchor synch="#LEint555_oc_9" type="other_continuation" xml:id="LEint555_oc_8"/></u>
            <u who="#LEint555_S2" xml:id="LEint555_u_69"><anchor synch="#LEint555_oc_8" type="other_continuation" xml:id="LEint555_oc_9"/> you said last spring <anchor synch="#LEint555_oc_11" type="other_continuation" xml:id="LEint555_oc_10"/></u>
            <u who="#LEint555_S1" xml:id="LEint555_u_70"><anchor synch="#LEint555_oc_10" type="other_continuation" xml:id="LEint555_oc_11"/> yah last spring hh i really like it<c function="fall" type="intonation"/><pause/> yeah it's very beautiful and <pause/> yeah <seg n="5" type="overlap" xml:id="LEint555_ol_36"> it's <unclear> er </unclear></seg></u>
            <u who="#LEint555_S2" xml:id="LEint555_u_71"><seg n="5" synch="#LEint555_ol_36" type="overlap" xml:id="LEint555_ol_37"> did </seg> you get to see some of the main attractions as well<c function="rise" type="intonation"/></u>
            <u who="#LEint555_S1" xml:id="LEint555_u_72"> ya<c type="lengthening"/>h we were walking in er old city<c type="lengthening"/></u>
            <u who="#LEint555_S2" xml:id="LEint555_u_73"> mhm </u>
            <u who="#LEint555_S1" xml:id="LEint555_u_74"> er and we were we saw <foreign type="LN" voice:translation="steven's" xml:lang="ger"><emph> s</emph>tephans- </foreign><seg n="9" type="overlap" xml:id="LEint555_ol_38"> erm <foreign type="L1" voice:translation="cathedral" xml:lang="ger"> -dom </foreign></seg> and then we were in <foreign type="LN" voice:translation="public garden in vienna" xml:lang="ger"> volksgarten </foreign> and saw the architecture there around this garden <shift corresp="#LEint555_s_14" feature="tempo" new="a" xml:id="LEint555_s_13"/> and then <shift corresp="#LEint555_s_13" feature="tempo" new="neutral" xml:id="LEint555_s_14"/> hh <foreign type="LN" voice:translation="city hall" xml:lang="ger"> rathaus </foreign><anchor synch="#LEint555_oc_13" type="other_continuation" xml:id="LEint555_oc_12"/></u>
            <u who="#LEint555_S2" xml:id="LEint555_u_75"><seg n="9" synch="#LEint555_ol_38" type="overlap" xml:id="LEint555_ol_39"><foreign type="L1" voice:translation="cathedral" xml:lang="ger"> -dom </foreign> mhm </seg></u>
            <u who="#LEint555_S2" xml:id="LEint555_u_76"><anchor synch="#LEint555_oc_12" type="other_continuation" xml:id="LEint555_oc_13"/><shift corresp="#LEint555_s_16" feature="loud" new="p" xml:id="LEint555_s_15"/> mhm <shift corresp="#LEint555_s_15" feature="loud" new="neutral" xml:id="LEint555_s_16"/><anchor synch="#LEint555_oc_15" type="other_continuation" xml:id="LEint555_oc_14"/></u>
            <u who="#LEint555_S1" xml:id="LEint555_u_77"><anchor synch="#LEint555_oc_14" type="other_continuation" xml:id="LEint555_oc_15"/> and <foreign type="LN" voice:translation="park in vienna" xml:lang="ger"> stadtpark </foreign> and hh so<c type="lengthening"/>me i can't remember all the places <shift corresp="#LEint555_s_18" feature="voice" new="laugh" xml:id="LEint555_s_17"/> but <shift corresp="#LEint555_s_17" feature="voice" new="neutral" xml:id="LEint555_s_18"/><vocal subtype="wordstart" type="wordlike" voice:desc="laughing" voice:syl="1"/></u>
            <u who="#LEint555_S2" xml:id="LEint555_u_78"> great<c function="fall" type="intonation"/></u>
            <u who="#LEint555_S1" xml:id="LEint555_u_79"> yeah yah <pause/></u>
            <u who="#LEint555_S2" xml:id="LEint555_u_80"> were you using english to talk to each othe<c type="lengthening"/>r in<c type="lengthening"/><pause/> with the austrians<c function="rise" type="intonation"/></u>
            <u who="#LEint555_S1" xml:id="LEint555_u_81"> yah <seg n="8" type="overlap" xml:id="LEint555_ol_40"> yah </seg> yah yah <pause/></u>
            <u who="#LEint555_S2" xml:id="LEint555_u_82"><seg n="8" synch="#LEint555_ol_40" type="overlap" xml:id="LEint555_ol_41"> yah<c function="fall" type="intonation"/></seg></u>
            <u who="#LEint555_S1" xml:id="LEint555_u_83"> yah <pause/> i can understand somethi<c type="lengthening"/>ng also from german but we talked <seg n="4" type="overlap" xml:id="LEint555_ol_42"> more or less english yeah yeah </seg> yeah yeah  </u>
            <u who="#LEint555_S2" xml:id="LEint555_u_84"><seg n="4" synch="#LEint555_ol_42" type="overlap" xml:id="LEint555_ol_43"><shift corresp="#LEint555_s_20" feature="loud" new="p" xml:id="LEint555_s_19"/> you talked more english i see<c function="fall" type="intonation"/><shift corresp="#LEint555_s_19" feature="loud" new="neutral" xml:id="LEint555_s_20"/></seg></u>
            <u who="#LEint555_S2" xml:id="LEint555_u_85"> and what are your plans for the <pause/> for the rest of the week<c function="rise" type="intonation"/> till <pause/></u>
            <u who="#LEint555_S1" xml:id="LEint555_u_86"> er <emph> i </emph> am<c type="lengthening"/> i'm leader for rangers and rovers<c function="rise" type="intonation"/></u>
            <u who="#LEint555_S2" xml:id="LEint555_u_87"> mhm <pause/></u>
            <u who="#LEint555_S1" xml:id="LEint555_u_88"> and oh i also have children in in in <foreign type="LN" voice:translation="name of scouts troop" xml:lang="ger"> caex </foreign> er <seg n="6" type="overlap" xml:id="LEint555_ol_44"><voice:pvc> subcamp </voice:pvc></seg><pause/></u>
            <u who="#LEint555_S2" xml:id="LEint555_u_89"><seg n="6" synch="#LEint555_ol_44" type="overlap" xml:id="LEint555_ol_45"> mhm </seg></u>
            <u who="#LEint555_S1" xml:id="LEint555_u_90"> er so<c type="lengthening"/> but most of the time i am with rovers and rangers  and we have hh like er on<c type="lengthening"/>e workshop <pause dur="PT1S"/><emph> here </emph> in the camp and then one workshop out of the camp <pause/> er i suppose it will be walking in the mountains <pause/></u>
            <u who="#LEint555_S2" xml:id="LEint555_u_91"> really<c function="rise" type="intonation"/></u>
            <u who="#LEint555_S1" xml:id="LEint555_u_92"> yeah and then <pause/> er <pause/><emph> today </emph> we held this er big <pause dur="PT1S"/> gathering er activity <pause/><shift corresp="#LEint555_s_22" feature="loud" new="p" xml:id="LEint555_s_21"/> you know <shift corresp="#LEint555_s_21" feature="loud" new="neutral" xml:id="LEint555_s_22"/> here all around<c function="fall" type="intonation"/><pause/><seg n="8" type="overlap" xml:id="LEint555_ol_46"> and </seg></u>
            <u who="#LEint555_S2" xml:id="LEint555_u_93"><seg n="8" synch="#LEint555_ol_46" type="overlap" xml:id="LEint555_ol_47"> erm </seg> with the different ga<c type="lengthening"/>mes <anchor synch="#LEint555_oc_17" type="other_continuation" xml:id="LEint555_oc_16"/></u>
            <u who="#LEint555_S1" xml:id="LEint555_u_94"><anchor synch="#LEint555_oc_16" type="other_continuation" xml:id="LEint555_oc_17"/><emph> yah </emph><seg n="9" type="overlap" xml:id="LEint555_ol_48"> yah </seg> yeah yeah yeah <pause/></u>
            <u who="#LEint555_S2" xml:id="LEint555_u_95"><seg n="9" synch="#LEint555_ol_48" type="overlap" xml:id="LEint555_ol_49"> yes </seg></u>
            <u who="#LEint555_S1" xml:id="LEint555_u_96"> hh <seg n="7" type="overlap" xml:id="LEint555_ol_50"> erm </seg></u>
            <u who="#LEint555_S2" xml:id="LEint555_u_97"><seg n="7" synch="#LEint555_ol_50" type="overlap" xml:id="LEint555_ol_51"> and </seg> hav- have you <emph> done </emph> this as well or er just your <pause dur="PT1S"/></u>
            <u who="#LEint555_S1" xml:id="LEint555_u_98"> er my my my my children are doing <pause/><seg n="1" type="overlap" xml:id="LEint555_ol_52"> there going </seg> around and <pause/></u>
            <u who="#LEint555_S2" xml:id="LEint555_u_99"><seg n="1" synch="#LEint555_ol_52" type="overlap" xml:id="LEint555_ol_53"><vocal subtype="wordstart" type="wordlike" voice:desc="laughing" voice:syl="4"/></seg></u>
            <u who="#LEint555_S2" xml:id="LEint555_u_100"> hm <anchor synch="#LEint555_oc_19" type="other_continuation" xml:id="LEint555_oc_18"/></u>
            <u who="#LEint555_S1" xml:id="LEint555_u_101"><anchor synch="#LEint555_oc_18" type="other_continuation" xml:id="LEint555_oc_19"/> and so and then we <pause/> we<c type="lengthening"/> we<c type="lengthening"/> are thinking to go to salzburg <pause/></u>
            <u who="#LEint555_S1" xml:id="LEint555_u_102"> yes <anchor synch="#LEint555_oc_21" type="other_continuation" xml:id="LEint555_oc_20"/></u>
            <u who="#LEint555_S1" xml:id="LEint555_u_103"><anchor synch="#LEint555_oc_20" type="other_continuation" xml:id="LEint555_oc_21"/> one day to to see this<c type="lengthening"/><pause/> city<c function="fall" type="intonation"/><pause dur="PT1S"/></u>
            <u who="#LEint555_S2" xml:id="LEint555_u_104"> great then i hope you have a great time <supplied reason="unintelligible"><seg n="3" type="overlap" xml:id="LEint555_ol_54"> xx </seg></supplied><incident voice:desc="noise on microphone"/></u>
            <u who="#LEint555_S1" xml:id="LEint555_u_105"><seg n="3" synch="#LEint555_ol_54" type="overlap" xml:id="LEint555_ol_55"> thank </seg> you <vocal subtype="wordstart" type="wordlike" voice:desc="laughing" voice:syl="2"/><pause/></u>
            <u who="#LEint555_S2" xml:id="LEint555_u_106"> thank you very much </u>
         </div>
      </body>
   </text>
</TEI>