<TEI xmlns="http://www.tei-c.org/ns/1.0" xmlns:voice="http://www.univie.ac.at/voice/ns/1.0" xmlns:xi="http://www.w3.org/2001/XInclude" version="5" xml:id="LEint551" xml:lang="eng">
   <teiHeader>
      <fileDesc>
         <titleStmt>
            <title>interview with participants of a scout camp about traveling and leisure activities in the preceding week</title>
            <principal>Prof. Barbara Seidlhofer</principal>
            <editor/>
            <funder>Austrian Science Foundation (FWF)</funder>
            <sponsor/>
            <respStmt>
               <resp>Corpus Compilation</resp>
               <orgName>VOICE Project</orgName>
               <persName>Barbara Seidlhofer</persName>
               <persName>Angelika Breiteneder</persName>
               <persName>Marie-Luise Pitzl</persName>
               <persName>Stefan Majewski</persName>
               <persName>Theresa Klimpfinger</persName>
            </respStmt>
         </titleStmt>
         <editionStmt>
		<edition>Version 1.0 XML, <date>May 2011</date></edition>
	  <respStmt>
		<resp>Researchers</resp>
		<name>Barbara Seidlhofer</name> 		
		<name>Angelika Breiteneder</name> 
		<name>Theresa Klimpfinger</name> 
		<name>Stefan Majewski</name> 
		<name>Marie-Luise Pitzl</name> 
	  </respStmt>
	</editionStmt>
         <publicationStmt>
		<publisher>Barbara Seidlhofer, Stefan Majewski, Marie-Luise Pitzl</publisher> 
	  <distributor>VOICE Project, University of Vienna, Austria</distributor> 
	  <address>
		<addrLine>Spitalgasse 2, AAKH Hof 8</addrLine> 
		<addrLine>1090 Vienna</addrLine> 
		<addrLine>Austria</addrLine> 
		<addrLine>Telephone: +43 1 427742446</addrLine> 
	  	<addrLine>Email: voice@univie.ac.at</addrLine> 
		<addrLine>Website: http://www.univie.ac.at/voice</addrLine> 
	  </address>
	  <availability status="free">
	  	<p>
		  The Vienna-Oxford International Corpus of English (VOICE)
		  was created by Barbara Seidlhofer (project director) and
		  Angelika Breiteneder, Theresa Klimpfinger, Stefan Majewski,
		  Marie-Luise Pitzl (project researchers). VOICE 1.0 XML is
		  available for download at the VOICE Project's website <ref target="http://www.univie.ac.at/voice/">http://www.univie.ac.at/voice/</ref>
		  under a Creative Commons
		  Attribution-NonCommercial-ShareAlike 3.0 Unported (CC
		  BY-NC-SA 3.0) License (<ref target="http://creativecommons.org/licenses/by-nc-sa/3.0/">
		  http://creativecommons.org/licenses/by-nc-sa/3.0/
		  </ref>). The original audio files are held at the Department
		  of English, University of Vienna. 23 selected audio files
		  are available as audio streams in the VOICE Online interface
		  at the VOICE Project's website <ref target="http://www.univie.ac.at/voice">http://www.univie.ac.at/voice</ref>.
		</p>
		<p>
		The recommended citation for VOICE 1.0 XML is:
		</p>
		<p>
		<bibl><title>VOICE</title>. <date>2011</date>. <title level="m">The Vienna-Oxford International Corpus of
		English</title> (<edition>version 1.0
		XML</edition>). Director: Barbara Seidlhofer; Researchers:
		Angelika Breiteneder, Theresa Klimpfinger, Stefan Majewski,
		Marie-Luise Pitzl.</bibl>
		</p>
		<p>The short citation for VOICE 1.0 XML is:
		</p>
		<p>
		<bibl><title>VOICE</title>. <date>2011</date>. <title level="m">The Vienna-Oxford International Corpus of
		English</title> (<edition>version 1.0
		XML</edition>).</bibl></p>
		<p>
		  For further information about availability and copyright
		  permissions, please see the README file included in the
		  download package. For further enquiries please contact the
		  VOICE Project at <ref target="mailto:voice@univie.ac.at">voice@univie.ac.at</ref>.
		</p>
	  </availability>
	</publicationStmt>
         <notesStmt>
            <note xml:id="LEint551_wc">Words: 442</note>
            <note xml:id="LEint551_tn_0">This interview takes place at an international scout camp. S2 asks S1 about her traveling and leisure activities during the preceding week and her plans for today. </note>
         </notesStmt>
         <sourceDesc>
            <recordingStmt>
               <recording dur="PT00H02M59S" type="audio">
                  <date>2001-07-01</date>
                  <equipment>
                     <p>cassette recorder</p>
                  </equipment>
                  <respStmt>
                     <resp>recording</resp>
                     <name>R21</name>
                  </respStmt>
               </recording>
            </recordingStmt>
         </sourceDesc>
      </fileDesc>
      <encodingDesc>
         <classDecl>
            <taxonomy>
               <category xml:id="LEint551_domain">
                  <catDesc>Domain</catDesc>
                  <category sameAs="#ED" xml:id="LEint551_ED">
                     <catDesc>educational</catDesc>
                  </category>
                  <category sameAs="#LE" xml:id="LEint551_LE">
                     <catDesc>leisure</catDesc>
                  </category>
                  <category sameAs="#PB" xml:id="LEint551_PB">
                     <catDesc>professional business</catDesc>
                  </category>
                  <category sameAs="#PO" xml:id="LEint551_PO">
                     <catDesc>professional organizational</catDesc>
                  </category>
                  <category sameAs="#PR" xml:id="LEint551_PR">
                     <catDesc>professional research/science</catDesc>
                  </category>
               </category>
               <category xml:id="LEint551_spet">
                  <catDesc>Speech Event Type</catDesc>
                  <category sameAs="#int" xml:id="LEint551_int">
                     <catDesc>interview</catDesc>
                  </category>
                  <category sameAs="#prc" xml:id="LEint551_prc">
                     <catDesc>press conference</catDesc>
                  </category>
                  <category sameAs="#sve" xml:id="LEint551_sve">
                     <catDesc>service encounter</catDesc>
                  </category>
                  <category sameAs="#sed" xml:id="LEint551_sed">
                     <catDesc>seminar discussion</catDesc>
                  </category>
                  <category sameAs="#wgd" xml:id="LEint551_wgd">
                     <catDesc>working group discussion</catDesc>
                  </category>
                  <category sameAs="#wsd" xml:id="LEint551_wsd">
                     <catDesc>workshop discussion</catDesc>
                  </category>
                  <category sameAs="#mtg" xml:id="LEint551_mtg">
                     <catDesc>meeting</catDesc>
                  </category>
                  <category sameAs="#pan" xml:id="LEint551_pan">
                     <catDesc>panel</catDesc>
                  </category>
                  <category sameAs="#qas" xml:id="LEint551_qas">
                     <catDesc>question-answer session</catDesc>
                  </category>
                  <category sameAs="#con" xml:id="LEint551_con">
                     <catDesc>conversation</catDesc>
                  </category>
               </category>
            </taxonomy>
         </classDecl>
         <tagsDecl><namespace name="http://www.tei-c.org/ns/1.0">
      <tagUsage gi="TEI" occurs="1"/>
      <tagUsage gi="teiHeader" occurs="1"/>
      <tagUsage gi="fileDesc" occurs="1"/>
      <tagUsage gi="titleStmt" occurs="1"/>
      <tagUsage gi="title" occurs="5"/>
      <tagUsage gi="principal" occurs="1"/>
      <tagUsage gi="editor" occurs="1"/>
      <tagUsage gi="funder" occurs="1"/>
      <tagUsage gi="sponsor" occurs="1"/>
      <tagUsage gi="respStmt" occurs="3"/>
      <tagUsage gi="resp" occurs="3"/>
      <tagUsage gi="orgName" occurs="1"/>
      <tagUsage gi="persName" occurs="5"/>
      <tagUsage gi="editionStmt" occurs="1"/>
      <tagUsage gi="edition" occurs="3"/>
      <tagUsage gi="date" occurs="4"/>
      <tagUsage gi="name" occurs="8"/>
      <tagUsage gi="publicationStmt" occurs="1"/>
      <tagUsage gi="publisher" occurs="1"/>
      <tagUsage gi="distributor" occurs="1"/>
      <tagUsage gi="address" occurs="1"/>
      <tagUsage gi="addrLine" occurs="6"/>
      <tagUsage gi="availability" occurs="1"/>
      <tagUsage gi="p" occurs="7"/>
      <tagUsage gi="ref" occurs="5"/>
      <tagUsage gi="bibl" occurs="2"/>
      <tagUsage gi="notesStmt" occurs="1"/>
      <tagUsage gi="note" occurs="2"/>
      <tagUsage gi="sourceDesc" occurs="1"/>
      <tagUsage gi="recordingStmt" occurs="1"/>
      <tagUsage gi="recording" occurs="1"/>
      <tagUsage gi="equipment" occurs="1"/>
      <tagUsage gi="encodingDesc" occurs="1"/>
      <tagUsage gi="classDecl" occurs="1"/>
      <tagUsage gi="taxonomy" occurs="1"/>
      <tagUsage gi="category" occurs="17"/>
      <tagUsage gi="catDesc" occurs="17"/>
      <tagUsage gi="tagsDecl" occurs="1"/>
      <tagUsage gi="namespace" occurs="2"/>
      <tagUsage gi="tagUsage" occurs="80"/>
      <tagUsage gi="gi" occurs="5"/>
      <tagUsage gi="att" occurs="14"/>
      <tagUsage gi="list" occurs="11"/>
      <tagUsage gi="label" occurs="20"/>
      <tagUsage gi="val" occurs="42"/>
      <tagUsage gi="item" occurs="40"/>
      <tagUsage gi="profileDesc" occurs="1"/>
      <tagUsage gi="textClass" occurs="1"/>
      <tagUsage gi="catRef" occurs="2"/>
      <tagUsage gi="settingDesc" occurs="1"/>
      <tagUsage gi="setting" occurs="1"/>
      <tagUsage gi="locale" occurs="1"/>
      <tagUsage gi="activity" occurs="1"/>
      <tagUsage gi="particDesc" occurs="1"/>
      <tagUsage gi="listPerson" occurs="3"/>
      <tagUsage gi="personGrp" occurs="2"/>
      <tagUsage gi="person" occurs="2"/>
      <tagUsage gi="age" occurs="2"/>
      <tagUsage gi="sex" occurs="2"/>
      <tagUsage gi="occupation" occurs="1"/>
      <tagUsage gi="langKnowledge" occurs="2"/>
      <tagUsage gi="langKnown" occurs="2"/>
      <tagUsage gi="relationGrp" occurs="1"/>
      <tagUsage gi="relation" occurs="2"/>
      <tagUsage gi="revisionDesc" occurs="1"/>
      <tagUsage gi="change" occurs="5"/>
      <tagUsage gi="text" occurs="1"/>
      <tagUsage gi="body" occurs="1"/>
      <tagUsage gi="div" occurs="1"/>
      <tagUsage gi="u" occurs="68">Used to mark a stretch of speech commonly
		preceded and followed by a pause or by a change of speaker. A
		<gi>u</gi> is, however, not required to be bounded by a pause or
		a change of speaker, nor does it represent a turn in a
		conversation analytic sense. At a minimum, a <gi>u</gi> is some
		phonetic production or noise made by a given speaker or a group of speakers.</tagUsage>
      <tagUsage gi="c" occurs="68">Used to mark lengthening of sounds and
		intonation (fall, rise). The following <att>type</att>
		attributes are used to mark:
		<list>
		  <label><val>lengthening</val></label><item>lengthened
		  sounds</item>
		  <label><val>intonation</val></label><item>a significant change in
		  intonation, marked with the following <att>function</att>
		  attribute for:
		  <list>
			<label><val>fall</val></label><item>falling
			intonation</item>
			<label><val>rise</val></label><item>rising intonation</item>
		  </list>
		</item>
		</list>
		Intonation may or may not coincide with
		syntactic boundaries.
		</tagUsage>
      <tagUsage gi="pause" occurs="52">Used to mark a pause either between or
		within utterances. Used without <att>dur</att> attribute to
		indicate a brief pause up to half a second.
		</tagUsage>
      <tagUsage gi="vocal" occurs="26">Used to mark laughter and other speaker
		noises and non-verbal feedback.
        <list>
          <label>
            <val>speaker_noise</val>
          </label>
          <item>
            <list>
              <item>
                <val>coughing</val>
              </item>
              <item>
                <val>nods</val>
              </item>
              <item>
                <val>shakes head</val>
              </item>
              <item>
                <val>smacks lips</val>
              </item>
              <item>
                <val>sniffs</val>
              </item>
              <item>
                <val>swallows</val>
              </item>
              <item>
                <val>whistles</val>
              </item>
            </list>
          </item>
          <label>
            <val>wordlike</val>
          </label>
          <item>
            <val>laughing</val>
          </item>
        </list>
        </tagUsage>
      <tagUsage gi="seg" occurs="48">Used with different <att>type</att> attributes to mark:
		<list>
		  <label><att>type</att><val>overlap</val></label>
		  <item>overlaps</item>
		  <label><att>type</att><val>onomatopoeia</val></label>
		  <item>onomatopoeic sounds</item>
		  <label><att>type</att><val>ipa</val></label>
		  <item>transcriptions in the international phonetic alphabet</item>
		</list>
		</tagUsage>
      <tagUsage gi="incident" occurs="3">Used to mark contextual information
		relevant to the understanding of the interaction or the
		interaction as such. The <att>voice:desc</att> attribute
		provides a short prose description of the contextual
		event.</tagUsage>
      <tagUsage gi="foreign" occurs="7">Used to mark a word or phrase as
		belonging to some language other than English. The following
		values for the <att>type</att> attribute are used to mark:
		<list>
		  <label><val>L1</val></label><item>the speaker's first
		  language</item>
		  <label><val>LN</val></label><item>a language other than the
		  speaker's first language</item>
		  <label><val>LQ</val></label><item>a language where it cannot
		  be ascertained whether it is the speaker's first or other
		  language.</item>
		</list>
		Whenever possible, the 
		<att>voice:translation</att> attribute provides a rough translation of the
		non-English speech into English.
		</tagUsage>
      <tagUsage gi="anchor" occurs="8">Used to mark other-continuation,
		i.e. whenever a speaker continues another speaker's <gi>u</gi>
		without a pause. Other-continuation is to be interpreted
		temporally and does not relate to form or content of the
		speakers' utterances.</tagUsage>
      <tagUsage gi="shift" occurs="30">Used to mark the point at which some
		paralinguistic feature changes. The following attribute values
		are used to mark:
		<list>
          <label>
            <val>voice</val>
          </label>
          <item>voice quality
          <list>
            <item><val>imitating</val></item>
            <item><val>laugh</val></item>
            <item><val>neutral</val></item>
            <item><val>phone</val></item>
            <item><val>reading</val></item>
            <item><val>reading_aloud</val></item>
            <item><val>sigh</val></item>
            <item><val>singing</val></item>
            <item><val>whisp</val></item>
            <item><val>yawning</val></item>
          </list>
          </item>
          <label>
          <val>tempo</val></label>
          <item>speed of utterance
            <list>
              <label><val>a</val></label>
              <item>accelerando</item>
              <label><val>l</val></label>
              <item>lento</item>
              <label><val>neutral</val></label>
              <item>neutral</item>
            </list>
          </item>
          <label>
          <val>loud</val></label>
          <item>loudness
            <list>
              <item><val>f</val></item>
              <item><val>neutral</val></item>
              <item><val>p</val></item>
            </list>
          </item>
		  </list>
		</tagUsage>
      <tagUsage gi="supplied" occurs="1">Used to mark text supplied by the
		transcriber because the original is unintelligible or needed to
		be anonymized. The <att>reason</att> attribute is used to mark:
		<list>
		  <label><val>unintelligible</val></label><item>unintelligible
		  speech</item>
		  <label><val>anonymization</val></label><item>anonymized
		  speech</item>
		</list>
		</tagUsage>
      <tagUsage gi="w" occurs="1">
		  Used with the <att>type</att> attribute set to
		  <val>spelt</val> to mark words or word fragments which are
		  spelt out, i.e. words whose constituents are pronounced as
		  individual letters.
		</tagUsage>
      <tagUsage gi="unclear" occurs="3">Used to mark speech which cannot be
		transcribed with certainty, because it is difficult to hear or
		understand for the transcriber.</tagUsage>
      <tagUsage gi="emph" occurs="3">Used to mark speech which is stressed or
		emphasized in a way that goes beyond regular nuclear
		stress.</tagUsage></namespace><namespace name="http://www.univie.ac.at/voice/ns/1.0">
      <tagUsage gi="voice:pvc" occurs="3">Used to mark a pronunciation variation
		or coinage as described in <ref target="http://www.univie.ac.at/voice/documents/VOICE_mark-up_conventions_v2-1.pdf">the
			VOICE mark-up conventions [2.1].</ref>the
			VOICE mark-up conventions [2.1]. An existing word corresponding to the PVC may be provided within a <att>comment</att>comment attribute within the <gi>voice:pvc</gi>voice:pvc element. Additional phonetic
			transcription may be provided within a <att>voice:ipa</att>voice:ipa attribute
			within the <gi>voice:pvc</gi>voice:pvc element.</tagUsage></namespace></tagsDecl>
      </encodingDesc>
      <profileDesc>
         <textClass>
            <catRef target="#LEint551_LE #LEint551_int"/>
            <catRef target="#LE #int"/>
         </textClass>
         <settingDesc>
            <setting>
               <name type="country">AT</name>
               <name type="city">unknown</name>
               <locale>unknown</locale>
               <activity>none</activity>
            </setting>
         </settingDesc>
         <particDesc>
            <listPerson type="main">
               <listPerson type="groups">
                  <personGrp role="speakers" size="2"/>
                  <personGrp role="interactants" size="2"/>
               </listPerson>
               <listPerson type="identified">
                  <person role="interviewer" sameAs="#P639" xml:id="LEint551_S2">
                     <age value="2">25-34</age>
                     <sex value="2">female</sex>
                     <occupation>student</occupation>
                     <langKnowledge>
                        <langKnown level="L1" tag="ger-AT"/>
                     </langKnowledge>
                  </person>
                  <person role="interviewee" sameAs="#P640" xml:id="LEint551_S1">
                     <age value="1">17-24</age>
                     <sex value="2">female</sex>
                     <langKnowledge>
                        <langKnown level="L1" tag="fre-BE"/>
                     </langKnowledge>
                  </person>
               </listPerson>
               <relationGrp>
                  <relation mutual="#LEint551_S1 #LEint551_S2" name="fairly_symmetrical" type="power"/>
                  <relation mutual="#LEint551_S1 #LEint551_S2" name="unacquainted" type="acquaintedness"/>
               </relationGrp>
            </listPerson>
         </particDesc>
      </profileDesc>
      <revisionDesc>
         <change when="2009-05-19" who="SM">conversion to XML</change>
         <change when="2009-05-11" who="TK">finalized for publication</change>
         <change when="2009-02-03" who="TK">proof-reading</change>
         <change when="2007-10-29" who="MLP">checking</change>
         <change when="2007-10-21" who="NL">transcription</change>
      </revisionDesc>
   </teiHeader>
   <text>
      <body>
         <div type="medium" voice:end="03:00" voice:end_medium_number="1" voice:end_track="1" voice:medium_type="md" voice:start="00:00" voice:start_medium_number="1" voice:start_track="1">
            <u who="#LEint551_S1" xml:id="LEint551_u_1"> okay so<c type="lengthening"/> erm <pause/><vocal type="speaker_noise" voice:desc="smacks lips"/> we were on tour last wee<c type="lengthening"/>k<c function="rise" type="intonation"/><pause/> and yesterday we<c type="lengthening"/><pause/> arrived here<c function="rise" type="intonation"/></u>
            <u who="#LEint551_S2" xml:id="LEint551_u_2"> mhm <pause/><seg n="8" type="overlap" xml:id="LEint551_ol_0"> and which </seg> tou<c type="lengthening"/>r were you on<c function="rise" type="intonation"/> last week </u>
            <u who="#LEint551_S1" xml:id="LEint551_u_3"><seg n="8" synch="#LEint551_ol_0" type="overlap" xml:id="LEint551_ol_1"> hh </seg></u>
            <u who="#LEint551_S1" xml:id="LEint551_u_4"> er in linz </u>
            <u who="#LEint551_S2" xml:id="LEint551_u_5"> in linz<c function="rise" type="intonation"/><seg n="1" type="overlap" xml:id="LEint551_ol_2"> what </seg> did you do in linz </u>
            <u who="#LEint551_S1" xml:id="LEint551_u_6"><seg n="1" synch="#LEint551_ol_2" type="overlap" xml:id="LEint551_ol_3"> yeah </seg></u>
            <u who="#LEint551_S1" xml:id="LEint551_u_7"> er we make  e<c type="lengthening"/>r <incident voice:desc="music in background begins"/> different activitie<c type="lengthening"/>s <pause/> like e<c type="lengthening"/>r sports<c function="rise" type="intonation"/><pause/></u>
            <u who="#LEint551_S2" xml:id="LEint551_u_8"> uhu </u>
            <u who="#LEint551_S1" xml:id="LEint551_u_9"> like hearts <foreign type="L1" voice:translation="culture" xml:lang="fre"> cultures </foreign><pause dur="PT1S"/><seg n="1" type="overlap" xml:id="LEint551_ol_4"> er </seg></u>
            <u who="#LEint551_S2" xml:id="LEint551_u_10"><seg n="1" synch="#LEint551_ol_4" type="overlap" xml:id="LEint551_ol_5"> like </seg> like what<c function="rise" type="intonation"/><seg n="2" type="overlap" xml:id="LEint551_ol_6"> sorry </seg></u>
            <u who="#LEint551_S1" xml:id="LEint551_u_11"><seg n="2" synch="#LEint551_ol_6" type="overlap" xml:id="LEint551_ol_7"> h- arts </seg> arts <seg n="3" type="overlap" xml:id="LEint551_ol_8"><vocal subtype="wordstart" type="wordlike" voice:desc="laughing" voice:syl="2"/></seg> a<c type="lengthening"/>rts <vocal subtype="wordstart" type="wordlike" voice:desc="laughing" voice:syl="1"/> hh <pause/></u>
            <u who="#LEint551_S2" xml:id="LEint551_u_12"><seg n="3" synch="#LEint551_ol_8" type="overlap" xml:id="LEint551_ol_9"> a<c type="lengthening"/>rts </seg></u>
            <u who="#LEint551_S1" xml:id="LEint551_u_13"> and e<c type="lengthening"/>r i don't know the<c type="lengthening"/> m- e- the<c type="lengthening"/>re there were different groups <pause/> th- we <pause dur="PT1S"/> we were separated<c function="rise" type="intonation"/></u>
            <u who="#LEint551_S2" xml:id="LEint551_u_14"> mhm </u>
            <u who="#LEint551_S1" xml:id="LEint551_u_15"> and we choose er what er we<c type="lengthening"/><pause/> did want <pause/></u>
            <u who="#LEint551_S2" xml:id="LEint551_u_16"> mhm <anchor synch="#LEint551_oc_1" type="other_continuation" xml:id="LEint551_oc_0"/></u>
            <u who="#LEint551_S1" xml:id="LEint551_u_17"><anchor synch="#LEint551_oc_0" type="other_continuation" xml:id="LEint551_oc_1"/><shift corresp="#LEint551_s_2" feature="loud" new="p" xml:id="LEint551_s_1"/><foreign type="L1" voice:translation="yes" xml:lang="fre"> oui </foreign><shift corresp="#LEint551_s_1" feature="loud" new="neutral" xml:id="LEint551_s_2"/><vocal subtype="wordstart" type="wordlike" voice:desc="laughing" voice:syl="2"/> hh <seg n="4" type="overlap" xml:id="LEint551_ol_10"> and </seg></u>
            <u who="#LEint551_S2" xml:id="LEint551_u_18"><seg n="4" synch="#LEint551_ol_10" type="overlap" xml:id="LEint551_ol_11"> and </seg> what did you choose </u>
            <u who="#LEint551_S1" xml:id="LEint551_u_19"> er the sport<c function="fall" type="intonation"/><seg n="9" type="overlap" xml:id="LEint551_ol_12"> so i </seg> made horse riding that was the first <shift corresp="#LEint551_s_4" feature="voice" new="laugh" xml:id="LEint551_s_3"/> time <shift corresp="#LEint551_s_3" feature="voice" new="neutral" xml:id="LEint551_s_4"/><pause/></u>
            <u who="#LEint551_S2" xml:id="LEint551_u_20"><seg n="9" synch="#LEint551_ol_12" type="overlap" xml:id="LEint551_ol_13"><shift corresp="#LEint551_s_6" feature="loud" new="p" xml:id="LEint551_s_5"/> the s- <shift corresp="#LEint551_s_5" feature="loud" new="neutral" xml:id="LEint551_s_6"/></seg></u>
            <u who="#LEint551_S1" xml:id="LEint551_u_21"> i'm<c type="lengthening"/> i was er i made f- <pause/> horse <pause/> riding<c function="fall" type="intonation"/><pause/></u>
            <u who="#LEint551_S2" xml:id="LEint551_u_22"> oh rea<c type="lengthening"/><seg n="10" type="overlap" xml:id="LEint551_ol_14">lly<c function="rise" type="intonation"/></seg></u>
            <u who="#LEint551_S1" xml:id="LEint551_u_23"><seg n="10" synch="#LEint551_ol_14" type="overlap" xml:id="LEint551_ol_15"><vocal subtype="wordstart" type="wordlike" voice:desc="laughing" voice:syl="2"/></seg><vocal subtype="wordstart" type="wordlike" voice:desc="laughing" voice:syl="2"/>  hh </u>
            <u who="#LEint551_S2" xml:id="LEint551_u_24"> you didn't fell  th- fall down <shift corresp="#LEint551_s_8" feature="voice" new="laugh" xml:id="LEint551_s_7"/> the horse<c function="rise" type="intonation"/><shift corresp="#LEint551_s_7" feature="voice" new="neutral" xml:id="LEint551_s_8"/></u>
            <u who="#LEint551_S1" xml:id="LEint551_u_25"><shift corresp="#LEint551_s_10" feature="voice" new="laugh" xml:id="LEint551_s_9"/> no<c type="lengthening"/><shift corresp="#LEint551_s_9" feature="voice" new="neutral" xml:id="LEint551_s_10"/><vocal subtype="wordstart" type="wordlike" voice:desc="laughing" voice:syl="3"/> hh and erm i also<c type="lengthening"/><pause/> e<c type="lengthening"/>r played tennis e<c type="lengthening"/>r <seg n="5" type="overlap" xml:id="LEint551_ol_16"><voice:pvc comment="bikes" voice:ipa="baɪs"> bice </voice:pvc></seg></u>
            <u who="#LEint551_S2" xml:id="LEint551_u_26"><seg n="5" synch="#LEint551_ol_16" type="overlap" xml:id="LEint551_ol_17"> mhm </seg><pause/> m<seg n="11" type="overlap" xml:id="LEint551_ol_18">hm </seg></u>
            <u who="#LEint551_S1" xml:id="LEint551_u_27"><seg n="11" synch="#LEint551_ol_18" type="overlap" xml:id="LEint551_ol_19"> er </seg> we <pause/> rent<c function="rise" type="intonation"/> went<c function="rise" type="intonation"/><seg n="12" type="overlap" xml:id="LEint551_ol_20"> bike </seg><pause/></u>
            <u who="#LEint551_S2" xml:id="LEint551_u_28"><seg n="12" synch="#LEint551_ol_20" type="overlap" xml:id="LEint551_ol_21"><shift corresp="#LEint551_s_12" feature="loud" new="p" xml:id="LEint551_s_11"/> mhm <shift corresp="#LEint551_s_11" feature="loud" new="neutral" xml:id="LEint551_s_12"/></seg></u>
            <u who="#LEint551_S2" xml:id="LEint551_u_29"> m<seg n="13" type="overlap" xml:id="LEint551_ol_22">hm </seg></u>
            <u who="#LEint551_S1" xml:id="LEint551_u_30"><seg n="13" synch="#LEint551_ol_22" type="overlap" xml:id="LEint551_ol_23"> bikes </seg><pause/> and er the pe- <pause/> there are others who made rafting<c function="rise" type="intonation"/><pause/></u>
            <u who="#LEint551_S2" xml:id="LEint551_u_31"> mhm </u>
            <u who="#LEint551_S1" xml:id="LEint551_u_32"> hhh an<c type="lengthening"/>d so erm <pause/> so yesterday we<c type="lengthening"/> we were here  to <pause/> to pass f- <pause/> to pass yeah to stay here five days<c function="rise" type="intonation"/><pause/></u>
            <u who="#LEint551_S2" xml:id="LEint551_u_33"> so till thursday you'll stay<c function="fall" type="intonation"/><incident voice:desc="loud singing in the background"/></u>
            <u who="#LEint551_S1" xml:id="LEint551_u_34"> sorry<c function="rise" type="intonation"/><anchor synch="#LEint551_oc_3" type="other_continuation" xml:id="LEint551_oc_2"/></u>
            <u who="#LEint551_S2" xml:id="LEint551_u_35"><anchor synch="#LEint551_oc_2" type="other_continuation" xml:id="LEint551_oc_3"/> will you stay till thursday<c function="rise" type="intonation"/><pause/></u>
            <u who="#LEint551_S1" xml:id="LEint551_u_36"> ye<c type="lengthening"/>ah </u>
            <u who="#LEint551_S2" xml:id="LEint551_u_37"> yeah <anchor synch="#LEint551_oc_5" type="other_continuation" xml:id="LEint551_oc_4"/></u>
            <u who="#LEint551_S1" xml:id="LEint551_u_38"><anchor synch="#LEint551_oc_4" type="other_continuation" xml:id="LEint551_oc_5"/> yeah yah<c function="fall" type="intonation"/></u>
            <u who="#LEint551_S2" xml:id="LEint551_u_39"> and you're from <pause/> france <pause/><incident voice:desc="background music stops, but there are people speaking in the background"/></u>
            <u who="#LEint551_S1" xml:id="LEint551_u_40"> no belgium </u>
            <u who="#LEint551_S2" xml:id="LEint551_u_41"><shift corresp="#LEint551_s_14" feature="tempo" new="a" xml:id="LEint551_s_13"/> belgium <shift corresp="#LEint551_s_13" feature="tempo" new="neutral" xml:id="LEint551_s_14"/><seg n="6" type="overlap" xml:id="LEint551_ol_24"><shift corresp="#LEint551_s_16" feature="tempo" new="l" xml:id="LEint551_s_15"/> so<c type="lengthening"/>rry so<c type="lengthening"/>rry <shift corresp="#LEint551_s_15" feature="tempo" new="neutral" xml:id="LEint551_s_16"/></seg></u>
            <u who="#LEint551_S1" xml:id="LEint551_u_42"><seg n="6" synch="#LEint551_ol_24" type="overlap" xml:id="LEint551_ol_25"> yeah <vocal subtype="wordstart" type="wordlike" voice:desc="laughing" voice:syl="5"/></seg><shift corresp="#LEint551_s_18" feature="voice" new="laugh" xml:id="LEint551_s_17"/> the other <shift corresp="#LEint551_s_17" feature="voice" new="neutral" xml:id="LEint551_s_18"/> hh an<c type="lengthening"/>d er we are with a groups  with<c type="lengthening"/> seven person  seven </u>
            <u who="#LEint551_S2" xml:id="LEint551_u_43"> mhm </u>
            <u who="#LEint551_S1" xml:id="LEint551_u_44"><foreign type="L1" voice:translation="yes" xml:lang="fre"> oui </foreign> seven person <pause dur="PT1S"/><vocal type="speaker_noise" voice:desc="smacks lips"/> an<c type="lengthening"/>d er <pause dur="PT1S"/> it's e<c type="lengthening"/>r very nice because the<c type="lengthening"/> landscape <pause/><seg n="7" type="overlap" xml:id="LEint551_ol_26"> landscape<c function="rise" type="intonation"/></seg><pause/></u>
            <u who="#LEint551_S2" xml:id="LEint551_u_45"><seg n="7" synch="#LEint551_ol_26" type="overlap" xml:id="LEint551_ol_27"> mhm </seg></u>
            <u who="#LEint551_S1" xml:id="LEint551_u_46"> is beautiful we don't <pause/> we<c type="lengthening"/> don't know <pause/> this in belgium <vocal subtype="wordstart" type="wordlike" voice:desc="laughing" voice:syl="2"/> hh because the <pause/><vocal type="speaker_noise" voice:desc="smacks lips"/> the highest  point<c function="rise" type="intonation"/><seg n="1" type="overlap" xml:id="LEint551_ol_28"><vocal subtype="wordstart" type="wordlike" voice:desc="laughing" voice:syl="1"/> is </seg> er <pause/></u>
            <u who="#LEint551_S2" xml:id="LEint551_u_47"><seg n="1" synch="#LEint551_ol_28" type="overlap" xml:id="LEint551_ol_29"> mhm </seg></u>
            <u who="#LEint551_S1" xml:id="LEint551_u_48"> six hundred metre <vocal subtype="wordstart" type="wordlike" voice:desc="laughing" voice:syl="3"/> hh so it's er a plate e<c type="lengthening"/>r <pause/></u>
            <u who="#LEint551_S2" xml:id="LEint551_u_49"> ye<c type="lengthening"/>s </u>
            <u who="#LEint551_S1" xml:id="LEint551_u_50"> e<c type="lengthening"/>r land<c function="fall" type="intonation"/><vocal subtype="wordstart" type="wordlike" voice:desc="laughing" voice:syl="2"/><seg n="2" type="overlap" xml:id="LEint551_ol_30"><vocal type="wordlike" voice:desc="laughing" voice:syl="2"/></seg></u>
            <u who="#LEint551_S2" xml:id="LEint551_u_51"><shift corresp="#LEint551_s_20" feature="tempo" new="a" xml:id="LEint551_s_19"/><seg n="2" synch="#LEint551_ol_30" type="overlap" xml:id="LEint551_ol_31"> and </seg> did you <shift corresp="#LEint551_s_19" feature="tempo" new="neutral" xml:id="LEint551_s_20"/> get a chance to go up somewhere already<c function="rise" type="intonation"/><pause/></u>
            <u who="#LEint551_S1" xml:id="LEint551_u_52"> yeah but i don't like to walk in moun<shift corresp="#LEint551_s_22" feature="voice" new="laugh" xml:id="LEint551_s_21"/>tain <shift corresp="#LEint551_s_21" feature="voice" new="neutral" xml:id="LEint551_s_22"/><seg n="3" type="overlap" xml:id="LEint551_ol_32"><vocal subtype="wordstart" type="wordlike" voice:desc="laughing" voice:syl="3"/></seg></u>
            <u who="#LEint551_S2" xml:id="LEint551_u_53"><seg n="3" synch="#LEint551_ol_32" type="overlap" xml:id="LEint551_ol_33"><vocal subtype="wordstart" type="wordlike" voice:desc="laughing" voice:syl="3"/></seg>  hh hh <seg n="4" type="overlap" xml:id="LEint551_ol_34"><vocal subtype="wordstart" type="wordlike" voice:desc="laughing" voice:syl="3"/></seg></u>
            <u who="#LEint551_S1" xml:id="LEint551_u_54"><seg n="4" synch="#LEint551_ol_34" type="overlap" xml:id="LEint551_ol_35"> i prefer stay </seg> and <pause/> just look <seg n="5" type="overlap" xml:id="LEint551_ol_36"><shift corresp="#LEint551_s_24" feature="voice" new="laugh" xml:id="LEint551_s_23"/> at the mountain <shift corresp="#LEint551_s_23" feature="voice" new="neutral" xml:id="LEint551_s_24"/><vocal subtype="wordstart" type="wordlike" voice:desc="laughing" voice:syl="3"/></seg></u>
            <u who="#LEint551_S2" xml:id="LEint551_u_55"><seg n="5" synch="#LEint551_ol_36" type="overlap" xml:id="LEint551_ol_37"><vocal subtype="wordstart" type="wordlike" voice:desc="laughing" voice:syl="1"/>  hh <vocal subtype="wordstart" type="wordlike" voice:desc="laughing" voice:syl="2"/><shift corresp="#LEint551_s_26" feature="voice" new="laugh" xml:id="LEint551_s_25"/> i see<c type="lengthening"/><shift corresp="#LEint551_s_25" feature="voice" new="neutral" xml:id="LEint551_s_26"/> hh </seg> so what are your your plans for today<c function="rise" type="intonation"/><seg n="6" type="overlap" xml:id="LEint551_ol_38"> what are you <supplied reason="unintelligible"> xx </supplied></seg></u>
            <u who="#LEint551_S1" xml:id="LEint551_u_56"><seg n="6" synch="#LEint551_ol_38" type="overlap" xml:id="LEint551_ol_39"> for today </seg> so erm <pause/> for ba- you<c type="lengthening"/> we have the <pause/> we intend <pause/> to <voice:pvc comment="participate"> partcipe </voice:pvc> to the<c type="lengthening"/><pause/><foreign type="L1" xml:lang="fre"><w voice:mode="spelt"> G G A  </w></foreign><anchor synch="#LEint551_oc_7" type="other_continuation" xml:id="LEint551_oc_6"/></u>
            <u who="#LEint551_S2" xml:id="LEint551_u_57"><anchor synch="#LEint551_oc_6" type="other_continuation" xml:id="LEint551_oc_7"/> oh i see<c function="fall" type="intonation"/><seg n="7" type="overlap" xml:id="LEint551_ol_40"> mhm </seg></u>
            <u who="#LEint551_S1" xml:id="LEint551_u_58"><seg n="7" synch="#LEint551_ol_40" type="overlap" xml:id="LEint551_ol_41"> hh </seg> an<c type="lengthening"/>d er we will see erm <pause dur="PT2S"/> we have er <pause dur="PT1S"/> we<c type="lengthening"/><pause dur="PT1S"/> we have <foreign type="L1" voice:translation="to want i don't know how to say" xml:lang="fre"> envie <shift corresp="#LEint551_s_28" feature="tempo" new="a" xml:id="LEint551_s_27"/><unclear> je ne sais pas </unclear> comment dit <shift corresp="#LEint551_s_27" feature="tempo" new="neutral" xml:id="LEint551_s_28"/></foreign> hh we have the intention<c function="rise" type="intonation"/></u>
            <u who="#LEint551_S2" xml:id="LEint551_u_59"> mhm </u>
            <u who="#LEint551_S1" xml:id="LEint551_u_60"> to participate to<c type="lengthening"/><pause/> to <unclear> armo- </unclear> to <voice:pvc><unclear> armotived </unclear></voice:pvc> and <pause dur="PT1S"/> to participate erm <pause/><emph> very </emph><vocal subtype="wordstart" type="wordlike" voice:desc="laughing" voice:syl="3"/><foreign type="L1" voice:translation="at the front  in french" xml:lang="fre"><seg n="1" type="overlap" xml:id="LEint551_ol_42"> a </seg> front <vocal subtype="wordstart" type="wordlike" voice:desc="laughing" voice:syl="2"/> en francais </foreign><vocal subtype="wordstart" type="wordlike" voice:desc="laughing" voice:syl="2"/><pause/></u>
            <u who="#LEint551_S2" xml:id="LEint551_u_61"><seg n="1" synch="#LEint551_ol_42" type="overlap" xml:id="LEint551_ol_43"> mhm </seg></u>
            <u who="#LEint551_S1" xml:id="LEint551_u_62"> where do you want to participate<c function="rise" type="intonation"/></u>
            <u who="#LEint551_S1" xml:id="LEint551_u_63"> er at the <emph> game </emph> but really er <foreign type="L1" voice:translation="to make an effort to" xml:lang="fre"> se donner </foreign> er to  </u>
            <u who="#LEint551_S2" xml:id="LEint551_u_64"><shift corresp="#LEint551_s_30" feature="tempo" new="a" xml:id="LEint551_s_29"/> do you want to <emph> win </emph><c function="rise" type="intonation"/><shift corresp="#LEint551_s_29" feature="tempo" new="neutral" xml:id="LEint551_s_30"/></u>
            <u who="#LEint551_S1" xml:id="LEint551_u_65"> to a<c type="lengthening"/>h yeah <seg n="2" type="overlap" xml:id="LEint551_ol_44"><vocal subtype="wordstart" type="wordlike" voice:desc="laughing" voice:syl="5"/></seg></u>
            <u who="#LEint551_S2" xml:id="LEint551_u_66"><seg n="2" synch="#LEint551_ol_44" type="overlap" xml:id="LEint551_ol_45"><vocal subtype="wordstart" type="wordlike" voice:desc="laughing" voice:syl="5"/></seg>  okay then i wish you good luck <seg n="3" type="overlap" xml:id="LEint551_ol_46"> and </seg> thank you very much </u>
            <u who="#LEint551_S1" xml:id="LEint551_u_67"><seg n="3" synch="#LEint551_ol_46" type="overlap" xml:id="LEint551_ol_47"> yeah </seg></u>
            <u who="#LEint551_S2" xml:id="LEint551_u_68"> okay thank you bye-bye </u>
         </div>
      </body>
   </text>
</TEI>