<TEI xmlns="http://www.tei-c.org/ns/1.0" xmlns:voice="http://www.univie.ac.at/voice/ns/1.0" xmlns:xi="http://www.w3.org/2001/XInclude" version="5" xml:id="PBcon594" xml:lang="eng">
   <teiHeader>
      <fileDesc>
         <titleStmt>
            <title>conversation about being a successful woman in the business world</title>
            <principal>Prof. Barbara Seidlhofer</principal>
            <editor/>
            <funder>Austrian Science Foundation (FWF)</funder>
            <sponsor/>
            <respStmt>
               <resp>Corpus Compilation</resp>
               <orgName>VOICE Project</orgName>
               <persName>Barbara Seidlhofer</persName>
               <persName>Angelika Breiteneder</persName>
               <persName>Marie-Luise Pitzl</persName>
               <persName>Stefan Majewski</persName>
               <persName>Theresa Klimpfinger</persName>
            </respStmt>
         </titleStmt>
         <editionStmt>
		<edition>Version 1.0 XML, <date>May 2011</date></edition>
	  <respStmt>
		<resp>Researchers</resp>
		<name>Barbara Seidlhofer</name> 		
		<name>Angelika Breiteneder</name> 
		<name>Theresa Klimpfinger</name> 
		<name>Stefan Majewski</name> 
		<name>Marie-Luise Pitzl</name> 
	  </respStmt>
	</editionStmt>
         <publicationStmt>
		<publisher>Barbara Seidlhofer, Stefan Majewski, Marie-Luise Pitzl</publisher> 
	  <distributor>VOICE Project, University of Vienna, Austria</distributor> 
	  <address>
		<addrLine>Spitalgasse 2, AAKH Hof 8</addrLine> 
		<addrLine>1090 Vienna</addrLine> 
		<addrLine>Austria</addrLine> 
		<addrLine>Telephone: +43 1 427742446</addrLine> 
	  	<addrLine>Email: voice@univie.ac.at</addrLine> 
		<addrLine>Website: http://www.univie.ac.at/voice</addrLine> 
	  </address>
	  <availability status="free">
	  	<p>
		  The Vienna-Oxford International Corpus of English (VOICE)
		  was created by Barbara Seidlhofer (project director) and
		  Angelika Breiteneder, Theresa Klimpfinger, Stefan Majewski,
		  Marie-Luise Pitzl (project researchers). VOICE 1.0 XML is
		  available for download at the VOICE Project's website <ref target="http://www.univie.ac.at/voice/">http://www.univie.ac.at/voice/</ref>
		  under a Creative Commons
		  Attribution-NonCommercial-ShareAlike 3.0 Unported (CC
		  BY-NC-SA 3.0) License (<ref target="http://creativecommons.org/licenses/by-nc-sa/3.0/">
		  http://creativecommons.org/licenses/by-nc-sa/3.0/
		  </ref>). The original audio files are held at the Department
		  of English, University of Vienna. 23 selected audio files
		  are available as audio streams in the VOICE Online interface
		  at the VOICE Project's website <ref target="http://www.univie.ac.at/voice">http://www.univie.ac.at/voice</ref>.
		</p>
		<p>
		The recommended citation for VOICE 1.0 XML is:
		</p>
		<p>
		<bibl><title>VOICE</title>. <date>2011</date>. <title level="m">The Vienna-Oxford International Corpus of
		English</title> (<edition>version 1.0
		XML</edition>). Director: Barbara Seidlhofer; Researchers:
		Angelika Breiteneder, Theresa Klimpfinger, Stefan Majewski,
		Marie-Luise Pitzl.</bibl>
		</p>
		<p>The short citation for VOICE 1.0 XML is:
		</p>
		<p>
		<bibl><title>VOICE</title>. <date>2011</date>. <title level="m">The Vienna-Oxford International Corpus of
		English</title> (<edition>version 1.0
		XML</edition>).</bibl></p>
		<p>
		  For further information about availability and copyright
		  permissions, please see the README file included in the
		  download package. For further enquiries please contact the
		  VOICE Project at <ref target="mailto:voice@univie.ac.at">voice@univie.ac.at</ref>.
		</p>
	  </availability>
	</publicationStmt>
         <notesStmt>
            <note xml:id="PBcon594_wc">Words: 2212</note>
            <note xml:id="PBcon594_tn_0">This conversation takes place between three women (S2, S3, S4) during the coffee break of a business meeting. S6 is the researcher and does not participate in the conversation as such. The speakers talk about what it is like to be a successful woman in the business world and share their views and experiences. Then they talk about the university education of S2's son. Towards the end of the conversation, the other employees who participate in the meeting return to the conference room, which marks the end of the break and of their conversation.  </note>
         </notesStmt>
         <sourceDesc>
            <recordingStmt>
               <recording dur="PT00H10M31S" type="audio">
                  <date>2006-10-20</date>
                  <equipment>
                     <p>Portable minidisc recorder with electret condenser stereo microphone</p>
                  </equipment>
                  <respStmt>
                     <resp>recording</resp>
                     <name>R3</name>
                  </respStmt>
               </recording>
            </recordingStmt>
         </sourceDesc>
      </fileDesc>
      <encodingDesc>
         <classDecl>
            <taxonomy>
               <category xml:id="PBcon594_domain">
                  <catDesc>Domain</catDesc>
                  <category sameAs="#ED" xml:id="PBcon594_ED">
                     <catDesc>educational</catDesc>
                  </category>
                  <category sameAs="#LE" xml:id="PBcon594_LE">
                     <catDesc>leisure</catDesc>
                  </category>
                  <category sameAs="#PB" xml:id="PBcon594_PB">
                     <catDesc>professional business</catDesc>
                  </category>
                  <category sameAs="#PO" xml:id="PBcon594_PO">
                     <catDesc>professional organizational</catDesc>
                  </category>
                  <category sameAs="#PR" xml:id="PBcon594_PR">
                     <catDesc>professional research/science</catDesc>
                  </category>
               </category>
               <category xml:id="PBcon594_spet">
                  <catDesc>Speech Event Type</catDesc>
                  <category sameAs="#int" xml:id="PBcon594_int">
                     <catDesc>interview</catDesc>
                  </category>
                  <category sameAs="#prc" xml:id="PBcon594_prc">
                     <catDesc>press conference</catDesc>
                  </category>
                  <category sameAs="#sve" xml:id="PBcon594_sve">
                     <catDesc>service encounter</catDesc>
                  </category>
                  <category sameAs="#sed" xml:id="PBcon594_sed">
                     <catDesc>seminar discussion</catDesc>
                  </category>
                  <category sameAs="#wgd" xml:id="PBcon594_wgd">
                     <catDesc>working group discussion</catDesc>
                  </category>
                  <category sameAs="#wsd" xml:id="PBcon594_wsd">
                     <catDesc>workshop discussion</catDesc>
                  </category>
                  <category sameAs="#mtg" xml:id="PBcon594_mtg">
                     <catDesc>meeting</catDesc>
                  </category>
                  <category sameAs="#pan" xml:id="PBcon594_pan">
                     <catDesc>panel</catDesc>
                  </category>
                  <category sameAs="#qas" xml:id="PBcon594_qas">
                     <catDesc>question-answer session</catDesc>
                  </category>
                  <category sameAs="#con" xml:id="PBcon594_con">
                     <catDesc>conversation</catDesc>
                  </category>
               </category>
            </taxonomy>
         </classDecl>
         <tagsDecl><namespace name="http://www.tei-c.org/ns/1.0">
      <tagUsage gi="TEI" occurs="1"/>
      <tagUsage gi="teiHeader" occurs="1"/>
      <tagUsage gi="fileDesc" occurs="1"/>
      <tagUsage gi="titleStmt" occurs="1"/>
      <tagUsage gi="title" occurs="5"/>
      <tagUsage gi="principal" occurs="1"/>
      <tagUsage gi="editor" occurs="1"/>
      <tagUsage gi="funder" occurs="1"/>
      <tagUsage gi="sponsor" occurs="1"/>
      <tagUsage gi="respStmt" occurs="3"/>
      <tagUsage gi="resp" occurs="3"/>
      <tagUsage gi="orgName" occurs="1"/>
      <tagUsage gi="persName" occurs="5"/>
      <tagUsage gi="editionStmt" occurs="1"/>
      <tagUsage gi="edition" occurs="3"/>
      <tagUsage gi="date" occurs="4"/>
      <tagUsage gi="name" occurs="8"/>
      <tagUsage gi="publicationStmt" occurs="1"/>
      <tagUsage gi="publisher" occurs="1"/>
      <tagUsage gi="distributor" occurs="1"/>
      <tagUsage gi="address" occurs="1"/>
      <tagUsage gi="addrLine" occurs="6"/>
      <tagUsage gi="availability" occurs="1"/>
      <tagUsage gi="p" occurs="7"/>
      <tagUsage gi="ref" occurs="5"/>
      <tagUsage gi="bibl" occurs="2"/>
      <tagUsage gi="notesStmt" occurs="1"/>
      <tagUsage gi="note" occurs="2"/>
      <tagUsage gi="sourceDesc" occurs="1"/>
      <tagUsage gi="recordingStmt" occurs="1"/>
      <tagUsage gi="recording" occurs="1"/>
      <tagUsage gi="equipment" occurs="1"/>
      <tagUsage gi="encodingDesc" occurs="1"/>
      <tagUsage gi="classDecl" occurs="1"/>
      <tagUsage gi="taxonomy" occurs="1"/>
      <tagUsage gi="category" occurs="17"/>
      <tagUsage gi="catDesc" occurs="17"/>
      <tagUsage gi="tagsDecl" occurs="1"/>
      <tagUsage gi="namespace" occurs="2"/>
      <tagUsage gi="tagUsage" occurs="82"/>
      <tagUsage gi="gi" occurs="5"/>
      <tagUsage gi="att" occurs="15"/>
      <tagUsage gi="list" occurs="11"/>
      <tagUsage gi="label" occurs="20"/>
      <tagUsage gi="val" occurs="42"/>
      <tagUsage gi="item" occurs="40"/>
      <tagUsage gi="profileDesc" occurs="1"/>
      <tagUsage gi="textClass" occurs="1"/>
      <tagUsage gi="catRef" occurs="2"/>
      <tagUsage gi="settingDesc" occurs="1"/>
      <tagUsage gi="setting" occurs="1"/>
      <tagUsage gi="locale" occurs="1"/>
      <tagUsage gi="activity" occurs="1"/>
      <tagUsage gi="particDesc" occurs="1"/>
      <tagUsage gi="listPerson" occurs="4"/>
      <tagUsage gi="personGrp" occurs="2"/>
      <tagUsage gi="person" occurs="9"/>
      <tagUsage gi="age" occurs="4"/>
      <tagUsage gi="sex" occurs="4"/>
      <tagUsage gi="occupation" occurs="4"/>
      <tagUsage gi="langKnowledge" occurs="4"/>
      <tagUsage gi="langKnown" occurs="4"/>
      <tagUsage gi="relationGrp" occurs="1"/>
      <tagUsage gi="relation" occurs="2"/>
      <tagUsage gi="revisionDesc" occurs="1"/>
      <tagUsage gi="change" occurs="5"/>
      <tagUsage gi="text" occurs="1"/>
      <tagUsage gi="body" occurs="1"/>
      <tagUsage gi="div" occurs="1"/>
      <tagUsage gi="u" occurs="322">Used to mark a stretch of speech commonly
		preceded and followed by a pause or by a change of speaker. A
		<gi>u</gi> is, however, not required to be bounded by a pause or
		a change of speaker, nor does it represent a turn in a
		conversation analytic sense. At a minimum, a <gi>u</gi> is some
		phonetic production or noise made by a given speaker or a group of speakers.</tagUsage>
      <tagUsage gi="incident" occurs="9">Used to mark contextual information
		relevant to the understanding of the interaction or the
		interaction as such. The <att>voice:desc</att> attribute
		provides a short prose description of the contextual
		event.</tagUsage>
      <tagUsage gi="c" occurs="58">Used to mark lengthening of sounds and
		intonation (fall, rise). The following <att>type</att>
		attributes are used to mark:
		<list>
		  <label><val>lengthening</val></label><item>lengthened
		  sounds</item>
		  <label><val>intonation</val></label><item>a significant change in
		  intonation, marked with the following <att>function</att>
		  attribute for:
		  <list>
			<label><val>fall</val></label><item>falling
			intonation</item>
			<label><val>rise</val></label><item>rising intonation</item>
		  </list>
		</item>
		</list>
		Intonation may or may not coincide with
		syntactic boundaries.
		</tagUsage>
      <tagUsage gi="pause" occurs="85">Used to mark a pause either between or
		within utterances. Used without <att>dur</att> attribute to
		indicate a brief pause up to half a second.
		</tagUsage>
      <tagUsage gi="unclear" occurs="35">Used to mark speech which cannot be
		transcribed with certainty, because it is difficult to hear or
		understand for the transcriber.</tagUsage>
      <tagUsage gi="shift" occurs="108">Used to mark the point at which some
		paralinguistic feature changes. The following attribute values
		are used to mark:
		<list>
          <label>
            <val>voice</val>
          </label>
          <item>voice quality
          <list>
            <item><val>imitating</val></item>
            <item><val>laugh</val></item>
            <item><val>neutral</val></item>
            <item><val>phone</val></item>
            <item><val>reading</val></item>
            <item><val>reading_aloud</val></item>
            <item><val>sigh</val></item>
            <item><val>singing</val></item>
            <item><val>whisp</val></item>
            <item><val>yawning</val></item>
          </list>
          </item>
          <label>
          <val>tempo</val></label>
          <item>speed of utterance
            <list>
              <label><val>a</val></label>
              <item>accelerando</item>
              <label><val>l</val></label>
              <item>lento</item>
              <label><val>neutral</val></label>
              <item>neutral</item>
            </list>
          </item>
          <label>
          <val>loud</val></label>
          <item>loudness
            <list>
              <item><val>f</val></item>
              <item><val>neutral</val></item>
              <item><val>p</val></item>
            </list>
          </item>
		  </list>
		</tagUsage>
      <tagUsage gi="anchor" occurs="26">Used to mark other-continuation,
		i.e. whenever a speaker continues another speaker's <gi>u</gi>
		without a pause. Other-continuation is to be interpreted
		temporally and does not relate to form or content of the
		speakers' utterances.</tagUsage>
      <tagUsage gi="vocal" occurs="57">Used to mark laughter and other speaker
		noises and non-verbal feedback.
        <list>
          <label>
            <val>speaker_noise</val>
          </label>
          <item>
            <list>
              <item>
                <val>coughing</val>
              </item>
              <item>
                <val>nods</val>
              </item>
              <item>
                <val>shakes head</val>
              </item>
              <item>
                <val>smacks lips</val>
              </item>
              <item>
                <val>sniffs</val>
              </item>
              <item>
                <val>swallows</val>
              </item>
              <item>
                <val>whistles</val>
              </item>
            </list>
          </item>
          <label>
            <val>wordlike</val>
          </label>
          <item>
            <val>laughing</val>
          </item>
        </list>
        </tagUsage>
      <tagUsage gi="w" occurs="1">
		  Used with the <att>type</att> attribute set to
		  <val>spelt</val> to mark words or word fragments which are
		  spelt out, i.e. words whose constituents are pronounced as
		  individual letters.
		</tagUsage>
      <tagUsage gi="supplied" occurs="17">Used to mark text supplied by the
		transcriber because the original is unintelligible or needed to
		be anonymized. The <att>reason</att> attribute is used to mark:
		<list>
		  <label><val>unintelligible</val></label><item>unintelligible
		  speech</item>
		  <label><val>anonymization</val></label><item>anonymized
		  speech</item>
		</list>
		</tagUsage>
      <tagUsage gi="emph" occurs="35">Used to mark speech which is stressed or
		emphasized in a way that goes beyond regular nuclear
		stress.</tagUsage>
      <tagUsage gi="seg" occurs="272">Used with different <att>type</att> attributes to mark:
		<list>
		  <label><att>type</att><val>overlap</val></label>
		  <item>overlaps</item>
		  <label><att>type</att><val>onomatopoeia</val></label>
		  <item>onomatopoeic sounds</item>
		  <label><att>type</att><val>ipa</val></label>
		  <item>transcriptions in the international phonetic alphabet</item>
		</list>
		</tagUsage>
      <tagUsage gi="foreign" occurs="3">Used to mark a word or phrase as
		belonging to some language other than English. The following
		values for the <att>type</att> attribute are used to mark:
		<list>
		  <label><val>L1</val></label><item>the speaker's first
		  language</item>
		  <label><val>LN</val></label><item>a language other than the
		  speaker's first language</item>
		  <label><val>LQ</val></label><item>a language where it cannot
		  be ascertained whether it is the speaker's first or other
		  language.</item>
		</list>
		Whenever possible, the 
		<att>voice:translation</att> attribute provides a rough translation of the
		non-English speech into English.
		</tagUsage></namespace><namespace name="http://www.univie.ac.at/voice/ns/1.0">
      <tagUsage gi="voice:track" occurs="4">Used to mark the beginning of a new
		audio track used in transcription (usually three minutes in length) and thus refers to the audio recording
		of the transcribed speech event.
		</tagUsage>
      <tagUsage gi="voice:to" occurs="4">Used to mark speech directed towards a
		particular speaker. The <att>who</att>who attribute indicates the
		addressed speaker.</tagUsage>
      <tagUsage gi="voice:pvc" occurs="3">Used to mark a pronunciation variation
		or coinage as described in <ref target="http://www.univie.ac.at/voice/documents/VOICE_mark-up_conventions_v2-1.pdf">the
			VOICE mark-up conventions [2.1].</ref>the
			VOICE mark-up conventions [2.1]. An existing word corresponding to the PVC may be provided within a <att>comment</att>comment attribute within the <gi>voice:pvc</gi>voice:pvc element. Additional phonetic
			transcription may be provided within a <att>voice:ipa</att>voice:ipa attribute
			within the <gi>voice:pvc</gi>voice:pvc element.</tagUsage></namespace></tagsDecl>
      </encodingDesc>
      <profileDesc>
         <textClass>
            <catRef target="#PBcon594_PB #PBcon594_con"/>
            <catRef target="#PB #con"/>
         </textClass>
         <settingDesc>
            <setting>
               <name type="country">AT</name>
               <name type="city">confidential</name>
               <locale>meeting room at company</locale>
               <activity>pouring drinks, eating, drinking</activity>
            </setting>
         </settingDesc>
         <particDesc>
            <listPerson type="main">
               <listPerson type="groups">
                  <personGrp role="speakers" size="4"/>
                  <personGrp role="interactants" size="3"/>
               </listPerson>
               <listPerson type="identified">
                  <person role="participant" sameAs="#P526" xml:id="PBcon594_S4">
                     <age value="4">50+</age>
                     <sex value="2">female</sex>
                     <occupation>sales representative of food company</occupation>
                     <langKnowledge>
                        <langKnown level="L1" tag="ger-AT"/>
                     </langKnowledge>
                  </person>
                  <person role="participant" sameAs="#P525" xml:id="PBcon594_S3">
                     <age value="3">35-49</age>
                     <sex value="2">female</sex>
                     <occupation>sales representative of food company</occupation>
                     <langKnowledge>
                        <langKnown level="L1" tag="ger-AT"/>
                     </langKnowledge>
                  </person>
                  <person role="participant" sameAs="#P524" xml:id="PBcon594_S2">
                     <age value="4">50+</age>
                     <sex value="2">female</sex>
                     <occupation>head of distribution company</occupation>
                     <langKnowledge>
                        <langKnown level="L1" tag="scc-RS"/>
                     </langKnowledge>
                  </person>
                  <person role="researcher" sameAs="#P6" xml:id="PBcon594_S6">
                     <age value="2">25-34</age>
                     <sex value="2">female</sex>
                     <occupation>linguistic researcher</occupation>
                     <langKnowledge>
                        <langKnown level="L1" tag="ger-AT"/>
                     </langKnowledge>
                  </person>
               </listPerson>
               <listPerson type="not_identified">
                  <person corresp="#PBcon594_S1" sameAs="#SX" xml:id="PBcon594_SX-1"/>
                  <person corresp="#PBcon594_S3" sameAs="#SX" xml:id="PBcon594_SX-3"/>
                  <person sameAs="#SX-f" xml:id="PBcon594_SX-f"/>
                  <person sameAs="#SS" xml:id="PBcon594_SS"/>
                  <person sameAs="#SX" xml:id="PBcon594_SX"/>
               </listPerson>
               <relationGrp>
                  <relation mutual="#PBcon594_S2 #PBcon594_S3 #PBcon594_S4" name="fairly_symmetrical" type="power"/>
                  <relation mutual="#PBcon594_S2 #PBcon594_S3 #PBcon594_S4" name="acquainted" type="acquaintedness"/>
               </relationGrp>
            </listPerson>
         </particDesc>
      </profileDesc>
      <revisionDesc>
         <change when="2009-05-19" who="SM">conversion to XML</change>
         <change when="2009-05-11" who="TK">finalized for publication</change>
         <change when="2008-11-03" who="AB">proof-reading</change>
         <change when="2008-09-18" who="MLP">checking</change>
         <change when="2007-04-13" who="NL">transcription</change>
      </revisionDesc>
   </teiHeader>
   <text>
      <body>
         <div type="medium" voice:end="01:31" voice:end_medium_number="1" voice:end_track="4" voice:medium_type="md" voice:start="00:00" voice:start_medium_number="1" voice:start_track="1">
            <u who="#PBcon594_S3" xml:id="PBcon594_u_1"><voice:track medium="1" num="1" type="md"/><incident voice:desc="some background noise with other people speaking"/> we had this<c type="lengthening"/><pause/> in in serbia billboards and so <unclear> on </unclear> they they get an idea what's possible and what can be done and <pause dur="PT1S"/> for them it's very important <pause dur="PT6S"/><incident voice:desc="cup or dish is set on a table"/></u>
            <u who="#PBcon594_SX-f" xml:id="PBcon594_u_2"><shift corresp="#PBcon594_s_2" feature="loud" new="p" xml:id="PBcon594_s_1"/><unclear> mhm </unclear><shift corresp="#PBcon594_s_1" feature="loud" new="neutral" xml:id="PBcon594_s_2"/><pause dur="PT3S"/></u>
            <u who="#PBcon594_S2" xml:id="PBcon594_u_3"> so soon you will have a library of our reports <anchor synch="#PBcon594_oc_1" type="other_continuation" xml:id="PBcon594_oc_0"/></u>
            <u who="#PBcon594_S3" xml:id="PBcon594_u_4"><anchor synch="#PBcon594_oc_0" type="other_continuation" xml:id="PBcon594_oc_1"/> yes<c type="lengthening"/><c type="lengthening"/> i have already <vocal subtype="wordstart" type="wordlike" voice:desc="laughing" voice:syl="2"/> also all the  <w voice:mode="spelt"> c ds  </w> it's </u>
            <u who="#PBcon594_S2" xml:id="PBcon594_u_5"><shift corresp="#PBcon594_s_4" feature="loud" new="p" xml:id="PBcon594_s_3"/> yes <shift corresp="#PBcon594_s_3" feature="loud" new="neutral" xml:id="PBcon594_s_4"/></u>
            <u who="#PBcon594_S3" xml:id="PBcon594_u_6"> everything is stored in my office <vocal subtype="wordstart" type="wordlike" voice:desc="laughing" voice:syl="2"/><pause dur="PT6S"/></u>
            <u who="#PBcon594_SX-3" xml:id="PBcon594_u_7"><shift corresp="#PBcon594_s_6" feature="loud" new="p" xml:id="PBcon594_s_5"/> actually <shift corresp="#PBcon594_s_5" feature="loud" new="neutral" xml:id="PBcon594_s_6"/></u>
            <u who="#PBcon594_S2" xml:id="PBcon594_u_8"><supplied reason="anonymization"> [S4] </supplied><c function="fall" type="intonation"/></u>
            <u who="#PBcon594_SX-3" xml:id="PBcon594_u_9"><shift corresp="#PBcon594_s_8" feature="loud" new="p" xml:id="PBcon594_s_7"/> the part thought we have covered <shift corresp="#PBcon594_s_7" feature="loud" new="neutral" xml:id="PBcon594_s_8"/></u>
            <u who="#PBcon594_S2" xml:id="PBcon594_u_10"> always in good mood she is </u>
            <u who="#PBcon594_S4" xml:id="PBcon594_u_11"><vocal subtype="wordstart" type="wordlike" voice:desc="laughing" voice:syl="3"/><vocal subtype="wordstart" type="wordlike" voice:desc="laughing" voice:syl="3"/><vocal subtype="wordstart" type="wordlike" voice:desc="laughing" voice:syl="1"/></u>
            <u who="#PBcon594_S2" xml:id="PBcon594_u_12"> when i saw you first time  you look  so strict that i that i got afraid o<c type="lengthening"/>w  what a <pause/></u>
            <u who="#PBcon594_S4" xml:id="PBcon594_u_13"><shift corresp="#PBcon594_s_10" feature="loud" new="f" xml:id="PBcon594_s_9"/> at the <emph> very </emph> first time <shift corresp="#PBcon594_s_9" feature="loud" new="neutral" xml:id="PBcon594_s_10"/><seg n="1" type="overlap" xml:id="PBcon594_ol_0"> or what </seg></u>
            <u who="#PBcon594_S2" xml:id="PBcon594_u_14"><seg n="1" synch="#PBcon594_ol_0" type="overlap" xml:id="PBcon594_ol_1"> at the </seg> very <seg n="2" type="overlap" xml:id="PBcon594_ol_2"> first time </seg> yes because you you are so er sophisticated you know an<c type="lengthening"/>d serious <shift corresp="#PBcon594_s_12" feature="tempo" new="a" xml:id="PBcon594_s_11"/> not in in er behavior <shift corresp="#PBcon594_s_11" feature="tempo" new="neutral" xml:id="PBcon594_s_12"/><seg n="3" type="overlap" xml:id="PBcon594_ol_3"> but in er </seg> energy that you that you <pause dur="PT1S"/></u>
            <u who="#PBcon594_S4" xml:id="PBcon594_u_15"><seg n="2" synch="#PBcon594_ol_2" type="overlap" xml:id="PBcon594_ol_4"> really<c function="rise" type="intonation"/></seg></u>
            <u who="#PBcon594_S4" xml:id="PBcon594_u_16"><seg n="3" synch="#PBcon594_ol_3" type="overlap" xml:id="PBcon594_ol_5"> yeah yeah </seg></u>
            <u who="#PBcon594_S4" xml:id="PBcon594_u_17"><vocal subtype="wordstart" type="wordlike" voice:desc="laughing" voice:syl="3"/></u>
            <u who="#PBcon594_S2" xml:id="PBcon594_u_18"><shift corresp="#PBcon594_s_14" feature="voice" new="laugh" xml:id="PBcon594_s_13"/> goes <seg n="4" type="overlap" xml:id="PBcon594_ol_6"> out of you </seg><shift corresp="#PBcon594_s_13" feature="voice" new="neutral" xml:id="PBcon594_s_14"/></u>
            <u who="#PBcon594_S4" xml:id="PBcon594_u_19"><seg n="4" synch="#PBcon594_ol_6" type="overlap" xml:id="PBcon594_ol_7"><shift corresp="#PBcon594_s_16" feature="loud" new="p" xml:id="PBcon594_s_15"/><vocal subtype="wordstart" type="wordlike" voice:desc="laughing" voice:syl="3"/><shift corresp="#PBcon594_s_15" feature="loud" new="neutral" xml:id="PBcon594_s_16"/></seg><vocal subtype="wordstart" type="wordlike" voice:desc="laughing" voice:syl="1"/><vocal subtype="wordstart" type="wordlike" voice:desc="laughing" voice:syl="1"/><vocal subtype="wordstart" type="wordlike" voice:desc="laughing" voice:syl="1"/></u>
            <u who="#PBcon594_S2" xml:id="PBcon594_u_20"> like a deman- demanding lady you know <seg n="5" type="overlap" xml:id="PBcon594_ol_8"> like </seg> yes </u>
            <u who="#PBcon594_S4" xml:id="PBcon594_u_21"><seg n="5" synch="#PBcon594_ol_8" type="overlap" xml:id="PBcon594_ol_9"> really<c function="rise" type="intonation"/></seg></u>
            <u who="#PBcon594_S3" xml:id="PBcon594_u_22"> what <emph> she </emph> is <seg n="6" type="overlap" xml:id="PBcon594_ol_10"> actually </seg><seg n="7" type="overlap" xml:id="PBcon594_ol_11"><vocal subtype="wordstart" type="wordlike" voice:desc="laughing" voice:syl="3"/><vocal subtype="wordstart" type="wordlike" voice:desc="laughing" voice:syl="2"/></seg></u>
            <u who="#PBcon594_S2" xml:id="PBcon594_u_23"><seg n="6" synch="#PBcon594_ol_10" type="overlap" xml:id="PBcon594_ol_12"> but then </seg><seg n="7" synch="#PBcon594_ol_11" type="overlap" xml:id="PBcon594_ol_13"> i i i can imagine </seg></u>
            <u who="#PBcon594_S4" xml:id="PBcon594_u_24"><seg n="7" synch="#PBcon594_ol_11" type="overlap" xml:id="PBcon594_ol_14"><vocal subtype="wordstart" type="wordlike" voice:desc="laughing" voice:syl="5"/></seg>  sometimes <seg n="1" type="overlap" xml:id="PBcon594_ol_15"> sometimes </seg></u>
            <u who="#PBcon594_S2" xml:id="PBcon594_u_25"><seg n="1" synch="#PBcon594_ol_15" type="overlap" xml:id="PBcon594_ol_16"> the the </seg> first the first <seg n="2" type="overlap" xml:id="PBcon594_ol_17"> impression </seg><unclear> that will make </unclear> you<c type="lengthening"/> very wrong<c function="fall" type="intonation"/><pause/></u>
            <u who="#PBcon594_S4" xml:id="PBcon594_u_26"><seg n="2" synch="#PBcon594_ol_17" type="overlap" xml:id="PBcon594_ol_18"> som- yah yah </seg></u>
            <u who="#PBcon594_S2" xml:id="PBcon594_u_27"><seg n="3" type="overlap" xml:id="PBcon594_ol_19"> so but but then </seg></u>
            <u who="#PBcon594_S3" xml:id="PBcon594_u_28"><seg n="3" synch="#PBcon594_ol_19" type="overlap" xml:id="PBcon594_ol_20"><unclear> it </unclear><unclear> was </unclear><supplied reason="unintelligible"> x </supplied><unclear> months </unclear></seg> it was the first meeting you had here before i started at <supplied reason="anonymization"> [org1] </supplied><seg n="4" type="overlap" xml:id="PBcon594_ol_21"> i think </seg><unclear> i remember </unclear> with <supplied reason="anonymization"> [first name1] </supplied><seg n="5" type="overlap" xml:id="PBcon594_ol_22"> or was<unclear>n't </unclear> it </seg></u>
            <u who="#PBcon594_S4" xml:id="PBcon594_u_29"><seg n="4" synch="#PBcon594_ol_21" type="overlap" xml:id="PBcon594_ol_23"> aha </seg></u>
            <u who="#PBcon594_S4" xml:id="PBcon594_u_30"><seg n="5" synch="#PBcon594_ol_22" type="overlap" xml:id="PBcon594_ol_24"> aha<c type="lengthening"/></seg> aha  </u>
            <u who="#PBcon594_S2" xml:id="PBcon594_u_31"> and but then when she smiles you forget all the <shift corresp="#PBcon594_s_18" feature="voice" new="laugh" xml:id="PBcon594_s_17"/> demands she has <shift corresp="#PBcon594_s_17" feature="voice" new="neutral" xml:id="PBcon594_s_18"/><seg n="6" type="overlap" xml:id="PBcon594_ol_25"><vocal subtype="wordstart" type="wordlike" voice:desc="laughing" voice:syl="3"/></seg></u>
            <u who="#PBcon594_S4" xml:id="PBcon594_u_32"><seg n="6" synch="#PBcon594_ol_25" type="overlap" xml:id="PBcon594_ol_26"><vocal subtype="wordstart" type="wordlike" voice:desc="laughing" voice:syl="3"/></seg><vocal subtype="wordstart" type="wordlike" voice:desc="laughing" voice:syl="3"/><vocal subtype="wordstart" type="wordlike" voice:desc="laughing" voice:syl="2"/><vocal subtype="wordstart" type="wordlike" voice:desc="laughing" voice:syl="2"/><vocal subtype="wordstart" type="wordlike" voice:desc="laughing" voice:syl="1"/>  no<c type="lengthening"/> no no <pause/> i mean <seg n="7" type="overlap" xml:id="PBcon594_ol_27"> of course sometimes you have </seg> to be very demanding <anchor synch="#PBcon594_oc_3" type="other_continuation" xml:id="PBcon594_oc_2"/></u>
            <u who="#PBcon594_S2" xml:id="PBcon594_u_33"><seg n="7" synch="#PBcon594_ol_27" type="overlap" xml:id="PBcon594_ol_28"> yeah but it's it it's it's </seg></u>
            <u who="#PBcon594_S2" xml:id="PBcon594_u_34"><anchor synch="#PBcon594_oc_2" type="other_continuation" xml:id="PBcon594_oc_3"/> i i <seg n="1" type="overlap" xml:id="PBcon594_ol_29"> agree this is </seg> something <seg n="2" type="overlap" xml:id="PBcon594_ol_30"> i always </seg></u>
            <u who="#PBcon594_S4" xml:id="PBcon594_u_35"><seg n="1" synch="#PBcon594_ol_29" type="overlap" xml:id="PBcon594_ol_31"><shift corresp="#PBcon594_s_20" feature="loud" new="p" xml:id="PBcon594_s_19"/> sure sure sure <shift corresp="#PBcon594_s_19" feature="loud" new="neutral" xml:id="PBcon594_s_20"/></seg></u>
            <u who="#PBcon594_S4" xml:id="PBcon594_u_36"><seg n="2" synch="#PBcon594_ol_30" type="overlap" xml:id="PBcon594_ol_32"> even with<emph>in </emph></seg> our com<seg n="3" type="overlap" xml:id="PBcon594_ol_33">pany yeah right right </seg> right right <pause/></u>
            <u who="#PBcon594_S2" xml:id="PBcon594_u_37"><seg n="3" synch="#PBcon594_ol_33" type="overlap" xml:id="PBcon594_ol_34"> i always try to be as well </seg></u>
            <u who="#PBcon594_S4" xml:id="PBcon594_u_38"> i mean to have a good <emph> laugh </emph><anchor synch="#PBcon594_oc_5" type="other_continuation" xml:id="PBcon594_oc_4"/></u>
            <u who="#PBcon594_S2" xml:id="PBcon594_u_39"><anchor synch="#PBcon594_oc_4" type="other_continuation" xml:id="PBcon594_oc_5"/> to my<emph>self </emph> and <seg n="4" type="overlap" xml:id="PBcon594_ol_35"> to other people </seg></u>
            <u who="#PBcon594_S4" xml:id="PBcon594_u_40"><seg n="4" synch="#PBcon594_ol_35" type="overlap" xml:id="PBcon594_ol_36"> right right </seg> to have a good laugh <seg n="5" type="overlap" xml:id="PBcon594_ol_37"> is </seg></u>
            <u who="#PBcon594_S2" xml:id="PBcon594_u_41"><seg n="5" synch="#PBcon594_ol_37" type="overlap" xml:id="PBcon594_ol_38"> but </seg> if you do it with charm<c function="rise" type="intonation"/><pause dur="PT1S"/></u>
            <u who="#PBcon594_S4" xml:id="PBcon594_u_42"> right <seg n="6" type="overlap" xml:id="PBcon594_ol_39"> right right right </seg></u>
            <u who="#PBcon594_S2" xml:id="PBcon594_u_43"><seg n="6" synch="#PBcon594_ol_39" type="overlap" xml:id="PBcon594_ol_40"> and it's <shift corresp="#PBcon594_s_22" feature="loud" new="p" xml:id="PBcon594_s_21"/> it it's <shift corresp="#PBcon594_s_21" feature="loud" new="neutral" xml:id="PBcon594_s_22"/></seg><pause/> with  positive <pause/><seg n="7" type="overlap" xml:id="PBcon594_ol_41"> way<c function="rise" type="intonation"/> it's </seg> it's normal <pause/></u>
            <u who="#PBcon594_S4" xml:id="PBcon594_u_44"><seg n="7" synch="#PBcon594_ol_41" type="overlap" xml:id="PBcon594_ol_42"> mhm mhm </seg></u>
            <u who="#PBcon594_S4" xml:id="PBcon594_u_45"> and and when i do it with<emph>out </emph> smile then they know oh-<seg n="1" type="overlap" xml:id="PBcon594_ol_43">oh<c type="lengthening"/> okay <vocal subtype="wordstart" type="wordlike" voice:desc="laughing" voice:syl="5"/></seg></u>
            <u who="#PBcon594_S2" xml:id="PBcon594_u_46"><seg n="1" synch="#PBcon594_ol_43" type="overlap" xml:id="PBcon594_ol_44"> a<c type="lengthening"/>h <unclear> you know </unclear> th- <shift corresp="#PBcon594_s_24" feature="loud" new="p" xml:id="PBcon594_s_23"/><vocal subtype="wordstart" type="wordlike" voice:desc="laughing" voice:syl="2"/><shift corresp="#PBcon594_s_23" feature="loud" new="neutral" xml:id="PBcon594_s_24"/></seg> then they know <anchor synch="#PBcon594_oc_7" type="other_continuation" xml:id="PBcon594_oc_6"/></u>
            <u who="#PBcon594_S4" xml:id="PBcon594_u_47"><anchor synch="#PBcon594_oc_6" type="other_continuation" xml:id="PBcon594_oc_7"/> it's better to run <vocal subtype="wordstart" type="wordlike" voice:desc="laughing" voice:syl="3"/><vocal subtype="wordstart" type="wordlike" voice:desc="laughing" voice:syl="3"/><seg n="3" type="overlap" xml:id="PBcon594_ol_45"><vocal subtype="wordstart" type="wordlike" voice:desc="laughing" voice:syl="4"/></seg><vocal subtype="wordstart" type="wordlike" voice:desc="laughing" voice:syl="1"/> hh <vocal subtype="wordstart" type="wordlike" voice:desc="laughing" voice:syl="1"/> hh <vocal subtype="wordstart" type="wordlike" voice:desc="laughing" voice:syl="1"/><pause/></u>
            <u who="#PBcon594_S2" xml:id="PBcon594_u_48"><seg n="3" synch="#PBcon594_ol_45" type="overlap" xml:id="PBcon594_ol_46"> dangerous times come<c function="fall" type="intonation"/></seg></u>
            <u who="#PBcon594_S4" xml:id="PBcon594_u_49"> no but i really i <pause/> i try<c type="lengthening"/> ever<emph>y </emph><c type="lengthening"/> every day to <emph> sof</emph>ten myself<c function="fall" type="intonation"/> because i'm dema- i'm very demanding to <emph> myself </emph></u>
            <u who="#PBcon594_S2" xml:id="PBcon594_u_50"> yeah <seg n="4" type="overlap" xml:id="PBcon594_ol_47"> yeah i know and tough <unclear> also </unclear></seg></u>
            <u who="#PBcon594_S4" xml:id="PBcon594_u_51"><seg n="4" synch="#PBcon594_ol_47" type="overlap" xml:id="PBcon594_ol_48"> you know so i think i'm </seg> more demanding to myself <pause/> than<c function="fall" type="intonation"/> to the <emph> others </emph> so<c function="fall" type="intonation"/><pause/> and and sometimes when it when i discuss with <supplied reason="anonymization"> [S3] </supplied> i really have to soften myself or to <pause/> to keep to keep <seg n="5" type="overlap" xml:id="PBcon594_ol_49"> myself back </seg></u>
            <u who="#PBcon594_S2" xml:id="PBcon594_u_52"><seg n="5" synch="#PBcon594_ol_49" type="overlap" xml:id="PBcon594_ol_50"> hh i keep </seg> doing it for years but <pause/><seg n="8" type="overlap" xml:id="PBcon594_ol_51"> i don't know </seg></u>
            <u who="#PBcon594_S4" xml:id="PBcon594_u_53"><seg n="8" synch="#PBcon594_ol_51" type="overlap" xml:id="PBcon594_ol_52"><shift corresp="#PBcon594_s_26" feature="loud" new="p" xml:id="PBcon594_s_25"/> mhm <shift corresp="#PBcon594_s_25" feature="loud" new="neutral" xml:id="PBcon594_s_26"/></seg></u>
            <u who="#PBcon594_S3" xml:id="PBcon594_u_54"> it it's your <pause/> it's your company and that's the difference <pause/></u>
            <u who="#PBcon594_S2" xml:id="PBcon594_u_55"> yes <shift corresp="#PBcon594_s_28" feature="tempo" new="a" xml:id="PBcon594_s_27"/><seg n="6" type="overlap" xml:id="PBcon594_ol_53"> but er what a what a </seg> what er <shift corresp="#PBcon594_s_27" feature="tempo" new="neutral" xml:id="PBcon594_s_28"/><supplied reason="anonymization"> [S4] </supplied> says to myself <anchor synch="#PBcon594_oc_9" type="other_continuation" xml:id="PBcon594_oc_8"/></u>
            <u who="#PBcon594_S3" xml:id="PBcon594_u_56"><seg n="6" synch="#PBcon594_ol_53" type="overlap" xml:id="PBcon594_ol_54"> really you have to say </seg></u>
            <u who="#PBcon594_S4" xml:id="PBcon594_u_57"><anchor synch="#PBcon594_oc_8" type="other_continuation" xml:id="PBcon594_oc_9"/> m<seg n="9" type="overlap" xml:id="PBcon594_ol_55">hm </seg></u>
            <u who="#PBcon594_S2" xml:id="PBcon594_u_58"><seg n="9" synch="#PBcon594_ol_55" type="overlap" xml:id="PBcon594_ol_56"> and </seg> also to my closest <pause/></u>
            <u who="#PBcon594_S4" xml:id="PBcon594_u_59"> mhm <seg n="7" type="overlap" xml:id="PBcon594_ol_57"> mhm </seg></u>
            <u who="#PBcon594_S2" xml:id="PBcon594_u_60"><seg n="7" synch="#PBcon594_ol_57" type="overlap" xml:id="PBcon594_ol_58"> t- to my </seg> sons to a man i live with  </u>
            <u who="#PBcon594_SX-3" xml:id="PBcon594_u_61"> yeah yeah </u>
            <u who="#PBcon594_S2" xml:id="PBcon594_u_62"><seg n="1" type="overlap" xml:id="PBcon594_ol_59"> and after a </seg> few years<c type="lengthening"/><seg n="2" type="overlap" xml:id="PBcon594_ol_60"><shift corresp="#PBcon594_s_30" feature="tempo" new="a" xml:id="PBcon594_s_29"/> er years <shift corresp="#PBcon594_s_29" feature="tempo" new="neutral" xml:id="PBcon594_s_30"/></seg><seg n="3" type="overlap" xml:id="PBcon594_ol_61"> he's fed up <pause/><shift corresp="#PBcon594_s_32" feature="voice" new="laugh" xml:id="PBcon594_s_31"/> of my demands <shift corresp="#PBcon594_s_31" feature="voice" new="neutral" xml:id="PBcon594_s_32"/> but i can<emph>not </emph> do differently </seg><pause/></u>
            <u who="#PBcon594_S4" xml:id="PBcon594_u_63"><seg n="1" synch="#PBcon594_ol_59" type="overlap" xml:id="PBcon594_ol_62"> exactly </seg></u>
            <u who="#PBcon594_S4" xml:id="PBcon594_u_64"><seg n="2" synch="#PBcon594_ol_60" type="overlap" xml:id="PBcon594_ol_63"> yeah yeah </seg><seg n="3" synch="#PBcon594_ol_61" type="overlap" xml:id="PBcon594_ol_64"> yeah yeah yeah <emph> yah </emph> yah yes yes yes yes </seg> yes yes yes <emph> yes </emph> exactly exactly </u>
            <u who="#PBcon594_S3" xml:id="PBcon594_u_65"><seg n="2" synch="#PBcon594_ol_60" type="overlap" xml:id="PBcon594_ol_65"> okay yeah </seg></u>
            <u who="#PBcon594_S2" xml:id="PBcon594_u_66"> then at the end you start going to  to to somebody's nerves  be<seg n="4" type="overlap" xml:id="PBcon594_ol_66">cause it's es</seg>pecially to <seg n="5" type="overlap" xml:id="PBcon594_ol_67"> to to </seg> the close people to me <seg n="10" type="overlap" xml:id="PBcon594_ol_68"> because </seg> it's everyday <seg n="6" type="overlap" xml:id="PBcon594_ol_69"> pushing from my side </seg></u>
            <u who="#PBcon594_S4" xml:id="PBcon594_u_67"><seg n="4" synch="#PBcon594_ol_66" type="overlap" xml:id="PBcon594_ol_70"> yeah right right </seg></u>
            <u who="#PBcon594_S4" xml:id="PBcon594_u_68"><seg n="5" synch="#PBcon594_ol_67" type="overlap" xml:id="PBcon594_ol_71"> uhu </seg></u>
            <u who="#PBcon594_S4" xml:id="PBcon594_u_69"><seg n="10" synch="#PBcon594_ol_68" type="overlap" xml:id="PBcon594_ol_72"> mhm </seg></u>
            <u who="#PBcon594_S4" xml:id="PBcon594_u_70"><seg n="6" synch="#PBcon594_ol_69" type="overlap" xml:id="PBcon594_ol_73"> yeah yeah right right right </seg> mhm </u>
            <u who="#PBcon594_S2" xml:id="PBcon594_u_71"> and i do it myself and somehow i do it to to people <seg n="7" type="overlap" xml:id="PBcon594_ol_74"> around </seg></u>
            <u who="#PBcon594_S4" xml:id="PBcon594_u_72"><seg n="7" synch="#PBcon594_ol_74" type="overlap" xml:id="PBcon594_ol_75"> to other<unclear>s </unclear></seg><voice:track medium="1" num="2" type="md"/> because yeah yeah right mhm <pause dur="PT1S"/> and and <seg n="1" type="overlap" xml:id="PBcon594_ol_76"> sometimes <voice:to who="#PBcon594_S2"> mhm </voice:to></seg></u>
            <u who="#PBcon594_S2" xml:id="PBcon594_u_73"><seg n="1" synch="#PBcon594_ol_76" type="overlap" xml:id="PBcon594_ol_77"> because this </seg> is really my way </u>
            <u who="#PBcon594_S4" xml:id="PBcon594_u_74"> right </u>
            <u who="#PBcon594_S2" xml:id="PBcon594_u_75"> and er even if you do it with a <pause dur="PT1S"/></u>
            <u who="#PBcon594_S4" xml:id="PBcon594_u_76"> mhm </u>
            <u who="#PBcon594_S2" xml:id="PBcon594_u_77"> charm <seg n="2" type="overlap" xml:id="PBcon594_ol_78"> and smile er i- i- it is </seg> it is difficult for the for the people </u>
            <u who="#PBcon594_S4" xml:id="PBcon594_u_78"><seg n="2" synch="#PBcon594_ol_78" type="overlap" xml:id="PBcon594_ol_79"> mhm yeah yeah </seg></u>
            <u who="#PBcon594_S3" xml:id="PBcon594_u_79"><shift corresp="#PBcon594_s_34" feature="loud" new="p" xml:id="PBcon594_s_33"/><seg n="2" synch="#PBcon594_ol_78" type="overlap" xml:id="PBcon594_ol_80"> do as well </seg><shift corresp="#PBcon594_s_33" feature="loud" new="neutral" xml:id="PBcon594_s_34"/></u>
            <u who="#PBcon594_S4" xml:id="PBcon594_u_80"> but it's very very similar i mean <supplied reason="anonymization"> [S3] </supplied> and myself we are <emph> mo</emph><c type="lengthening"/><emph>re </emph> demanding <shift corresp="#PBcon594_s_36" feature="tempo" new="l" xml:id="PBcon594_s_35"/> than than our <pause/> er ma<c type="lengthening"/>le co-workers <shift corresp="#PBcon594_s_35" feature="tempo" new="neutral" xml:id="PBcon594_s_36"/></u>
            <u who="#PBcon594_S3" xml:id="PBcon594_u_81"><shift corresp="#PBcon594_s_38" feature="loud" new="p" xml:id="PBcon594_s_37"/><seg n="2" type="overlap" xml:id="PBcon594_ol_81"> that's true </seg><shift corresp="#PBcon594_s_37" feature="loud" new="neutral" xml:id="PBcon594_s_38"/><seg n="3" type="overlap" xml:id="PBcon594_ol_82"><vocal subtype="wordstart" type="wordlike" voice:desc="laughing" voice:syl="3"/><shift corresp="#PBcon594_s_40" feature="loud" new="f" xml:id="PBcon594_s_39"/><vocal subtype="wordstart" type="wordlike" voice:desc="laughing" voice:syl="2"/><shift corresp="#PBcon594_s_39" feature="loud" new="neutral" xml:id="PBcon594_s_40"/></seg></u>
            <u who="#PBcon594_S2" xml:id="PBcon594_u_82"><shift corresp="#PBcon594_s_42" feature="loud" new="p" xml:id="PBcon594_s_41"/><seg n="2" synch="#PBcon594_ol_81" type="overlap" xml:id="PBcon594_ol_83"> mhm </seg><shift corresp="#PBcon594_s_41" feature="loud" new="neutral" xml:id="PBcon594_s_42"/></u>
            <u who="#PBcon594_S4" xml:id="PBcon594_u_83"><seg n="3" synch="#PBcon594_ol_82" type="overlap" xml:id="PBcon594_ol_84"> much more demanding </seg><seg n="4" type="overlap" xml:id="PBcon594_ol_85"> and from time to time </seg> really have to <pause/></u>
            <u who="#PBcon594_S2" xml:id="PBcon594_u_84"><seg n="4" synch="#PBcon594_ol_85" type="overlap" xml:id="PBcon594_ol_86"> i i can imagine </seg></u>
            <u who="#PBcon594_S4" xml:id="PBcon594_u_85"> to<c type="lengthening"/> er tell ourselves <seg n="5" type="overlap" xml:id="PBcon594_ol_87"> lay<c type="lengthening"/></seg></u>
            <u who="#PBcon594_S3" xml:id="PBcon594_u_86"><seg n="5" synch="#PBcon594_ol_87" type="overlap" xml:id="PBcon594_ol_88"> are we </seg> stupid<c function="rise" type="intonation"/><vocal subtype="wordstart" type="wordlike" voice:desc="laughing" voice:syl="2"/></u>
            <u who="#PBcon594_S4" xml:id="PBcon594_u_87"> lay back a bit  because er<c type="lengthening"/></u>
            <u who="#PBcon594_S3" xml:id="PBcon594_u_88"><shift corresp="#PBcon594_s_44" feature="loud" new="p" xml:id="PBcon594_s_43"/> yeah really <shift corresp="#PBcon594_s_43" feature="loud" new="neutral" xml:id="PBcon594_s_44"/></u>
            <u who="#PBcon594_S4" xml:id="PBcon594_u_89"><seg n="6" type="overlap" xml:id="PBcon594_ol_89"><shift corresp="#PBcon594_s_46" feature="loud" new="f" xml:id="PBcon594_s_45"/> it doesn't help <shift corresp="#PBcon594_s_45" feature="loud" new="neutral" xml:id="PBcon594_s_46"/> you know </seg></u>
            <u who="#PBcon594_S2" xml:id="PBcon594_u_90"><seg n="6" synch="#PBcon594_ol_89" type="overlap" xml:id="PBcon594_ol_90"> well ladies go more in details </seg> than men <seg n="7" type="overlap" xml:id="PBcon594_ol_91"> this is this is </seg></u>
            <u who="#PBcon594_S4" xml:id="PBcon594_u_91"><seg n="7" synch="#PBcon594_ol_91" type="overlap" xml:id="PBcon594_ol_92"> mhm mhm </seg><seg n="1" type="overlap" xml:id="PBcon594_ol_93"> mhm </seg></u>
            <u who="#PBcon594_S3" xml:id="PBcon594_u_92"><seg n="1" synch="#PBcon594_ol_93" type="overlap" xml:id="PBcon594_ol_94"><shift corresp="#PBcon594_s_48" feature="loud" new="p" xml:id="PBcon594_s_47"/> true <shift corresp="#PBcon594_s_47" feature="loud" new="neutral" xml:id="PBcon594_s_48"/></seg></u>
            <u who="#PBcon594_S2" xml:id="PBcon594_u_93"> like this </u>
            <u who="#PBcon594_S4" xml:id="PBcon594_u_94"> mhm </u>
            <u who="#PBcon594_S2" xml:id="PBcon594_u_95"> i know when we <unclear> do </unclear><unclear> border </unclear> and and <supplied reason="anonymization"> [first name1] </supplied> sees a lady a a a woman sitting there he says uhu  </u>
            <u who="#PBcon594_SS" xml:id="PBcon594_u_96"><vocal subtype="wordstart" type="wordlike" voice:desc="laughing" voice:syl="2"/><vocal subtype="wordstart" type="wordlike" voice:desc="laughing" voice:syl="3"/><vocal subtype="wordstart" type="wordlike" voice:desc="laughing" voice:syl="3"/><vocal subtype="wordstart" type="wordlike" voice:desc="laughing" voice:syl="1"/></u>
            <u who="#PBcon594_S2" xml:id="PBcon594_u_97"><shift corresp="#PBcon594_s_50" feature="voice" new="laugh" xml:id="PBcon594_s_49"/> we will <seg n="2" type="overlap" xml:id="PBcon594_ol_95"> have difficulties for sure </seg><shift corresp="#PBcon594_s_49" feature="voice" new="neutral" xml:id="PBcon594_s_50"/></u>
            <u who="#PBcon594_S4" xml:id="PBcon594_u_98"><seg n="2" synch="#PBcon594_ol_95" type="overlap" xml:id="PBcon594_ol_96"><vocal subtype="wordstart" type="wordlike" voice:desc="laughing" voice:syl="3"/><vocal subtype="wordstart" type="wordlike" voice:desc="laughing" voice:syl="1"/><vocal subtype="wordstart" type="wordlike" voice:desc="laughing" voice:syl="1"/><vocal subtype="wordstart" type="wordlike" voice:desc="laughing" voice:syl="1"/></seg></u>
            <u who="#PBcon594_SS" xml:id="PBcon594_u_99"><vocal subtype="wordstart" type="wordlike" voice:desc="laughing" voice:syl="3"/></u>
            <u who="#PBcon594_S2" xml:id="PBcon594_u_100"> now they will go to details we will spend <seg n="8" type="overlap" xml:id="PBcon594_ol_97"> some </seg></u>
            <u who="#PBcon594_S4" xml:id="PBcon594_u_101"><seg n="8" synch="#PBcon594_ol_97" type="overlap" xml:id="PBcon594_ol_98"> yeah </seg> yeah yeah yeah yeah </u>
            <u who="#PBcon594_S2" xml:id="PBcon594_u_102"><seg n="3" type="overlap" xml:id="PBcon594_ol_99"> a long time at the border here </seg></u>
            <u who="#PBcon594_S3" xml:id="PBcon594_u_103"><seg n="3" synch="#PBcon594_ol_99" type="overlap" xml:id="PBcon594_ol_100"> but it could be this is </seg> true because er even in the when the security check on the airport </u>
            <u who="#PBcon594_S4" xml:id="PBcon594_u_104"> mhm </u>
            <u who="#PBcon594_S3" xml:id="PBcon594_u_105"> i prefer to go er <anchor synch="#PBcon594_oc_11" type="other_continuation" xml:id="PBcon594_oc_10"/></u>
            <u who="#PBcon594_S2" xml:id="PBcon594_u_106"><anchor synch="#PBcon594_oc_10" type="other_continuation" xml:id="PBcon594_oc_11"/> to men </u>
            <u who="#PBcon594_S3" xml:id="PBcon594_u_107"> to men because it's </u>
            <u who="#PBcon594_S4" xml:id="PBcon594_u_108"> mhm </u>
            <u who="#PBcon594_S3" xml:id="PBcon594_u_109"> goes <seg n="4" type="overlap" xml:id="PBcon594_ol_101"> quicker </seg></u>
            <u who="#PBcon594_S2" xml:id="PBcon594_u_110"><seg n="4" synch="#PBcon594_ol_101" type="overlap" xml:id="PBcon594_ol_102"> easier </seg></u>
            <u who="#PBcon594_S4" xml:id="PBcon594_u_111"> it's more relaxed <seg n="5" type="overlap" xml:id="PBcon594_ol_103"> mhm </seg> mhm mhm <pause dur="PT1S"/></u>
            <u who="#PBcon594_S3" xml:id="PBcon594_u_112"><seg n="5" synch="#PBcon594_ol_103" type="overlap" xml:id="PBcon594_ol_104"> yeah yeah </seg></u>
            <u who="#PBcon594_S3" xml:id="PBcon594_u_113"> that's really true </u>
            <u who="#PBcon594_S2" xml:id="PBcon594_u_114"> but of course for the job i mean for for work it's good to be demanding otherwise you <seg n="6" type="overlap" xml:id="PBcon594_ol_105"> cannot </seg> come to the <pause/></u>
            <u who="#PBcon594_S4" xml:id="PBcon594_u_115"><seg n="6" synch="#PBcon594_ol_105" type="overlap" xml:id="PBcon594_ol_106"> sure </seg></u>
            <u who="#PBcon594_S2" xml:id="PBcon594_u_116"><shift corresp="#PBcon594_s_52" feature="tempo" new="a" xml:id="PBcon594_s_51"/> to to <shift corresp="#PBcon594_s_51" feature="tempo" new="neutral" xml:id="PBcon594_s_52"/> the results <anchor synch="#PBcon594_oc_13" type="other_continuation" xml:id="PBcon594_oc_12"/></u>
            <u who="#PBcon594_S4" xml:id="PBcon594_u_117"><anchor synch="#PBcon594_oc_12" type="other_continuation" xml:id="PBcon594_oc_13"/> somebody <emph> has </emph> to push </u>
            <u who="#PBcon594_S2" xml:id="PBcon594_u_118"> yes  </u>
            <u who="#PBcon594_S4" xml:id="PBcon594_u_119"> yeah yeah <seg n="7" type="overlap" xml:id="PBcon594_ol_107"> yeah </seg></u>
            <u who="#PBcon594_S3" xml:id="PBcon594_u_120"><seg n="7" synch="#PBcon594_ol_107" type="overlap" xml:id="PBcon594_ol_108"> mhm </seg></u>
            <u who="#PBcon594_S2" xml:id="PBcon594_u_121"><seg n="7" synch="#PBcon594_ol_107" type="overlap" xml:id="PBcon594_ol_109"> yes </seg><pause/> and er this is <emph> it </emph> i see everything<c function="fall" type="intonation"/></u>
            <u who="#PBcon594_S4" xml:id="PBcon594_u_122"> mhm </u>
            <u who="#PBcon594_S2" xml:id="PBcon594_u_123"> even in the quick <pause dur="PT1S"/> sight i see  </u>
            <u who="#PBcon594_S4" xml:id="PBcon594_u_124"> mhm </u>
            <u who="#PBcon594_S2" xml:id="PBcon594_u_125"><unclear> all these </unclear><seg n="1" type="overlap" xml:id="PBcon594_ol_110"><supplied reason="unintelligible"> xx </supplied> so they say </seg> oh you must always see the problem <seg n="2" type="overlap" xml:id="PBcon594_ol_111"> but </seg> i am <emph> look</emph>ing for the problem </u>
            <u who="#PBcon594_S4" xml:id="PBcon594_u_126"><seg n="1" synch="#PBcon594_ol_110" type="overlap" xml:id="PBcon594_ol_112"> mhm mhm </seg></u>
            <u who="#PBcon594_S3" xml:id="PBcon594_u_127"><seg n="2" synch="#PBcon594_ol_111" type="overlap" xml:id="PBcon594_ol_113"> mhm </seg></u>
            <u who="#PBcon594_S4" xml:id="PBcon594_u_128"> yeah <seg n="3" type="overlap" xml:id="PBcon594_ol_114"> yeah yeah to make </seg><seg n="4" type="overlap" xml:id="PBcon594_ol_115"> sure that everything goes <emph> smoothly </emph> right </seg> right right right hh i mean the only thing y- we <seg n="5" type="overlap" xml:id="PBcon594_ol_116"> have </seg></u>
            <u who="#PBcon594_S3" xml:id="PBcon594_u_129"><shift corresp="#PBcon594_s_54" feature="loud" new="p" xml:id="PBcon594_s_53"/><seg n="3" synch="#PBcon594_ol_114" type="overlap" xml:id="PBcon594_ol_117"> yeah sure because </seg><shift corresp="#PBcon594_s_53" feature="loud" new="neutral" xml:id="PBcon594_s_54"/></u>
            <u who="#PBcon594_S2" xml:id="PBcon594_u_130"><seg n="4" synch="#PBcon594_ol_115" type="overlap" xml:id="PBcon594_ol_118"> normal things are normal <unclear> to </unclear> me yes yes yes </seg></u>
            <u who="#PBcon594_S2" xml:id="PBcon594_u_131"><seg n="5" synch="#PBcon594_ol_116" type="overlap" xml:id="PBcon594_ol_119"> to </seg> solve it  </u>
            <u who="#PBcon594_S4" xml:id="PBcon594_u_132"> ri- <emph> right </emph> right right </u>
            <u who="#PBcon594_S3" xml:id="PBcon594_u_133"> yeah </u>
            <u who="#PBcon594_S4" xml:id="PBcon594_u_134"> mhm <pause dur="PT2S"/></u>
            <u who="#PBcon594_S3" xml:id="PBcon594_u_135"> because at everything it's it's okay you expect more </u>
            <u who="#PBcon594_S2" xml:id="PBcon594_u_136"> i e- expect to be er <pause/> okay<c function="rise" type="intonation"/></u>
            <u who="#PBcon594_S3" xml:id="PBcon594_u_137"> mhm </u>
            <u who="#PBcon594_S4" xml:id="PBcon594_u_138"> mhm  </u>
            <u who="#PBcon594_S2" xml:id="PBcon594_u_139"> and of course i don't punish people but i have to notice  </u>
            <u who="#PBcon594_S4" xml:id="PBcon594_u_140"><seg n="6" type="overlap" xml:id="PBcon594_ol_120"> yeah </seg></u>
            <u who="#PBcon594_S3" xml:id="PBcon594_u_141"><shift corresp="#PBcon594_s_56" feature="loud" new="p" xml:id="PBcon594_s_55"/><seg n="6" synch="#PBcon594_ol_120" type="overlap" xml:id="PBcon594_ol_121"> mhm </seg><seg n="7" type="overlap" xml:id="PBcon594_ol_122"> sure </seg><shift corresp="#PBcon594_s_55" feature="loud" new="neutral" xml:id="PBcon594_s_56"/></u>
            <u who="#PBcon594_S2" xml:id="PBcon594_u_142"><seg n="7" synch="#PBcon594_ol_122" type="overlap" xml:id="PBcon594_ol_123"> if some</seg>thing can </u>
            <u who="#PBcon594_S4" xml:id="PBcon594_u_143"> yeah yeah yeah yeah <pause/></u>
            <u who="#PBcon594_S2" xml:id="PBcon594_u_144"> can be <pause/> corrected and </u>
            <u who="#PBcon594_S4" xml:id="PBcon594_u_145"><shift corresp="#PBcon594_s_58" feature="loud" new="p" xml:id="PBcon594_s_57"/> mhm <shift corresp="#PBcon594_s_57" feature="loud" new="neutral" xml:id="PBcon594_s_58"/><pause dur="PT2S"/></u>
            <u who="#PBcon594_S3" xml:id="PBcon594_u_146"><voice:to who="#PBcon594_S6"><foreign type="L1" voice:translation="you'll help yourself to water or something else" xml:lang="ger"> sie nehmen sich eh noch wasser oder so </foreign></voice:to><incident voice:desc="cup being set on table"/></u>
            <u who="#PBcon594_S6" xml:id="PBcon594_u_147"><voice:to who="#PBcon594_S3"><foreign type="L1" voice:translation="yes thanks" xml:lang="ger"> ja danke </foreign></voice:to></u>
            <u who="#PBcon594_S4" xml:id="PBcon594_u_148"> the only thing is you <incident voice:desc="parallel conversation between S3 and S6 starts in german"/><emph> must </emph> not mustn't be <emph> too </emph> annoying <pause/> so <supplied reason="unintelligible"> x xxx </supplied> people so from from time to time you really <incident voice:desc="parallel conversation ends"/> have to <pause/> to think oh <pause dur="PT1S"/></u>
            <u who="#PBcon594_S2" xml:id="PBcon594_u_149"> yeah  </u>
            <u who="#PBcon594_S4" xml:id="PBcon594_u_150"> especially to your <pause dur="PT2S"/> er kids and so on <pause/> so </u>
            <u who="#PBcon594_S2" xml:id="PBcon594_u_151"> yes th- i think <seg n="3" type="overlap" xml:id="PBcon594_ol_124"> they </seg> they they are <incident voice:desc="someone starts pouring water into a glass"/> looking forward to <pause/></u>
            <u who="#PBcon594_S4" xml:id="PBcon594_u_152"><seg n="3" synch="#PBcon594_ol_124" type="overlap" xml:id="PBcon594_ol_125"> mhm </seg></u>
            <u who="#PBcon594_S2" xml:id="PBcon594_u_153"> go  from home because i am always <pause dur="PT1S"/></u>
            <u who="#PBcon594_S4" xml:id="PBcon594_u_154"> mhm yeah yeah yeah yeah <incident voice:desc="sound of water pouring stops"/></u>
            <u who="#PBcon594_S2" xml:id="PBcon594_u_155"> asking something <pause/><seg n="4" type="overlap" xml:id="PBcon594_ol_126"> more than they want to do </seg><pause/></u>
            <u who="#PBcon594_S4" xml:id="PBcon594_u_156"><seg n="4" synch="#PBcon594_ol_126" type="overlap" xml:id="PBcon594_ol_127"> mhm mhm mhm </seg></u>
            <u who="#PBcon594_S3" xml:id="PBcon594_u_157"> but it's good for them <pause dur="PT1S"/> in the end </u>
            <u who="#PBcon594_S2" xml:id="PBcon594_u_158"> ye<c type="lengthening"/>ah <anchor synch="#PBcon594_oc_15" type="other_continuation" xml:id="PBcon594_oc_14"/></u>
            <u who="#PBcon594_S3" xml:id="PBcon594_u_159"><anchor synch="#PBcon594_oc_14" type="other_continuation" xml:id="PBcon594_oc_15"/> actually </u>
            <u who="#PBcon594_S4" xml:id="PBcon594_u_160"> yeah in the <emph> end </emph> but it <seg n="5" type="overlap" xml:id="PBcon594_ol_128"> they they just realize it ten </seg> years later  </u>
            <u who="#PBcon594_S3" xml:id="PBcon594_u_161"><seg n="5" synch="#PBcon594_ol_128" type="overlap" xml:id="PBcon594_ol_129"> but now they don't they don't <emph> see </emph><unclear> it </unclear></seg></u>
            <u who="#PBcon594_S3" xml:id="PBcon594_u_162"><seg n="6" type="overlap" xml:id="PBcon594_ol_130"> yeah yeah sure </seg><unclear> yeah </unclear></u>
            <u who="#PBcon594_S2" xml:id="PBcon594_u_163"><seg n="6" synch="#PBcon594_ol_130" type="overlap" xml:id="PBcon594_ol_131"> maybe yeah but </seg></u>
            <u who="#PBcon594_S4" xml:id="PBcon594_u_164"> yeah yeah mhm </u>
            <u who="#PBcon594_S2" xml:id="PBcon594_u_165"> now they prefer to be <seg n="7" type="overlap" xml:id="PBcon594_ol_132"> with </seg> their father who is asking nothing<c function="fall" type="intonation"/> he especially because we are divorced so <seg n="1" type="overlap" xml:id="PBcon594_ol_133"> he </seg> he <seg n="2" type="overlap" xml:id="PBcon594_ol_134"> spend </seg> his time just having fun <anchor synch="#PBcon594_oc_17" type="other_continuation" xml:id="PBcon594_oc_16"/></u>
            <u who="#PBcon594_S4" xml:id="PBcon594_u_166"><seg n="7" synch="#PBcon594_ol_132" type="overlap" xml:id="PBcon594_ol_135"> yeah </seg></u>
            <u who="#PBcon594_S4" xml:id="PBcon594_u_167"><seg n="1" synch="#PBcon594_ol_133" type="overlap" xml:id="PBcon594_ol_136"> mhm </seg></u>
            <u who="#PBcon594_S3" xml:id="PBcon594_u_168"><seg n="2" synch="#PBcon594_ol_134" type="overlap" xml:id="PBcon594_ol_137"><shift corresp="#PBcon594_s_60" feature="loud" new="p" xml:id="PBcon594_s_59"/> mhm <shift corresp="#PBcon594_s_59" feature="loud" new="neutral" xml:id="PBcon594_s_60"/></seg></u>
            <u who="#PBcon594_S4" xml:id="PBcon594_u_169"><anchor synch="#PBcon594_oc_16" type="other_continuation" xml:id="PBcon594_oc_17"/><emph> fun </emph> with <seg n="3" type="overlap" xml:id="PBcon594_ol_138"> them sure mhm </seg></u>
            <u who="#PBcon594_S3" xml:id="PBcon594_u_170"><seg n="3" synch="#PBcon594_ol_138" type="overlap" xml:id="PBcon594_ol_139"> yeah yeah <unclear> that's </unclear><unclear> different </unclear></seg></u>
            <u who="#PBcon594_S2" xml:id="PBcon594_u_171"> and i am the bad part of the <seg n="4" type="overlap" xml:id="PBcon594_ol_140"> the story  i have to </seg></u>
            <u who="#PBcon594_S4" xml:id="PBcon594_u_172"><seg n="4" synch="#PBcon594_ol_140" type="overlap" xml:id="PBcon594_ol_141"> yeah yeah yeah </seg> yeah yeah  </u>
            <u who="#PBcon594_S2" xml:id="PBcon594_u_173"><seg n="5" type="overlap" xml:id="PBcon594_ol_142"> force them for all yeah </seg></u>
            <u who="#PBcon594_S3" xml:id="PBcon594_u_174"><seg n="5" synch="#PBcon594_ol_142" type="overlap" xml:id="PBcon594_ol_143"> then education and the </seg> normal life and and <seg n="6" type="overlap" xml:id="PBcon594_ol_144"> that's just </seg></u>
            <u who="#PBcon594_S4" xml:id="PBcon594_u_175"><seg n="6" synch="#PBcon594_ol_144" type="overlap" xml:id="PBcon594_ol_145"> mhm mhm </seg> mhm </u>
            <u who="#PBcon594_S3" xml:id="PBcon594_u_176"> leisure time <pause dur="PT1S"/></u>
            <u who="#PBcon594_S2" xml:id="PBcon594_u_177"> so er i visited my son in greece and erm i spent a week with him so he said <shift corresp="#PBcon594_s_62" feature="tempo" new="l" xml:id="PBcon594_s_61"/> it's the time  you go home <shift corresp="#PBcon594_s_61" feature="tempo" new="neutral" xml:id="PBcon594_s_62"/><seg n="7" type="overlap" xml:id="PBcon594_ol_146"><shift corresp="#PBcon594_s_64" feature="voice" new="laugh" xml:id="PBcon594_s_63"/> i want to feel free <shift corresp="#PBcon594_s_63" feature="voice" new="neutral" xml:id="PBcon594_s_64"/><vocal subtype="wordstart" type="wordlike" voice:desc="laughing" voice:syl="2"/> and </seg><seg n="1" type="overlap" xml:id="PBcon594_ol_147"> he's looking forward for his father </seg> to come because he knows <seg n="2" type="overlap" xml:id="PBcon594_ol_148"> they </seg> will go to have <seg n="3" type="overlap" xml:id="PBcon594_ol_149"> fun </seg> be <voice:track medium="1" num="3" type="md"/><seg n="4" type="overlap" xml:id="PBcon594_ol_150"> there </seg> and i come to give him ideas how to <pause/></u>
            <u who="#PBcon594_S4" xml:id="PBcon594_u_178"><seg n="7" synch="#PBcon594_ol_146" type="overlap" xml:id="PBcon594_ol_151"><vocal subtype="wordstart" type="wordlike" voice:desc="laughing" voice:syl="6"/></seg><seg n="1" synch="#PBcon594_ol_147" type="overlap" xml:id="PBcon594_ol_152"><vocal subtype="wordstart" type="wordlike" voice:desc="laughing" voice:syl="4"/></seg></u>
            <u who="#PBcon594_S3" xml:id="PBcon594_u_179"><seg n="1" synch="#PBcon594_ol_147" type="overlap" xml:id="PBcon594_ol_153"> just like every <supplied reason="unintelligible"> xxx </supplied></seg></u>
            <u who="#PBcon594_S4" xml:id="PBcon594_u_180"><seg n="2" synch="#PBcon594_ol_148" type="overlap" xml:id="PBcon594_ol_154"> yeah </seg></u>
            <u who="#PBcon594_S4" xml:id="PBcon594_u_181"><seg n="3" synch="#PBcon594_ol_149" type="overlap" xml:id="PBcon594_ol_155"> yeah yeah </seg></u>
            <u who="#PBcon594_S4" xml:id="PBcon594_u_182"><seg n="4" synch="#PBcon594_ol_150" type="overlap" xml:id="PBcon594_ol_156"><unclear> yeah </unclear></seg></u>
            <u who="#PBcon594_S2" xml:id="PBcon594_u_183"> run <seg n="5" type="overlap" xml:id="PBcon594_ol_157"> the the the the </seg> flat and <seg n="6" type="overlap" xml:id="PBcon594_ol_158"> all the domestic things and what to do with money what to do </seg> with school <seg n="7" type="overlap" xml:id="PBcon594_ol_159"> and </seg> how to do <unclear> it </unclear> wi- with books and hh so he's fed up with me of course <seg n="9" type="overlap" xml:id="PBcon594_ol_160"><vocal subtype="wordstart" type="wordlike" voice:desc="laughing" voice:syl="2"/></seg></u>
            <u who="#PBcon594_S4" xml:id="PBcon594_u_184"><seg n="5" synch="#PBcon594_ol_157" type="overlap" xml:id="PBcon594_ol_161"> mhm mhm </seg></u>
            <u who="#PBcon594_S3" xml:id="PBcon594_u_185"><seg n="6" synch="#PBcon594_ol_158" type="overlap" xml:id="PBcon594_ol_162"> yeah but that's also the age different  the son and the father and </seg></u>
            <u who="#PBcon594_S3" xml:id="PBcon594_u_186"><seg n="7" synch="#PBcon594_ol_159" type="overlap" xml:id="PBcon594_ol_163"> yeah </seg></u>
            <u who="#PBcon594_S4" xml:id="PBcon594_u_187"><seg n="9" synch="#PBcon594_ol_160" type="overlap" xml:id="PBcon594_ol_164"><vocal subtype="wordstart" type="wordlike" voice:desc="laughing" voice:syl="1"/><c type="lengthening"/></seg><vocal subtype="wordstart" type="wordlike" voice:desc="laughing" voice:syl="3"/>  one week is enough <vocal subtype="wordstart" type="wordlike" voice:desc="laughing" voice:syl="5"/></u>
            <u who="#PBcon594_S2" xml:id="PBcon594_u_188"> he says it's time you go home<c function="fall" type="intonation"/></u>
            <u who="#PBcon594_S4" xml:id="PBcon594_u_189"><vocal subtype="wordstart" type="wordlike" voice:desc="laughing" voice:syl="3"/><seg n="10" type="overlap" xml:id="PBcon594_ol_165"><vocal subtype="wordstart" type="wordlike" voice:desc="laughing" voice:syl="2"/></seg></u>
            <u who="#PBcon594_S2" xml:id="PBcon594_u_190"><seg n="10" synch="#PBcon594_ol_165" type="overlap" xml:id="PBcon594_ol_166"><vocal subtype="wordstart" type="wordlike" voice:desc="laughing" voice:syl="2"/></seg></u>
            <u who="#PBcon594_S3" xml:id="PBcon594_u_191"> but in the other way  er if he has <seg n="1" type="overlap" xml:id="PBcon594_ol_167"> problems then he comes to you </seg><seg n="2" type="overlap" xml:id="PBcon594_ol_168"> and not to not to his father </seg> probably </u>
            <u who="#PBcon594_S4" xml:id="PBcon594_u_192"><seg n="1" synch="#PBcon594_ol_167" type="overlap" xml:id="PBcon594_ol_169"> yeah yeah yeah </seg><seg n="2" synch="#PBcon594_ol_168" type="overlap" xml:id="PBcon594_ol_170"><shift corresp="#PBcon594_s_66" feature="loud" new="p" xml:id="PBcon594_s_65"/> yeah yeah yeah yeah yeah <shift corresp="#PBcon594_s_65" feature="loud" new="neutral" xml:id="PBcon594_s_66"/></seg></u>
            <u who="#PBcon594_S2" xml:id="PBcon594_u_193"><seg n="2" synch="#PBcon594_ol_168" type="overlap" xml:id="PBcon594_ol_171"> he turns to me yes yes this is true </seg></u>
            <u who="#PBcon594_S4" xml:id="PBcon594_u_194"><shift corresp="#PBcon594_s_68" feature="loud" new="p" xml:id="PBcon594_s_67"/> yeah yeah <shift corresp="#PBcon594_s_67" feature="loud" new="neutral" xml:id="PBcon594_s_68"/></u>
            <u who="#PBcon594_S3" xml:id="PBcon594_u_195"> so <pause dur="PT3S"/></u>
            <u who="#PBcon594_S2" xml:id="PBcon594_u_196"> but <pause/></u>
            <u who="#PBcon594_S4" xml:id="PBcon594_u_197"><shift corresp="#PBcon594_s_70" feature="loud" new="p" xml:id="PBcon594_s_69"/><vocal subtype="wordstart" type="wordlike" voice:desc="laughing" voice:syl="2"/><shift corresp="#PBcon594_s_69" feature="loud" new="neutral" xml:id="PBcon594_s_70"/><pause/></u>
            <u who="#PBcon594_S2" xml:id="PBcon594_u_198"> and then of course children erm <pause dur="PT1S"/> know they feel <pause/> that you er er as a mother love them <voice:pvc comment="unconditionally"> unconditiously </voice:pvc><anchor synch="#PBcon594_oc_19" type="other_continuation" xml:id="PBcon594_oc_18"/></u>
            <u who="#PBcon594_S4" xml:id="PBcon594_u_199"><anchor synch="#PBcon594_oc_18" type="other_continuation" xml:id="PBcon594_oc_19"/> mhm mhm <seg n="11" type="overlap" xml:id="PBcon594_ol_172"><shift corresp="#PBcon594_s_72" feature="loud" new="p" xml:id="PBcon594_s_71"/> mhm <shift corresp="#PBcon594_s_71" feature="loud" new="neutral" xml:id="PBcon594_s_72"/></seg></u>
            <u who="#PBcon594_S2" xml:id="PBcon594_u_200"><seg n="11" synch="#PBcon594_ol_172" type="overlap" xml:id="PBcon594_ol_173"> and that </seg> they have to er treat their father in special way because <pause/> if they er <pause dur="PT1S"/> don't don't catch him er <seg n="3" type="overlap" xml:id="PBcon594_ol_174"> catch </seg> his er<c type="lengthening"/>m </u>
            <u who="#PBcon594_S4" xml:id="PBcon594_u_201"><seg n="3" synch="#PBcon594_ol_174" type="overlap" xml:id="PBcon594_ol_175"> mhm </seg></u>
            <u who="#PBcon594_S4" xml:id="PBcon594_u_202"> attention or <seg n="4" type="overlap" xml:id="PBcon594_ol_176"> attraction </seg> yeah yeah yeah yeah <anchor synch="#PBcon594_oc_21" type="other_continuation" xml:id="PBcon594_oc_20"/></u>
            <u who="#PBcon594_S2" xml:id="PBcon594_u_203"><seg n="4" synch="#PBcon594_ol_176" type="overlap" xml:id="PBcon594_ol_177"> attention </seg></u>
            <u who="#PBcon594_S2" xml:id="PBcon594_u_204"><anchor synch="#PBcon594_oc_20" type="other_continuation" xml:id="PBcon594_oc_21"/> he will not be there<c function="fall" type="intonation"/></u>
            <u who="#PBcon594_S4" xml:id="PBcon594_u_205"> yeah he's not so caring <seg n="12" type="overlap" xml:id="PBcon594_ol_178"> mhm </seg> mhm so <pause dur="PT1S"/></u>
            <u who="#PBcon594_S2" xml:id="PBcon594_u_206"><seg n="12" synch="#PBcon594_ol_178" type="overlap" xml:id="PBcon594_ol_179"> no </seg></u>
            <u who="#PBcon594_S2" xml:id="PBcon594_u_207"> and not not only because we are divorced <seg n="5" type="overlap" xml:id="PBcon594_ol_180"> but </seg> because father  love their children con- er <voice:pvc comment="conditionally"> conditiously </voice:pvc></u>
            <u who="#PBcon594_S4" xml:id="PBcon594_u_208"><seg n="5" synch="#PBcon594_ol_180" type="overlap" xml:id="PBcon594_ol_181"> mhm </seg></u>
            <u who="#PBcon594_S4" xml:id="PBcon594_u_209"> yeah yeah <seg n="6" type="overlap" xml:id="PBcon594_ol_182"> yeah differently<c function="fall" type="intonation"/></seg></u>
            <u who="#PBcon594_S2" xml:id="PBcon594_u_210"><seg n="6" synch="#PBcon594_ol_182" type="overlap" xml:id="PBcon594_ol_183"> you have to </seg> have their na<c type="lengthening"/>me you have to have er <seg n="7" type="overlap" xml:id="PBcon594_ol_184"> some</seg>thing that they are proud of  </u>
            <u who="#PBcon594_S4" xml:id="PBcon594_u_211"><seg n="7" synch="#PBcon594_ol_184" type="overlap" xml:id="PBcon594_ol_185"> mhm </seg></u>
            <u who="#PBcon594_S4" xml:id="PBcon594_u_212"> mhm mhm <seg n="1" type="overlap" xml:id="PBcon594_ol_186"> mhm mhm mhm </seg></u>
            <u who="#PBcon594_S2" xml:id="PBcon594_u_213"><seg n="1" synch="#PBcon594_ol_186" type="overlap" xml:id="PBcon594_ol_187"> many things like this and </seg> and child can feel it<c function="fall" type="intonation"/></u>
            <u who="#PBcon594_S4" xml:id="PBcon594_u_214"> mhm <anchor synch="#PBcon594_oc_23" type="other_continuation" xml:id="PBcon594_oc_22"/></u>
            <u who="#PBcon594_S2" xml:id="PBcon594_u_215"><anchor synch="#PBcon594_oc_22" type="other_continuation" xml:id="PBcon594_oc_23"/> and mother is always there<c function="fall" type="intonation"/><seg n="2" type="overlap" xml:id="PBcon594_ol_188"> you just have to be </seg></u>
            <u who="#PBcon594_S4" xml:id="PBcon594_u_216"><seg n="2" synch="#PBcon594_ol_188" type="overlap" xml:id="PBcon594_ol_189"> yeah yeah yeah yeah </seg> yeah yeah yeah </u>
            <u who="#PBcon594_S2" xml:id="PBcon594_u_217"><emph> hers </emph><c type="lengthening"/></u>
            <u who="#PBcon594_S4" xml:id="PBcon594_u_218"> right </u>
            <u who="#PBcon594_S2" xml:id="PBcon594_u_219"> and love is there<c function="fall" type="intonation"/></u>
            <u who="#PBcon594_S4" xml:id="PBcon594_u_220"> yeah yeah <seg n="3" type="overlap" xml:id="PBcon594_ol_190"> yeah </seg></u>
            <u who="#PBcon594_S3" xml:id="PBcon594_u_221"><seg n="3" synch="#PBcon594_ol_190" type="overlap" xml:id="PBcon594_ol_191"> hm </seg></u>
            <u who="#PBcon594_S2" xml:id="PBcon594_u_222"> what<seg n="4" type="overlap" xml:id="PBcon594_ol_192">ever you do </seg></u>
            <u who="#PBcon594_S4" xml:id="PBcon594_u_223"><seg n="4" synch="#PBcon594_ol_192" type="overlap" xml:id="PBcon594_ol_193"> yeah yeah </seg><seg n="5" type="overlap" xml:id="PBcon594_ol_194"> that's very true </seg> mhm mhm mhm <pause dur="PT1S"/></u>
            <u who="#PBcon594_S2" xml:id="PBcon594_u_224"><seg n="5" synch="#PBcon594_ol_194" type="overlap" xml:id="PBcon594_ol_195"> and this is it </seg></u>
            <u who="#PBcon594_S4" xml:id="PBcon594_u_225"><emph> mhm </emph> and he's studying er in athens or<c function="rise" type="intonation"/></u>
            <u who="#PBcon594_S2" xml:id="PBcon594_u_226"> in athens at <supplied reason="anonymization"> [org2] </supplied> university studying in english </u>
            <u who="#PBcon594_S4" xml:id="PBcon594_u_227"> mhm <pause dur="PT1S"/></u>
            <u who="#PBcon594_S2" xml:id="PBcon594_u_228"> management and marketing<c function="rise" type="intonation"/></u>
            <u who="#PBcon594_S4" xml:id="PBcon594_u_229"> wow mhm </u>
            <u who="#PBcon594_S2" xml:id="PBcon594_u_230"> a<c type="lengthening"/>nd this is three years and on the fourth  </u>
            <u who="#PBcon594_S4" xml:id="PBcon594_u_231"> mhm </u>
            <u who="#PBcon594_S2" xml:id="PBcon594_u_232"> for the bachelor's degree<c type="lengthening"/> he has also er <pause dur="PT1S"/> banking and financing <pause dur="PT2S"/> if he wants to do it </u>
            <u who="#PBcon594_S4" xml:id="PBcon594_u_233"> mhm mhm and and do you think that you will you will go there er ha- every half a year or or <shift corresp="#PBcon594_s_74" feature="voice" new="laugh" xml:id="PBcon594_s_73"/> to visit him <shift corresp="#PBcon594_s_73" feature="voice" new="neutral" xml:id="PBcon594_s_74"/><vocal subtype="wordstart" type="wordlike" voice:desc="laughing" voice:syl="2"/> or </u>
            <u who="#PBcon594_S2" xml:id="PBcon594_u_234"> well it's rather closed <vocal voice:desc="coughs"/></u>
            <u who="#PBcon594_S4" xml:id="PBcon594_u_235"> mhm </u>
            <u who="#PBcon594_S2" xml:id="PBcon594_u_236"> it's five hours by car <pause dur="PT1S"/></u>
            <u who="#PBcon594_S4" xml:id="PBcon594_u_237"><vocal type="speaker_noise" voice:desc="smacks lips"/> mhm </u>
            <u who="#PBcon594_S2" xml:id="PBcon594_u_238"><seg n="6" type="overlap" xml:id="PBcon594_ol_196"> good roads </seg><shift corresp="#PBcon594_s_76" feature="tempo" new="l" xml:id="PBcon594_s_75"/><seg n="7" type="overlap" xml:id="PBcon594_ol_197"> towards nis  and then to er </seg> macedonia <shift corresp="#PBcon594_s_75" feature="tempo" new="neutral" xml:id="PBcon594_s_76"/></u>
            <u who="#PBcon594_S3" xml:id="PBcon594_u_239"><seg n="6" synch="#PBcon594_ol_196" type="overlap" xml:id="PBcon594_ol_198"><shift corresp="#PBcon594_s_78" feature="loud" new="p" xml:id="PBcon594_s_77"/><unclear> and </unclear> so it's <shift corresp="#PBcon594_s_77" feature="loud" new="neutral" xml:id="PBcon594_s_78"/></seg></u>
            <u who="#PBcon594_S4" xml:id="PBcon594_u_240"><seg n="7" synch="#PBcon594_ol_197" type="overlap" xml:id="PBcon594_ol_199"><shift corresp="#PBcon594_s_80" feature="tempo" new="l" xml:id="PBcon594_s_79"/> yeah yeah yeah yeah yeah yeah yeah <shift corresp="#PBcon594_s_79" feature="tempo" new="neutral" xml:id="PBcon594_s_80"/></seg></u>
            <u who="#PBcon594_S4" xml:id="PBcon594_u_241"><seg n="1" type="overlap" xml:id="PBcon594_ol_200"> but then </seg> that's not so far </u>
            <u who="#PBcon594_S3" xml:id="PBcon594_u_242"><seg n="1" synch="#PBcon594_ol_200" type="overlap" xml:id="PBcon594_ol_201"> mhm </seg></u>
            <u who="#PBcon594_S2" xml:id="PBcon594_u_243"><seg n="2" type="overlap" xml:id="PBcon594_ol_202"> no it's not so far </seg> so he can come rather often  </u>
            <u who="#PBcon594_S3" xml:id="PBcon594_u_244"><seg n="2" synch="#PBcon594_ol_202" type="overlap" xml:id="PBcon594_ol_203"><shift corresp="#PBcon594_s_82" feature="loud" new="p" xml:id="PBcon594_s_81"/><supplied reason="unintelligible"> x x x </supplied><unclear> close </unclear><shift corresp="#PBcon594_s_81" feature="loud" new="neutral" xml:id="PBcon594_s_82"/></seg></u>
            <u who="#PBcon594_S4" xml:id="PBcon594_u_245"> okay </u>
            <u who="#PBcon594_S2" xml:id="PBcon594_u_246"> and <seg n="3" type="overlap" xml:id="PBcon594_ol_204"> spend his </seg> er <pause/><seg n="4" type="overlap" xml:id="PBcon594_ol_205"> holidays </seg></u>
            <u who="#PBcon594_S4" xml:id="PBcon594_u_247"><seg n="3" synch="#PBcon594_ol_204" type="overlap" xml:id="PBcon594_ol_206"> okay yeah </seg></u>
            <u who="#PBcon594_S3" xml:id="PBcon594_u_248"><seg n="4" synch="#PBcon594_ol_205" type="overlap" xml:id="PBcon594_ol_207"> his holidays </seg><seg n="5" type="overlap" xml:id="PBcon594_ol_208"><unclear> in </unclear> in serbia </seg></u>
            <u who="#PBcon594_S4" xml:id="PBcon594_u_249"><seg n="5" synch="#PBcon594_ol_208" type="overlap" xml:id="PBcon594_ol_209"> ri<c type="lengthening"/>ght </seg> they have enough <seg n="6" type="overlap" xml:id="PBcon594_ol_210"> of them mhm </seg></u>
            <u who="#PBcon594_S2" xml:id="PBcon594_u_250"><seg n="6" synch="#PBcon594_ol_210" type="overlap" xml:id="PBcon594_ol_211"> we can </seg> come from time to time because er rented a big flat there so there is <seg n="7" type="overlap" xml:id="PBcon594_ol_212"> er room enough for us </seg> to come <pause/></u>
            <u who="#PBcon594_S4" xml:id="PBcon594_u_251"><seg n="7" synch="#PBcon594_ol_212" type="overlap" xml:id="PBcon594_ol_213"> mhm mhm mhm mhm </seg></u>
            <u who="#PBcon594_S4" xml:id="PBcon594_u_252"> mhm <pause/></u>
            <u who="#PBcon594_S2" xml:id="PBcon594_u_253"> me <seg n="1" type="overlap" xml:id="PBcon594_ol_214"> or<c type="lengthening"/></seg> my <voice:pvc> ex-husband </voice:pvc> or <seg n="2" type="overlap" xml:id="PBcon594_ol_215"> his  girlfriend or brother or someone can be there very often so i think it will be </seg><pause/></u>
            <u who="#PBcon594_S4" xml:id="PBcon594_u_254"><seg n="1" synch="#PBcon594_ol_214" type="overlap" xml:id="PBcon594_ol_216"><shift corresp="#PBcon594_s_84" feature="loud" new="p" xml:id="PBcon594_s_83"/> mhm <shift corresp="#PBcon594_s_83" feature="loud" new="neutral" xml:id="PBcon594_s_84"/></seg></u>
            <u who="#PBcon594_S4" xml:id="PBcon594_u_255"><seg n="2" synch="#PBcon594_ol_215" type="overlap" xml:id="PBcon594_ol_217"> mhm mhm mhm mhm mhm mhm mhm mhm </seg></u>
            <u who="#PBcon594_S2" xml:id="PBcon594_u_256"> not too difficult for him  </u>
            <u who="#PBcon594_S3" xml:id="PBcon594_u_257"><shift corresp="#PBcon594_s_86" feature="loud" new="p" xml:id="PBcon594_s_85"/> mhm <shift corresp="#PBcon594_s_85" feature="loud" new="neutral" xml:id="PBcon594_s_86"/></u>
            <u who="#PBcon594_S4" xml:id="PBcon594_u_258"> mhm mhm </u>
            <u who="#PBcon594_S2" xml:id="PBcon594_u_259"> especially because <emph> he </emph> wanted to go <seg n="3" type="overlap" xml:id="PBcon594_ol_218"> away </seg><incident dur="PT2S" voice:desc="interference on the recording, like a cell phone "/><seg n="4" type="overlap" xml:id="PBcon594_ol_219"> it was not my idea but his </seg><pause dur="PT1S"/></u>
            <u who="#PBcon594_S4" xml:id="PBcon594_u_260"><seg n="3" synch="#PBcon594_ol_218" type="overlap" xml:id="PBcon594_ol_220"> mhm mhm </seg></u>
            <u who="#PBcon594_SX" xml:id="PBcon594_u_261"><seg n="4" synch="#PBcon594_ol_219" type="overlap" xml:id="PBcon594_ol_221"><supplied reason="unintelligible"><shift corresp="#PBcon594_s_88" feature="loud" new="p" xml:id="PBcon594_s_87"/> x x x <shift corresp="#PBcon594_s_87" feature="loud" new="neutral" xml:id="PBcon594_s_88"/></supplied><unclear> sorry </unclear></seg></u>
            <u who="#PBcon594_S4" xml:id="PBcon594_u_262"> and athens is is quite polluted isn't it<c function="rise" type="intonation"/><seg n="5" type="overlap" xml:id="PBcon594_ol_222"> d- d- d- </seg></u>
            <u who="#PBcon594_S2" xml:id="PBcon594_u_263"><seg n="5" synch="#PBcon594_ol_222" type="overlap" xml:id="PBcon594_ol_223"> er this is </seg> thessaloniki he is in in thessaloniki <incident voice:desc="other people enter the room"/></u>
            <u who="#PBcon594_S4" xml:id="PBcon594_u_264"> aha <seg n="6" type="overlap" xml:id="PBcon594_ol_224"> okay </seg></u>
            <u who="#PBcon594_S2" xml:id="PBcon594_u_265"><seg n="6" synch="#PBcon594_ol_224" type="overlap" xml:id="PBcon594_ol_225"> which </seg> is er near to the  border  </u>
            <u who="#PBcon594_S4" xml:id="PBcon594_u_266"> okay okay </u>
            <u who="#PBcon594_S2" xml:id="PBcon594_u_267"> and the idea of <supplied reason="anonymization"> [org2] </supplied> university wants to open their school <pause/> hh for the eastern europe<c function="fall" type="intonation"/><seg n="7" type="overlap" xml:id="PBcon594_ol_226"> er<c type="lengthening"/> because </seg> in <seg n="1" type="overlap" xml:id="PBcon594_ol_227"> a few </seg> years they say they will have many companies  </u>
            <u who="#PBcon594_SX-1" xml:id="PBcon594_u_268"><seg n="7" synch="#PBcon594_ol_226" type="overlap" xml:id="PBcon594_ol_228"><shift corresp="#PBcon594_s_90" feature="voice" new="whisp" xml:id="PBcon594_s_89"/><supplied reason="unintelligible"> x x x x </supplied><shift corresp="#PBcon594_s_89" feature="voice" new="neutral" xml:id="PBcon594_s_90"/></seg></u>
            <u who="#PBcon594_S3" xml:id="PBcon594_u_269"><seg n="1" synch="#PBcon594_ol_227" type="overlap" xml:id="PBcon594_ol_229"><shift corresp="#PBcon594_s_92" feature="loud" new="p" xml:id="PBcon594_s_91"/> coffee<c function="rise" type="intonation"/><shift corresp="#PBcon594_s_91" feature="loud" new="neutral" xml:id="PBcon594_s_92"/></seg></u>
            <u who="#PBcon594_S4" xml:id="PBcon594_u_270"><voice:to who="#PBcon594_S3"> i ordered <unclear> them </unclear> already </voice:to></u>
            <u who="#PBcon594_S3" xml:id="PBcon594_u_271"><foreign type="L1" voice:translation="ah okay" xml:lang="ger"> ah so okay </foreign></u>
            <u who="#PBcon594_S2" xml:id="PBcon594_u_272"> in eastern europe and they don't have people to erm <voice:track medium="1" num="4" type="md"/></u>
            <u who="#PBcon594_S4" xml:id="PBcon594_u_273"> mhm<c type="lengthening"/></u>
            <u who="#PBcon594_S2" xml:id="PBcon594_u_274"> employ because they are  </u>
            <u who="#PBcon594_S4" xml:id="PBcon594_u_275"> mhm mhm </u>
            <u who="#PBcon594_S2" xml:id="PBcon594_u_276"> all educated in a socialistic way and <seg n="2" type="overlap" xml:id="PBcon594_ol_230"> different education </seg> they have  </u>
            <u who="#PBcon594_S4" xml:id="PBcon594_u_277"><seg n="2" synch="#PBcon594_ol_230" type="overlap" xml:id="PBcon594_ol_231"> mhm mhm mhm </seg></u>
            <u who="#PBcon594_S3" xml:id="PBcon594_u_278"><shift corresp="#PBcon594_s_94" feature="loud" new="p" xml:id="PBcon594_s_93"/> mhm <shift corresp="#PBcon594_s_93" feature="loud" new="neutral" xml:id="PBcon594_s_94"/></u>
            <u who="#PBcon594_S4" xml:id="PBcon594_u_279"> mhm  </u>
            <u who="#PBcon594_S2" xml:id="PBcon594_u_280"> so er they <seg n="3" type="overlap" xml:id="PBcon594_ol_232"> agreed to open </seg> their <pause/></u>
            <u who="#PBcon594_S4" xml:id="PBcon594_u_281"><seg n="3" synch="#PBcon594_ol_232" type="overlap" xml:id="PBcon594_ol_233"><shift corresp="#PBcon594_s_96" feature="loud" new="p" xml:id="PBcon594_s_95"/> it's different yeah <unclear> yeah </unclear><shift corresp="#PBcon594_s_95" feature="loud" new="neutral" xml:id="PBcon594_s_96"/></seg></u>
            <u who="#PBcon594_S2" xml:id="PBcon594_u_282"><emph> school </emph> somewhere where ea- eastern european students can afford to study </u>
            <u who="#PBcon594_S4" xml:id="PBcon594_u_283"> oh great </u>
            <u who="#PBcon594_S2" xml:id="PBcon594_u_284"> and the <seg n="4" type="overlap" xml:id="PBcon594_ol_234"> the the the </seg> stan<seg n="5" type="overlap" xml:id="PBcon594_ol_235">dard </seg> is <seg n="6" type="overlap" xml:id="PBcon594_ol_236"> more </seg> similar  to <pause/></u>
            <u who="#PBcon594_S4" xml:id="PBcon594_u_285"><seg n="4" synch="#PBcon594_ol_234" type="overlap" xml:id="PBcon594_ol_237"> yeah yeah </seg></u>
            <u who="#PBcon594_S3" xml:id="PBcon594_u_286"><seg n="5" synch="#PBcon594_ol_235" type="overlap" xml:id="PBcon594_ol_238"> mhm </seg></u>
            <u who="#PBcon594_S4" xml:id="PBcon594_u_287"><seg n="6" synch="#PBcon594_ol_236" type="overlap" xml:id="PBcon594_ol_239"> mhm </seg></u>
            <u who="#PBcon594_S2" xml:id="PBcon594_u_288"><seg n="7" type="overlap" xml:id="PBcon594_ol_240"> eastern </seg> countries in greece <seg n="1" type="overlap" xml:id="PBcon594_ol_241"> than <pause/> if they go </seg> to england <seg n="2" type="overlap" xml:id="PBcon594_ol_242"> for </seg> example or to  </u>
            <u who="#PBcon594_S4" xml:id="PBcon594_u_289"><seg n="7" synch="#PBcon594_ol_240" type="overlap" xml:id="PBcon594_ol_243"> mhm </seg></u>
            <u who="#PBcon594_S4" xml:id="PBcon594_u_290"><seg n="1" synch="#PBcon594_ol_241" type="overlap" xml:id="PBcon594_ol_244"><shift corresp="#PBcon594_s_98" feature="loud" new="p" xml:id="PBcon594_s_97"/> m<emph>hm </emph><c type="lengthening"/> mhm <shift corresp="#PBcon594_s_97" feature="loud" new="neutral" xml:id="PBcon594_s_98"/></seg></u>
            <u who="#PBcon594_S4" xml:id="PBcon594_u_291"><seg n="2" synch="#PBcon594_ol_242" type="overlap" xml:id="PBcon594_ol_245"> mhm </seg></u>
            <u who="#PBcon594_S4" xml:id="PBcon594_u_292"><emph> right </emph> yeah yeah yeah </u>
            <u who="#PBcon594_S2" xml:id="PBcon594_u_293"> it's cheaper and <seg n="3" type="overlap" xml:id="PBcon594_ol_246"> it's safer </seg></u>
            <u who="#PBcon594_S4" xml:id="PBcon594_u_294"><seg n="3" synch="#PBcon594_ol_246" type="overlap" xml:id="PBcon594_ol_247"> i mean to go </seg> to england e- espe- especially to london you couldn't afford </u>
            <u who="#PBcon594_S2" xml:id="PBcon594_u_295"> no it's er for the scholar<seg n="4" type="overlap" xml:id="PBcon594_ol_248">ship it's greece is </seg> expensive  </u>
            <u who="#PBcon594_S4" xml:id="PBcon594_u_296"><seg n="4" synch="#PBcon594_ol_248" type="overlap" xml:id="PBcon594_ol_249"><unclear> cos </unclear> that's really crazy </seg></u>
            <u who="#PBcon594_S4" xml:id="PBcon594_u_297"> mhm </u>
            <u who="#PBcon594_S2" xml:id="PBcon594_u_298"> and then of course renting a flat and his<c type="lengthening"/><pause/><seg n="6" type="overlap" xml:id="PBcon594_ol_250"> life costs  and everything is <pause/> really very expensive for us </seg></u>
            <u who="#PBcon594_S4" xml:id="PBcon594_u_299"><seg n="6" synch="#PBcon594_ol_250" type="overlap" xml:id="PBcon594_ol_251"><emph> that's </emph> crazy mhm mhm mhm mhm mhm mhm mhm </seg> mhm for <emph> us </emph> as well so <pause/> that's no difference hh <pause/> i mean they are crazy <pause/></u>
            <u who="#PBcon594_S2" xml:id="PBcon594_u_300"> so my friends from erm british er council<c function="rise" type="intonation"/><shift corresp="#PBcon594_s_100" feature="loud" new="p" xml:id="PBcon594_s_99"/><unclear> it's an </unclear><supplied reason="unintelligible"> xxxx </supplied><shift corresp="#PBcon594_s_99" feature="loud" new="neutral" xml:id="PBcon594_s_100"/></u>
            <u who="#PBcon594_SX" xml:id="PBcon594_u_301"><seg n="7" type="overlap" xml:id="PBcon594_ol_252"><unclear> yes </unclear></seg></u>
            <u who="#PBcon594_S3" xml:id="PBcon594_u_302"><seg n="7" synch="#PBcon594_ol_252" type="overlap" xml:id="PBcon594_ol_253"> mhm </seg></u>
            <u who="#PBcon594_S2" xml:id="PBcon594_u_303"> invited me and gave me the idea that er <pause dur="PT1S"/> er the school is opened there <seg n="1" type="overlap" xml:id="PBcon594_ol_254"> the uni</seg>versity is open there and it <unclear> would </unclear> be good <unclear> if </unclear> he <unclear> cou- </unclear> if he can go there  </u>
            <u who="#PBcon594_S4" xml:id="PBcon594_u_304"><seg n="1" synch="#PBcon594_ol_254" type="overlap" xml:id="PBcon594_ol_255"> m<emph>hm </emph></seg></u>
            <u who="#PBcon594_SX-3" xml:id="PBcon594_u_305"> hm </u>
            <u who="#PBcon594_S2" xml:id="PBcon594_u_306"> because er they all will have <pause/> opportunities <pause dur="PT1S"/></u>
            <u who="#PBcon594_S4" xml:id="PBcon594_u_307"> after<seg n="2" type="overlap" xml:id="PBcon594_ol_256">wards </seg></u>
            <u who="#PBcon594_S2" xml:id="PBcon594_u_308"><seg n="2" synch="#PBcon594_ol_256" type="overlap" xml:id="PBcon594_ol_257"> for </seg> the good companies <seg n="3" type="overlap" xml:id="PBcon594_ol_258"> afterwards </seg></u>
            <u who="#PBcon594_S4" xml:id="PBcon594_u_309"><seg n="3" synch="#PBcon594_ol_258" type="overlap" xml:id="PBcon594_ol_259"> mhm </seg> mhm mhm m<emph>hm </emph><pause dur="PT2S"/><seg n="8" type="overlap" xml:id="PBcon594_ol_260"> mhm </seg></u>
            <u who="#PBcon594_S2" xml:id="PBcon594_u_310"><seg n="8" synch="#PBcon594_ol_260" type="overlap" xml:id="PBcon594_ol_261"> and we will </seg> see what he will do </u>
            <u who="#PBcon594_S4" xml:id="PBcon594_u_311"> mhm </u>
            <u who="#PBcon594_S3" xml:id="PBcon594_u_312"> and your second one er </u>
            <u who="#PBcon594_S4" xml:id="PBcon594_u_313"><seg n="4" type="overlap" xml:id="PBcon594_ol_262"><shift corresp="#PBcon594_s_102" feature="tempo" new="a" xml:id="PBcon594_s_101"/><shift corresp="#PBcon594_s_104" feature="loud" new="f" xml:id="PBcon594_s_103"/><unclear> is </unclear> still in your is still in your <shift corresp="#PBcon594_s_103" feature="loud" new="neutral" xml:id="PBcon594_s_104"/><shift corresp="#PBcon594_s_101" feature="tempo" new="neutral" xml:id="PBcon594_s_102"/></seg></u>
            <u who="#PBcon594_S2" xml:id="PBcon594_u_314"><seg n="4" synch="#PBcon594_ol_262" type="overlap" xml:id="PBcon594_ol_263"> he's working he's working </seg><pause/> yes yes </u>
            <u who="#PBcon594_S4" xml:id="PBcon594_u_315"><seg n="5" type="overlap" xml:id="PBcon594_ol_264"> company yeah yeah yeah </seg></u>
            <u who="#PBcon594_S2" xml:id="PBcon594_u_316"><seg n="5" synch="#PBcon594_ol_264" type="overlap" xml:id="PBcon594_ol_265"><shift corresp="#PBcon594_s_106" feature="tempo" new="l" xml:id="PBcon594_s_105"/> yes yes yes <shift corresp="#PBcon594_s_105" feature="tempo" new="neutral" xml:id="PBcon594_s_106"/></seg> and he loves to do it </u>
            <u who="#PBcon594_S4" xml:id="PBcon594_u_317"> and <shift corresp="#PBcon594_s_108" feature="loud" new="f" xml:id="PBcon594_s_107"/><vocal subtype="wordstart" type="wordlike" voice:desc="laughing" voice:syl="1"/><shift corresp="#PBcon594_s_107" feature="loud" new="neutral" xml:id="PBcon594_s_108"/><vocal subtype="wordstart" type="wordlike" voice:desc="laughing" voice:syl="3"/><vocal subtype="wordstart" type="wordlike" voice:desc="laughing" voice:syl="2"/><vocal subtype="wordstart" type="wordlike" voice:desc="laughing" voice:syl="1"/><anchor synch="#PBcon594_oc_25" type="other_continuation" xml:id="PBcon594_oc_24"/></u>
            <u who="#PBcon594_S2" xml:id="PBcon594_u_318"><anchor synch="#PBcon594_oc_24" type="other_continuation" xml:id="PBcon594_oc_25"/> yeah <pause/> he lives for the company he's <seg n="5" type="overlap" xml:id="PBcon594_ol_266"> completely </seg> yes <pause/></u>
            <u who="#PBcon594_S3" xml:id="PBcon594_u_319"><seg n="5" synch="#PBcon594_ol_266" type="overlap" xml:id="PBcon594_ol_267"> really<c function="rise" type="intonation"/></seg></u>
            <u who="#PBcon594_S4" xml:id="PBcon594_u_320"><seg n="6" type="overlap" xml:id="PBcon594_ol_268"> that's </seg><seg n="7" type="overlap" xml:id="PBcon594_ol_269"> great </seg> mhm mhm <pause dur="PT2S"/></u>
            <u who="#PBcon594_S3" xml:id="PBcon594_u_321"><seg n="6" synch="#PBcon594_ol_268" type="overlap" xml:id="PBcon594_ol_270"><unclear> great </unclear></seg></u>
            <u who="#PBcon594_S2" xml:id="PBcon594_u_322"><seg n="7" synch="#PBcon594_ol_269" type="overlap" xml:id="PBcon594_ol_271"> yeah </seg></u>
         </div>
      </body>
   </text>
</TEI>