<TEI xmlns="http://www.tei-c.org/ns/1.0" xmlns:voice="http://www.univie.ac.at/voice/ns/1.0" xmlns:xi="http://www.w3.org/2001/XInclude" version="5" xml:id="PBqas523" xml:lang="eng">
   <teiHeader>
      <fileDesc>
         <titleStmt>
            <title>question-answer session on issues of steelmaking</title>
            <principal>Prof. Barbara Seidlhofer</principal>
            <editor/>
            <funder>Austrian Science Foundation (FWF)</funder>
            <sponsor/>
            <respStmt>
               <resp>Corpus Compilation</resp>
               <orgName>VOICE Project</orgName>
               <persName>Barbara Seidlhofer</persName>
               <persName>Angelika Breiteneder</persName>
               <persName>Marie-Luise Pitzl</persName>
               <persName>Stefan Majewski</persName>
               <persName>Theresa Klimpfinger</persName>
            </respStmt>
         </titleStmt>
         <editionStmt>
		<edition>Version 1.0 XML, <date>May 2011</date></edition>
	  <respStmt>
		<resp>Researchers</resp>
		<name>Barbara Seidlhofer</name> 		
		<name>Angelika Breiteneder</name> 
		<name>Theresa Klimpfinger</name> 
		<name>Stefan Majewski</name> 
		<name>Marie-Luise Pitzl</name> 
	  </respStmt>
	</editionStmt>
         <publicationStmt>
		<publisher>Barbara Seidlhofer, Stefan Majewski, Marie-Luise Pitzl</publisher> 
	  <distributor>VOICE Project, University of Vienna, Austria</distributor> 
	  <address>
		<addrLine>Spitalgasse 2, AAKH Hof 8</addrLine> 
		<addrLine>1090 Vienna</addrLine> 
		<addrLine>Austria</addrLine> 
		<addrLine>Telephone: +43 1 427742446</addrLine> 
	  	<addrLine>Email: voice@univie.ac.at</addrLine> 
		<addrLine>Website: http://www.univie.ac.at/voice</addrLine> 
	  </address>
	  <availability status="free">
	  	<p>
		  The Vienna-Oxford International Corpus of English (VOICE)
		  was created by Barbara Seidlhofer (project director) and
		  Angelika Breiteneder, Theresa Klimpfinger, Stefan Majewski,
		  Marie-Luise Pitzl (project researchers). VOICE 1.0 XML is
		  available for download at the VOICE Project's website <ref target="http://www.univie.ac.at/voice/">http://www.univie.ac.at/voice/</ref>
		  under a Creative Commons
		  Attribution-NonCommercial-ShareAlike 3.0 Unported (CC
		  BY-NC-SA 3.0) License (<ref target="http://creativecommons.org/licenses/by-nc-sa/3.0/">
		  http://creativecommons.org/licenses/by-nc-sa/3.0/
		  </ref>). The original audio files are held at the Department
		  of English, University of Vienna. 23 selected audio files
		  are available as audio streams in the VOICE Online interface
		  at the VOICE Project's website <ref target="http://www.univie.ac.at/voice">http://www.univie.ac.at/voice</ref>.
		</p>
		<p>
		The recommended citation for VOICE 1.0 XML is:
		</p>
		<p>
		<bibl><title>VOICE</title>. <date>2011</date>. <title level="m">The Vienna-Oxford International Corpus of
		English</title> (<edition>version 1.0
		XML</edition>). Director: Barbara Seidlhofer; Researchers:
		Angelika Breiteneder, Theresa Klimpfinger, Stefan Majewski,
		Marie-Luise Pitzl.</bibl>
		</p>
		<p>The short citation for VOICE 1.0 XML is:
		</p>
		<p>
		<bibl><title>VOICE</title>. <date>2011</date>. <title level="m">The Vienna-Oxford International Corpus of
		English</title> (<edition>version 1.0
		XML</edition>).</bibl></p>
		<p>
		  For further information about availability and copyright
		  permissions, please see the README file included in the
		  download package. For further enquiries please contact the
		  VOICE Project at <ref target="mailto:voice@univie.ac.at">voice@univie.ac.at</ref>.
		</p>
	  </availability>
	</publicationStmt>
         <notesStmt>
            <note xml:id="PBqas523_wc">Words: 728</note>
            <note xml:id="PBqas523_tn_0">This question-answer session takes place after several presentations on steelmaking at a conference on this topic. S2 has just finished his presentation on a melt shop. S1, S2 and S4 are on the podium, S3 and S5 in the audience, asking questions. </note>
         </notesStmt>
         <sourceDesc>
            <recordingStmt>
               <recording dur="PT00H05M05S" type="audio">
                  <date>2006-10-10</date>
                  <equipment>
                     <p>Portable minidisc recorder with electret condenser stereo microphone</p>
                  </equipment>
                  <respStmt>
                     <resp>recording</resp>
                     <name>private company</name>
                  </respStmt>
               </recording>
            </recordingStmt>
         </sourceDesc>
      </fileDesc>
      <encodingDesc>
         <classDecl>
            <taxonomy>
               <category xml:id="PBqas523_domain">
                  <catDesc>Domain</catDesc>
                  <category sameAs="#ED" xml:id="PBqas523_ED">
                     <catDesc>educational</catDesc>
                  </category>
                  <category sameAs="#LE" xml:id="PBqas523_LE">
                     <catDesc>leisure</catDesc>
                  </category>
                  <category sameAs="#PB" xml:id="PBqas523_PB">
                     <catDesc>professional business</catDesc>
                  </category>
                  <category sameAs="#PO" xml:id="PBqas523_PO">
                     <catDesc>professional organizational</catDesc>
                  </category>
                  <category sameAs="#PR" xml:id="PBqas523_PR">
                     <catDesc>professional research/science</catDesc>
                  </category>
               </category>
               <category xml:id="PBqas523_spet">
                  <catDesc>Speech Event Type</catDesc>
                  <category sameAs="#int" xml:id="PBqas523_int">
                     <catDesc>interview</catDesc>
                  </category>
                  <category sameAs="#prc" xml:id="PBqas523_prc">
                     <catDesc>press conference</catDesc>
                  </category>
                  <category sameAs="#sve" xml:id="PBqas523_sve">
                     <catDesc>service encounter</catDesc>
                  </category>
                  <category sameAs="#sed" xml:id="PBqas523_sed">
                     <catDesc>seminar discussion</catDesc>
                  </category>
                  <category sameAs="#wgd" xml:id="PBqas523_wgd">
                     <catDesc>working group discussion</catDesc>
                  </category>
                  <category sameAs="#wsd" xml:id="PBqas523_wsd">
                     <catDesc>workshop discussion</catDesc>
                  </category>
                  <category sameAs="#mtg" xml:id="PBqas523_mtg">
                     <catDesc>meeting</catDesc>
                  </category>
                  <category sameAs="#pan" xml:id="PBqas523_pan">
                     <catDesc>panel</catDesc>
                  </category>
                  <category sameAs="#qas" xml:id="PBqas523_qas">
                     <catDesc>question-answer session</catDesc>
                  </category>
                  <category sameAs="#con" xml:id="PBqas523_con">
                     <catDesc>conversation</catDesc>
                  </category>
               </category>
            </taxonomy>
         </classDecl>
         <tagsDecl><namespace name="http://www.tei-c.org/ns/1.0">
      <tagUsage gi="TEI" occurs="1"/>
      <tagUsage gi="teiHeader" occurs="1"/>
      <tagUsage gi="fileDesc" occurs="1"/>
      <tagUsage gi="titleStmt" occurs="1"/>
      <tagUsage gi="title" occurs="5"/>
      <tagUsage gi="principal" occurs="1"/>
      <tagUsage gi="editor" occurs="1"/>
      <tagUsage gi="funder" occurs="1"/>
      <tagUsage gi="sponsor" occurs="1"/>
      <tagUsage gi="respStmt" occurs="3"/>
      <tagUsage gi="resp" occurs="3"/>
      <tagUsage gi="orgName" occurs="1"/>
      <tagUsage gi="persName" occurs="5"/>
      <tagUsage gi="editionStmt" occurs="1"/>
      <tagUsage gi="edition" occurs="3"/>
      <tagUsage gi="date" occurs="4"/>
      <tagUsage gi="name" occurs="8"/>
      <tagUsage gi="publicationStmt" occurs="1"/>
      <tagUsage gi="publisher" occurs="1"/>
      <tagUsage gi="distributor" occurs="1"/>
      <tagUsage gi="address" occurs="1"/>
      <tagUsage gi="addrLine" occurs="6"/>
      <tagUsage gi="availability" occurs="1"/>
      <tagUsage gi="p" occurs="7"/>
      <tagUsage gi="ref" occurs="5"/>
      <tagUsage gi="bibl" occurs="2"/>
      <tagUsage gi="notesStmt" occurs="1"/>
      <tagUsage gi="note" occurs="2"/>
      <tagUsage gi="sourceDesc" occurs="1"/>
      <tagUsage gi="recordingStmt" occurs="1"/>
      <tagUsage gi="recording" occurs="1"/>
      <tagUsage gi="equipment" occurs="1"/>
      <tagUsage gi="encodingDesc" occurs="1"/>
      <tagUsage gi="classDecl" occurs="1"/>
      <tagUsage gi="taxonomy" occurs="1"/>
      <tagUsage gi="category" occurs="17"/>
      <tagUsage gi="catDesc" occurs="17"/>
      <tagUsage gi="tagsDecl" occurs="1"/>
      <tagUsage gi="namespace" occurs="2"/>
      <tagUsage gi="tagUsage" occurs="80"/>
      <tagUsage gi="gi" occurs="5"/>
      <tagUsage gi="att" occurs="12"/>
      <tagUsage gi="list" occurs="10"/>
      <tagUsage gi="label" occurs="17"/>
      <tagUsage gi="val" occurs="39"/>
      <tagUsage gi="item" occurs="37"/>
      <tagUsage gi="profileDesc" occurs="1"/>
      <tagUsage gi="textClass" occurs="1"/>
      <tagUsage gi="catRef" occurs="2"/>
      <tagUsage gi="settingDesc" occurs="1"/>
      <tagUsage gi="setting" occurs="1"/>
      <tagUsage gi="locale" occurs="1"/>
      <tagUsage gi="activity" occurs="1"/>
      <tagUsage gi="particDesc" occurs="1"/>
      <tagUsage gi="listPerson" occurs="3"/>
      <tagUsage gi="personGrp" occurs="3"/>
      <tagUsage gi="person" occurs="5"/>
      <tagUsage gi="age" occurs="5"/>
      <tagUsage gi="sex" occurs="5"/>
      <tagUsage gi="langKnowledge" occurs="5"/>
      <tagUsage gi="langKnown" occurs="5"/>
      <tagUsage gi="occupation" occurs="1"/>
      <tagUsage gi="relationGrp" occurs="1"/>
      <tagUsage gi="relation" occurs="2"/>
      <tagUsage gi="revisionDesc" occurs="1"/>
      <tagUsage gi="change" occurs="5"/>
      <tagUsage gi="text" occurs="1"/>
      <tagUsage gi="body" occurs="1"/>
      <tagUsage gi="div" occurs="1"/>
      <tagUsage gi="u" occurs="21">Used to mark a stretch of speech commonly
		preceded and followed by a pause or by a change of speaker. A
		<gi>u</gi> is, however, not required to be bounded by a pause or
		a change of speaker, nor does it represent a turn in a
		conversation analytic sense. At a minimum, a <gi>u</gi> is some
		phonetic production or noise made by a given speaker or a group of speakers.</tagUsage>
      <tagUsage gi="incident" occurs="1">Used to mark contextual information
		relevant to the understanding of the interaction or the
		interaction as such. The <att>voice:desc</att> attribute
		provides a short prose description of the contextual
		event.</tagUsage>
      <tagUsage gi="supplied" occurs="11">Used to mark text supplied by the
		transcriber because the original is unintelligible or needed to
		be anonymized. The <att>reason</att> attribute is used to mark:
		<list>
		  <label><val>unintelligible</val></label><item>unintelligible
		  speech</item>
		  <label><val>anonymization</val></label><item>anonymized
		  speech</item>
		</list>
		</tagUsage>
      <tagUsage gi="c" occurs="89">Used to mark lengthening of sounds and
		intonation (fall, rise). The following <att>type</att>
		attributes are used to mark:
		<list>
		  <label><val>lengthening</val></label><item>lengthened
		  sounds</item>
		  <label><val>intonation</val></label><item>a significant change in
		  intonation, marked with the following <att>function</att>
		  attribute for:
		  <list>
			<label><val>fall</val></label><item>falling
			intonation</item>
			<label><val>rise</val></label><item>rising intonation</item>
		  </list>
		</item>
		</list>
		Intonation may or may not coincide with
		syntactic boundaries.
		</tagUsage>
      <tagUsage gi="pause" occurs="113">Used to mark a pause either between or
		within utterances. Used without <att>dur</att> attribute to
		indicate a brief pause up to half a second.
		</tagUsage>
      <tagUsage gi="seg" occurs="2">Used with different <att>type</att> attributes to mark:
		<list>
		  <label><att>type</att><val>overlap</val></label>
		  <item>overlaps</item>
		  <label><att>type</att><val>onomatopoeia</val></label>
		  <item>onomatopoeic sounds</item>
		  <label><att>type</att><val>ipa</val></label>
		  <item>transcriptions in the international phonetic alphabet</item>
		</list>
		</tagUsage>
      <tagUsage gi="shift" occurs="16">Used to mark the point at which some
		paralinguistic feature changes. The following attribute values
		are used to mark:
		<list>
          <label>
            <val>voice</val>
          </label>
          <item>voice quality
          <list>
            <item><val>imitating</val></item>
            <item><val>laugh</val></item>
            <item><val>neutral</val></item>
            <item><val>phone</val></item>
            <item><val>reading</val></item>
            <item><val>reading_aloud</val></item>
            <item><val>sigh</val></item>
            <item><val>singing</val></item>
            <item><val>whisp</val></item>
            <item><val>yawning</val></item>
          </list>
          </item>
          <label>
          <val>tempo</val></label>
          <item>speed of utterance
            <list>
              <label><val>a</val></label>
              <item>accelerando</item>
              <label><val>l</val></label>
              <item>lento</item>
              <label><val>neutral</val></label>
              <item>neutral</item>
            </list>
          </item>
          <label>
          <val>loud</val></label>
          <item>loudness
            <list>
              <item><val>f</val></item>
              <item><val>neutral</val></item>
              <item><val>p</val></item>
            </list>
          </item>
		  </list>
		</tagUsage>
      <tagUsage gi="emph" occurs="37">Used to mark speech which is stressed or
		emphasized in a way that goes beyond regular nuclear
		stress.</tagUsage>
      <tagUsage gi="anchor" occurs="6">Used to mark other-continuation,
		i.e. whenever a speaker continues another speaker's <gi>u</gi>
		without a pause. Other-continuation is to be interpreted
		temporally and does not relate to form or content of the
		speakers' utterances.</tagUsage>
      <tagUsage gi="unclear" occurs="5">Used to mark speech which cannot be
		transcribed with certainty, because it is difficult to hear or
		understand for the transcriber.</tagUsage>
      <tagUsage gi="w" occurs="4">
		  Used with the <att>type</att> attribute set to
		  <val>spelt</val> to mark words or word fragments which are
		  spelt out, i.e. words whose constituents are pronounced as
		  individual letters.
		</tagUsage>
      <tagUsage gi="vocal" occurs="4">Used to mark laughter and other speaker
		noises and non-verbal feedback.
        <list>
          <label>
            <val>speaker_noise</val>
          </label>
          <item>
            <list>
              <item>
                <val>coughing</val>
              </item>
              <item>
                <val>nods</val>
              </item>
              <item>
                <val>shakes head</val>
              </item>
              <item>
                <val>smacks lips</val>
              </item>
              <item>
                <val>sniffs</val>
              </item>
              <item>
                <val>swallows</val>
              </item>
              <item>
                <val>whistles</val>
              </item>
            </list>
          </item>
          <label>
            <val>wordlike</val>
          </label>
          <item>
            <val>laughing</val>
          </item>
        </list>
        </tagUsage></namespace><namespace name="http://www.univie.ac.at/voice/ns/1.0">
      <tagUsage gi="voice:pvc" occurs="13">Used to mark a pronunciation variation
		or coinage as described in <ref target="http://www.univie.ac.at/voice/documents/VOICE_mark-up_conventions_v2-1.pdf">the
			VOICE mark-up conventions [2.1].</ref>the
			VOICE mark-up conventions [2.1]. An existing word corresponding to the PVC may be provided within a <att>comment</att>comment attribute within the <gi>voice:pvc</gi>voice:pvc element. Additional phonetic
			transcription may be provided within a <att>voice:ipa</att>voice:ipa attribute
			within the <gi>voice:pvc</gi>voice:pvc element.</tagUsage>
      <tagUsage gi="voice:track" occurs="1">Used to mark the beginning of a new
		audio track used in transcription (usually three minutes in length) and thus refers to the audio recording
		of the transcribed speech event.
		</tagUsage></namespace></tagsDecl>
      </encodingDesc>
      <profileDesc>
         <textClass>
            <catRef target="#PBqas523_PB #PBqas523_qas"/>
            <catRef target="#PB #qas"/>
         </textClass>
         <settingDesc>
            <setting>
               <name type="country">AT</name>
               <name type="city">Linz</name>
               <locale>lecture room at event center</locale>
               <activity>unknown</activity>
            </setting>
         </settingDesc>
         <particDesc>
            <listPerson type="main">
               <listPerson type="groups">
                  <personGrp role="speakers" size="5"/>
                  <personGrp role="interactants" size="5"/>
                  <personGrp role="audience" size="100"/>
               </listPerson>
               <listPerson type="identified">
                  <person role="presenter" sameAs="#P700" xml:id="PBqas523_S2">
                     <age value="3">35-49</age>
                     <sex value="1">male</sex>
                     <langKnowledge>
                        <langKnown level="L1" tag="fin-FI"/>
                     </langKnowledge>
                  </person>
                  <person role="audience" sameAs="#P701" xml:id="PBqas523_S3">
                     <age value="3">35-49</age>
                     <sex value="1">male</sex>
                     <langKnowledge>
                        <langKnown level="L1" tag="fin-FI"/>
                     </langKnowledge>
                  </person>
                  <person role="presenter" sameAs="#P702" xml:id="PBqas523_S4">
                     <age value="3">35-49</age>
                     <sex value="1">male</sex>
                     <langKnowledge>
                        <langKnown level="L1" tag="chi-CN"/>
                     </langKnowledge>
                  </person>
                  <person role="audience" sameAs="#P703" xml:id="PBqas523_S5">
                     <age value="3">35-49</age>
                     <sex value="1">male</sex>
                     <langKnowledge>
                        <langKnown level="L1" tag="tur-TR"/>
                     </langKnowledge>
                  </person>
                  <person role="chair" sameAs="#P699" xml:id="PBqas523_S1">
                     <age value="3">35-49</age>
                     <sex value="1">male</sex>
                     <occupation>professional working in steel technology</occupation>
                     <langKnowledge>
                        <langKnown level="L1" tag="ger"/>
                     </langKnowledge>
                  </person>
               </listPerson>
               <relationGrp>
                  <relation mutual="#PBqas523_S1 #PBqas523_S2 #PBqas523_S3 #PBqas523_S4 #PBqas523_S5" name="power_relations_unknown" type="power"/>
                  <relation mutual="#PBqas523_S1 #PBqas523_S2 #PBqas523_S3 #PBqas523_S4 #PBqas523_S5" name="predominantly_acquainted" type="acquaintedness"/>
               </relationGrp>
            </listPerson>
         </particDesc>
      </profileDesc>
      <revisionDesc>
         <change when="2009-05-19" who="SM">conversion to XML</change>
         <change when="2009-05-11" who="TK">finalized for publication</change>
         <change when="2009-01-16" who="TK">proof-reading</change>
         <change when="2008-12-30" who="RO">checking</change>
         <change when="2007-12-14" who="AW">transcription</change>
      </revisionDesc>
   </teiHeader>
   <text>
      <body>
         <div type="medium" voice:end="02:05" voice:end_medium_number="1" voice:end_track="02" voice:medium_type="md" voice:start="00:00" voice:start_medium_number="1" voice:start_track="01">
            <u who="#PBqas523_S1" xml:id="PBqas523_u_1"><incident voice:desc="clapping"/> thank you mister <supplied reason="anonymization"> [S2/last] </supplied><c function="rise" type="intonation"/><pause/><seg n="1" type="overlap" xml:id="PBqas523_ol_0"> for a<c type="lengthening"/></seg><pause/></u>
            <u who="#PBqas523_S2" xml:id="PBqas523_u_2"><seg n="1" synch="#PBqas523_ol_0" type="overlap" xml:id="PBqas523_ol_1"><shift corresp="#PBqas523_s_2" feature="tempo" new="a" xml:id="PBqas523_s_1"/> thank you <shift corresp="#PBqas523_s_1" feature="tempo" new="neutral" xml:id="PBqas523_s_2"/></seg></u>
            <u who="#PBqas523_S1" xml:id="PBqas523_u_3"> for a er quick introduction of this <emph> mass</emph>ive melt shop up there<c function="rise" type="intonation"/> hh e<c type="lengthening"/>r we are running a little bit late but er <pause/> i think probably one question or two <pause/> yah<c function="rise" type="intonation"/> you agree to that <pause/> if there is a question here please <pause/> yes here<c function="fall" type="intonation"/> the gentleman there<c function="rise" type="intonation"/> is there somebody with a microphone yeah<c function="fall" type="intonation"/><pause/> i<c type="lengthening"/>t's coming<c function="fall" type="intonation"/><pause dur="PT2S"/> and could you introduce yourself briefly<c function="rise" type="intonation"/><anchor synch="#PBqas523_oc_1" type="other_continuation" xml:id="PBqas523_oc_0"/></u>
            <u who="#PBqas523_S3" xml:id="PBqas523_u_4"><anchor synch="#PBqas523_oc_0" type="other_continuation" xml:id="PBqas523_oc_1"/> y<c type="lengthening"/>eah okay<c function="fall" type="intonation"/><pause/><supplied reason="anonymization"> [S3] </supplied><supplied reason="anonymization"> [S3/last] </supplied> from <supplied reason="anonymization"> [org1] </supplied></u>
            <u who="#PBqas523_S1" xml:id="PBqas523_u_5"><shift corresp="#PBqas523_s_4" feature="loud" new="p" xml:id="PBqas523_s_3"/> yeah <shift corresp="#PBqas523_s_3" feature="loud" new="neutral" xml:id="PBqas523_s_4"/><anchor synch="#PBqas523_oc_3" type="other_continuation" xml:id="PBqas523_oc_2"/></u>
            <u who="#PBqas523_S3" xml:id="PBqas523_u_6"><anchor synch="#PBqas523_oc_2" type="other_continuation" xml:id="PBqas523_oc_3"/> this  is question for mister <supplied reason="anonymization"> [S4/last] </supplied> from <supplied reason="anonymization"> [org2] </supplied><c function="fall" type="intonation"/><pause/> er because you're using a lot of er <emph> hot </emph> metal<c function="fall" type="intonation"/><pause/> you must use a lot of primary nickel and <pause/> molybdenum and so <pause/> where you are acting nickel and <pause/> molybdenum erm and in in which <emph> form </emph><c function="fall" type="intonation"/><pause dur="PT1S"/></u>
            <u who="#PBqas523_S4" xml:id="PBqas523_u_7"> okay thank you for your question<c function="rise" type="intonation"/><pause/> and er hh <pause/> and the hot metal is <voice:pvc comment="dephosphorization"> dephosphorzation </voice:pvc> in a converter<c function="fall" type="intonation"/><pause/> and the <emph> tap</emph>ping condition from the hot metal will be around<c function="rise" type="intonation"/><pause/> open one per cent carbon<c function="rise" type="intonation"/><pause/> up to open five per cent carbon<c function="fall" type="intonation"/><pause/> and er and the temperature is quite a high<c function="rise" type="intonation"/> it's around one hundred <pause/> hh er s- one thousand six hundred fifteen degree<c function="fall" type="intonation"/><pause/> we're <unclear> charging </unclear> the hot metal into an arc furnace<c function="fall" type="intonation"/><pause/> and er <pause/> another <emph> ne</emph>cessary <emph> a</emph>llowance maybe added to the arc furnace<c function="rise" type="intonation"/> and<c function="rise" type="intonation"/> also toner converter<c function="fall" type="intonation"/><pause/> hh what do you er mention is in a <pause/><emph> nick</emph>el additions we can do in both way<c function="fall" type="intonation"/><pause/> one partly in an arc furnace<c function="rise" type="intonation"/><pause/> and another way is <pause/> in <pause/> converter<c function="fall" type="intonation"/><pause/> in<c type="lengthening"/><supplied reason="anonymization"> [org2] </supplied> we have different er kind erm <pause/> nickel material available<c function="rise" type="intonation"/> one is <voice:pvc> ferronickel<c function="rise" type="intonation"/></voice:pvc><pause/> another one is er pure nickel<c function="fall" type="intonation"/> and another one is <pause/><voice:pvc><emph> synta </emph></voice:pvc> nickel<c function="fall" type="intonation"/><pause/><shift corresp="#PBqas523_s_6" feature="tempo" new="l" xml:id="PBqas523_s_5"/> we <pause/> are now <pause/> doing a process <voice:pvc> optimization </voice:pvc><pause/> and to getting <shift corresp="#PBqas523_s_5" feature="tempo" new="neutral" xml:id="PBqas523_s_6"/> the whole production line <pause/> for smooth operation<c function="fall" type="intonation"/><pause/> that means in ad<emph>ditions </emph><pause/> can be partly be done in an arc furnace<c function="rise" type="intonation"/> another one in a <shift corresp="#PBqas523_s_8" feature="tempo" new="a" xml:id="PBqas523_s_7"/><w voice:mode="spelt"> a o d  </w> converter<c function="fall" type="intonation"/><shift corresp="#PBqas523_s_7" feature="tempo" new="neutral" xml:id="PBqas523_s_8"/><pause dur="PT2S"/></u>
            <u who="#PBqas523_S1" xml:id="PBqas523_u_8"> does that answer your question<c function="rise" type="intonation"/><pause dur="PT1S"/></u>
            <u who="#PBqas523_S3" xml:id="PBqas523_u_9"> er do you use er oxides<c function="fall" type="intonation"/> nickel oxide molybdenum oxide<c function="fall" type="intonation"/></u>
            <u who="#PBqas523_S4" xml:id="PBqas523_u_10"> er if you consider on the <voice:pvc><emph> synta </emph></voice:pvc><pause/> nickel<c function="rise" type="intonation"/><pause/> and such a <voice:pvc> synta </voice:pvc> nickel consist <emph> around </emph><pause/> sixty per cent of <emph> pure </emph> nickel and er thirty to <emph> forty </emph> per cent of <pause/> nickel <voice:pvc comment="oxides"> oxidides<c function="fall" type="intonation"/></voice:pvc><pause/> er yes<c function="fall" type="intonation"/><pause dur="PT1S"/></u>
            <u who="#PBqas523_S1" xml:id="PBqas523_u_11"> mhm nickel oxide <voice:pvc> synta </voice:pvc> which is only available from <emph> cuba </emph> i guess right<c function="rise" type="intonation"/><pause/></u>
            <u who="#PBqas523_S4" xml:id="PBqas523_u_12"> e<c type="lengthening"/>r s- <pause/> yes correct<c function="fall" type="intonation"/><anchor synch="#PBqas523_oc_5" type="other_continuation" xml:id="PBqas523_oc_4"/></u>
            <u who="#PBqas523_S1" xml:id="PBqas523_u_13"><anchor synch="#PBqas523_oc_4" type="other_continuation" xml:id="PBqas523_oc_5"/> yeah<c function="rise" type="intonation"/><pause/> okay <pause dur="PT1S"/> satisfied<c function="rise" type="intonation"/><pause dur="PT2S"/></u>
            <u who="#PBqas523_S3" xml:id="PBqas523_u_14"><vocal type="speaker_noise" voice:desc="nods"/></u>
            <u who="#PBqas523_S1" xml:id="PBqas523_u_15"> good<c function="fall" type="intonation"/><pause/> any <emph> other </emph> questions<c function="fall" type="intonation"/><pause dur="PT2S"/> yes there is one here<c function="rise" type="intonation"/><pause/> please <pause dur="PT2S"/><vocal voice:desc="clears throat"/><pause dur="PT5S"/></u>
            <u who="#PBqas523_S5" xml:id="PBqas523_u_16"><supplied reason="anonymization"> [S5/last] </supplied> from <pause/><supplied reason="anonymization"> [org3] </supplied><pause/><supplied reason="anonymization"> [place1]</supplied><c function="rise" type="intonation"/><pause/>hh e<c type="lengthening"/>r as far as i understood f- <pause/> or stainless steel production <pause/> the arc furnace type is <unclear><emph> spot </emph></unclear> type<c function="fall" type="intonation"/> instead of  <w voice:mode="spelt"> e b t  </w> type<c function="fall" type="intonation"/> what is the main reason of  this difference<c function="fall" type="intonation"/><pause/></u>
            <u who="#PBqas523_S1" xml:id="PBqas523_u_17"> who wants to take the question<c function="fall" type="intonation"/></u>
            <u who="#PBqas523_S4" xml:id="PBqas523_u_18"> er <voice:track medium="1" num="2" type="md"/> actually you can use two different er types of tapping<c function="rise" type="intonation"/> for the arc furnace to produce a stainless steel<c function="rise" type="intonation"/><pause/> you can use with <unclear> spot </unclear> tapping<c function="rise" type="intonation"/> and <emph> also </emph> for  <w voice:mode="spelt"> e f  </w><pause/><w voice:mode="spelt"> e t P<c function="fall" type="intonation"/></w><pause/> but <emph> most </emph> of the stainless mash up apply <pause/> the <pause/><unclear> spot </unclear> tapping<c function="fall" type="intonation"/><pause/> the main reason is <pause/> during er <pause/> electric arc furnace <emph> ma</emph>king process <pause/><shift corresp="#PBqas523_s_10" feature="tempo" new="l" xml:id="PBqas523_s_9"/> we produce <pause/> a lot of <shift corresp="#PBqas523_s_9" feature="tempo" new="neutral" xml:id="PBqas523_s_10"/> chromium oxides <pause/> in a slag<c function="fall" type="intonation"/><pause/> and our target is to reduce such a slag <pause/> to reduce <voice:pvc> nachronium </voice:pvc><pause/> content of the slag to increase <voice:pvc> nachronium </voice:pvc><pause/><supplied reason="unintelligible"> xx<c function="fall" type="intonation"/></supplied> and the <emph> best </emph> er way to reduce <voice:pvc> nachron </voice:pvc><voice:pvc comment="oxides"> oxidides </voice:pvc> of the slag <pause/> is <pause/> to make <emph> mixture </emph><pause/> between the slag and the steel<c function="fall" type="intonation"/><pause/> we can do <emph> this </emph> way <pause/> with <pause/> e<c type="lengthening"/>r <pause/> spot tapping<c function="fall" type="intonation"/><pause/> that means we tap the slag and the steel <pause/> jointly into a ladle<c function="fall" type="intonation"/><pause/> doing l- <emph> least </emph> tapping <pause/> we can reduce the slag <pause/> and with n- er silicon content of the steel<c function="fall" type="intonation"/><pause/> to increase the total <unclear> metallic a yet on so also chrome yet </unclear><c function="fall" type="intonation"/><pause/></u>
            <u who="#PBqas523_S1" xml:id="PBqas523_u_19"><shift corresp="#PBqas523_s_12" feature="loud" new="p" xml:id="PBqas523_s_11"/> mhm<c function="rise" type="intonation"/><shift corresp="#PBqas523_s_11" feature="loud" new="neutral" xml:id="PBqas523_s_12"/><pause dur="PT2S"/><vocal type="speaker_noise" voice:desc="smacks lips"/><pause dur="PT1S"/> are you <pause dur="PT1S"/> is that answering your question </u>
            <u who="#PBqas523_S5" xml:id="PBqas523_u_20"> yes </u>
            <u who="#PBqas523_S1" xml:id="PBqas523_u_21"> good<c function="fall" type="intonation"/> okay<c function="rise" type="intonation"/><pause/><shift corresp="#PBqas523_s_14" feature="loud" new="f" xml:id="PBqas523_s_13"/> one more <shift corresp="#PBqas523_s_13" feature="loud" new="neutral" xml:id="PBqas523_s_14"/><pause dur="PT2S"/> or not<c function="fall" type="intonation"/> so<c type="lengthening"/> you're all hungry<c function="fall" type="intonation"/> hh er i <emph> have </emph> to <pause/> just tell you <pause/> two things first of all we are having <emph> lunch </emph> outside now a lunch break and the next sessions start at the<c type="lengthening"/> thirteen <pause/><emph> twenty </emph><c function="fall" type="intonation"/> as it is in the program actually<c function="rise" type="intonation"/><pause/> e<c type="lengthening"/>r and you <emph> should </emph> also not <emph> miss </emph> the opport<emph>u</emph>nity<c function="rise" type="intonation"/><pause/> to go outside at every <emph> full </emph> hour there is a demonstration of the <voice:pvc> gimbal </voice:pvc><pause/><emph> top </emph> presentation it's just outside the main door i think on the right side there hh and hour every hour they are giving a a a <pause/><vocal type="speaker_noise" voice:desc="smacks lips"/> demonstration there<c function="fall" type="intonation"/> who <emph> still </emph> wants to have more about <emph> stain</emph>less steel<c function="rise" type="intonation"/><pause/> there is a workshop <pause/> here in er d- in the <emph> beethoven </emph> er er erm room at thirteen th- <pause/> thirty-five<c function="fall" type="intonation"/><pause/> five minutes <pause/> past <pause/> half two<c function="fall" type="intonation"/><shift corresp="#PBqas523_s_16" feature="loud" new="p" xml:id="PBqas523_s_15"/> so to speak<c function="fall" type="intonation"/><shift corresp="#PBqas523_s_15" feature="loud" new="neutral" xml:id="PBqas523_s_16"/> thank you hh and let's <emph> thank </emph> our <emph> speak</emph>ers again<c function="fall" type="intonation"/><emph> thank </emph> you<c function="fall" type="intonation"/></u>
         </div>
      </body>
   </text>
</TEI>