<TEI xmlns="http://www.tei-c.org/ns/1.0" xmlns:voice="http://www.univie.ac.at/voice/ns/1.0" xmlns:xi="http://www.w3.org/2001/XInclude" version="5" xml:id="PBqas411" xml:lang="eng">
   <teiHeader>
      <fileDesc>
         <titleStmt>
            <title>question-answer session on issues of steel technology</title>
            <principal>Prof. Barbara Seidlhofer</principal>
            <editor/>
            <funder>Austrian Science Foundation (FWF)</funder>
            <sponsor/>
            <respStmt>
               <resp>Corpus Compilation</resp>
               <orgName>VOICE Project</orgName>
               <persName>Barbara Seidlhofer</persName>
               <persName>Angelika Breiteneder</persName>
               <persName>Marie-Luise Pitzl</persName>
               <persName>Stefan Majewski</persName>
               <persName>Theresa Klimpfinger</persName>
            </respStmt>
         </titleStmt>
         <editionStmt>
		<edition>Version 1.0 XML, <date>May 2011</date></edition>
	  <respStmt>
		<resp>Researchers</resp>
		<name>Barbara Seidlhofer</name> 		
		<name>Angelika Breiteneder</name> 
		<name>Theresa Klimpfinger</name> 
		<name>Stefan Majewski</name> 
		<name>Marie-Luise Pitzl</name> 
	  </respStmt>
	</editionStmt>
         <publicationStmt>
		<publisher>Barbara Seidlhofer, Stefan Majewski, Marie-Luise Pitzl</publisher> 
	  <distributor>VOICE Project, University of Vienna, Austria</distributor> 
	  <address>
		<addrLine>Spitalgasse 2, AAKH Hof 8</addrLine> 
		<addrLine>1090 Vienna</addrLine> 
		<addrLine>Austria</addrLine> 
		<addrLine>Telephone: +43 1 427742446</addrLine> 
	  	<addrLine>Email: voice@univie.ac.at</addrLine> 
		<addrLine>Website: http://www.univie.ac.at/voice</addrLine> 
	  </address>
	  <availability status="free">
	  	<p>
		  The Vienna-Oxford International Corpus of English (VOICE)
		  was created by Barbara Seidlhofer (project director) and
		  Angelika Breiteneder, Theresa Klimpfinger, Stefan Majewski,
		  Marie-Luise Pitzl (project researchers). VOICE 1.0 XML is
		  available for download at the VOICE Project's website <ref target="http://www.univie.ac.at/voice/">http://www.univie.ac.at/voice/</ref>
		  under a Creative Commons
		  Attribution-NonCommercial-ShareAlike 3.0 Unported (CC
		  BY-NC-SA 3.0) License (<ref target="http://creativecommons.org/licenses/by-nc-sa/3.0/">
		  http://creativecommons.org/licenses/by-nc-sa/3.0/
		  </ref>). The original audio files are held at the Department
		  of English, University of Vienna. 23 selected audio files
		  are available as audio streams in the VOICE Online interface
		  at the VOICE Project's website <ref target="http://www.univie.ac.at/voice">http://www.univie.ac.at/voice</ref>.
		</p>
		<p>
		The recommended citation for VOICE 1.0 XML is:
		</p>
		<p>
		<bibl><title>VOICE</title>. <date>2011</date>. <title level="m">The Vienna-Oxford International Corpus of
		English</title> (<edition>version 1.0
		XML</edition>). Director: Barbara Seidlhofer; Researchers:
		Angelika Breiteneder, Theresa Klimpfinger, Stefan Majewski,
		Marie-Luise Pitzl.</bibl>
		</p>
		<p>The short citation for VOICE 1.0 XML is:
		</p>
		<p>
		<bibl><title>VOICE</title>. <date>2011</date>. <title level="m">The Vienna-Oxford International Corpus of
		English</title> (<edition>version 1.0
		XML</edition>).</bibl></p>
		<p>
		  For further information about availability and copyright
		  permissions, please see the README file included in the
		  download package. For further enquiries please contact the
		  VOICE Project at <ref target="mailto:voice@univie.ac.at">voice@univie.ac.at</ref>.
		</p>
	  </availability>
	</publicationStmt>
         <notesStmt>
            <note xml:id="PBqas411_wc">Words: 1790</note>
            <note xml:id="PBqas411_tn_0">This question-answer session involves a panel of experts at a conference on steel technology. S3 chairs the sessions in which people from the audience (S1, S5, S9, S11) ask questions to the experts on the panel (S2, S4, S6, S7, S10). The speakers are generally not acquainted with each other and are referring to each other by last names. The speakers are speaking into a microphone which is handed back and forth between panellists and audience. Occasionally, speakers start talking before they are given the microphone.  </note>
         </notesStmt>
         <sourceDesc>
            <recordingStmt>
               <recording dur="PT00H12M59S" type="audio">
                  <date>2004-06-14</date>
                  <equipment>
                     <p>video recording</p>
                  </equipment>
                  <respStmt>
                     <resp>recording</resp>
                     <name>private company</name>
                  </respStmt>
               </recording>
            </recordingStmt>
         </sourceDesc>
      </fileDesc>
      <encodingDesc>
         <classDecl>
            <taxonomy>
               <category xml:id="PBqas411_domain">
                  <catDesc>Domain</catDesc>
                  <category sameAs="#ED" xml:id="PBqas411_ED">
                     <catDesc>educational</catDesc>
                  </category>
                  <category sameAs="#LE" xml:id="PBqas411_LE">
                     <catDesc>leisure</catDesc>
                  </category>
                  <category sameAs="#PB" xml:id="PBqas411_PB">
                     <catDesc>professional business</catDesc>
                  </category>
                  <category sameAs="#PO" xml:id="PBqas411_PO">
                     <catDesc>professional organizational</catDesc>
                  </category>
                  <category sameAs="#PR" xml:id="PBqas411_PR">
                     <catDesc>professional research/science</catDesc>
                  </category>
               </category>
               <category xml:id="PBqas411_spet">
                  <catDesc>Speech Event Type</catDesc>
                  <category sameAs="#int" xml:id="PBqas411_int">
                     <catDesc>interview</catDesc>
                  </category>
                  <category sameAs="#prc" xml:id="PBqas411_prc">
                     <catDesc>press conference</catDesc>
                  </category>
                  <category sameAs="#sve" xml:id="PBqas411_sve">
                     <catDesc>service encounter</catDesc>
                  </category>
                  <category sameAs="#sed" xml:id="PBqas411_sed">
                     <catDesc>seminar discussion</catDesc>
                  </category>
                  <category sameAs="#wgd" xml:id="PBqas411_wgd">
                     <catDesc>working group discussion</catDesc>
                  </category>
                  <category sameAs="#wsd" xml:id="PBqas411_wsd">
                     <catDesc>workshop discussion</catDesc>
                  </category>
                  <category sameAs="#mtg" xml:id="PBqas411_mtg">
                     <catDesc>meeting</catDesc>
                  </category>
                  <category sameAs="#pan" xml:id="PBqas411_pan">
                     <catDesc>panel</catDesc>
                  </category>
                  <category sameAs="#qas" xml:id="PBqas411_qas">
                     <catDesc>question-answer session</catDesc>
                  </category>
                  <category sameAs="#con" xml:id="PBqas411_con">
                     <catDesc>conversation</catDesc>
                  </category>
               </category>
            </taxonomy>
         </classDecl>
         <tagsDecl><namespace name="http://www.tei-c.org/ns/1.0">
      <tagUsage gi="TEI" occurs="1"/>
      <tagUsage gi="teiHeader" occurs="1"/>
      <tagUsage gi="fileDesc" occurs="1"/>
      <tagUsage gi="titleStmt" occurs="1"/>
      <tagUsage gi="title" occurs="5"/>
      <tagUsage gi="principal" occurs="1"/>
      <tagUsage gi="editor" occurs="1"/>
      <tagUsage gi="funder" occurs="1"/>
      <tagUsage gi="sponsor" occurs="1"/>
      <tagUsage gi="respStmt" occurs="3"/>
      <tagUsage gi="resp" occurs="3"/>
      <tagUsage gi="orgName" occurs="1"/>
      <tagUsage gi="persName" occurs="5"/>
      <tagUsage gi="editionStmt" occurs="1"/>
      <tagUsage gi="edition" occurs="3"/>
      <tagUsage gi="date" occurs="4"/>
      <tagUsage gi="name" occurs="8"/>
      <tagUsage gi="publicationStmt" occurs="1"/>
      <tagUsage gi="publisher" occurs="1"/>
      <tagUsage gi="distributor" occurs="1"/>
      <tagUsage gi="address" occurs="1"/>
      <tagUsage gi="addrLine" occurs="6"/>
      <tagUsage gi="availability" occurs="1"/>
      <tagUsage gi="p" occurs="7"/>
      <tagUsage gi="ref" occurs="5"/>
      <tagUsage gi="bibl" occurs="2"/>
      <tagUsage gi="notesStmt" occurs="1"/>
      <tagUsage gi="note" occurs="2"/>
      <tagUsage gi="sourceDesc" occurs="1"/>
      <tagUsage gi="recordingStmt" occurs="1"/>
      <tagUsage gi="recording" occurs="1"/>
      <tagUsage gi="equipment" occurs="1"/>
      <tagUsage gi="encodingDesc" occurs="1"/>
      <tagUsage gi="classDecl" occurs="1"/>
      <tagUsage gi="taxonomy" occurs="1"/>
      <tagUsage gi="category" occurs="17"/>
      <tagUsage gi="catDesc" occurs="17"/>
      <tagUsage gi="tagsDecl" occurs="1"/>
      <tagUsage gi="namespace" occurs="2"/>
      <tagUsage gi="tagUsage" occurs="80"/>
      <tagUsage gi="gi" occurs="5"/>
      <tagUsage gi="list" occurs="10"/>
      <tagUsage gi="label" occurs="17"/>
      <tagUsage gi="val" occurs="39"/>
      <tagUsage gi="item" occurs="37"/>
      <tagUsage gi="att" occurs="12"/>
      <tagUsage gi="profileDesc" occurs="1"/>
      <tagUsage gi="textClass" occurs="1"/>
      <tagUsage gi="catRef" occurs="2"/>
      <tagUsage gi="settingDesc" occurs="1"/>
      <tagUsage gi="setting" occurs="1"/>
      <tagUsage gi="locale" occurs="1"/>
      <tagUsage gi="activity" occurs="1"/>
      <tagUsage gi="particDesc" occurs="1"/>
      <tagUsage gi="listPerson" occurs="4"/>
      <tagUsage gi="personGrp" occurs="3"/>
      <tagUsage gi="person" occurs="16"/>
      <tagUsage gi="age" occurs="11"/>
      <tagUsage gi="sex" occurs="11"/>
      <tagUsage gi="occupation" occurs="11"/>
      <tagUsage gi="langKnowledge" occurs="11"/>
      <tagUsage gi="langKnown" occurs="11"/>
      <tagUsage gi="relationGrp" occurs="1"/>
      <tagUsage gi="relation" occurs="2"/>
      <tagUsage gi="revisionDesc" occurs="1"/>
      <tagUsage gi="change" occurs="5"/>
      <tagUsage gi="text" occurs="1"/>
      <tagUsage gi="body" occurs="1"/>
      <tagUsage gi="div" occurs="1"/>
      <tagUsage gi="u" occurs="56">Used to mark a stretch of speech commonly
		preceded and followed by a pause or by a change of speaker. A
		<gi>u</gi> is, however, not required to be bounded by a pause or
		a change of speaker, nor does it represent a turn in a
		conversation analytic sense. At a minimum, a <gi>u</gi> is some
		phonetic production or noise made by a given speaker or a group of speakers.</tagUsage>
      <tagUsage gi="vocal" occurs="7">Used to mark laughter and other speaker
		noises and non-verbal feedback.
        <list>
          <label>
            <val>speaker_noise</val>
          </label>
          <item>
            <list>
              <item>
                <val>coughing</val>
              </item>
              <item>
                <val>nods</val>
              </item>
              <item>
                <val>shakes head</val>
              </item>
              <item>
                <val>smacks lips</val>
              </item>
              <item>
                <val>sniffs</val>
              </item>
              <item>
                <val>swallows</val>
              </item>
              <item>
                <val>whistles</val>
              </item>
            </list>
          </item>
          <label>
            <val>wordlike</val>
          </label>
          <item>
            <val>laughing</val>
          </item>
        </list>
        </tagUsage>
      <tagUsage gi="pause" occurs="233">Used to mark a pause either between or
		within utterances. Used without <att>dur</att> attribute to
		indicate a brief pause up to half a second.
		</tagUsage>
      <tagUsage gi="c" occurs="137">Used to mark lengthening of sounds and
		intonation (fall, rise). The following <att>type</att>
		attributes are used to mark:
		<list>
		  <label><val>lengthening</val></label><item>lengthened
		  sounds</item>
		  <label><val>intonation</val></label><item>a significant change in
		  intonation, marked with the following <att>function</att>
		  attribute for:
		  <list>
			<label><val>fall</val></label><item>falling
			intonation</item>
			<label><val>rise</val></label><item>rising intonation</item>
		  </list>
		</item>
		</list>
		Intonation may or may not coincide with
		syntactic boundaries.
		</tagUsage>
      <tagUsage gi="supplied" occurs="52">Used to mark text supplied by the
		transcriber because the original is unintelligible or needed to
		be anonymized. The <att>reason</att> attribute is used to mark:
		<list>
		  <label><val>unintelligible</val></label><item>unintelligible
		  speech</item>
		  <label><val>anonymization</val></label><item>anonymized
		  speech</item>
		</list>
		</tagUsage>
      <tagUsage gi="emph" occurs="19">Used to mark speech which is stressed or
		emphasized in a way that goes beyond regular nuclear
		stress.</tagUsage>
      <tagUsage gi="shift" occurs="46">Used to mark the point at which some
		paralinguistic feature changes. The following attribute values
		are used to mark:
		<list>
          <label>
            <val>voice</val>
          </label>
          <item>voice quality
          <list>
            <item><val>imitating</val></item>
            <item><val>laugh</val></item>
            <item><val>neutral</val></item>
            <item><val>phone</val></item>
            <item><val>reading</val></item>
            <item><val>reading_aloud</val></item>
            <item><val>sigh</val></item>
            <item><val>singing</val></item>
            <item><val>whisp</val></item>
            <item><val>yawning</val></item>
          </list>
          </item>
          <label>
          <val>tempo</val></label>
          <item>speed of utterance
            <list>
              <label><val>a</val></label>
              <item>accelerando</item>
              <label><val>l</val></label>
              <item>lento</item>
              <label><val>neutral</val></label>
              <item>neutral</item>
            </list>
          </item>
          <label>
          <val>loud</val></label>
          <item>loudness
            <list>
              <item><val>f</val></item>
              <item><val>neutral</val></item>
              <item><val>p</val></item>
            </list>
          </item>
		  </list>
		</tagUsage>
      <tagUsage gi="unclear" occurs="12">Used to mark speech which cannot be
		transcribed with certainty, because it is difficult to hear or
		understand for the transcriber.</tagUsage>
      <tagUsage gi="incident" occurs="4">Used to mark contextual information
		relevant to the understanding of the interaction or the
		interaction as such. The <att>voice:desc</att> attribute
		provides a short prose description of the contextual
		event.</tagUsage>
      <tagUsage gi="seg" occurs="16">Used with different <att>type</att> attributes to mark:
		<list>
		  <label><att>type</att><val>overlap</val></label>
		  <item>overlaps</item>
		  <label><att>type</att><val>onomatopoeia</val></label>
		  <item>onomatopoeic sounds</item>
		  <label><att>type</att><val>ipa</val></label>
		  <item>transcriptions in the international phonetic alphabet</item>
		</list>
		</tagUsage>
      <tagUsage gi="w" occurs="2">
		  Used with the <att>type</att> attribute set to
		  <val>spelt</val> to mark words or word fragments which are
		  spelt out, i.e. words whose constituents are pronounced as
		  individual letters.
		</tagUsage>
      <tagUsage gi="anchor" occurs="1">Used to mark other-continuation,
		i.e. whenever a speaker continues another speaker's <gi>u</gi>
		without a pause. Other-continuation is to be interpreted
		temporally and does not relate to form or content of the
		speakers' utterances.</tagUsage></namespace><namespace name="http://www.univie.ac.at/voice/ns/1.0">
      <tagUsage gi="voice:pvc" occurs="12">Used to mark a pronunciation variation
		or coinage as described in <ref target="http://www.univie.ac.at/voice/documents/VOICE_mark-up_conventions_v2-1.pdf">the
			VOICE mark-up conventions [2.1].</ref>the
			VOICE mark-up conventions [2.1]. An existing word corresponding to the PVC may be provided within a <att>comment</att>comment attribute within the <gi>voice:pvc</gi>voice:pvc element. Additional phonetic
			transcription may be provided within a <att>voice:ipa</att>voice:ipa attribute
			within the <gi>voice:pvc</gi>voice:pvc element.</tagUsage>
      <tagUsage gi="voice:track" occurs="4">Used to mark the beginning of a new
		audio track used in transcription (usually three minutes in length) and thus refers to the audio recording
		of the transcribed speech event.
		</tagUsage></namespace></tagsDecl>
      </encodingDesc>
      <profileDesc>
         <textClass>
            <catRef target="#PBqas411_PB #PBqas411_qas"/>
            <catRef target="#PB #qas"/>
         </textClass>
         <settingDesc>
            <setting>
               <name type="country">AT</name>
               <name type="city">Linz</name>
               <locale>seminar room</locale>
               <activity>unknown</activity>
            </setting>
         </settingDesc>
         <particDesc>
            <listPerson type="main">
               <listPerson type="groups">
                  <personGrp role="speakers" size="11"/>
                  <personGrp role="interactants" size="11"/>
                  <personGrp role="audience" size="unknown"/>
               </listPerson>
               <listPerson type="identified">
                  <person role="presenter" sameAs="#P805" xml:id="PBqas411_S2">
                     <age value="3">35-49</age>
                     <sex value="1">male</sex>
                     <occupation>professional working in steel technology</occupation>
                     <langKnowledge>
                        <langKnown level="L1" tag="fin-FI"/>
                     </langKnowledge>
                  </person>
                  <person role="audience" sameAs="#P755" xml:id="PBqas411_S1">
                     <age value="3">35-49</age>
                     <sex value="1">male</sex>
                     <occupation>professional working in steel technology</occupation>
                     <langKnowledge>
                        <langKnown level="L1" tag="eng-GB"/>
                     </langKnowledge>
                  </person>
                  <person role="chair" sameAs="#P806" xml:id="PBqas411_S3">
                     <age value="3">35-49</age>
                     <sex value="1">male</sex>
                     <occupation>professional working in steel technology</occupation>
                     <langKnowledge>
                        <langKnown level="L1" tag="ger-AT"/>
                     </langKnowledge>
                  </person>
                  <person role="presenter" sameAs="#P699" xml:id="PBqas411_S4">
                     <age value="3">35-49</age>
                     <sex value="1">male</sex>
                     <occupation>professional working in steel technology</occupation>
                     <langKnowledge>
                        <langKnown level="L1" tag="ger"/>
                     </langKnowledge>
                  </person>
                  <person role="audience" sameAs="#P757" xml:id="PBqas411_S5">
                     <age value="0">unknown</age>
                     <sex value="1">male</sex>
                     <occupation>professional working in steel technology</occupation>
                     <langKnowledge>
                        <langKnown level="L1" tag="hin-IN"/>
                     </langKnowledge>
                  </person>
                  <person role="presenter" sameAs="#P751" xml:id="PBqas411_S6">
                     <age value="0">unknown</age>
                     <sex value="1">male</sex>
                     <occupation>professional working in steel technology</occupation>
                     <langKnowledge>
                        <langKnown level="L1" tag="por-BR"/>
                     </langKnowledge>
                  </person>
                  <person role="presenter" sameAs="#P758" xml:id="PBqas411_S7">
                     <age value="0">unknown</age>
                     <sex value="1">male</sex>
                     <occupation>professional working in steel technology</occupation>
                     <langKnowledge>
                        <langKnown level="L1" tag="por-BR"/>
                     </langKnowledge>
                  </person>
                  <person role="coordinator" sameAs="#P807" xml:id="PBqas411_S8">
                     <age value="3">35-49</age>
                     <sex value="1">male</sex>
                     <occupation>professional working in steel technology</occupation>
                     <langKnowledge>
                        <langKnown level="L1" tag="fre"/>
                     </langKnowledge>
                  </person>
                  <person role="audience" sameAs="#P808" xml:id="PBqas411_S9">
                     <age value="3">35-49</age>
                     <sex value="1">male</sex>
                     <occupation>professional working in steel technology</occupation>
                     <langKnowledge>
                        <langKnown level="L1" tag="ger-AT"/>
                     </langKnowledge>
                  </person>
                  <person role="presenter" sameAs="#P809" xml:id="PBqas411_S10">
                     <age value="3">35-49</age>
                     <sex value="1">male</sex>
                     <occupation>professional working in steel technology</occupation>
                     <langKnowledge>
                        <langKnown level="L1" tag="ger-AT"/>
                     </langKnowledge>
                  </person>
                  <person role="audience" sameAs="#P810" xml:id="PBqas411_S11">
                     <age value="2">25-34</age>
                     <sex value="1">male</sex>
                     <occupation>professional working in steel technology</occupation>
                     <langKnowledge>
                        <langKnown level="L1" tag="ger-AT"/>
                     </langKnowledge>
                  </person>
               </listPerson>
               <listPerson type="not_identified">
                  <person sameAs="#SS" xml:id="PBqas411_SS"/>
                  <person corresp="#PBqas411_S8" sameAs="#SX" xml:id="PBqas411_SX-8"/>
                  <person corresp="#PBqas411_S7" sameAs="#SX" xml:id="PBqas411_SX-7"/>
                  <person corresp="#PBqas411_S6" sameAs="#SX" xml:id="PBqas411_SX-6"/>
                  <person sameAs="#SX-m" xml:id="PBqas411_SX-m"/>
               </listPerson>
               <relationGrp>
                  <relation mutual="#PBqas411_S1 #PBqas411_S10 #PBqas411_S11 #PBqas411_S2 #PBqas411_S3 #PBqas411_S4 #PBqas411_S5 #PBqas411_S6 #PBqas411_S7 #PBqas411_S8 #PBqas411_S9" name="fairly_symmetrical" type="power"/>
                  <relation mutual="#PBqas411_S1 #PBqas411_S10 #PBqas411_S11 #PBqas411_S2 #PBqas411_S3 #PBqas411_S4 #PBqas411_S5 #PBqas411_S6 #PBqas411_S7 #PBqas411_S8 #PBqas411_S9" name="predominantly_unacquainted" type="acquaintedness"/>
               </relationGrp>
            </listPerson>
         </particDesc>
      </profileDesc>
      <revisionDesc>
         <change when="2009-05-19" who="SM">conversion to XML</change>
         <change when="2009-05-11" who="TK">finalized for publication</change>
         <change when="2009-01-16" who="MLP">proof-reading</change>
         <change when="2008-11-30" who="LL">checking</change>
         <change when="2008-05-07" who="KW">transcription</change>
      </revisionDesc>
   </teiHeader>
   <text>
      <body>
         <div type="medium" voice:end="00:59" voice:end_medium_number="1" voice:end_track="5" voice:medium_type="md" voice:start="00:00" voice:start_medium_number="1" voice:start_track="1">
            <u who="#PBqas411_S1" xml:id="PBqas411_u_1"><vocal type="speaker_noise" voice:desc="smacks lips"/> i was interested that you <pause/> selected a cast of a hundred and eighty millimetres thickness o<c type="lengthening"/>r hh up two hundred m- and more<c function="fall" type="intonation"/> hh and yet <supplied reason="unintelligible"> xxxx </supplied> in <supplied reason="anonymization"> [place1] </supplied> of course<c function="rise" type="intonation"/><pause/> those put in one of their <pause/> earliest medium thick cast er as an eighty millimetre thick cast er <pause dur="PT1S"/> was there some <pause/> fundamental reason for going back to a thicker cast or <pause/> was it to get a higher throughput<c function="rise" type="intonation"/> hh or is it that the <supplied reason="unintelligible"> xx xx xx </supplied> is able to cope with a thicker slab<c function="rise" type="intonation"/><pause dur="PT2S"/></u>
            <u who="#PBqas411_S2" xml:id="PBqas411_u_2"><vocal voice:desc="clears throat"/><pause/> er our <pause/> our constructional <pause dur="PT1S"/> production <pause/> de<emph>part</emph>ments have been <pause dur="PT1S"/> hh have been <pause/> invested <pause/> in <emph> pre</emph><c type="lengthening"/>viously in such <pause/> way that er <pause/> e<c type="lengthening"/>r <pause dur="PT1S"/> it was the how to sa<c type="lengthening"/>y <pause dur="PT1S"/> mo<c type="lengthening"/>st er <pause dur="PT1S"/> er <vocal type="speaker_noise" voice:desc="smacks lips"/><pause dur="PT1S"/> understandable <pause/> way <pause/> to proceed<c function="fall" type="intonation"/><pause dur="PT1S"/> in that way how  we have done<c function="fall" type="intonation"/><pause dur="PT6S"/><vocal subtype="wordstart" type="wordlike" voice:desc="laughing" voice:syl="2"/> er we have a <pause/> if i understood correctly so you're asking at w- why why to have thick slabs hh instead of <voice:pvc comment="thin ones"> thins </voice:pvc><pause/> hh so we have a very strong <supplied reason="unintelligible"> xx </supplied> for example<c function="fall" type="intonation"/><pause dur="PT1S"/> a<c type="lengthening"/>nd er <pause/> e<c type="lengthening"/>r <pause/> we can utilize that capacity in the future as well and and our <voice:pvc comment="basic"> basical </voice:pvc> aim is to <pause/><shift corresp="#PBqas411_s_2" feature="tempo" new="l" xml:id="PBqas411_s_1"/> reach those volumes <shift corresp="#PBqas411_s_1" feature="tempo" new="neutral" xml:id="PBqas411_s_2"/> what what er <pause/> what are in <unclear> forms </unclear><pause dur="PT5S"/></u>
            <u who="#PBqas411_S3" xml:id="PBqas411_u_3"> next question please <pause dur="PT5S"/> maybe in the meantime<c function="fall" type="intonation"/><pause/> one question to mister <supplied reason="anonymization"> [S4/last] </supplied><pause/> hh how do you see the future of the european stainless <pause/> steel maker<c function="rise" type="intonation"/> hh in spite of the development <pause/> e<c type="lengthening"/>r which actually you have drawn up  in china <pause dur="PT5S"/></u>
            <u who="#PBqas411_S4" xml:id="PBqas411_u_4"> e<c type="lengthening"/>r i could make it easy now like mister <supplied reason="anonymization"> [last name1] </supplied> and say <shift corresp="#PBqas411_s_4" feature="voice" new="imitating" xml:id="PBqas411_s_3"/> well very bright <shift corresp="#PBqas411_s_3" feature="voice" new="neutral" xml:id="PBqas411_s_4"/><pause/> end of<c type="lengthening"/> e<c type="lengthening"/>r my answer <pause/> but i would say the cl- the cl- the sky is fa<c type="lengthening"/>r from being cloudless  for the european producers<c function="rise" type="intonation"/> hh e<c type="lengthening"/>r one reason being definitely hh and all y- you all know that the european mills <pause/> shipped in the last years a lot of hot rolled coils for <voice:pvc> rerolling </voice:pvc> to asia<c function="rise" type="intonation"/> hh the asian mills are becoming self-sufficient so this business falls away<c function="fall" type="intonation"/> hh on the other side we are seeing more and more <pause/> even it's  not a big volume yet<c function="rise" type="intonation"/> asian material coming to the european market<c function="rise" type="intonation"/> hh e<c type="lengthening"/>r taiwan <pause/> korea <pause/> all already big suppliers to the european market and the tendency is growing so hh also this <emph> bites </emph> into  the <pause dur="PT1S"/> in all european <pause/> producers' home market share<c function="fall" type="intonation"/> hh and the third reason <shift corresp="#PBqas411_s_6" feature="tempo" new="a" xml:id="PBqas411_s_5"/> and this is the biggest is <shift corresp="#PBqas411_s_5" feature="tempo" new="neutral" xml:id="PBqas411_s_6"/> that we<c type="lengthening"/> have not enough growth in our markets and one reason is also that hh there are a lot of f<c type="lengthening"/>inished products <pause/><emph> simple </emph><pause/> finished products made from stainless steel that are <pause/><shift corresp="#PBqas411_s_8" feature="loud" new="p" xml:id="PBqas411_s_7"/> imported from asia into europe <shift corresp="#PBqas411_s_7" feature="loud" new="neutral" xml:id="PBqas411_s_8"/> hh e<c type="lengthening"/>r just go to a <pause/><voice:track medium="1" num="2" type="md"/> you know hardware store or grocery store or to<c type="lengthening"/> a <pause/><supplied reason="unintelligible"> xx </supplied> a a big department store and er <pause/><vocal type="speaker_noise" voice:desc="smacks lips"/> look where the pots and pans and the cutlery and whatever is in there <shift corresp="#PBqas411_s_10" feature="tempo" new="a" xml:id="PBqas411_s_9"/><supplied reason="unintelligible"> xxx </supplied> where it's produced so <shift corresp="#PBqas411_s_9" feature="tempo" new="neutral" xml:id="PBqas411_s_10"/> hh er <pause/> today already about fifty per cent of the stainless steel market is <pause/> durable <pause/> consumer goods <pause/> it's <emph> not </emph> the tanks <pause/> and the<c type="lengthening"/> in<emph>vest</emph>ment goods any more it's the growth comes from the durable <pause/> hh consumer goods and some of them are relatively simple<c function="fall" type="intonation"/> hh and here this is the biggest risk<c function="rise" type="intonation"/><pause/> that these simple products <shift corresp="#PBqas411_s_12" feature="tempo" new="l" xml:id="PBqas411_s_11"/> are being <shift corresp="#PBqas411_s_11" feature="tempo" new="neutral" xml:id="PBqas411_s_12"/> manufactured somewhere else so hh all of these three factors together point to the <pause/> direction<c function="rise" type="intonation"/> that by the year two thousand ten there <emph> could </emph> be<c type="lengthening"/><pause/> about two million tons <pause dur="PT1S"/> of hot-rolled <pause/> material and one million ton  of cold-rolled material market<c function="rise" type="intonation"/> hh that we have today <pause/> as european producers<c function="rise" type="intonation"/> hh which are <emph> not </emph><pause/><shift corresp="#PBqas411_s_14" feature="tempo" new="a" xml:id="PBqas411_s_13"/> available <shift corresp="#PBqas411_s_13" feature="tempo" new="neutral" xml:id="PBqas411_s_14"/> any more <pause/> what that means everybody can draw his  own conclusions hh e<c type="lengthening"/>rm if there is such an <voice:pvc> oversupply </voice:pvc> situation something's gotta give so who  will it be that's the question<c function="fall" type="intonation"/><pause dur="PT2S"/></u>
            <u who="#PBqas411_S3" xml:id="PBqas411_u_5"> thank you </u>
            <u who="#PBqas411_S5" xml:id="PBqas411_u_6"><shift corresp="#PBqas411_s_16" feature="loud" new="p" xml:id="PBqas411_s_15"/> next question <shift corresp="#PBqas411_s_15" feature="loud" new="neutral" xml:id="PBqas411_s_16"/><incident voice:desc="the microphone is handed over to S5"/> i'm <supplied reason="anonymization"> [S5] </supplied> hello i am <supplied reason="anonymization"> [S5] </supplied><supplied reason="anonymization"> [S5/last] </supplied> from the <supplied reason="anonymization"> [org1] </supplied><pause/> i have a small question for mister <supplied reason="anonymization"> [S6/last] </supplied><pause/> e<c type="lengthening"/>r <shift corresp="#PBqas411_s_18" feature="loud" new="f" xml:id="PBqas411_s_17"/><supplied reason="unintelligible"> xx </supplied><shift corresp="#PBqas411_s_17" feature="loud" new="neutral" xml:id="PBqas411_s_18"/> yes when did you going to a presentation<c function="rise" type="intonation"/><pause/> er <unclear> listen </unclear> you are having e<c type="lengthening"/>r <pause/> high quality of prime of annealing and <supplied reason="unintelligible"> xx </supplied> hh which is almost ninety-five percentage <pause/> but i would like to know that what other defects you are having <pause/> in the <supplied reason="unintelligible"> xx x </supplied><pause dur="PT1S"/></u>
            <u who="#PBqas411_S6" xml:id="PBqas411_u_7"> norm- normally we we have a kind of scratch in the end of the the the the coils<c function="rise" type="intonation"/> hh it's a<c type="lengthening"/> common <pause/> e<c type="lengthening"/>r <pause/> defect of the <supplied reason="unintelligible"> xx </supplied><unclear> mill </unclear><pause/> hh and some <emph> marks </emph> something like that<c function="fall" type="intonation"/> but hh e<c type="lengthening"/>r <pause/> you can say that <supplied reason="unintelligible"> xx </supplied> today you have a good quality <pause/> for <pause/><supplied reason="unintelligible"> xxx </supplied></u>
            <u who="#PBqas411_S5" xml:id="PBqas411_u_8"> any<c type="lengthening"/> problems regarding the slivers <pause/></u>
            <u who="#PBqas411_S6" xml:id="PBqas411_u_9"> yes yes <pause/><seg n="1" type="overlap" xml:id="PBqas411_ol_0"> but e<c type="lengthening"/>r </seg><pause/></u>
            <u who="#PBqas411_S5" xml:id="PBqas411_u_10"><seg n="1" synch="#PBqas411_ol_0" type="overlap" xml:id="PBqas411_ol_1"><shift corresp="#PBqas411_s_20" feature="loud" new="p" xml:id="PBqas411_s_19"/><supplied reason="unintelligible"> xxx </supplied><shift corresp="#PBqas411_s_19" feature="loud" new="neutral" xml:id="PBqas411_s_20"/></seg></u>
            <u who="#PBqas411_S6" xml:id="PBqas411_u_11"> it's around two per cent </u>
            <u who="#PBqas411_S5" xml:id="PBqas411_u_12"><shift corresp="#PBqas411_s_22" feature="loud" new="p" xml:id="PBqas411_s_21"/> only two per cent <shift corresp="#PBqas411_s_21" feature="loud" new="neutral" xml:id="PBqas411_s_22"/><seg n="2" type="overlap" xml:id="PBqas411_ol_2"> at </seg> at the<c type="lengthening"/> annealing <supplied reason="unintelligible"> xx </supplied> stage <pause/></u>
            <u who="#PBqas411_S6" xml:id="PBqas411_u_13"><seg n="2" synch="#PBqas411_ol_2" type="overlap" xml:id="PBqas411_ol_3"> yes </seg></u>
            <u who="#PBqas411_S6" xml:id="PBqas411_u_14"><seg n="3" type="overlap" xml:id="PBqas411_ol_4"> yes </seg></u>
            <u who="#PBqas411_S5" xml:id="PBqas411_u_15"><seg n="3" synch="#PBqas411_ol_4" type="overlap" xml:id="PBqas411_ol_5"> hm </seg> okay <pause/> but er are the slivers i mean e<c type="lengthening"/>r any specific <unclear> observations </unclear> regarding of  the <pause/><supplied reason="unintelligible"> xxx </supplied> from caster or from heating furnace or something like that<c function="rise" type="intonation"/></u>
            <u who="#PBqas411_S6" xml:id="PBqas411_u_16"> er in these cases only for the the<c type="lengthening"/> hot steel mill <unclear> responsible </unclear></u>
            <u who="#PBqas411_S5" xml:id="PBqas411_u_17"> for slivers also<c function="fall" type="intonation"/><pause dur="PT1S"/> i'm talking about slivers now specifically  </u>
            <u who="#PBqas411_S6" xml:id="PBqas411_u_18"> pardon<c function="rise" type="intonation"/></u>
            <u who="#PBqas411_S5" xml:id="PBqas411_u_19"><emph> sli</emph>vers slivers <pause/><seg n="4" type="overlap" xml:id="PBqas411_ol_6"> slivers </seg></u>
            <u who="#PBqas411_S6" xml:id="PBqas411_u_20"><seg n="4" synch="#PBqas411_ol_6" type="overlap" xml:id="PBqas411_ol_7"> slivers </seg> yes <pause/></u>
            <u who="#PBqas411_S5" xml:id="PBqas411_u_21"><supplied reason="unintelligible"> xxx xx </supplied><unclear> very from hot </unclear><supplied reason="unintelligible"> xx </supplied></u>
            <u who="#PBqas411_S6" xml:id="PBqas411_u_22"> yes <pause dur="PT1S"/> two per cent are out </u>
            <u who="#PBqas411_S5" xml:id="PBqas411_u_23"> from er er any specific <supplied reason="unintelligible"> xxx </supplied> i mean the heating furnace temperatures or something like that going wrong<c function="rise" type="intonation"/><pause dur="PT1S"/><supplied reason="unintelligible"> xx </supplied> heating of slabs is it e<c type="lengthening"/>r <pause/> any analysis or something in that field<c function="rise" type="intonation"/><pause dur="PT2S"/></u>
            <u who="#PBqas411_S6" xml:id="PBqas411_u_24"><supplied reason="anonymization"> [S7/last] </supplied><pause/> can <pause/> answer <unclear> for </unclear> me<c function="rise" type="intonation"/><pause dur="PT10S"/></u>
            <u who="#PBqas411_SX-7" xml:id="PBqas411_u_25"><shift corresp="#PBqas411_s_24" feature="voice" new="whisp" xml:id="PBqas411_s_23"/><supplied reason="unintelligible"> xxxxxxxx </supplied><shift corresp="#PBqas411_s_23" feature="voice" new="neutral" xml:id="PBqas411_s_24"/></u>
            <u who="#PBqas411_SX-6" xml:id="PBqas411_u_26"><shift corresp="#PBqas411_s_26" feature="voice" new="whisp" xml:id="PBqas411_s_25"/> yeah <supplied reason="unintelligible"> xxx xxxxx </supplied><shift corresp="#PBqas411_s_25" feature="voice" new="neutral" xml:id="PBqas411_s_26"/><pause dur="PT7S"/><voice:track medium="1" num="3" type="md"/></u>
            <u who="#PBqas411_S7" xml:id="PBqas411_u_27"> just now <pause/> we are studying <pause/> if these effects <voice:pvc> cames </voice:pvc> from stack of mi- er stack of o- no from the<c type="lengthening"/> the he- heating furnace <pause/> or <pause/> e<c type="lengthening"/>r melting shop <pause/></u>
            <u who="#PBqas411_S5" xml:id="PBqas411_u_28"> yeah that's why <seg n="5" type="overlap" xml:id="PBqas411_ol_8"> that's <supplied reason="unintelligible"> x </supplied></seg></u>
            <u who="#PBqas411_S7" xml:id="PBqas411_u_29"><seg n="5" synch="#PBqas411_ol_8" type="overlap" xml:id="PBqas411_ol_9"> but you </seg> know that <pause/> most of the defect <voice:pvc> cames </voice:pvc> from <pause/> melting shop </u>
            <u who="#PBqas411_S5" xml:id="PBqas411_u_30"> melting shop  </u>
            <u who="#PBqas411_S7" xml:id="PBqas411_u_31"> yes </u>
            <u who="#PBqas411_S5" xml:id="PBqas411_u_32"><unclear> the worst </unclear><supplied reason="unintelligible"> xxx </supplied><unclear> when </unclear><supplied reason="unintelligible"> xxxx </supplied> that if the slabs are overheated in the<c type="lengthening"/> heating furnace there also <supplied reason="unintelligible"> xx </supplied> the slivers in stainless steel mainly <supplied reason="unintelligible"> xxxx </supplied><pause dur="PT2S"/></u>
            <u who="#PBqas411_S7" xml:id="PBqas411_u_33"><shift corresp="#PBqas411_s_28" feature="loud" new="p" xml:id="PBqas411_s_27"/> yes <shift corresp="#PBqas411_s_27" feature="loud" new="neutral" xml:id="PBqas411_s_28"/><pause dur="PT1S"/></u>
            <u who="#PBqas411_S5" xml:id="PBqas411_u_34"> do you like to say something <shift corresp="#PBqas411_s_30" feature="tempo" new="a" xml:id="PBqas411_s_29"/><unclear> i mean </unclear><shift corresp="#PBqas411_s_29" feature="tempo" new="neutral" xml:id="PBqas411_s_30"/><supplied reason="unintelligible"> xx </supplied> would you like to share your experience on this <pause dur="PT1S"/></u>
            <u who="#PBqas411_SX-m" xml:id="PBqas411_u_35"><shift corresp="#PBqas411_s_32" feature="voice" new="whisp" xml:id="PBqas411_s_31"/><supplied reason="unintelligible"> xxxx </supplied><shift corresp="#PBqas411_s_31" feature="voice" new="neutral" xml:id="PBqas411_s_32"/><pause/></u>
            <u who="#PBqas411_SX-8" xml:id="PBqas411_u_36"><shift corresp="#PBqas411_s_34" feature="voice" new="whisp" xml:id="PBqas411_s_33"/><supplied reason="unintelligible"> xxxx xxx </supplied><shift corresp="#PBqas411_s_33" feature="voice" new="neutral" xml:id="PBqas411_s_34"/></u>
            <u who="#PBqas411_S7" xml:id="PBqas411_u_37"> please er er e<c type="lengthening"/>r i i c- i c- i do- i <emph> did</emph>n't understand your question<c function="rise" type="intonation"/><pause dur="PT3S"/><incident dur="PT7S" voice:desc="parallel conversation between SX-m and SX-m starts; very softly "/></u>
            <u who="#PBqas411_S5" xml:id="PBqas411_u_38"> er yes i was just trying to find out whether <pause/> the slabs <incident voice:desc="parallel conversation ends"/> if are they're overheated<c function="rise" type="intonation"/><pause dur="PT1S"/> or h- exposed to high temperature in the heating furnace <pause dur="PT1S"/> it leads to oxidation of the <supplied reason="unintelligible"> xx xxx xxx </supplied> slivers <pause/></u>
            <u who="#PBqas411_S8" xml:id="PBqas411_u_39"> please i i i would e<c type="lengthening"/>r we are e<c type="lengthening"/>r late <pause/> and maybe the<c type="lengthening"/> the best way hh is to have e<c type="lengthening"/>r discussion er <seg n="6" type="overlap" xml:id="PBqas411_ol_10"> er er </seg><supplied reason="unintelligible"> xx </supplied> discussion <pause/></u>
            <u who="#PBqas411_S6" xml:id="PBqas411_u_40"><seg n="6" synch="#PBqas411_ol_10" type="overlap" xml:id="PBqas411_ol_11"> okay </seg></u>
            <u who="#PBqas411_S8" xml:id="PBqas411_u_41"> and er <seg n="7" type="overlap" xml:id="PBqas411_ol_12"> after </seg> the meeting <seg n="8" type="overlap" xml:id="PBqas411_ol_13"> please </seg></u>
            <u who="#PBqas411_S5" xml:id="PBqas411_u_42"><seg n="7" synch="#PBqas411_ol_12" type="overlap" xml:id="PBqas411_ol_14"> du- </seg></u>
            <u who="#PBqas411_S5" xml:id="PBqas411_u_43"><seg n="8" synch="#PBqas411_ol_13" type="overlap" xml:id="PBqas411_ol_15"> during </seg> the dinner <pause/></u>
            <u who="#PBqas411_S8" xml:id="PBqas411_u_44"> please <pause dur="PT3S"/></u>
            <u who="#PBqas411_S3" xml:id="PBqas411_u_45"> are there some other questions <pause/> please<c function="rise" type="intonation"/><pause dur="PT4S"/></u>
            <u who="#PBqas411_S9" xml:id="PBqas411_u_46"> hh e<c type="lengthening"/>r <supplied reason="anonymization"> [S9/last] </supplied><supplied reason="anonymization"> [org2] </supplied> s- steel <pause/> i have a question to the experts at the podium <pause/> we have heard in the presentation <pause/> that e<c type="lengthening"/>r <pause/> grinding loss <pause/> went down from four per cent to two per cent that was back in the seventies<c function="fall" type="intonation"/> hh now i would like to know<c function="rise" type="intonation"/><pause/> hh er what is modern grinding loss nowadays on <voice:pvc> austenitic </voice:pvc> and <voice:pvc> ferritic </voice:pvc> grades<c function="rise" type="intonation"/> and what will the future outlook be<c function="fall" type="intonation"/><pause dur="PT1S"/></u>
            <u who="#PBqas411_S3" xml:id="PBqas411_u_47"> mister <supplied reason="anonymization"> [S10/last] </supplied> please<c function="rise" type="intonation"/><pause dur="PT6S"/></u>
            <u who="#PBqas411_S10" xml:id="PBqas411_u_48"> yeah mister <supplied reason="anonymization"> [S9/last] </supplied><pause/> that's a very tough question <pause dur="PT1S"/> and there are sitting many experts around  so y- we will have maybe one hundred opinions on that <pause dur="PT1S"/> i would say <pause/> firstly it depends on the application <pause/> on the final application<c function="rise" type="intonation"/><pause dur="PT1S"/> and <pause/> if we talk <pause/> about <emph> nor</emph>mal <pause/><voice:pvc> austenitic </voice:pvc> grades<c function="rise" type="intonation"/><pause/> for <emph> no </emph> special <pause/> application <pause/> and not the <shift corresp="#PBqas411_s_36" feature="tempo" new="a" xml:id="PBqas411_s_35"/> let's say <shift corresp="#PBqas411_s_35" feature="tempo" new="neutral" xml:id="PBqas411_s_36"/> a normal three  <w voice:mode="spelt"> o  </w> four <pause/> then we are talking now <pause/> that about er nine- <pause/> more than ninety per cent of the slabs <pause/> practically are not ground<c function="fall" type="intonation"/><pause/> and if you would make some restrictions to exclude some slabs start and end and whatever hh <unclear> it </unclear> might be near one hundred per cent<c function="fall" type="intonation"/><pause dur="PT1S"/> for <pause/> more <pause/> e<c type="lengthening"/>r <pause dur="PT2S"/> dif- er for more er specific grades like titanium <pause dur="PT1S"/> e<c type="lengthening"/>r grades <pause/> still <pause/> the high majority is ground<c function="rise" type="intonation"/><pause/> and i do not see <pause/> in  the moment the absolute trend <pause dur="PT1S"/> to get rid of that<c function="fall" type="intonation"/><pause/> and other steel grades are somewhere in between<c function="rise" type="intonation"/><voice:track medium="1" num="4" type="md"/><pause/> and very big e<c type="lengthening"/>r differences we see in the <voice:pvc> ferritic </voice:pvc> stainless steel grades<c function="rise" type="intonation"/><pause/> where a cust- a a <pause dur="PT1S"/> a supplier like <supplied reason="anonymization"> [org3] </supplied><pause/> is practically doing <pause/> no grinding<c function="rise" type="intonation"/><pause/> but many other producers still grind i would say maybe <pause/> twenty to fifty per cent of them<c function="fall" type="intonation"/><pause/> and the average grinding loss in weight<c function="rise" type="intonation"/><pause/> er we would need to calculate according to that <pause/> because the the <pause/> grinding <pause/> e<c type="lengthening"/>r erm <pause/> the grinding depths <pause/> did not <pause/> change so <pause/> dramatically<c function="fall" type="intonation"/><pause/> so still you need to grind a a certain depth of <pause dur="PT1S"/> one to two millimetre <pause/> to get rid of defects if there would be one <pause dur="PT1S"/> i hope this is sufficient <pause/> otherwise i would hand over to mister <supplied reason="anonymization"> [S2/last] </supplied><shift corresp="#PBqas411_s_38" feature="loud" new="p" xml:id="PBqas411_s_37"/><vocal subtype="wordstart" type="wordlike" voice:desc="laughing" voice:syl="2"/><shift corresp="#PBqas411_s_37" feature="loud" new="neutral" xml:id="PBqas411_s_38"/><pause/></u>
            <u who="#PBqas411_S2" xml:id="PBqas411_u_49"> very good answer <pause dur="PT6S"/></u>
            <u who="#PBqas411_S3" xml:id="PBqas411_u_50"> okay<c function="rise" type="intonation"/> to the the reason that actually we are a bit late today<c function="rise" type="intonation"/><pause/> i would say <pause/> that we<c type="lengthening"/> should <pause/> ask the auditorium  maybe for one or two questions<c function="rise" type="intonation"/> hh <pause dur="PT1S"/> is there anything<c function="rise" type="intonation"/><pause dur="PT7S"/></u>
            <u who="#PBqas411_S11" xml:id="PBqas411_u_51"> er <supplied reason="anonymization"> [S11] </supplied><supplied reason="anonymization"> [S11/last] </supplied> er <supplied reason="anonymization"> [org4] </supplied><pause/> er <pause/> a question to <supplied reason="anonymization"> [S4] </supplied><supplied reason="anonymization"> [S4/last] </supplied><pause/> mister <supplied reason="anonymization"> [S4/last] </supplied> e<c type="lengthening"/>rm<c type="lengthening"/> regarding the two hundred grades <pause/> you mentioned the substitution potential<c function="fall" type="intonation"/><pause/> well i think er if you take e<c type="lengthening"/>r manganese as substitute<c function="rise" type="intonation"/> hh e<c type="lengthening"/>r don't you think that the manganese price will er <emph> in</emph>crease and play also a significant role <pause/> in the economics <pause/> in the substituti- <emph> of </emph> the substitution<c function="fall" type="intonation"/><pause dur="PT2S"/></u>
            <u who="#PBqas411_S4" xml:id="PBqas411_u_52"> why e<c type="lengthening"/>r <pause/> manganese is one of the most abundant elements in on the earth right<c function="rise" type="intonation"/><pause/> and we've you see <pause/> er manganese is produced rather like chromium in a ferro- you know <voice:pvc> ferroalloy </voice:pvc> plant in a <voice:pvc> ferroalloy </voice:pvc> smelter<c function="rise" type="intonation"/> hh <pause/> to<c type="lengthening"/> build a plant that gives you hundred thousand tons of manganese er the investment will be <pause/> most likely less than <pause/><shift corresp="#PBqas411_s_40" feature="loud" new="p" xml:id="PBqas411_s_39"/> hundred million dollars<c function="fall" type="intonation"/><shift corresp="#PBqas411_s_39" feature="loud" new="neutral" xml:id="PBqas411_s_40"/> hh for fifty thousand tons of <emph> nickel </emph><pause/> like <pause/><supplied reason="unintelligible"> xxx </supplied><pause/> you know the big projects we are having right now<c function="rise" type="intonation"/> hh you have to spend <pause/> a billion dollars to two billion <shift corresp="#PBqas411_s_42" feature="loud" new="p" xml:id="PBqas411_s_41"/> dollars <shift corresp="#PBqas411_s_41" feature="loud" new="neutral" xml:id="PBqas411_s_42"/><pause/> so <pause/> ni- the nickel production will always be or er <pause/> more expensive<c function="rise" type="intonation"/> hh e<c type="lengthening"/>r and also even <shift corresp="#PBqas411_s_44" feature="tempo" new="a" xml:id="PBqas411_s_43"/> you know that we know now <shift corresp="#PBqas411_s_43" feature="tempo" new="neutral" xml:id="PBqas411_s_44"/> that these  <w voice:mode="spelt"> p a l  </w><pause/> projects in australia the pressure acid <pause/> leaching  process<c function="rise" type="intonation"/> hh that this did not bring the results that were <pause/> desired<c function="rise" type="intonation"/> hh so <emph> i </emph> think <pause/> no e<c type="lengthening"/>rm <pause/> even if the industry switches over with manganese they will always have a lower cost <pause dur="PT1S"/> raw material than with nickel hh and there is no shortage whatsoever yah of<c type="lengthening"/> of manganese not in the earth and hh e<c type="lengthening"/>r at the end of the day <pause/> er n<c type="lengthening"/>- not in in the<c type="lengthening"/> refining capacity <pause/></u>
            <u who="#PBqas411_S11" xml:id="PBqas411_u_53"> thank you </u>
            <u who="#PBqas411_S4" xml:id="PBqas411_u_54"><anchor synch="#PBqas411_oc_-1" type="other_continuation" xml:id="PBqas411_oc_0"/><shift corresp="#PBqas411_s_46" feature="loud" new="p" xml:id="PBqas411_s_45"/><unclear> my </unclear> pleasure <shift corresp="#PBqas411_s_45" feature="loud" new="neutral" xml:id="PBqas411_s_46"/><pause dur="PT1S"/></u>
            <u who="#PBqas411_S3" xml:id="PBqas411_u_55"> last question please <pause dur="PT6S"/><voice:track medium="1" num="5" type="md"/> so if there is no last question<c function="rise" type="intonation"/><pause/> i'd like to make an announcement<c function="rise" type="intonation"/><pause/> hh the departure for the buses are  actually after our session just outside<c function="rise" type="intonation"/> hh for picking up to the hotel<c function="rise" type="intonation"/><pause/> hh and from the hotel basically the buses will pick you up at eighteen thirty<c function="fall" type="intonation"/> hh that means six thirty <pause/> e<c type="lengthening"/>r which actually bring you to our evening <emph> ev</emph>ent<c function="fall" type="intonation"/><pause/> an<c type="lengthening"/>d e<c type="lengthening"/>r i really would like to underline <pause/> don't miss this evening <emph> ev</emph>ent <pause/> hh you will be very impressed<c function="fall" type="intonation"/><pause/> and actually also <pause dur="PT1S"/> at the end now i would like to thank all the speakers<c function="rise" type="intonation"/><pause dur="PT1S"/> i'd like to thank to the auditorium <pause/> which  actually have  been <pause/> for this evening <pause/> the best auditorium  hh e<c type="lengthening"/>r what my feeling is<c function="rise" type="intonation"/> and i think <pause/><incident dur="PT3S" voice:desc="SX whispers "/> my colleague <pause/> also <pause/> can underline <pause/> the same<c function="fall" type="intonation"/><pause dur="PT1S"/> thank you very much <pause dur="PT1S"/></u>
            <u who="#PBqas411_SS" xml:id="PBqas411_u_56"><vocal voice:desc="applauds"/></u>
         </div>
      </body>
   </text>
</TEI>