<TEI xmlns="http://www.tei-c.org/ns/1.0" xmlns:voice="http://www.univie.ac.at/voice/ns/1.0" xmlns:xi="http://www.w3.org/2001/XInclude" version="5" xml:id="PBsve435" xml:lang="eng">
   <teiHeader>
      <fileDesc>
         <titleStmt>
            <title>service encounter about getting an address printed out</title>
            <principal>Prof. Barbara Seidlhofer</principal>
            <editor/>
            <funder>Austrian Science Foundation (FWF)</funder>
            <sponsor/>
            <respStmt>
               <resp>Corpus Compilation</resp>
               <orgName>VOICE Project</orgName>
               <persName>Barbara Seidlhofer</persName>
               <persName>Angelika Breiteneder</persName>
               <persName>Marie-Luise Pitzl</persName>
               <persName>Stefan Majewski</persName>
               <persName>Theresa Klimpfinger</persName>
            </respStmt>
         </titleStmt>
         <editionStmt>
		<edition>Version 1.0 XML, <date>May 2011</date></edition>
	  <respStmt>
		<resp>Researchers</resp>
		<name>Barbara Seidlhofer</name> 		
		<name>Angelika Breiteneder</name> 
		<name>Theresa Klimpfinger</name> 
		<name>Stefan Majewski</name> 
		<name>Marie-Luise Pitzl</name> 
	  </respStmt>
	</editionStmt>
         <publicationStmt>
		<publisher>Barbara Seidlhofer, Stefan Majewski, Marie-Luise Pitzl</publisher> 
	  <distributor>VOICE Project, University of Vienna, Austria</distributor> 
	  <address>
		<addrLine>Spitalgasse 2, AAKH Hof 8</addrLine> 
		<addrLine>1090 Vienna</addrLine> 
		<addrLine>Austria</addrLine> 
		<addrLine>Telephone: +43 1 427742446</addrLine> 
	  	<addrLine>Email: voice@univie.ac.at</addrLine> 
		<addrLine>Website: http://www.univie.ac.at/voice</addrLine> 
	  </address>
	  <availability status="free">
	  	<p>
		  The Vienna-Oxford International Corpus of English (VOICE)
		  was created by Barbara Seidlhofer (project director) and
		  Angelika Breiteneder, Theresa Klimpfinger, Stefan Majewski,
		  Marie-Luise Pitzl (project researchers). VOICE 1.0 XML is
		  available for download at the VOICE Project's website <ref target="http://www.univie.ac.at/voice/">http://www.univie.ac.at/voice/</ref>
		  under a Creative Commons
		  Attribution-NonCommercial-ShareAlike 3.0 Unported (CC
		  BY-NC-SA 3.0) License (<ref target="http://creativecommons.org/licenses/by-nc-sa/3.0/">
		  http://creativecommons.org/licenses/by-nc-sa/3.0/
		  </ref>). The original audio files are held at the Department
		  of English, University of Vienna. 23 selected audio files
		  are available as audio streams in the VOICE Online interface
		  at the VOICE Project's website <ref target="http://www.univie.ac.at/voice">http://www.univie.ac.at/voice</ref>.
		</p>
		<p>
		The recommended citation for VOICE 1.0 XML is:
		</p>
		<p>
		<bibl><title>VOICE</title>. <date>2011</date>. <title level="m">The Vienna-Oxford International Corpus of
		English</title> (<edition>version 1.0
		XML</edition>). Director: Barbara Seidlhofer; Researchers:
		Angelika Breiteneder, Theresa Klimpfinger, Stefan Majewski,
		Marie-Luise Pitzl.</bibl>
		</p>
		<p>The short citation for VOICE 1.0 XML is:
		</p>
		<p>
		<bibl><title>VOICE</title>. <date>2011</date>. <title level="m">The Vienna-Oxford International Corpus of
		English</title> (<edition>version 1.0
		XML</edition>).</bibl></p>
		<p>
		  For further information about availability and copyright
		  permissions, please see the README file included in the
		  download package. For further enquiries please contact the
		  VOICE Project at <ref target="mailto:voice@univie.ac.at">voice@univie.ac.at</ref>.
		</p>
	  </availability>
	</publicationStmt>
         <notesStmt>
            <note xml:id="PBsve435_wc">Words: 154</note>
            <note xml:id="PBsve435_tn_0">This service encounter takes place at a university housing office. S1 comes to the office because he needs an address printed out. S2 confirms what exactly he needs and prints out the required form.  </note>
         </notesStmt>
         <sourceDesc>
            <recordingStmt>
               <recording dur="PT00H05M12S" type="audio">
                  <date>2005-06-27</date>
                  <equipment>
                     <p>Portable minidisc recorder with electret condenser stereo microphone</p>
                  </equipment>
                  <respStmt>
                     <resp>recording</resp>
                     <name>R16</name>
                  </respStmt>
               </recording>
            </recordingStmt>
         </sourceDesc>
      </fileDesc>
      <encodingDesc>
         <classDecl>
            <taxonomy>
               <category xml:id="PBsve435_domain">
                  <catDesc>Domain</catDesc>
                  <category sameAs="#ED" xml:id="PBsve435_ED">
                     <catDesc>educational</catDesc>
                  </category>
                  <category sameAs="#LE" xml:id="PBsve435_LE">
                     <catDesc>leisure</catDesc>
                  </category>
                  <category sameAs="#PB" xml:id="PBsve435_PB">
                     <catDesc>professional business</catDesc>
                  </category>
                  <category sameAs="#PO" xml:id="PBsve435_PO">
                     <catDesc>professional organizational</catDesc>
                  </category>
                  <category sameAs="#PR" xml:id="PBsve435_PR">
                     <catDesc>professional research/science</catDesc>
                  </category>
               </category>
               <category xml:id="PBsve435_spet">
                  <catDesc>Speech Event Type</catDesc>
                  <category sameAs="#int" xml:id="PBsve435_int">
                     <catDesc>interview</catDesc>
                  </category>
                  <category sameAs="#prc" xml:id="PBsve435_prc">
                     <catDesc>press conference</catDesc>
                  </category>
                  <category sameAs="#sve" xml:id="PBsve435_sve">
                     <catDesc>service encounter</catDesc>
                  </category>
                  <category sameAs="#sed" xml:id="PBsve435_sed">
                     <catDesc>seminar discussion</catDesc>
                  </category>
                  <category sameAs="#wgd" xml:id="PBsve435_wgd">
                     <catDesc>working group discussion</catDesc>
                  </category>
                  <category sameAs="#wsd" xml:id="PBsve435_wsd">
                     <catDesc>workshop discussion</catDesc>
                  </category>
                  <category sameAs="#mtg" xml:id="PBsve435_mtg">
                     <catDesc>meeting</catDesc>
                  </category>
                  <category sameAs="#pan" xml:id="PBsve435_pan">
                     <catDesc>panel</catDesc>
                  </category>
                  <category sameAs="#qas" xml:id="PBsve435_qas">
                     <catDesc>question-answer session</catDesc>
                  </category>
                  <category sameAs="#con" xml:id="PBsve435_con">
                     <catDesc>conversation</catDesc>
                  </category>
               </category>
            </taxonomy>
         </classDecl>
         <tagsDecl><namespace name="http://www.tei-c.org/ns/1.0">
      <tagUsage gi="TEI" occurs="1"/>
      <tagUsage gi="teiHeader" occurs="1"/>
      <tagUsage gi="fileDesc" occurs="1"/>
      <tagUsage gi="titleStmt" occurs="1"/>
      <tagUsage gi="title" occurs="5"/>
      <tagUsage gi="principal" occurs="1"/>
      <tagUsage gi="editor" occurs="1"/>
      <tagUsage gi="funder" occurs="1"/>
      <tagUsage gi="sponsor" occurs="1"/>
      <tagUsage gi="respStmt" occurs="3"/>
      <tagUsage gi="resp" occurs="3"/>
      <tagUsage gi="orgName" occurs="1"/>
      <tagUsage gi="persName" occurs="5"/>
      <tagUsage gi="editionStmt" occurs="1"/>
      <tagUsage gi="edition" occurs="3"/>
      <tagUsage gi="date" occurs="4"/>
      <tagUsage gi="name" occurs="8"/>
      <tagUsage gi="publicationStmt" occurs="1"/>
      <tagUsage gi="publisher" occurs="1"/>
      <tagUsage gi="distributor" occurs="1"/>
      <tagUsage gi="address" occurs="1"/>
      <tagUsage gi="addrLine" occurs="6"/>
      <tagUsage gi="availability" occurs="1"/>
      <tagUsage gi="p" occurs="7"/>
      <tagUsage gi="ref" occurs="4"/>
      <tagUsage gi="bibl" occurs="2"/>
      <tagUsage gi="notesStmt" occurs="1"/>
      <tagUsage gi="note" occurs="2"/>
      <tagUsage gi="sourceDesc" occurs="1"/>
      <tagUsage gi="recordingStmt" occurs="1"/>
      <tagUsage gi="recording" occurs="1"/>
      <tagUsage gi="equipment" occurs="1"/>
      <tagUsage gi="encodingDesc" occurs="1"/>
      <tagUsage gi="classDecl" occurs="1"/>
      <tagUsage gi="taxonomy" occurs="1"/>
      <tagUsage gi="category" occurs="17"/>
      <tagUsage gi="catDesc" occurs="17"/>
      <tagUsage gi="tagsDecl" occurs="1"/>
      <tagUsage gi="namespace" occurs="2"/>
      <tagUsage gi="tagUsage" occurs="78"/>
      <tagUsage gi="gi" occurs="3"/>
      <tagUsage gi="att" occurs="11"/>
      <tagUsage gi="list" occurs="9"/>
      <tagUsage gi="label" occurs="18"/>
      <tagUsage gi="val" occurs="31"/>
      <tagUsage gi="item" occurs="31"/>
      <tagUsage gi="profileDesc" occurs="1"/>
      <tagUsage gi="textClass" occurs="1"/>
      <tagUsage gi="catRef" occurs="2"/>
      <tagUsage gi="settingDesc" occurs="1"/>
      <tagUsage gi="setting" occurs="1"/>
      <tagUsage gi="locale" occurs="1"/>
      <tagUsage gi="activity" occurs="1"/>
      <tagUsage gi="particDesc" occurs="1"/>
      <tagUsage gi="listPerson" occurs="3"/>
      <tagUsage gi="personGrp" occurs="2"/>
      <tagUsage gi="person" occurs="2"/>
      <tagUsage gi="age" occurs="2"/>
      <tagUsage gi="sex" occurs="2"/>
      <tagUsage gi="occupation" occurs="2"/>
      <tagUsage gi="langKnowledge" occurs="2"/>
      <tagUsage gi="langKnown" occurs="2"/>
      <tagUsage gi="relationGrp" occurs="1"/>
      <tagUsage gi="relation" occurs="2"/>
      <tagUsage gi="revisionDesc" occurs="1"/>
      <tagUsage gi="change" occurs="6"/>
      <tagUsage gi="text" occurs="1"/>
      <tagUsage gi="body" occurs="1"/>
      <tagUsage gi="div" occurs="1"/>
      <tagUsage gi="u" occurs="30">Used to mark a stretch of speech commonly
		preceded and followed by a pause or by a change of speaker. A
		<gi>u</gi> is, however, not required to be bounded by a pause or
		a change of speaker, nor does it represent a turn in a
		conversation analytic sense. At a minimum, a <gi>u</gi> is some
		phonetic production or noise made by a given speaker or a group of speakers.</tagUsage>
      <tagUsage gi="seg" occurs="18">Used with different <att>type</att> attributes to mark:
		<list>
		  <label><att>type</att><val>overlap</val></label>
		  <item>overlaps</item>
		  <label><att>type</att><val>onomatopoeia</val></label>
		  <item>onomatopoeic sounds</item>
		  <label><att>type</att><val>ipa</val></label>
		  <item>transcriptions in the international phonetic alphabet</item>
		</list>
		</tagUsage>
      <tagUsage gi="c" occurs="35">Used to mark lengthening of sounds and
		intonation (fall, rise). The following <att>type</att>
		attributes are used to mark:
		<list>
		  <label><val>lengthening</val></label><item>lengthened
		  sounds</item>
		  <label><val>intonation</val></label><item>a significant change in
		  intonation, marked with the following <att>function</att>
		  attribute for:
		  <list>
			<label><val>fall</val></label><item>falling
			intonation</item>
			<label><val>rise</val></label><item>rising intonation</item>
		  </list>
		</item>
		</list>
		Intonation may or may not coincide with
		syntactic boundaries.
		</tagUsage>
      <tagUsage gi="foreign" occurs="1">Used to mark a word or phrase as
		belonging to some language other than English. The following
		values for the <att>type</att> attribute are used to mark:
		<list>
		  <label><val>L1</val></label><item>the speaker's first
		  language</item>
		  <label><val>LN</val></label><item>a language other than the
		  speaker's first language</item>
		  <label><val>LQ</val></label><item>a language where it cannot
		  be ascertained whether it is the speaker's first or other
		  language.</item>
		</list>
		Whenever possible, the 
		<att>voice:translation</att> attribute provides a rough translation of the
		non-English speech into English.
		</tagUsage>
      <tagUsage gi="unclear" occurs="1">Used to mark speech which cannot be
		transcribed with certainty, because it is difficult to hear or
		understand for the transcriber.</tagUsage>
      <tagUsage gi="pause" occurs="10">Used to mark a pause either between or
		within utterances. Used without <att>dur</att> attribute to
		indicate a brief pause up to half a second.
		</tagUsage>
      <tagUsage gi="emph" occurs="2">Used to mark speech which is stressed or
		emphasized in a way that goes beyond regular nuclear
		stress.</tagUsage>
      <tagUsage gi="shift" occurs="8">Used to mark the point at which some
		paralinguistic feature changes. The following attribute values
		are used to mark:
		<list>
          <label>
            <val>voice</val>
          </label>
          <item>voice quality
          <list>
            <item><val>imitating</val></item>
            <item><val>laugh</val></item>
            <item><val>neutral</val></item>
            <item><val>phone</val></item>
            <item><val>reading</val></item>
            <item><val>reading_aloud</val></item>
            <item><val>sigh</val></item>
            <item><val>singing</val></item>
            <item><val>whisp</val></item>
            <item><val>yawning</val></item>
          </list>
          </item>
          <label>
          <val>tempo</val></label>
          <item>speed of utterance
            <list>
              <label><val>a</val></label>
              <item>accelerando</item>
              <label><val>l</val></label>
              <item>lento</item>
              <label><val>neutral</val></label>
              <item>neutral</item>
            </list>
          </item>
          <label>
          <val>loud</val></label>
          <item>loudness
            <list>
              <item><val>f</val></item>
              <item><val>neutral</val></item>
              <item><val>p</val></item>
            </list>
          </item>
		  </list>
		</tagUsage>
      <tagUsage gi="incident" occurs="4">Used to mark contextual information
		relevant to the understanding of the interaction or the
		interaction as such. The <att>voice:desc</att> attribute
		provides a short prose description of the contextual
		event.</tagUsage>
      <tagUsage gi="supplied" occurs="2">Used to mark text supplied by the
		transcriber because the original is unintelligible or needed to
		be anonymized. The <att>reason</att> attribute is used to mark:
		<list>
		  <label><val>unintelligible</val></label><item>unintelligible
		  speech</item>
		  <label><val>anonymization</val></label><item>anonymized
		  speech</item>
		</list>
		</tagUsage>
      <tagUsage gi="anchor" occurs="10">Used to mark other-continuation,
		i.e. whenever a speaker continues another speaker's <gi>u</gi>
		without a pause. Other-continuation is to be interpreted
		temporally and does not relate to form or content of the
		speakers' utterances.</tagUsage></namespace><namespace name="http://www.univie.ac.at/voice/ns/1.0">
      <tagUsage gi="voice:track" occurs="1">Used to mark the beginning of a new
		audio track used in transcription (usually three minutes in length) and thus refers to the audio recording
		of the transcribed speech event.
		</tagUsage></namespace></tagsDecl>
      </encodingDesc>
      <profileDesc>
         <textClass>
            <catRef target="#PBsve435_PB #PBsve435_sve"/>
            <catRef target="#PB #sve"/>
         </textClass>
         <settingDesc>
            <setting>
               <name type="country">AT</name>
               <name type="city">Vienna</name>
               <locale>housing office at university</locale>
               <activity>working on computer, printing out file</activity>
            </setting>
         </settingDesc>
         <particDesc>
            <listPerson type="main">
               <listPerson type="groups">
                  <personGrp role="speakers" size="2"/>
                  <personGrp role="interactants" size="2"/>
               </listPerson>
               <listPerson type="identified">
                  <person role="participant" sameAs="#P870" xml:id="PBsve435_S2">
                     <age value="1">17-24</age>
                     <sex value="2">female</sex>
                     <occupation>adviser at student accommodation office</occupation>
                     <langKnowledge>
                        <langKnown level="L1" tag="ger-AT"/>
                     </langKnowledge>
                  </person>
                  <person role="participant" sameAs="#P871" xml:id="PBsve435_S1">
                     <age value="1">17-24</age>
                     <sex value="1">male</sex>
                     <occupation>student</occupation>
                     <langKnowledge>
                        <langKnown level="L1" tag="jpn-JP"/>
                     </langKnowledge>
                  </person>
               </listPerson>
               <relationGrp>
                  <relation mutual="#PBsve435_S1 #PBsve435_S2" name="fairly_symmetrical" type="power"/>
                  <relation mutual="#PBsve435_S1 #PBsve435_S2" name="unacquainted" type="acquaintedness"/>
               </relationGrp>
            </listPerson>
         </particDesc>
      </profileDesc>
      <revisionDesc>
         <change when="2009-05-19" who="SM">conversion to XML</change>
         <change when="2009-05-11" who="TK">finalized for publication</change>
         <change when="2008-10-29" who="MLP VO">proof-reading</change>
         <change when="2008-10-28" who="MLP">checking</change>
         <change when="2006-10-02" who="JL">transcript completion</change>
         <change when="2005-10-13" who="JL">transcription</change>
      </revisionDesc>
   </teiHeader>
   <text>
      <body>
         <div type="medium" voice:end="02:12" voice:end_medium_number="1" voice:end_track="2" voice:medium_type="md" voice:start="00:01" voice:start_medium_number="1" voice:start_track="1">
            <u who="#PBsve435_S1" xml:id="PBsve435_u_1"><seg n="1" type="overlap" xml:id="PBsve435_ol_0"> hello<c function="fall" type="intonation"/></seg></u>
            <u who="#PBsve435_S2" xml:id="PBsve435_u_2"><seg n="1" synch="#PBsve435_ol_0" type="overlap" xml:id="PBsve435_ol_1"> hello<c function="fall" type="intonation"/></seg><foreign type="L1" voice:translation="hello/dis" xml:lang="ger"> gruess gott </foreign></u>
            <u who="#PBsve435_S1" xml:id="PBsve435_u_3"> yeah this is my passport <seg n="8" type="overlap" xml:id="PBsve435_ol_2"> er <unclear> you </unclear></seg> have ordered a room a new room for me </u>
            <u who="#PBsve435_S2" xml:id="PBsve435_u_4"><seg n="8" synch="#PBsve435_ol_2" type="overlap" xml:id="PBsve435_ol_3"> yeah </seg></u>
            <u who="#PBsve435_S2" xml:id="PBsve435_u_5"> mhm </u>
            <u who="#PBsve435_S1" xml:id="PBsve435_u_6"> but e<c type="lengthening"/>r now i need er<c type="lengthening"/> the address<c function="fall" type="intonation"/> so can you print er the new address for me<c function="rise" type="intonation"/><pause/><emph> print </emph><c function="fall" type="intonation"/></u>
            <u who="#PBsve435_S2" xml:id="PBsve435_u_7"><shift corresp="#PBsve435_s_2" feature="tempo" new="a" xml:id="PBsve435_s_1"/> sorry<c function="fall" type="intonation"/><shift corresp="#PBsve435_s_1" feature="tempo" new="neutral" xml:id="PBsve435_s_2"/> you need a confirmation or <pause/> just a second<c function="fall" type="intonation"/><seg n="2" type="overlap" xml:id="PBsve435_ol_4"> i just think<c function="fall" type="intonation"/></seg></u>
            <u who="#PBsve435_S1" xml:id="PBsve435_u_8"><seg n="2" synch="#PBsve435_ol_4" type="overlap" xml:id="PBsve435_ol_5"> mhm<c function="fall" type="intonation"/></seg><pause dur="PT22S"/><incident voice:desc="S2 makes a remark to the observer in german, works on the computer, then takes the passport from S1"/></u>
            <u who="#PBsve435_S2" xml:id="PBsve435_u_9"> thank you s- so<c type="lengthening"/><pause/> you're now living in<c type="lengthening"/><pause dur="PT1S"/><supplied reason="anonymization"> [place1] </supplied><anchor synch="#PBsve435_oc_1" type="other_continuation" xml:id="PBsve435_oc_0"/></u>
            <u who="#PBsve435_S1" xml:id="PBsve435_u_10"><anchor synch="#PBsve435_oc_0" type="other_continuation" xml:id="PBsve435_oc_1"/><shift corresp="#PBsve435_s_4" feature="tempo" new="a" xml:id="PBsve435_s_3"/> yeah yeah yeah<c function="fall" type="intonation"/><shift corresp="#PBsve435_s_3" feature="tempo" new="neutral" xml:id="PBsve435_s_4"/></u>
            <u who="#PBsve435_S2" xml:id="PBsve435_u_11"> and then move in <supplied reason="anonymization"> [place2] </supplied><anchor synch="#PBsve435_oc_3" type="other_continuation" xml:id="PBsve435_oc_2"/></u>
            <u who="#PBsve435_S1" xml:id="PBsve435_u_12"><anchor synch="#PBsve435_oc_2" type="other_continuation" xml:id="PBsve435_oc_3"/><shift corresp="#PBsve435_s_6" feature="tempo" new="a" xml:id="PBsve435_s_5"/> yeah yeah yeah yeah<c function="fall" type="intonation"/><shift corresp="#PBsve435_s_5" feature="tempo" new="neutral" xml:id="PBsve435_s_6"/></u>
            <u who="#PBsve435_S2" xml:id="PBsve435_u_13"> and you need<c function="rise" type="intonation"/></u>
            <u who="#PBsve435_S1" xml:id="PBsve435_u_14"> can you print <anchor synch="#PBsve435_oc_5" type="other_continuation" xml:id="PBsve435_oc_4"/></u>
            <u who="#PBsve435_S2" xml:id="PBsve435_u_15"><anchor synch="#PBsve435_oc_4" type="other_continuation" xml:id="PBsve435_oc_5"/> yah <anchor synch="#PBsve435_oc_7" type="other_continuation" xml:id="PBsve435_oc_6"/></u>
            <u who="#PBsve435_S1" xml:id="PBsve435_u_16"><anchor synch="#PBsve435_oc_6" type="other_continuation" xml:id="PBsve435_oc_7"/><emph> print </emph><anchor synch="#PBsve435_oc_9" type="other_continuation" xml:id="PBsve435_oc_8"/><incident voice:desc="S1 draws the shape of a paper in the air"/></u>
            <u who="#PBsve435_S2" xml:id="PBsve435_u_17"><anchor synch="#PBsve435_oc_8" type="other_continuation" xml:id="PBsve435_oc_9"/> m<seg n="4" type="overlap" xml:id="PBsve435_ol_6">hm </seg></u>
            <u who="#PBsve435_S1" xml:id="PBsve435_u_18"><seg n="4" synch="#PBsve435_ol_6" type="overlap" xml:id="PBsve435_ol_7"> the </seg> address for me<c function="fall" type="intonation"/><pause dur="PT1S"/></u>
            <u who="#PBsve435_S2" xml:id="PBsve435_u_19"> the<c type="lengthening"/> confirmation for your vi<seg n="5" type="overlap" xml:id="PBsve435_ol_8">sa<c function="rise" type="intonation"/></seg></u>
            <u who="#PBsve435_S1" xml:id="PBsve435_u_20"><seg n="5" synch="#PBsve435_ol_8" type="overlap" xml:id="PBsve435_ol_9"> yeah </seg> yeah yeah yeah<c function="fall" type="intonation"/></u>
            <u who="#PBsve435_S2" xml:id="PBsve435_u_21"> for visa<c function="fall" type="intonation"/></u>
            <u who="#PBsve435_S1" xml:id="PBsve435_u_22"> yeah yeah yeah<c function="fall" type="intonation"/></u>
            <u who="#PBsve435_S2" xml:id="PBsve435_u_23"> okay for the <pause/> for the new period from july till novem<seg n="6" type="overlap" xml:id="PBsve435_ol_10">ber<c function="fall" type="intonation"/></seg></u>
            <u who="#PBsve435_S1" xml:id="PBsve435_u_24"><shift corresp="#PBsve435_s_8" feature="tempo" new="a" xml:id="PBsve435_s_7"/><seg n="6" synch="#PBsve435_ol_10" type="overlap" xml:id="PBsve435_ol_11"> yeah </seg> yeah yeah <shift corresp="#PBsve435_s_7" feature="tempo" new="neutral" xml:id="PBsve435_s_8"/><seg n="7" type="overlap" xml:id="PBsve435_ol_12"> okay<c function="fall" type="intonation"/> thank you very much<c function="fall" type="intonation"/></seg></u>
            <u who="#PBsve435_S2" xml:id="PBsve435_u_25"><seg n="7" synch="#PBsve435_ol_12" type="overlap" xml:id="PBsve435_ol_13"> okay<c function="fall" type="intonation"/> no problem<c function="fall" type="intonation"/></seg><pause dur="PT238S"/><incident voice:desc="mostly there is silence, other conversations can be heard in the background; at one point, S2 talks to a colleague in german, while she continues working on the computer; then S1 prints the confirmation, stamps it and hands it to S1"/><voice:track medium="1" num="02" type="md"/> so<c type="lengthening"/><pause/> that's the confirmation </u>
            <u who="#PBsve435_S1" xml:id="PBsve435_u_26"> okay<c function="fall" type="intonation"/></u>
            <u who="#PBsve435_S2" xml:id="PBsve435_u_27"> for the period from first of july till the <seg n="1" type="overlap" xml:id="PBsve435_ol_14"> thirtieth of no</seg>vember<c function="fall" type="intonation"/></u>
            <u who="#PBsve435_S1" xml:id="PBsve435_u_28"><seg n="1" synch="#PBsve435_ol_14" type="overlap" xml:id="PBsve435_ol_15"> yeah yeah yeah<c function="fall" type="intonation"/></seg> thank you<c function="fall" type="intonation"/></u>
            <u who="#PBsve435_S2" xml:id="PBsve435_u_29"> you're welcome<c function="fall" type="intonation"/><seg n="2" type="overlap" xml:id="PBsve435_ol_16"> bye<c function="fall" type="intonation"/></seg></u>
            <u who="#PBsve435_S1" xml:id="PBsve435_u_30"><seg n="2" synch="#PBsve435_ol_16" type="overlap" xml:id="PBsve435_ol_17"> m- </seg> bye<c function="fall" type="intonation"/><pause dur="PT1S"/><incident voice:desc="S1 leaves"/></u>
         </div>
      </body>
   </text>
</TEI>