<TEI xmlns="http://www.tei-c.org/ns/1.0" xmlns:voice="http://www.univie.ac.at/voice/ns/1.0" xmlns:xi="http://www.w3.org/2001/XInclude" version="5" xml:id="PBsve430" xml:lang="eng">
   <teiHeader>
      <fileDesc>
         <titleStmt>
            <title>service encounter about visa application for family members</title>
            <principal>Prof. Barbara Seidlhofer</principal>
            <editor/>
            <funder>Austrian Science Foundation (FWF)</funder>
            <sponsor/>
            <respStmt>
               <resp>Corpus Compilation</resp>
               <orgName>VOICE Project</orgName>
               <persName>Barbara Seidlhofer</persName>
               <persName>Angelika Breiteneder</persName>
               <persName>Marie-Luise Pitzl</persName>
               <persName>Stefan Majewski</persName>
               <persName>Theresa Klimpfinger</persName>
            </respStmt>
         </titleStmt>
         <editionStmt>
		<edition>Version 1.0 XML, <date>May 2011</date></edition>
	  <respStmt>
		<resp>Researchers</resp>
		<name>Barbara Seidlhofer</name> 		
		<name>Angelika Breiteneder</name> 
		<name>Theresa Klimpfinger</name> 
		<name>Stefan Majewski</name> 
		<name>Marie-Luise Pitzl</name> 
	  </respStmt>
	</editionStmt>
         <publicationStmt>
		<publisher>Barbara Seidlhofer, Stefan Majewski, Marie-Luise Pitzl</publisher> 
	  <distributor>VOICE Project, University of Vienna, Austria</distributor> 
	  <address>
		<addrLine>Spitalgasse 2, AAKH Hof 8</addrLine> 
		<addrLine>1090 Vienna</addrLine> 
		<addrLine>Austria</addrLine> 
		<addrLine>Telephone: +43 1 427742446</addrLine> 
	  	<addrLine>Email: voice@univie.ac.at</addrLine> 
		<addrLine>Website: http://www.univie.ac.at/voice</addrLine> 
	  </address>
	  <availability status="free">
	  	<p>
		  The Vienna-Oxford International Corpus of English (VOICE)
		  was created by Barbara Seidlhofer (project director) and
		  Angelika Breiteneder, Theresa Klimpfinger, Stefan Majewski,
		  Marie-Luise Pitzl (project researchers). VOICE 1.0 XML is
		  available for download at the VOICE Project's website <ref target="http://www.univie.ac.at/voice/">http://www.univie.ac.at/voice/</ref>
		  under a Creative Commons
		  Attribution-NonCommercial-ShareAlike 3.0 Unported (CC
		  BY-NC-SA 3.0) License (<ref target="http://creativecommons.org/licenses/by-nc-sa/3.0/">
		  http://creativecommons.org/licenses/by-nc-sa/3.0/
		  </ref>). The original audio files are held at the Department
		  of English, University of Vienna. 23 selected audio files
		  are available as audio streams in the VOICE Online interface
		  at the VOICE Project's website <ref target="http://www.univie.ac.at/voice">http://www.univie.ac.at/voice</ref>.
		</p>
		<p>
		The recommended citation for VOICE 1.0 XML is:
		</p>
		<p>
		<bibl><title>VOICE</title>. <date>2011</date>. <title level="m">The Vienna-Oxford International Corpus of
		English</title> (<edition>version 1.0
		XML</edition>). Director: Barbara Seidlhofer; Researchers:
		Angelika Breiteneder, Theresa Klimpfinger, Stefan Majewski,
		Marie-Luise Pitzl.</bibl>
		</p>
		<p>The short citation for VOICE 1.0 XML is:
		</p>
		<p>
		<bibl><title>VOICE</title>. <date>2011</date>. <title level="m">The Vienna-Oxford International Corpus of
		English</title> (<edition>version 1.0
		XML</edition>).</bibl></p>
		<p>
		  For further information about availability and copyright
		  permissions, please see the README file included in the
		  download package. For further enquiries please contact the
		  VOICE Project at <ref target="mailto:voice@univie.ac.at">voice@univie.ac.at</ref>.
		</p>
	  </availability>
	</publicationStmt>
         <notesStmt>
            <note xml:id="PBsve430_wc">Words: 297</note>
            <note xml:id="PBsve430_tn_0">This service encounter takes place at a university housing office. S2 asks S1 about a confirmation that he needs so that his family can get a visa. S1 prints out the confirmation for S2 and explains that this should be the confirmation he needs.  </note>
         </notesStmt>
         <sourceDesc>
            <recordingStmt>
               <recording dur="PT00H04M53S" type="audio">
                  <date>2005-04-25</date>
                  <equipment>
                     <p>Portable minidisc recorder with electret condenser stereo microphone</p>
                  </equipment>
                  <respStmt>
                     <resp>recording</resp>
                     <name>R16</name>
                  </respStmt>
               </recording>
            </recordingStmt>
         </sourceDesc>
      </fileDesc>
      <encodingDesc>
         <classDecl>
            <taxonomy>
               <category xml:id="PBsve430_domain">
                  <catDesc>Domain</catDesc>
                  <category sameAs="#ED" xml:id="PBsve430_ED">
                     <catDesc>educational</catDesc>
                  </category>
                  <category sameAs="#LE" xml:id="PBsve430_LE">
                     <catDesc>leisure</catDesc>
                  </category>
                  <category sameAs="#PB" xml:id="PBsve430_PB">
                     <catDesc>professional business</catDesc>
                  </category>
                  <category sameAs="#PO" xml:id="PBsve430_PO">
                     <catDesc>professional organizational</catDesc>
                  </category>
                  <category sameAs="#PR" xml:id="PBsve430_PR">
                     <catDesc>professional research/science</catDesc>
                  </category>
               </category>
               <category xml:id="PBsve430_spet">
                  <catDesc>Speech Event Type</catDesc>
                  <category sameAs="#int" xml:id="PBsve430_int">
                     <catDesc>interview</catDesc>
                  </category>
                  <category sameAs="#prc" xml:id="PBsve430_prc">
                     <catDesc>press conference</catDesc>
                  </category>
                  <category sameAs="#sve" xml:id="PBsve430_sve">
                     <catDesc>service encounter</catDesc>
                  </category>
                  <category sameAs="#sed" xml:id="PBsve430_sed">
                     <catDesc>seminar discussion</catDesc>
                  </category>
                  <category sameAs="#wgd" xml:id="PBsve430_wgd">
                     <catDesc>working group discussion</catDesc>
                  </category>
                  <category sameAs="#wsd" xml:id="PBsve430_wsd">
                     <catDesc>workshop discussion</catDesc>
                  </category>
                  <category sameAs="#mtg" xml:id="PBsve430_mtg">
                     <catDesc>meeting</catDesc>
                  </category>
                  <category sameAs="#pan" xml:id="PBsve430_pan">
                     <catDesc>panel</catDesc>
                  </category>
                  <category sameAs="#qas" xml:id="PBsve430_qas">
                     <catDesc>question-answer session</catDesc>
                  </category>
                  <category sameAs="#con" xml:id="PBsve430_con">
                     <catDesc>conversation</catDesc>
                  </category>
               </category>
            </taxonomy>
         </classDecl>
         <tagsDecl><namespace name="http://www.tei-c.org/ns/1.0">
      <tagUsage gi="TEI" occurs="1"/>
      <tagUsage gi="teiHeader" occurs="1"/>
      <tagUsage gi="fileDesc" occurs="1"/>
      <tagUsage gi="titleStmt" occurs="1"/>
      <tagUsage gi="title" occurs="5"/>
      <tagUsage gi="principal" occurs="1"/>
      <tagUsage gi="editor" occurs="1"/>
      <tagUsage gi="funder" occurs="1"/>
      <tagUsage gi="sponsor" occurs="1"/>
      <tagUsage gi="respStmt" occurs="3"/>
      <tagUsage gi="resp" occurs="3"/>
      <tagUsage gi="orgName" occurs="1"/>
      <tagUsage gi="persName" occurs="5"/>
      <tagUsage gi="editionStmt" occurs="1"/>
      <tagUsage gi="edition" occurs="3"/>
      <tagUsage gi="date" occurs="4"/>
      <tagUsage gi="name" occurs="8"/>
      <tagUsage gi="publicationStmt" occurs="1"/>
      <tagUsage gi="publisher" occurs="1"/>
      <tagUsage gi="distributor" occurs="1"/>
      <tagUsage gi="address" occurs="1"/>
      <tagUsage gi="addrLine" occurs="6"/>
      <tagUsage gi="availability" occurs="1"/>
      <tagUsage gi="p" occurs="7"/>
      <tagUsage gi="ref" occurs="4"/>
      <tagUsage gi="bibl" occurs="2"/>
      <tagUsage gi="notesStmt" occurs="1"/>
      <tagUsage gi="note" occurs="2"/>
      <tagUsage gi="sourceDesc" occurs="1"/>
      <tagUsage gi="recordingStmt" occurs="1"/>
      <tagUsage gi="recording" occurs="1"/>
      <tagUsage gi="equipment" occurs="1"/>
      <tagUsage gi="encodingDesc" occurs="1"/>
      <tagUsage gi="classDecl" occurs="1"/>
      <tagUsage gi="taxonomy" occurs="1"/>
      <tagUsage gi="category" occurs="17"/>
      <tagUsage gi="catDesc" occurs="17"/>
      <tagUsage gi="tagsDecl" occurs="1"/>
      <tagUsage gi="namespace" occurs="1"/>
      <tagUsage gi="tagUsage" occurs="79"/>
      <tagUsage gi="gi" occurs="3"/>
      <tagUsage gi="att" occurs="13"/>
      <tagUsage gi="list" occurs="12"/>
      <tagUsage gi="label" occurs="22"/>
      <tagUsage gi="val" occurs="43"/>
      <tagUsage gi="item" occurs="42"/>
      <tagUsage gi="profileDesc" occurs="1"/>
      <tagUsage gi="textClass" occurs="1"/>
      <tagUsage gi="catRef" occurs="2"/>
      <tagUsage gi="settingDesc" occurs="1"/>
      <tagUsage gi="setting" occurs="1"/>
      <tagUsage gi="locale" occurs="1"/>
      <tagUsage gi="activity" occurs="1"/>
      <tagUsage gi="particDesc" occurs="1"/>
      <tagUsage gi="listPerson" occurs="3"/>
      <tagUsage gi="personGrp" occurs="2"/>
      <tagUsage gi="person" occurs="2"/>
      <tagUsage gi="age" occurs="2"/>
      <tagUsage gi="sex" occurs="2"/>
      <tagUsage gi="occupation" occurs="2"/>
      <tagUsage gi="langKnowledge" occurs="2"/>
      <tagUsage gi="langKnown" occurs="2"/>
      <tagUsage gi="relationGrp" occurs="1"/>
      <tagUsage gi="relation" occurs="2"/>
      <tagUsage gi="revisionDesc" occurs="1"/>
      <tagUsage gi="change" occurs="6"/>
      <tagUsage gi="text" occurs="1"/>
      <tagUsage gi="body" occurs="1"/>
      <tagUsage gi="div" occurs="2"/>
      <tagUsage gi="u" occurs="41">Used to mark a stretch of speech commonly
		preceded and followed by a pause or by a change of speaker. A
		<gi>u</gi> is, however, not required to be bounded by a pause or
		a change of speaker, nor does it represent a turn in a
		conversation analytic sense. At a minimum, a <gi>u</gi> is some
		phonetic production or noise made by a given speaker or a group of speakers.</tagUsage>
      <tagUsage gi="foreign" occurs="3">Used to mark a word or phrase as
		belonging to some language other than English. The following
		values for the <att>type</att> attribute are used to mark:
		<list>
		  <label><val>L1</val></label><item>the speaker's first
		  language</item>
		  <label><val>LN</val></label><item>a language other than the
		  speaker's first language</item>
		  <label><val>LQ</val></label><item>a language where it cannot
		  be ascertained whether it is the speaker's first or other
		  language.</item>
		</list>
		Whenever possible, the 
		<att>voice:translation</att> attribute provides a rough translation of the
		non-English speech into English.
		</tagUsage>
      <tagUsage gi="c" occurs="58">Used to mark lengthening of sounds and
		intonation (fall, rise). The following <att>type</att>
		attributes are used to mark:
		<list>
		  <label><val>lengthening</val></label><item>lengthened
		  sounds</item>
		  <label><val>intonation</val></label><item>a significant change in
		  intonation, marked with the following <att>function</att>
		  attribute for:
		  <list>
			<label><val>fall</val></label><item>falling
			intonation</item>
			<label><val>rise</val></label><item>rising intonation</item>
		  </list>
		</item>
		</list>
		Intonation may or may not coincide with
		syntactic boundaries.
		</tagUsage>
      <tagUsage gi="pause" occurs="35">Used to mark a pause either between or
		within utterances. Used without <att>dur</att> attribute to
		indicate a brief pause up to half a second.
		</tagUsage>
      <tagUsage gi="incident" occurs="7">Used to mark contextual information
		relevant to the understanding of the interaction or the
		interaction as such. The <att>voice:desc</att> attribute
		provides a short prose description of the contextual
		event.</tagUsage>
      <tagUsage gi="seg" occurs="20">Used with different <att>type</att> attributes to mark:
		<list>
		  <label><att>type</att><val>overlap</val></label>
		  <item>overlaps</item>
		  <label><att>type</att><val>onomatopoeia</val></label>
		  <item>onomatopoeic sounds</item>
		  <label><att>type</att><val>ipa</val></label>
		  <item>transcriptions in the international phonetic alphabet</item>
		</list>
		</tagUsage>
      <tagUsage gi="anchor" occurs="6">Used to mark other-continuation,
		i.e. whenever a speaker continues another speaker's <gi>u</gi>
		without a pause. Other-continuation is to be interpreted
		temporally and does not relate to form or content of the
		speakers' utterances.</tagUsage>
      <tagUsage gi="unclear" occurs="5">Used to mark speech which cannot be
		transcribed with certainty, because it is difficult to hear or
		understand for the transcriber.</tagUsage>
      <tagUsage gi="supplied" occurs="3">Used to mark text supplied by the
		transcriber because the original is unintelligible or needed to
		be anonymized. The <att>reason</att> attribute is used to mark:
		<list>
		  <label><val>unintelligible</val></label><item>unintelligible
		  speech</item>
		  <label><val>anonymization</val></label><item>anonymized
		  speech</item>
		</list>
		</tagUsage>
      <tagUsage gi="shift" occurs="12">Used to mark the point at which some
		paralinguistic feature changes. The following attribute values
		are used to mark:
		<list>
          <label>
            <val>voice</val>
          </label>
          <item>voice quality
          <list>
            <item><val>imitating</val></item>
            <item><val>laugh</val></item>
            <item><val>neutral</val></item>
            <item><val>phone</val></item>
            <item><val>reading</val></item>
            <item><val>reading_aloud</val></item>
            <item><val>sigh</val></item>
            <item><val>singing</val></item>
            <item><val>whisp</val></item>
            <item><val>yawning</val></item>
          </list>
          </item>
          <label>
          <val>tempo</val></label>
          <item>speed of utterance
            <list>
              <label><val>a</val></label>
              <item>accelerando</item>
              <label><val>l</val></label>
              <item>lento</item>
              <label><val>neutral</val></label>
              <item>neutral</item>
            </list>
          </item>
          <label>
          <val>loud</val></label>
          <item>loudness
            <list>
              <item><val>f</val></item>
              <item><val>neutral</val></item>
              <item><val>p</val></item>
            </list>
          </item>
		  </list>
		</tagUsage>
      <tagUsage gi="gap" occurs="1">Used to mark points where a short portion of
		speech has not been recorded or has been left untranscribed,
		whether for editorial reasons, as part of the sampling practice,
		or because the material is inaudible or comprises sensitive
		content. The following <att>reason</att> attributes are used to
		mark:
		<list>
		  <label><val>not_recorded</val></label><item>Not recorded
		  speech</item>
		  <label><val>not_transcribed</val></label><item>Not transcribed
		  speech</item>
		</list>
		Further information on the reason for a gap is provided within
		the <att>voice:desc</att> attribute.
		</tagUsage>
      <tagUsage gi="emph" occurs="2">Used to mark speech which is stressed or
		emphasized in a way that goes beyond regular nuclear
		stress.</tagUsage>
      <tagUsage gi="vocal" occurs="3">Used to mark laughter and other speaker
		noises and non-verbal feedback.
        <list>
          <label>
            <val>speaker_noise</val>
          </label>
          <item>
            <list>
              <item>
                <val>coughing</val>
              </item>
              <item>
                <val>nods</val>
              </item>
              <item>
                <val>shakes head</val>
              </item>
              <item>
                <val>smacks lips</val>
              </item>
              <item>
                <val>sniffs</val>
              </item>
              <item>
                <val>swallows</val>
              </item>
              <item>
                <val>whistles</val>
              </item>
            </list>
          </item>
          <label>
            <val>wordlike</val>
          </label>
          <item>
            <val>laughing</val>
          </item>
        </list>
        </tagUsage></namespace></tagsDecl>
      </encodingDesc>
      <profileDesc>
         <textClass>
            <catRef target="#PBsve430_PB #PBsve430_sve"/>
            <catRef target="#PB #sve"/>
         </textClass>
         <settingDesc>
            <setting>
               <name type="country">AT</name>
               <name type="city">Vienna</name>
               <locale>housing office at university</locale>
               <activity>typing on computer, printing out document</activity>
            </setting>
         </settingDesc>
         <particDesc>
            <listPerson type="main">
               <listPerson type="groups">
                  <personGrp role="speakers" size="2"/>
                  <personGrp role="interactants" size="2"/>
               </listPerson>
               <listPerson type="identified">
                  <person role="participant" sameAs="#P868" xml:id="PBsve430_S2">
                     <age value="2">25-34</age>
                     <sex value="1">male</sex>
                     <occupation>student</occupation>
                     <langKnowledge>
                        <langKnown level="L1" tag="urd-PK"/>
                     </langKnowledge>
                  </person>
                  <person role="participant" sameAs="#P39" xml:id="PBsve430_S1">
                     <age value="1">17-24</age>
                     <sex value="2">female</sex>
                     <occupation>adviser at student accommodation office</occupation>
                     <langKnowledge>
                        <langKnown level="L1" tag="ger-AT"/>
                     </langKnowledge>
                  </person>
               </listPerson>
               <relationGrp>
                  <relation mutual="#PBsve430_S1 #PBsve430_S2" name="fairly_symmetrical" type="power"/>
                  <relation mutual="#PBsve430_S1 #PBsve430_S2" name="unacquainted" type="acquaintedness"/>
               </relationGrp>
            </listPerson>
         </particDesc>
      </profileDesc>
      <revisionDesc>
         <change when="2009-05-19" who="SM">conversion to XML</change>
         <change when="2009-05-11" who="TK">finalized for publication</change>
         <change when="2008-10-25" who="MLP VO">proof-reading</change>
         <change when="2008-10-24" who="MLP">checking</change>
         <change when="2006-10-02" who="JL">transcript completion</change>
         <change when="2005-10-03" who="JL">transcription</change>
      </revisionDesc>
   </teiHeader>
   <text>
      <body>
         <div type="medium" voice:end="01:06" voice:end_medium_number="1" voice:end_track="01" voice:medium_type="md" voice:start="00:00" voice:start_medium_number="1" voice:start_track="1">
            <u who="#PBsve430_S1" xml:id="PBsve430_u_1"><foreign type="LN" voice:translation="hello" xml:lang="ger"> hallo<c function="fall" type="intonation"/></foreign><pause dur="PT1S"/><incident voice:desc="another service encounter can be heard in the background"/></u>
            <u who="#PBsve430_S2" xml:id="PBsve430_u_2"> hello<c function="fall" type="intonation"/> i<c type="lengthening"/> want to apply<c type="lengthening"/><pause dur="PT1S"/> for the visa of my family<c function="fall" type="intonation"/></u>
            <u who="#PBsve430_S1" xml:id="PBsve430_u_3"> mhm<c function="rise" type="intonation"/></u>
            <u who="#PBsve430_S2" xml:id="PBsve430_u_4"> i went to<c type="lengthening"/><pause/> the district office an<c type="lengthening"/>d they <seg n="1" type="overlap" xml:id="PBsve430_ol_0"> told me </seg> that i need a letter <anchor synch="#PBsve430_oc_1" type="other_continuation" xml:id="PBsve430_oc_0"/></u>
            <u who="#PBsve430_S1" xml:id="PBsve430_u_5"><seg n="1" synch="#PBsve430_ol_0" type="overlap" xml:id="PBsve430_ol_1"> mhm </seg></u>
            <u who="#PBsve430_S1" xml:id="PBsve430_u_6"><anchor synch="#PBsve430_oc_0" type="other_continuation" xml:id="PBsve430_oc_1"/> mhm <pause/></u>
            <u who="#PBsve430_S2" xml:id="PBsve430_u_7"> that i'm living he<c type="lengthening"/>re and paying my<c type="lengthening"/><pause/><seg n="2" type="overlap" xml:id="PBsve430_ol_2"> rent<c function="fall" type="intonation"/> an<c type="lengthening"/>d </seg></u>
            <u who="#PBsve430_S1" xml:id="PBsve430_u_8"><seg n="2" synch="#PBsve430_ol_2" type="overlap" xml:id="PBsve430_ol_3"> rent<c function="fall" type="intonation"/> mhm </seg><pause dur="PT1S"/> may i have a look<c function="rise" type="intonation"/></u>
            <u who="#PBsve430_S2" xml:id="PBsve430_u_9"> mhm ah ya- and this i got from <pause/><unclear> they had it </unclear><incident voice:desc="S2 gives her a paper"/></u>
            <u who="#PBsve430_S1" xml:id="PBsve430_u_10"> mhm <pause dur="PT14S"/><incident dur="PT14S" voice:desc="S1 looks at the paper and types on her computer "/> for july<c function="fall" type="intonation"/> for <supplied reason="anonymization"> [place1] </supplied><pause dur="PT2S"/></u>
            <u who="#PBsve430_S2" xml:id="PBsve430_u_11"> for<c function="rise" type="intonation"/><pause dur="PT1S"/></u>
            <u who="#PBsve430_S1" xml:id="PBsve430_u_12"><shift corresp="#PBsve430_s_2" feature="loud" new="f" xml:id="PBsve430_s_1"/> for which er student house you need the confirmation<c function="rise" type="intonation"/><shift corresp="#PBsve430_s_1" feature="loud" new="neutral" xml:id="PBsve430_s_2"/></u>
            <u who="#PBsve430_S2" xml:id="PBsve430_u_13"><unclear> here </unclear> i'm living<c function="fall" type="intonation"/><incident voice:desc="S1 points at the paper"/><pause dur="PT1S"/><incident voice:desc="the other service encounter ends"/></u>
            <u who="#PBsve430_S1" xml:id="PBsve430_u_14"> mhm and for family visa<c function="rise" type="intonation"/><pause/><incident voice:desc="another staff member asks S1 a question in German"/><pause dur="PT2S"/></u>
            <u who="#PBsve430_S2" xml:id="PBsve430_u_15"> erm<c type="lengthening"/> yah for family visa but the<c type="lengthening"/>y the- she told me that i need only<c type="lengthening"/><pause/> that information that i'm living he<c type="lengthening"/>re <pause/> an<c type="lengthening"/>d i am paying <pause/> it regularly<c function="fall" type="intonation"/><pause dur="PT1S"/></u>
            <u who="#PBsve430_S1" xml:id="PBsve430_u_16"> i see<c function="fall" type="intonation"/> hh okay i will print you the<c type="lengthening"/> confirmation for here first<c function="fall" type="intonation"/></u>
         </div>
         <gap dur="PT00H02M50S" reason="not_transcribed" voice:desc="non-e; S1 occasionally talks with her colleagues in german, while she writes and prints out the confirmation for S2; her mobile phone rings and has a short telephone conversation in german; then she continues printing the confirmation"/>
         <div type="medium" voice:end="01:53" voice:end_medium_number="1" voice:end_track="2" voice:medium_type="md" voice:start="00:56" voice:start_medium_number="1" voice:start_track="02">
            <u who="#PBsve430_S1" xml:id="PBsve430_u_17"><shift corresp="#PBsve430_s_4" feature="loud" new="p" xml:id="PBsve430_s_3"/> here<c function="fall" type="intonation"/><shift corresp="#PBsve430_s_3" feature="loud" new="neutral" xml:id="PBsve430_s_4"/><pause/><seg n="3" type="overlap" xml:id="PBsve430_ol_4"> it is </seg> the right form or<c function="rise" type="intonation"/><pause dur="PT1S"/></u>
            <u who="#PBsve430_S2" xml:id="PBsve430_u_18"><shift corresp="#PBsve430_s_6" feature="loud" new="p" xml:id="PBsve430_s_5"/><seg n="3" synch="#PBsve430_ol_4" type="overlap" xml:id="PBsve430_ol_5"><foreign type="LN" voice:translation="thank you" xml:lang="ger"><unclear> danke </unclear></foreign></seg><shift corresp="#PBsve430_s_5" feature="loud" new="neutral" xml:id="PBsve430_s_6"/></u>
            <u who="#PBsve430_S2" xml:id="PBsve430_u_19"> erm i need to <supplied reason="unintelligible"> xx </supplied><unclear> for it </unclear><pause/><seg n="4" type="overlap" xml:id="PBsve430_ol_6"> much </seg></u>
            <u who="#PBsve430_S1" xml:id="PBsve430_u_20"><seg n="4" synch="#PBsve430_ol_6" type="overlap" xml:id="PBsve430_ol_7"> it's only- </seg> it confirms that <pause/><seg n="5" type="overlap" xml:id="PBsve430_ol_8"><emph> you </emph><pause/> are living in </seg><supplied reason="anonymization"> [place2] </supplied><pause/></u>
            <u who="#PBsve430_S2" xml:id="PBsve430_u_21"><seg n="5" synch="#PBsve430_ol_8" type="overlap" xml:id="PBsve430_ol_9"> i'm living here<c function="rise" type="intonation"/></seg></u>
            <u who="#PBsve430_S1" xml:id="PBsve430_u_22"> from first of july <pause/> until the end of june this year<c function="rise" type="intonation"/></u>
            <u who="#PBsve430_S2" xml:id="PBsve430_u_23"> okay<c type="lengthening"/></u>
            <u who="#PBsve430_S1" xml:id="PBsve430_u_24"> an<c type="lengthening"/>d the monthly rent is one hundred ninety<c function="fall" type="intonation"/></u>
            <u who="#PBsve430_S2" xml:id="PBsve430_u_25"> and i'm paying it regularly<c function="fall" type="intonation"/></u>
            <u who="#PBsve430_S1" xml:id="PBsve430_u_26"> yeah<c function="fall" type="intonation"/><pause/></u>
            <u who="#PBsve430_S2" xml:id="PBsve430_u_27"> i'm paying it regularly<c function="fall" type="intonation"/></u>
            <u who="#PBsve430_S1" xml:id="PBsve430_u_28"> because it's it's <emph> monthly </emph> rent<c function="fall" type="intonation"/><pause/><seg n="6" type="overlap" xml:id="PBsve430_ol_10"> this </seg> form says monthly rent<c function="fall" type="intonation"/></u>
            <u who="#PBsve430_S2" xml:id="PBsve430_u_29"><seg n="6" synch="#PBsve430_ol_10" type="overlap" xml:id="PBsve430_ol_11"><unclear> erm </unclear></seg></u>
            <u who="#PBsve430_S2" xml:id="PBsve430_u_30"> hh okay<c function="fall" type="intonation"/> but she was saying that er<c type="lengthening"/> i need it<c type="lengthening"/> that i am paying it <pause dur="PT1S"/></u>
            <u who="#PBsve430_S1" xml:id="PBsve430_u_31"> because erm u- er usually all the scholarship holders erm<c type="lengthening"/><pause/> apply for a visa with this confirmation<c function="fall" type="intonation"/><pause/><shift corresp="#PBsve430_s_8" feature="tempo" new="a" xml:id="PBsve430_s_7"/><seg n="6" type="overlap" xml:id="PBsve430_ol_12"> so it should be </seg> enough<c function="fall" type="intonation"/><anchor synch="#PBsve430_oc_3" type="other_continuation" xml:id="PBsve430_oc_2"/><shift corresp="#PBsve430_s_7" feature="tempo" new="neutral" xml:id="PBsve430_s_8"/></u>
            <u who="#PBsve430_S2" xml:id="PBsve430_u_32"><seg n="6" synch="#PBsve430_ol_12" type="overlap" xml:id="PBsve430_ol_13"> okay<c function="fall" type="intonation"/></seg></u>
            <u who="#PBsve430_S2" xml:id="PBsve430_u_33"><anchor synch="#PBsve430_oc_2" type="other_continuation" xml:id="PBsve430_oc_3"/> okay <anchor synch="#PBsve430_oc_5" type="other_continuation" xml:id="PBsve430_oc_4"/></u>
            <u who="#PBsve430_S1" xml:id="PBsve430_u_34"><anchor synch="#PBsve430_oc_4" type="other_continuation" xml:id="PBsve430_oc_5"/> hopefully <vocal subtype="wordstart" type="wordlike" voice:desc="laughing" voice:syl="1"/><seg n="7" type="overlap" xml:id="PBsve430_ol_14"><vocal type="wordlike" voice:desc="laughing" voice:syl="2"/></seg></u>
            <u who="#PBsve430_S2" xml:id="PBsve430_u_35"><seg n="7" synch="#PBsve430_ol_14" type="overlap" xml:id="PBsve430_ol_15"> okay<c function="fall" type="intonation"/></seg> so but if <pause/> she ask  something new then i will again come <seg n="1" type="overlap" xml:id="PBsve430_ol_16"> to you </seg> so <pause dur="PT1S"/></u>
            <u who="#PBsve430_S1" xml:id="PBsve430_u_36"><seg n="1" synch="#PBsve430_ol_16" type="overlap" xml:id="PBsve430_ol_17"> okay <vocal subtype="wordstart" type="wordlike" voice:desc="laughing" voice:syl="2"/> no problem<c function="fall" type="intonation"/></seg></u>
            <u who="#PBsve430_S2" xml:id="PBsve430_u_37"> erm she<c type="lengthening"/> she told me that <pause/> i need confirmation<c function="rise" type="intonation"/> that i'm living he<c type="lengthening"/>re<c function="rise" type="intonation"/> that <pause/> and i'm paying it regularly<c function="fall" type="intonation"/></u>
            <u who="#PBsve430_S1" xml:id="PBsve430_u_38"> usually it should be this one<c function="fall" type="intonation"/></u>
            <u who="#PBsve430_S2" xml:id="PBsve430_u_39"> okay<c function="fall" type="intonation"/><seg n="2" type="overlap" xml:id="PBsve430_ol_18"><shift corresp="#PBsve430_s_10" feature="tempo" new="a" xml:id="PBsve430_s_9"/> thanks a lot <shift corresp="#PBsve430_s_9" feature="tempo" new="neutral" xml:id="PBsve430_s_10"/> thanks a lot </seg><pause/></u>
            <u who="#PBsve430_S1" xml:id="PBsve430_u_40"><seg n="2" synch="#PBsve430_ol_18" type="overlap" xml:id="PBsve430_ol_19"> okay<c function="fall" type="intonation"/> bye-bye<c function="fall" type="intonation"/></seg></u>
            <u who="#PBsve430_S2" xml:id="PBsve430_u_41"><shift corresp="#PBsve430_s_12" feature="loud" new="p" xml:id="PBsve430_s_11"/> okay <foreign type="LN" voice:translation="thank you" xml:lang="ger"> danke </foreign><shift corresp="#PBsve430_s_11" feature="loud" new="neutral" xml:id="PBsve430_s_12"/><pause dur="PT3S"/><incident voice:desc="S2 leaves"/></u>
         </div>
      </body>
   </text>
</TEI>