<TEI xmlns="http://www.tei-c.org/ns/1.0" xmlns:voice="http://www.univie.ac.at/voice/ns/1.0" xmlns:xi="http://www.w3.org/2001/XInclude" version="5" xml:id="PBsve434" xml:lang="eng">
   <teiHeader>
      <fileDesc>
         <titleStmt>
            <title>service encounter about moving into a room earlier than planned</title>
            <principal>Prof. Barbara Seidlhofer</principal>
            <editor/>
            <funder>Austrian Science Foundation (FWF)</funder>
            <sponsor/>
            <respStmt>
               <resp>Corpus Compilation</resp>
               <orgName>VOICE Project</orgName>
               <persName>Barbara Seidlhofer</persName>
               <persName>Angelika Breiteneder</persName>
               <persName>Marie-Luise Pitzl</persName>
               <persName>Stefan Majewski</persName>
               <persName>Theresa Klimpfinger</persName>
            </respStmt>
         </titleStmt>
         <editionStmt>
		<edition>Version 1.0 XML, <date>May 2011</date></edition>
	  <respStmt>
		<resp>Researchers</resp>
		<name>Barbara Seidlhofer</name> 		
		<name>Angelika Breiteneder</name> 
		<name>Theresa Klimpfinger</name> 
		<name>Stefan Majewski</name> 
		<name>Marie-Luise Pitzl</name> 
	  </respStmt>
	</editionStmt>
         <publicationStmt>
		<publisher>Barbara Seidlhofer, Stefan Majewski, Marie-Luise Pitzl</publisher> 
	  <distributor>VOICE Project, University of Vienna, Austria</distributor> 
	  <address>
		<addrLine>Spitalgasse 2, AAKH Hof 8</addrLine> 
		<addrLine>1090 Vienna</addrLine> 
		<addrLine>Austria</addrLine> 
		<addrLine>Telephone: +43 1 427742446</addrLine> 
	  	<addrLine>Email: voice@univie.ac.at</addrLine> 
		<addrLine>Website: http://www.univie.ac.at/voice</addrLine> 
	  </address>
	  <availability status="free">
	  	<p>
		  The Vienna-Oxford International Corpus of English (VOICE)
		  was created by Barbara Seidlhofer (project director) and
		  Angelika Breiteneder, Theresa Klimpfinger, Stefan Majewski,
		  Marie-Luise Pitzl (project researchers). VOICE 1.0 XML is
		  available for download at the VOICE Project's website <ref target="http://www.univie.ac.at/voice/">http://www.univie.ac.at/voice/</ref>
		  under a Creative Commons
		  Attribution-NonCommercial-ShareAlike 3.0 Unported (CC
		  BY-NC-SA 3.0) License (<ref target="http://creativecommons.org/licenses/by-nc-sa/3.0/">
		  http://creativecommons.org/licenses/by-nc-sa/3.0/
		  </ref>). The original audio files are held at the Department
		  of English, University of Vienna. 23 selected audio files
		  are available as audio streams in the VOICE Online interface
		  at the VOICE Project's website <ref target="http://www.univie.ac.at/voice">http://www.univie.ac.at/voice</ref>.
		</p>
		<p>
		The recommended citation for VOICE 1.0 XML is:
		</p>
		<p>
		<bibl><title>VOICE</title>. <date>2011</date>. <title level="m">The Vienna-Oxford International Corpus of
		English</title> (<edition>version 1.0
		XML</edition>). Director: Barbara Seidlhofer; Researchers:
		Angelika Breiteneder, Theresa Klimpfinger, Stefan Majewski,
		Marie-Luise Pitzl.</bibl>
		</p>
		<p>The short citation for VOICE 1.0 XML is:
		</p>
		<p>
		<bibl><title>VOICE</title>. <date>2011</date>. <title level="m">The Vienna-Oxford International Corpus of
		English</title> (<edition>version 1.0
		XML</edition>).</bibl></p>
		<p>
		  For further information about availability and copyright
		  permissions, please see the README file included in the
		  download package. For further enquiries please contact the
		  VOICE Project at <ref target="mailto:voice@univie.ac.at">voice@univie.ac.at</ref>.
		</p>
	  </availability>
	</publicationStmt>
         <notesStmt>
            <note xml:id="PBsve434_wc">Words: 486</note>
            <note xml:id="PBsve434_tn_0">This service encounter takes place at a university housing office. S1 wants to know whether it is possible to move into his room earlier than planned. S2 prints out some information for him and tells him to call the manager of the residence hall. </note>
         </notesStmt>
         <sourceDesc>
            <recordingStmt>
               <recording dur="PT00H05M46S" type="audio">
                  <date>2005-06-27</date>
                  <equipment>
                     <p>Portable minidisc recorder with electret condenser stereo microphone</p>
                  </equipment>
                  <respStmt>
                     <resp>recording</resp>
                     <name>R16</name>
                  </respStmt>
               </recording>
            </recordingStmt>
         </sourceDesc>
      </fileDesc>
      <encodingDesc>
         <classDecl>
            <taxonomy>
               <category xml:id="PBsve434_domain">
                  <catDesc>Domain</catDesc>
                  <category sameAs="#ED" xml:id="PBsve434_ED">
                     <catDesc>educational</catDesc>
                  </category>
                  <category sameAs="#LE" xml:id="PBsve434_LE">
                     <catDesc>leisure</catDesc>
                  </category>
                  <category sameAs="#PB" xml:id="PBsve434_PB">
                     <catDesc>professional business</catDesc>
                  </category>
                  <category sameAs="#PO" xml:id="PBsve434_PO">
                     <catDesc>professional organizational</catDesc>
                  </category>
                  <category sameAs="#PR" xml:id="PBsve434_PR">
                     <catDesc>professional research/science</catDesc>
                  </category>
               </category>
               <category xml:id="PBsve434_spet">
                  <catDesc>Speech Event Type</catDesc>
                  <category sameAs="#int" xml:id="PBsve434_int">
                     <catDesc>interview</catDesc>
                  </category>
                  <category sameAs="#prc" xml:id="PBsve434_prc">
                     <catDesc>press conference</catDesc>
                  </category>
                  <category sameAs="#sve" xml:id="PBsve434_sve">
                     <catDesc>service encounter</catDesc>
                  </category>
                  <category sameAs="#sed" xml:id="PBsve434_sed">
                     <catDesc>seminar discussion</catDesc>
                  </category>
                  <category sameAs="#wgd" xml:id="PBsve434_wgd">
                     <catDesc>working group discussion</catDesc>
                  </category>
                  <category sameAs="#wsd" xml:id="PBsve434_wsd">
                     <catDesc>workshop discussion</catDesc>
                  </category>
                  <category sameAs="#mtg" xml:id="PBsve434_mtg">
                     <catDesc>meeting</catDesc>
                  </category>
                  <category sameAs="#pan" xml:id="PBsve434_pan">
                     <catDesc>panel</catDesc>
                  </category>
                  <category sameAs="#qas" xml:id="PBsve434_qas">
                     <catDesc>question-answer session</catDesc>
                  </category>
                  <category sameAs="#con" xml:id="PBsve434_con">
                     <catDesc>conversation</catDesc>
                  </category>
               </category>
            </taxonomy>
         </classDecl>
         <tagsDecl><namespace name="http://www.tei-c.org/ns/1.0">
      <tagUsage gi="TEI" occurs="1"/>
      <tagUsage gi="teiHeader" occurs="1"/>
      <tagUsage gi="fileDesc" occurs="1"/>
      <tagUsage gi="titleStmt" occurs="1"/>
      <tagUsage gi="title" occurs="5"/>
      <tagUsage gi="principal" occurs="1"/>
      <tagUsage gi="editor" occurs="1"/>
      <tagUsage gi="funder" occurs="1"/>
      <tagUsage gi="sponsor" occurs="1"/>
      <tagUsage gi="respStmt" occurs="3"/>
      <tagUsage gi="resp" occurs="3"/>
      <tagUsage gi="orgName" occurs="1"/>
      <tagUsage gi="persName" occurs="5"/>
      <tagUsage gi="editionStmt" occurs="1"/>
      <tagUsage gi="edition" occurs="3"/>
      <tagUsage gi="date" occurs="4"/>
      <tagUsage gi="name" occurs="8"/>
      <tagUsage gi="publicationStmt" occurs="1"/>
      <tagUsage gi="publisher" occurs="1"/>
      <tagUsage gi="distributor" occurs="1"/>
      <tagUsage gi="address" occurs="1"/>
      <tagUsage gi="addrLine" occurs="6"/>
      <tagUsage gi="availability" occurs="1"/>
      <tagUsage gi="p" occurs="7"/>
      <tagUsage gi="ref" occurs="4"/>
      <tagUsage gi="bibl" occurs="2"/>
      <tagUsage gi="notesStmt" occurs="1"/>
      <tagUsage gi="note" occurs="2"/>
      <tagUsage gi="sourceDesc" occurs="1"/>
      <tagUsage gi="recordingStmt" occurs="1"/>
      <tagUsage gi="recording" occurs="1"/>
      <tagUsage gi="equipment" occurs="1"/>
      <tagUsage gi="encodingDesc" occurs="1"/>
      <tagUsage gi="classDecl" occurs="1"/>
      <tagUsage gi="taxonomy" occurs="1"/>
      <tagUsage gi="category" occurs="17"/>
      <tagUsage gi="catDesc" occurs="17"/>
      <tagUsage gi="tagsDecl" occurs="1"/>
      <tagUsage gi="namespace" occurs="2"/>
      <tagUsage gi="tagUsage" occurs="81"/>
      <tagUsage gi="gi" occurs="3"/>
      <tagUsage gi="att" occurs="14"/>
      <tagUsage gi="list" occurs="12"/>
      <tagUsage gi="label" occurs="22"/>
      <tagUsage gi="val" occurs="44"/>
      <tagUsage gi="item" occurs="42"/>
      <tagUsage gi="profileDesc" occurs="1"/>
      <tagUsage gi="textClass" occurs="1"/>
      <tagUsage gi="catRef" occurs="2"/>
      <tagUsage gi="settingDesc" occurs="1"/>
      <tagUsage gi="setting" occurs="1"/>
      <tagUsage gi="locale" occurs="1"/>
      <tagUsage gi="activity" occurs="1"/>
      <tagUsage gi="particDesc" occurs="1"/>
      <tagUsage gi="listPerson" occurs="3"/>
      <tagUsage gi="personGrp" occurs="2"/>
      <tagUsage gi="person" occurs="2"/>
      <tagUsage gi="age" occurs="2"/>
      <tagUsage gi="sex" occurs="2"/>
      <tagUsage gi="occupation" occurs="2"/>
      <tagUsage gi="langKnowledge" occurs="2"/>
      <tagUsage gi="langKnown" occurs="2"/>
      <tagUsage gi="relationGrp" occurs="1"/>
      <tagUsage gi="relation" occurs="2"/>
      <tagUsage gi="revisionDesc" occurs="1"/>
      <tagUsage gi="change" occurs="6"/>
      <tagUsage gi="text" occurs="1"/>
      <tagUsage gi="body" occurs="1"/>
      <tagUsage gi="div" occurs="3"/>
      <tagUsage gi="u" occurs="73">Used to mark a stretch of speech commonly
		preceded and followed by a pause or by a change of speaker. A
		<gi>u</gi> is, however, not required to be bounded by a pause or
		a change of speaker, nor does it represent a turn in a
		conversation analytic sense. At a minimum, a <gi>u</gi> is some
		phonetic production or noise made by a given speaker or a group of speakers.</tagUsage>
      <tagUsage gi="c" occurs="77">Used to mark lengthening of sounds and
		intonation (fall, rise). The following <att>type</att>
		attributes are used to mark:
		<list>
		  <label><val>lengthening</val></label><item>lengthened
		  sounds</item>
		  <label><val>intonation</val></label><item>a significant change in
		  intonation, marked with the following <att>function</att>
		  attribute for:
		  <list>
			<label><val>fall</val></label><item>falling
			intonation</item>
			<label><val>rise</val></label><item>rising intonation</item>
		  </list>
		</item>
		</list>
		Intonation may or may not coincide with
		syntactic boundaries.
		</tagUsage>
      <tagUsage gi="pause" occurs="68">Used to mark a pause either between or
		within utterances. Used without <att>dur</att> attribute to
		indicate a brief pause up to half a second.
		</tagUsage>
      <tagUsage gi="anchor" occurs="8">Used to mark other-continuation,
		i.e. whenever a speaker continues another speaker's <gi>u</gi>
		without a pause. Other-continuation is to be interpreted
		temporally and does not relate to form or content of the
		speakers' utterances.</tagUsage>
      <tagUsage gi="seg" occurs="36">Used with different <att>type</att> attributes to mark:
		<list>
		  <label><att>type</att><val>overlap</val></label>
		  <item>overlaps</item>
		  <label><att>type</att><val>onomatopoeia</val></label>
		  <item>onomatopoeic sounds</item>
		  <label><att>type</att><val>ipa</val></label>
		  <item>transcriptions in the international phonetic alphabet</item>
		</list>
		</tagUsage>
      <tagUsage gi="shift" occurs="20">Used to mark the point at which some
		paralinguistic feature changes. The following attribute values
		are used to mark:
		<list>
          <label>
            <val>voice</val>
          </label>
          <item>voice quality
          <list>
            <item><val>imitating</val></item>
            <item><val>laugh</val></item>
            <item><val>neutral</val></item>
            <item><val>phone</val></item>
            <item><val>reading</val></item>
            <item><val>reading_aloud</val></item>
            <item><val>sigh</val></item>
            <item><val>singing</val></item>
            <item><val>whisp</val></item>
            <item><val>yawning</val></item>
          </list>
          </item>
          <label>
          <val>tempo</val></label>
          <item>speed of utterance
            <list>
              <label><val>a</val></label>
              <item>accelerando</item>
              <label><val>l</val></label>
              <item>lento</item>
              <label><val>neutral</val></label>
              <item>neutral</item>
            </list>
          </item>
          <label>
          <val>loud</val></label>
          <item>loudness
            <list>
              <item><val>f</val></item>
              <item><val>neutral</val></item>
              <item><val>p</val></item>
            </list>
          </item>
		  </list>
		</tagUsage>
      <tagUsage gi="supplied" occurs="10">Used to mark text supplied by the
		transcriber because the original is unintelligible or needed to
		be anonymized. The <att>reason</att> attribute is used to mark:
		<list>
		  <label><val>unintelligible</val></label><item>unintelligible
		  speech</item>
		  <label><val>anonymization</val></label><item>anonymized
		  speech</item>
		</list>
		</tagUsage>
      <tagUsage gi="w" occurs="1">
		  Used with the <att>type</att> attribute set to
		  <val>spelt</val> to mark words or word fragments which are
		  spelt out, i.e. words whose constituents are pronounced as
		  individual letters.
		</tagUsage>
      <tagUsage gi="vocal" occurs="4">Used to mark laughter and other speaker
		noises and non-verbal feedback.
        <list>
          <label>
            <val>speaker_noise</val>
          </label>
          <item>
            <list>
              <item>
                <val>coughing</val>
              </item>
              <item>
                <val>nods</val>
              </item>
              <item>
                <val>shakes head</val>
              </item>
              <item>
                <val>smacks lips</val>
              </item>
              <item>
                <val>sniffs</val>
              </item>
              <item>
                <val>swallows</val>
              </item>
              <item>
                <val>whistles</val>
              </item>
            </list>
          </item>
          <label>
            <val>wordlike</val>
          </label>
          <item>
            <val>laughing</val>
          </item>
        </list>
        </tagUsage>
      <tagUsage gi="incident" occurs="5">Used to mark contextual information
		relevant to the understanding of the interaction or the
		interaction as such. The <att>voice:desc</att> attribute
		provides a short prose description of the contextual
		event.</tagUsage>
      <tagUsage gi="unclear" occurs="4">Used to mark speech which cannot be
		transcribed with certainty, because it is difficult to hear or
		understand for the transcriber.</tagUsage>
      <tagUsage gi="foreign" occurs="1">Used to mark a word or phrase as
		belonging to some language other than English. The following
		values for the <att>type</att> attribute are used to mark:
		<list>
		  <label><val>L1</val></label><item>the speaker's first
		  language</item>
		  <label><val>LN</val></label><item>a language other than the
		  speaker's first language</item>
		  <label><val>LQ</val></label><item>a language where it cannot
		  be ascertained whether it is the speaker's first or other
		  language.</item>
		</list>
		Whenever possible, the 
		<att>voice:translation</att> attribute provides a rough translation of the
		non-English speech into English.
		</tagUsage>
      <tagUsage gi="gap" occurs="2">Used to mark points where a short portion of
		speech has not been recorded or has been left untranscribed,
		whether for editorial reasons, as part of the sampling practice,
		or because the material is inaudible or comprises sensitive
		content. The following <att>reason</att> attributes are used to
		mark:
		<list>
		  <label><val>not_recorded</val></label><item>Not recorded
		  speech</item>
		  <label><val>not_transcribed</val></label><item>Not transcribed
		  speech</item>
		</list>
		Further information on the reason for a gap is provided within
		the <att>voice:desc</att> attribute.
		</tagUsage>
      <tagUsage gi="emph" occurs="3">Used to mark speech which is stressed or
		emphasized in a way that goes beyond regular nuclear
		stress.</tagUsage></namespace><namespace name="http://www.univie.ac.at/voice/ns/1.0">
      <tagUsage gi="voice:track" occurs="1">Used to mark the beginning of a new
		audio track used in transcription (usually three minutes in length) and thus refers to the audio recording
		of the transcribed speech event.
		</tagUsage></namespace></tagsDecl>
      </encodingDesc>
      <profileDesc>
         <textClass>
            <catRef target="#PBsve434_PB #PBsve434_sve"/>
            <catRef target="#PB #sve"/>
         </textClass>
         <settingDesc>
            <setting>
               <name type="country">AT</name>
               <name type="city">Vienna</name>
               <locale>housing office at university</locale>
               <activity>working on computer, printing out information</activity>
            </setting>
         </settingDesc>
         <particDesc>
            <listPerson type="main">
               <listPerson type="groups">
                  <personGrp role="speakers" size="2"/>
                  <personGrp role="interactants" size="2"/>
               </listPerson>
               <listPerson type="identified">
                  <person role="participant" sameAs="#P869" xml:id="PBsve434_S1">
                     <age value="1">17-24</age>
                     <sex value="1">male</sex>
                     <occupation>student</occupation>
                     <langKnowledge>
                        <langKnown level="L1" tag="jpn-JP"/>
                     </langKnowledge>
                  </person>
                  <person role="participant" sameAs="#P870" xml:id="PBsve434_S2">
                     <age value="1">17-24</age>
                     <sex value="2">female</sex>
                     <occupation>adviser at student accommodation office</occupation>
                     <langKnowledge>
                        <langKnown level="L1" tag="ger-AT"/>
                     </langKnowledge>
                  </person>
               </listPerson>
               <relationGrp>
                  <relation mutual="#PBsve434_S1 #PBsve434_S2" name="fairly_symmetrical" type="power"/>
                  <relation mutual="#PBsve434_S1 #PBsve434_S2" name="unacquainted" type="acquaintedness"/>
               </relationGrp>
            </listPerson>
         </particDesc>
      </profileDesc>
      <revisionDesc>
         <change when="2009-05-19" who="SM">conversion to XML</change>
         <change when="2009-05-11" who="TK">finalized for publication</change>
         <change when="2008-10-25" who="MLP VO">proof-reading</change>
         <change when="2008-10-24" who="MLP">checking</change>
         <change when="2006-10-02" who="JL">transcript completion</change>
         <change when="2005-10-13" who="JL">transcription</change>
      </revisionDesc>
   </teiHeader>
   <text>
      <body>
         <div type="medium" voice:end="01:37" voice:end_medium_number="1" voice:end_track="01" voice:medium_type="md" voice:start="00:00" voice:start_medium_number="1" voice:start_track="1">
            <u who="#PBsve434_S1" xml:id="PBsve434_u_1"> friday<c function="rise" type="intonation"/> maybe e<c type="lengthening"/>r <pause/></u>
            <u who="#PBsve434_S2" xml:id="PBsve434_u_2"> thursday or friday<c function="fall" type="intonation"/><anchor synch="#PBsve434_oc_1" type="other_continuation" xml:id="PBsve434_oc_0"/></u>
            <u who="#PBsve434_S1" xml:id="PBsve434_u_3"> friday <seg n="1" type="overlap" xml:id="PBsve434_ol_0"> e<c type="lengthening"/>rm </seg><pause/></u>
            <u who="#PBsve434_S2" xml:id="PBsve434_u_4"><seg n="1" synch="#PBsve434_ol_0" type="overlap" xml:id="PBsve434_ol_1"> mhm </seg></u>
            <u who="#PBsve434_S1" xml:id="PBsve434_u_5"> i booked e<c type="lengthening"/>r <pause/> i've changed <pause/> my room<c function="rise" type="intonation"/></u>
            <u who="#PBsve434_S2" xml:id="PBsve434_u_6"> yeah <shift corresp="#PBsve434_s_2" feature="tempo" new="a" xml:id="PBsve434_s_1"/> well just a se<seg n="2" type="overlap" xml:id="PBsve434_ol_2">cond i just </seg><shift corresp="#PBsve434_s_1" feature="tempo" new="neutral" xml:id="PBsve434_s_2"/> i just take a look in <pause/></u>
            <u who="#PBsve434_S1" xml:id="PBsve434_u_7"><seg n="2" synch="#PBsve434_ol_2" type="overlap" xml:id="PBsve434_ol_3"><supplied reason="anonymization"> [place1] </supplied></seg></u>
            <u who="#PBsve434_S2" xml:id="PBsve434_u_8"> in the computer <pause/> you're now<c function="rise" type="intonation"/><pause/> what's your <seg n="3" type="overlap" xml:id="PBsve434_ol_4"> family name please<c function="rise" type="intonation"/></seg></u>
            <u who="#PBsve434_S1" xml:id="PBsve434_u_9"><seg n="3" synch="#PBsve434_ol_4" type="overlap" xml:id="PBsve434_ol_5"> e<c type="lengthening"/><c type="lengthening"/>r </seg><supplied reason="anonymization"> [S1/last] </supplied><c function="fall" type="intonation"/><w voice:mode="spelt"><supplied reason="anonymization"> [S1/last] </supplied><c function="fall" type="intonation"/></w></u>
            <u who="#PBsve434_S2" xml:id="PBsve434_u_10"><supplied reason="anonymization"> [S1/last] </supplied><c function="fall" type="intonation"/><pause dur="PT1S"/> a<c type="lengthening"/>nd the first name is <supplied reason="anonymization"> [S1] </supplied><c function="rise" type="intonation"/></u>
            <u who="#PBsve434_S1" xml:id="PBsve434_u_11"> yeah </u>
            <u who="#PBsve434_S2" xml:id="PBsve434_u_12"> okay<c function="fall" type="intonation"/></u>
            <u who="#PBsve434_S1" xml:id="PBsve434_u_13"><vocal subtype="wordstart" type="wordlike" voice:desc="laughing" voice:syl="1"/><pause dur="PT10S"/><incident dur="PT10S" voice:desc="S2 works on the computer "/></u>
            <u who="#PBsve434_S2" xml:id="PBsve434_u_14"><shift corresp="#PBsve434_s_4" feature="loud" new="p" xml:id="PBsve434_s_3"/> yah<c function="fall" type="intonation"/> okay<c function="fall" type="intonation"/><shift corresp="#PBsve434_s_3" feature="loud" new="neutral" xml:id="PBsve434_s_4"/></u>
            <u who="#PBsve434_S1" xml:id="PBsve434_u_15"> erm <pause/><seg n="4" type="overlap" xml:id="PBsve434_ol_6"> is </seg> it possible <pause/></u>
            <u who="#PBsve434_S2" xml:id="PBsve434_u_16"><seg n="4" synch="#PBsve434_ol_6" type="overlap" xml:id="PBsve434_ol_7"> mhm </seg></u>
            <u who="#PBsve434_S1" xml:id="PBsve434_u_17"> to move before one or <pause/> or in two da<c type="lengthening"/>ys becau<c type="lengthening"/>se <anchor synch="#PBsve434_oc_2" type="other_continuation" xml:id="PBsve434_oc_1"/></u>
            <u who="#PBsve434_S2" xml:id="PBsve434_u_18"><anchor synch="#PBsve434_oc_1" type="other_continuation" xml:id="PBsve434_oc_2"/> earlier<c function="fall" type="intonation"/></u>
            <u who="#PBsve434_S1" xml:id="PBsve434_u_19"> yeah<c function="fall" type="intonation"/><anchor synch="#PBsve434_oc_4" type="other_continuation" xml:id="PBsve434_oc_3"/></u>
            <u who="#PBsve434_S2" xml:id="PBsve434_u_20"><anchor synch="#PBsve434_oc_3" type="other_continuation" xml:id="PBsve434_oc_4"/> yeah it <pause/> e<c type="lengthening"/>r there you have to  talk to to- <supplied reason="anonymization"> [place1] </supplied> if the room is already free<c function="fall" type="intonation"/></u>
            <u who="#PBsve434_S1" xml:id="PBsve434_u_21"> mhm <pause/></u>
            <u who="#PBsve434_S2" xml:id="PBsve434_u_22"> tha- that you <pause/> that is <unclear> better </unclear> of you<c type="lengthening"/><pause/><shift corresp="#PBsve434_s_6" feature="tempo" new="a" xml:id="PBsve434_s_5"/> just a second <shift corresp="#PBsve434_s_5" feature="tempo" new="neutral" xml:id="PBsve434_s_6"/> today is <shift corresp="#PBsve434_s_8" feature="tempo" new="l" xml:id="PBsve434_s_7"/> monday<c function="fall" type="intonation"/><shift corresp="#PBsve434_s_7" feature="tempo" new="neutral" xml:id="PBsve434_s_8"/><pause dur="PT2S"/> hm<c function="fall" type="intonation"/><pause dur="PT15S"/><incident dur="PT15S" voice:desc="S2 works on the computer "/><shift corresp="#PBsve434_s_10" feature="loud" new="p" xml:id="PBsve434_s_9"/><foreign type="L1" voice:translation="monday" xml:lang="ger"> montag<c function="fall" type="intonation"/></foreign><shift corresp="#PBsve434_s_9" feature="loud" new="neutral" xml:id="PBsve434_s_10"/><pause dur="PT1S"/> hm<c function="fall" type="intonation"/><pause dur="PT2S"/></u>
            <u who="#PBsve434_S1" xml:id="PBsve434_u_23"> now i don't know the<c type="lengthening"/><pause/><seg n="5" type="overlap" xml:id="PBsve434_ol_8"> room </seg> number<c function="fall" type="intonation"/></u>
            <u who="#PBsve434_S2" xml:id="PBsve434_u_24"><seg n="5" synch="#PBsve434_ol_8" type="overlap" xml:id="PBsve434_ol_9"> the </seg></u>
            <u who="#PBsve434_S2" xml:id="PBsve434_u_25"> mhm i just take a look if <pause/> our room number <pause dur="PT1S"/> that <shift corresp="#PBsve434_s_12" feature="tempo" new="a" xml:id="PBsve434_s_11"/> that are not the real- <shift corresp="#PBsve434_s_11" feature="tempo" new="neutral" xml:id="PBsve434_s_12"/><pause/> that are not the real r- er room numbers but i can take a look if <pause/> in this room is someone booked before <seg n="6" type="overlap" xml:id="PBsve434_ol_10"> you </seg><pause/></u>
            <u who="#PBsve434_S1" xml:id="PBsve434_u_26"><seg n="6" synch="#PBsve434_ol_10" type="overlap" xml:id="PBsve434_ol_11"> mhm </seg></u>
            <u who="#PBsve434_S2" xml:id="PBsve434_u_27"> maybe this is <supplied reason="unintelligible"> xx </supplied><unclear> i couldn't book </unclear><pause dur="PT7S"/></u>
         </div>
         <gap dur="PT00H00M42S" reason="not_transcribed" voice:desc="non-e; S2 talks to somebody else in german and works on computer"/>
         <div type="medium" voice:end="02:37" voice:end_medium_number="1" voice:end_track="01" voice:medium_type="md" voice:start="02:19" voice:start_medium_number="1" voice:start_track="01">
            <u who="#PBsve434_S2" xml:id="PBsve434_u_28"> erm <pause/> the problem is erm there is a lady before you in this room <seg n="8" type="overlap" xml:id="PBsve434_ol_12"> till the </seg> thirtieth of june<c function="fall" type="intonation"/><pause/></u>
            <u who="#PBsve434_S1" xml:id="PBsve434_u_29"><seg n="8" synch="#PBsve434_ol_12" type="overlap" xml:id="PBsve434_ol_13"> mhm </seg></u>
            <u who="#PBsve434_S2" xml:id="PBsve434_u_30"> i don't know is sh- if er if she's still there<c function="rise" type="intonation"/><pause/> or if she already moved out<c function="fall" type="intonation"/><shift corresp="#PBsve434_s_14" feature="tempo" new="a" xml:id="PBsve434_s_13"/> you know<c function="rise" type="intonation"/><shift corresp="#PBsve434_s_13" feature="tempo" new="neutral" xml:id="PBsve434_s_14"/></u>
            <u who="#PBsve434_S1" xml:id="PBsve434_u_31"> mhm<c function="fall" type="intonation"/><pause dur="PT6S"/></u>
         </div>
         <gap dur="PT00H00M16S" reason="not_transcribed" voice:desc="non-e; S2 talks one of her colleagues in german and then softly mutters something to herself"/>
         <div type="medium" voice:end="02:46" voice:end_medium_number="1" voice:end_track="2" voice:medium_type="md" voice:start="02:53" voice:start_medium_number="1" voice:start_track="01">
            <u who="#PBsve434_S1" xml:id="PBsve434_u_32"> but you know the<c type="lengthening"/><pause/> room number<c function="rise" type="intonation"/><seg n="9" type="overlap" xml:id="PBsve434_ol_14"><shift corresp="#PBsve434_s_16" feature="loud" new="p" xml:id="PBsve434_s_15"/> erm <shift corresp="#PBsve434_s_15" feature="loud" new="neutral" xml:id="PBsve434_s_16"/></seg></u>
            <u who="#PBsve434_S2" xml:id="PBsve434_u_33"><seg n="9" synch="#PBsve434_ol_14" type="overlap" xml:id="PBsve434_ol_15"> e<c type="lengthening"/>rm </seg><pause/> in my computer it's room number fourteen<c function="fall" type="intonation"/><pause/></u>
            <u who="#PBsve434_S1" xml:id="PBsve434_u_34"> four<seg n="7" type="overlap" xml:id="PBsve434_ol_16">teen<c function="fall" type="intonation"/></seg></u>
            <u who="#PBsve434_S2" xml:id="PBsve434_u_35"><seg n="7" synch="#PBsve434_ol_16" type="overlap" xml:id="PBsve434_ol_17"><unclear> the </unclear></seg> best would be<c type="lengthening"/><voice:track medium="1" num="02" type="md"/><pause dur="PT1S"/> if you go <pause/> the<c type="lengthening"/>re<c function="rise" type="intonation"/><pause/> erm the problem is i cannot reach him at the moment <pause/> otherwise i would have called him<c function="fall" type="intonation"/></u>
            <u who="#PBsve434_S1" xml:id="PBsve434_u_36"><shift corresp="#PBsve434_s_18" feature="loud" new="p" xml:id="PBsve434_s_17"/> mhm <shift corresp="#PBsve434_s_17" feature="loud" new="neutral" xml:id="PBsve434_s_18"/><pause dur="PT36S"/><incident voice:desc="S2 occasionally mutters something unintelligible to herself, walks over to ask one of her colleagues something in german and returns to S1"/></u>
            <u who="#PBsve434_S2" xml:id="PBsve434_u_37"> have you got the information you've got of <supplied reason="anonymization"> [place1] </supplied> already<c function="rise" type="intonation"/><pause dur="PT1S"/> with the number of of the home management<c function="rise" type="intonation"/><pause dur="PT1S"/></u>
            <u who="#PBsve434_S1" xml:id="PBsve434_u_38"> y<c type="lengthening"/>ah </u>
            <u who="#PBsve434_S2" xml:id="PBsve434_u_39"> but i can make another print out if you <seg n="1" type="overlap" xml:id="PBsve434_ol_18"> want yeah </seg><pause/></u>
            <u who="#PBsve434_S1" xml:id="PBsve434_u_40"><seg n="1" synch="#PBsve434_ol_18" type="overlap" xml:id="PBsve434_ol_19"> ok- yeah </seg></u>
            <u who="#PBsve434_S2" xml:id="PBsve434_u_41"> the best would be if you call <pause/></u>
            <u who="#PBsve434_S1" xml:id="PBsve434_u_42"> mhm <anchor synch="#PBsve434_oc_6" type="other_continuation" xml:id="PBsve434_oc_5"/></u>
            <u who="#PBsve434_S2" xml:id="PBsve434_u_43"> erm <pause/> mister <supplied reason="anonymization"> [last name1] </supplied><c function="rise" type="intonation"/> the home manager <pause/> to <emph> ask </emph> him </u>
            <u who="#PBsve434_S1" xml:id="PBsve434_u_44"> mhm </u>
            <u who="#PBsve434_S2" xml:id="PBsve434_u_45"> e<c type="lengthening"/>r whether the room is already<c type="lengthening"/> e<c type="lengthening"/>r available </u>
            <u who="#PBsve434_S1" xml:id="PBsve434_u_46"> mhm </u>
            <u who="#PBsve434_S2" xml:id="PBsve434_u_47"> er or not<c function="fall" type="intonation"/> yah<c function="rise" type="intonation"/><anchor synch="#PBsve434_oc_7" type="other_continuation" xml:id="PBsve434_oc_6"/></u>
            <u who="#PBsve434_S1" xml:id="PBsve434_u_48"><anchor synch="#PBsve434_oc_6" type="other_continuation" xml:id="PBsve434_oc_7"/> okay<c function="fall" type="intonation"/></u>
            <u who="#PBsve434_S2" xml:id="PBsve434_u_49"> that would be the best<c function="rise" type="intonation"/><pause/> i print you  this form <pause dur="PT1S"/></u>
            <u who="#PBsve434_S1" xml:id="PBsve434_u_50"> a<c type="lengthening"/>nd he can speak english<c function="rise" type="intonation"/><pause/></u>
            <u who="#PBsve434_S2" xml:id="PBsve434_u_51"> i hope so if not then you can <pause/> try to- </u>
            <u who="#PBsve434_S1" xml:id="PBsve434_u_52"> okay<c function="fall" type="intonation"/><pause/></u>
            <u who="#PBsve434_S2" xml:id="PBsve434_u_53"><vocal subtype="wordstart" type="wordlike" voice:desc="laughing" voice:syl="2"/><seg n="2" type="overlap" xml:id="PBsve434_ol_20"><vocal type="wordlike" voice:desc="laughing" voice:syl="1"/></seg>  that he call <emph> us </emph><seg n="3" type="overlap" xml:id="PBsve434_ol_21"> and </seg> and yeah <pause/></u>
            <u who="#PBsve434_S1" xml:id="PBsve434_u_54"><seg n="2" synch="#PBsve434_ol_20" type="overlap" xml:id="PBsve434_ol_22"> okay<c function="fall" type="intonation"/></seg></u>
            <u who="#PBsve434_S1" xml:id="PBsve434_u_55"><seg n="3" synch="#PBsve434_ol_21" type="overlap" xml:id="PBsve434_ol_23"> mhm </seg></u>
            <u who="#PBsve434_S2" xml:id="PBsve434_u_56"><shift corresp="#PBsve434_s_20" feature="loud" new="p" xml:id="PBsve434_s_19"/> maybe that's possible<c function="fall" type="intonation"/><shift corresp="#PBsve434_s_19" feature="loud" new="neutral" xml:id="PBsve434_s_20"/><pause dur="PT2S"/> cos the problem at the moment he's not in the office<c function="fall" type="intonation"/> otherw- so i could <pause/> call him<c function="fall" type="intonation"/><pause dur="PT37S"/><incident voice:desc="S2 prints out the form and talks to a colleague in german at the other side of the office, then returns to S1"/></u>
            <u who="#PBsve434_S2" xml:id="PBsve434_u_57"> so that's the information you've <unclear> had </unclear><pause/><seg n="3" type="overlap" xml:id="PBsve434_ol_24"> yeah </seg></u>
            <u who="#PBsve434_S1" xml:id="PBsve434_u_58"><seg n="3" synch="#PBsve434_ol_24" type="overlap" xml:id="PBsve434_ol_25"> okay </seg> so<c type="lengthening"/><pause/> maybe </u>
            <u who="#PBsve434_S2" xml:id="PBsve434_u_59"> there is the num<seg n="4" type="overlap" xml:id="PBsve434_ol_26">ber </seg> that's the<c type="lengthening"/><pause/></u>
            <u who="#PBsve434_S1" xml:id="PBsve434_u_60"><seg n="4" synch="#PBsve434_ol_26" type="overlap" xml:id="PBsve434_ol_27"> there<c function="fall" type="intonation"/></seg></u>
            <u who="#PBsve434_S2" xml:id="PBsve434_u_61"> telephone num<seg n="5" type="overlap" xml:id="PBsve434_ol_28">ber </seg><pause/></u>
            <u who="#PBsve434_S1" xml:id="PBsve434_u_62"><seg n="5" synch="#PBsve434_ol_28" type="overlap" xml:id="PBsve434_ol_29"> okay<c function="fall" type="intonation"/></seg></u>
            <u who="#PBsve434_S2" xml:id="PBsve434_u_63"> yeah <pause/> if you call him <pause/> and ask if the room is available <pause/> in our system i can write it down <pause/> for you hh i think it's room number fourteen but <pause/> they- he has different numbers<c function="fall" type="intonation"/></u>
            <u who="#PBsve434_S1" xml:id="PBsve434_u_64"> okay<c function="fall" type="intonation"/></u>
            <u who="#PBsve434_S2" xml:id="PBsve434_u_65"> but when he looks on the list <pause/><seg n="6" type="overlap" xml:id="PBsve434_ol_30"> it </seg> should be room number fourteen on our list yeah </u>
            <u who="#PBsve434_S1" xml:id="PBsve434_u_66"><seg n="6" synch="#PBsve434_ol_30" type="overlap" xml:id="PBsve434_ol_31"> mhm </seg></u>
            <u who="#PBsve434_S1" xml:id="PBsve434_u_67"> okay<c function="fall" type="intonation"/><pause dur="PT8S"/></u>
            <u who="#PBsve434_S2" xml:id="PBsve434_u_68"> yeah it's room number fourteen on our- on the <supplied reason="anonymization"> [org1] </supplied> list <seg n="7" type="overlap" xml:id="PBsve434_ol_32"> so they </seg> can <pause/></u>
            <u who="#PBsve434_S1" xml:id="PBsve434_u_69"><seg n="7" synch="#PBsve434_ol_32" type="overlap" xml:id="PBsve434_ol_33"> okay<c function="fall" type="intonation"/></seg></u>
            <u who="#PBsve434_S2" xml:id="PBsve434_u_70"> take a look <emph> may</emph>be <pause dur="PT1S"/> he knows already<c function="fall" type="intonation"/> okay<c function="fall" type="intonation"/><seg n="1" type="overlap" xml:id="PBsve434_ol_34"><vocal subtype="wordstart" type="wordlike" voice:desc="laughing" voice:syl="1"/></seg></u>
            <u who="#PBsve434_S1" xml:id="PBsve434_u_71"><seg n="1" synch="#PBsve434_ol_34" type="overlap" xml:id="PBsve434_ol_35"> thank </seg> you<c function="fall" type="intonation"/></u>
            <u who="#PBsve434_S2" xml:id="PBsve434_u_72"> you're welcome<c function="fall" type="intonation"/> bye<c function="fall" type="intonation"/></u>
            <u who="#PBsve434_S1" xml:id="PBsve434_u_73"> bye<c function="fall" type="intonation"/><pause dur="PT2S"/><incident voice:desc="S1 leaves"/></u>
         </div>
      </body>
   </text>
</TEI>