<TEI xmlns="http://www.tei-c.org/ns/1.0" xmlns:voice="http://www.univie.ac.at/voice/ns/1.0" xmlns:xi="http://www.w3.org/2001/XInclude" version="5" xml:id="PBsve436" xml:lang="eng">
   <teiHeader>
      <fileDesc>
         <titleStmt>
            <title>service encounter about getting a deposit back</title>
            <principal>Prof. Barbara Seidlhofer</principal>
            <editor/>
            <funder>Austrian Science Foundation (FWF)</funder>
            <sponsor/>
            <respStmt>
               <resp>Corpus Compilation</resp>
               <orgName>VOICE Project</orgName>
               <persName>Barbara Seidlhofer</persName>
               <persName>Angelika Breiteneder</persName>
               <persName>Marie-Luise Pitzl</persName>
               <persName>Stefan Majewski</persName>
               <persName>Theresa Klimpfinger</persName>
            </respStmt>
         </titleStmt>
         <editionStmt>
		<edition>Version 1.0 XML, <date>May 2011</date></edition>
	  <respStmt>
		<resp>Researchers</resp>
		<name>Barbara Seidlhofer</name> 		
		<name>Angelika Breiteneder</name> 
		<name>Theresa Klimpfinger</name> 
		<name>Stefan Majewski</name> 
		<name>Marie-Luise Pitzl</name> 
	  </respStmt>
	</editionStmt>
         <publicationStmt>
		<publisher>Barbara Seidlhofer, Stefan Majewski, Marie-Luise Pitzl</publisher> 
	  <distributor>VOICE Project, University of Vienna, Austria</distributor> 
	  <address>
		<addrLine>Spitalgasse 2, AAKH Hof 8</addrLine> 
		<addrLine>1090 Vienna</addrLine> 
		<addrLine>Austria</addrLine> 
		<addrLine>Telephone: +43 1 427742446</addrLine> 
	  	<addrLine>Email: voice@univie.ac.at</addrLine> 
		<addrLine>Website: http://www.univie.ac.at/voice</addrLine> 
	  </address>
	  <availability status="free">
	  	<p>
		  The Vienna-Oxford International Corpus of English (VOICE)
		  was created by Barbara Seidlhofer (project director) and
		  Angelika Breiteneder, Theresa Klimpfinger, Stefan Majewski,
		  Marie-Luise Pitzl (project researchers). VOICE 1.0 XML is
		  available for download at the VOICE Project's website <ref target="http://www.univie.ac.at/voice/">http://www.univie.ac.at/voice/</ref>
		  under a Creative Commons
		  Attribution-NonCommercial-ShareAlike 3.0 Unported (CC
		  BY-NC-SA 3.0) License (<ref target="http://creativecommons.org/licenses/by-nc-sa/3.0/">
		  http://creativecommons.org/licenses/by-nc-sa/3.0/
		  </ref>). The original audio files are held at the Department
		  of English, University of Vienna. 23 selected audio files
		  are available as audio streams in the VOICE Online interface
		  at the VOICE Project's website <ref target="http://www.univie.ac.at/voice">http://www.univie.ac.at/voice</ref>.
		</p>
		<p>
		The recommended citation for VOICE 1.0 XML is:
		</p>
		<p>
		<bibl><title>VOICE</title>. <date>2011</date>. <title level="m">The Vienna-Oxford International Corpus of
		English</title> (<edition>version 1.0
		XML</edition>). Director: Barbara Seidlhofer; Researchers:
		Angelika Breiteneder, Theresa Klimpfinger, Stefan Majewski,
		Marie-Luise Pitzl.</bibl>
		</p>
		<p>The short citation for VOICE 1.0 XML is:
		</p>
		<p>
		<bibl><title>VOICE</title>. <date>2011</date>. <title level="m">The Vienna-Oxford International Corpus of
		English</title> (<edition>version 1.0
		XML</edition>).</bibl></p>
		<p>
		  For further information about availability and copyright
		  permissions, please see the README file included in the
		  download package. For further enquiries please contact the
		  VOICE Project at <ref target="mailto:voice@univie.ac.at">voice@univie.ac.at</ref>.
		</p>
	  </availability>
	</publicationStmt>
         <notesStmt>
            <note xml:id="PBsve436_wc">Words: 668</note>
            <note xml:id="PBsve436_tn_0">This service encounter takes place at a university housing office. S2 comes to the office because she is moving out of her room and wants to get her deposit back. S1, who works at the housing office, helps S2 to get her money. S2 then poses another question regarding a problem a friend of her has. S3, who also works at the housing office, is not part of the conversation but S1 asks her for advice in German at some point.  </note>
         </notesStmt>
         <sourceDesc>
            <recordingStmt>
               <recording dur="PT00H03M38S" type="audio">
                  <date>2005-06-28</date>
                  <equipment>
                     <p>Portable minidisc recorder with electret condenser stereo microphone</p>
                  </equipment>
                  <respStmt>
                     <resp>recording</resp>
                     <name>R16</name>
                  </respStmt>
               </recording>
            </recordingStmt>
         </sourceDesc>
      </fileDesc>
      <encodingDesc>
         <classDecl>
            <taxonomy>
               <category xml:id="PBsve436_domain">
                  <catDesc>Domain</catDesc>
                  <category sameAs="#ED" xml:id="PBsve436_ED">
                     <catDesc>educational</catDesc>
                  </category>
                  <category sameAs="#LE" xml:id="PBsve436_LE">
                     <catDesc>leisure</catDesc>
                  </category>
                  <category sameAs="#PB" xml:id="PBsve436_PB">
                     <catDesc>professional business</catDesc>
                  </category>
                  <category sameAs="#PO" xml:id="PBsve436_PO">
                     <catDesc>professional organizational</catDesc>
                  </category>
                  <category sameAs="#PR" xml:id="PBsve436_PR">
                     <catDesc>professional research/science</catDesc>
                  </category>
               </category>
               <category xml:id="PBsve436_spet">
                  <catDesc>Speech Event Type</catDesc>
                  <category sameAs="#int" xml:id="PBsve436_int">
                     <catDesc>interview</catDesc>
                  </category>
                  <category sameAs="#prc" xml:id="PBsve436_prc">
                     <catDesc>press conference</catDesc>
                  </category>
                  <category sameAs="#sve" xml:id="PBsve436_sve">
                     <catDesc>service encounter</catDesc>
                  </category>
                  <category sameAs="#sed" xml:id="PBsve436_sed">
                     <catDesc>seminar discussion</catDesc>
                  </category>
                  <category sameAs="#wgd" xml:id="PBsve436_wgd">
                     <catDesc>working group discussion</catDesc>
                  </category>
                  <category sameAs="#wsd" xml:id="PBsve436_wsd">
                     <catDesc>workshop discussion</catDesc>
                  </category>
                  <category sameAs="#mtg" xml:id="PBsve436_mtg">
                     <catDesc>meeting</catDesc>
                  </category>
                  <category sameAs="#pan" xml:id="PBsve436_pan">
                     <catDesc>panel</catDesc>
                  </category>
                  <category sameAs="#qas" xml:id="PBsve436_qas">
                     <catDesc>question-answer session</catDesc>
                  </category>
                  <category sameAs="#con" xml:id="PBsve436_con">
                     <catDesc>conversation</catDesc>
                  </category>
               </category>
            </taxonomy>
         </classDecl>
         <tagsDecl><namespace name="http://www.tei-c.org/ns/1.0">
      <tagUsage gi="TEI" occurs="1"/>
      <tagUsage gi="teiHeader" occurs="1"/>
      <tagUsage gi="fileDesc" occurs="1"/>
      <tagUsage gi="titleStmt" occurs="1"/>
      <tagUsage gi="title" occurs="5"/>
      <tagUsage gi="principal" occurs="1"/>
      <tagUsage gi="editor" occurs="1"/>
      <tagUsage gi="funder" occurs="1"/>
      <tagUsage gi="sponsor" occurs="1"/>
      <tagUsage gi="respStmt" occurs="3"/>
      <tagUsage gi="resp" occurs="3"/>
      <tagUsage gi="orgName" occurs="1"/>
      <tagUsage gi="persName" occurs="5"/>
      <tagUsage gi="editionStmt" occurs="1"/>
      <tagUsage gi="edition" occurs="3"/>
      <tagUsage gi="date" occurs="4"/>
      <tagUsage gi="name" occurs="8"/>
      <tagUsage gi="publicationStmt" occurs="1"/>
      <tagUsage gi="publisher" occurs="1"/>
      <tagUsage gi="distributor" occurs="1"/>
      <tagUsage gi="address" occurs="1"/>
      <tagUsage gi="addrLine" occurs="6"/>
      <tagUsage gi="availability" occurs="1"/>
      <tagUsage gi="p" occurs="7"/>
      <tagUsage gi="ref" occurs="4"/>
      <tagUsage gi="bibl" occurs="2"/>
      <tagUsage gi="notesStmt" occurs="1"/>
      <tagUsage gi="note" occurs="2"/>
      <tagUsage gi="sourceDesc" occurs="1"/>
      <tagUsage gi="recordingStmt" occurs="1"/>
      <tagUsage gi="recording" occurs="1"/>
      <tagUsage gi="equipment" occurs="1"/>
      <tagUsage gi="encodingDesc" occurs="1"/>
      <tagUsage gi="classDecl" occurs="1"/>
      <tagUsage gi="taxonomy" occurs="1"/>
      <tagUsage gi="category" occurs="17"/>
      <tagUsage gi="catDesc" occurs="17"/>
      <tagUsage gi="tagsDecl" occurs="1"/>
      <tagUsage gi="namespace" occurs="2"/>
      <tagUsage gi="tagUsage" occurs="80"/>
      <tagUsage gi="gi" occurs="3"/>
      <tagUsage gi="att" occurs="12"/>
      <tagUsage gi="list" occurs="11"/>
      <tagUsage gi="label" occurs="20"/>
      <tagUsage gi="val" occurs="41"/>
      <tagUsage gi="item" occurs="40"/>
      <tagUsage gi="profileDesc" occurs="1"/>
      <tagUsage gi="textClass" occurs="1"/>
      <tagUsage gi="catRef" occurs="2"/>
      <tagUsage gi="settingDesc" occurs="1"/>
      <tagUsage gi="setting" occurs="1"/>
      <tagUsage gi="locale" occurs="1"/>
      <tagUsage gi="activity" occurs="1"/>
      <tagUsage gi="particDesc" occurs="1"/>
      <tagUsage gi="listPerson" occurs="4"/>
      <tagUsage gi="personGrp" occurs="2"/>
      <tagUsage gi="person" occurs="4"/>
      <tagUsage gi="age" occurs="3"/>
      <tagUsage gi="sex" occurs="3"/>
      <tagUsage gi="occupation" occurs="3"/>
      <tagUsage gi="langKnowledge" occurs="3"/>
      <tagUsage gi="langKnown" occurs="3"/>
      <tagUsage gi="relationGrp" occurs="1"/>
      <tagUsage gi="relation" occurs="2"/>
      <tagUsage gi="revisionDesc" occurs="1"/>
      <tagUsage gi="change" occurs="6"/>
      <tagUsage gi="text" occurs="1"/>
      <tagUsage gi="body" occurs="1"/>
      <tagUsage gi="div" occurs="1"/>
      <tagUsage gi="u" occurs="92">Used to mark a stretch of speech commonly
		preceded and followed by a pause or by a change of speaker. A
		<gi>u</gi> is, however, not required to be bounded by a pause or
		a change of speaker, nor does it represent a turn in a
		conversation analytic sense. At a minimum, a <gi>u</gi> is some
		phonetic production or noise made by a given speaker or a group of speakers.</tagUsage>
      <tagUsage gi="foreign" occurs="8">Used to mark a word or phrase as
		belonging to some language other than English. The following
		values for the <att>type</att> attribute are used to mark:
		<list>
		  <label><val>L1</val></label><item>the speaker's first
		  language</item>
		  <label><val>LN</val></label><item>a language other than the
		  speaker's first language</item>
		  <label><val>LQ</val></label><item>a language where it cannot
		  be ascertained whether it is the speaker's first or other
		  language.</item>
		</list>
		Whenever possible, the 
		<att>voice:translation</att> attribute provides a rough translation of the
		non-English speech into English.
		</tagUsage>
      <tagUsage gi="seg" occurs="84">Used with different <att>type</att> attributes to mark:
		<list>
		  <label><att>type</att><val>overlap</val></label>
		  <item>overlaps</item>
		  <label><att>type</att><val>onomatopoeia</val></label>
		  <item>onomatopoeic sounds</item>
		  <label><att>type</att><val>ipa</val></label>
		  <item>transcriptions in the international phonetic alphabet</item>
		</list>
		</tagUsage>
      <tagUsage gi="c" occurs="83">Used to mark lengthening of sounds and
		intonation (fall, rise). The following <att>type</att>
		attributes are used to mark:
		<list>
		  <label><val>lengthening</val></label><item>lengthened
		  sounds</item>
		  <label><val>intonation</val></label><item>a significant change in
		  intonation, marked with the following <att>function</att>
		  attribute for:
		  <list>
			<label><val>fall</val></label><item>falling
			intonation</item>
			<label><val>rise</val></label><item>rising intonation</item>
		  </list>
		</item>
		</list>
		Intonation may or may not coincide with
		syntactic boundaries.
		</tagUsage>
      <tagUsage gi="pause" occurs="49">Used to mark a pause either between or
		within utterances. Used without <att>dur</att> attribute to
		indicate a brief pause up to half a second.
		</tagUsage>
      <tagUsage gi="emph" occurs="10">Used to mark speech which is stressed or
		emphasized in a way that goes beyond regular nuclear
		stress.</tagUsage>
      <tagUsage gi="shift" occurs="30">Used to mark the point at which some
		paralinguistic feature changes. The following attribute values
		are used to mark:
		<list>
          <label>
            <val>voice</val>
          </label>
          <item>voice quality
          <list>
            <item><val>imitating</val></item>
            <item><val>laugh</val></item>
            <item><val>neutral</val></item>
            <item><val>phone</val></item>
            <item><val>reading</val></item>
            <item><val>reading_aloud</val></item>
            <item><val>sigh</val></item>
            <item><val>singing</val></item>
            <item><val>whisp</val></item>
            <item><val>yawning</val></item>
          </list>
          </item>
          <label>
          <val>tempo</val></label>
          <item>speed of utterance
            <list>
              <label><val>a</val></label>
              <item>accelerando</item>
              <label><val>l</val></label>
              <item>lento</item>
              <label><val>neutral</val></label>
              <item>neutral</item>
            </list>
          </item>
          <label>
          <val>loud</val></label>
          <item>loudness
            <list>
              <item><val>f</val></item>
              <item><val>neutral</val></item>
              <item><val>p</val></item>
            </list>
          </item>
		  </list>
		</tagUsage>
      <tagUsage gi="incident" occurs="6">Used to mark contextual information
		relevant to the understanding of the interaction or the
		interaction as such. The <att>voice:desc</att> attribute
		provides a short prose description of the contextual
		event.</tagUsage>
      <tagUsage gi="supplied" occurs="4">Used to mark text supplied by the
		transcriber because the original is unintelligible or needed to
		be anonymized. The <att>reason</att> attribute is used to mark:
		<list>
		  <label><val>unintelligible</val></label><item>unintelligible
		  speech</item>
		  <label><val>anonymization</val></label><item>anonymized
		  speech</item>
		</list>
		</tagUsage>
      <tagUsage gi="vocal" occurs="7">Used to mark laughter and other speaker
		noises and non-verbal feedback.
        <list>
          <label>
            <val>speaker_noise</val>
          </label>
          <item>
            <list>
              <item>
                <val>coughing</val>
              </item>
              <item>
                <val>nods</val>
              </item>
              <item>
                <val>shakes head</val>
              </item>
              <item>
                <val>smacks lips</val>
              </item>
              <item>
                <val>sniffs</val>
              </item>
              <item>
                <val>swallows</val>
              </item>
              <item>
                <val>whistles</val>
              </item>
            </list>
          </item>
          <label>
            <val>wordlike</val>
          </label>
          <item>
            <val>laughing</val>
          </item>
        </list>
        </tagUsage>
      <tagUsage gi="unclear" occurs="4">Used to mark speech which cannot be
		transcribed with certainty, because it is difficult to hear or
		understand for the transcriber.</tagUsage>
      <tagUsage gi="anchor" occurs="8">Used to mark other-continuation,
		i.e. whenever a speaker continues another speaker's <gi>u</gi>
		without a pause. Other-continuation is to be interpreted
		temporally and does not relate to form or content of the
		speakers' utterances.</tagUsage></namespace><namespace name="http://www.univie.ac.at/voice/ns/1.0">
      <tagUsage gi="voice:to" occurs="4">Used to mark speech directed towards a
		particular speaker. The <att>who</att>who attribute indicates the
		addressed speaker.</tagUsage>
      <tagUsage gi="voice:track" occurs="1">Used to mark the beginning of a new
		audio track used in transcription (usually three minutes in length) and thus refers to the audio recording
		of the transcribed speech event.
		</tagUsage></namespace></tagsDecl>
      </encodingDesc>
      <profileDesc>
         <textClass>
            <catRef target="#PBsve436_PB #PBsve436_sve"/>
            <catRef target="#PB #sve"/>
         </textClass>
         <settingDesc>
            <setting>
               <name type="country">AT</name>
               <name type="city">Vienna</name>
               <locale>housing office at university</locale>
               <activity>working on computer</activity>
            </setting>
         </settingDesc>
         <particDesc>
            <listPerson type="main">
               <listPerson type="groups">
                  <personGrp role="speakers" size="3"/>
                  <personGrp role="interactants" size="2"/>
               </listPerson>
               <listPerson type="identified">
                  <person role="participant" sameAs="#P40" xml:id="PBsve436_S1">
                     <age value="1">17-24</age>
                     <sex value="2">female</sex>
                     <occupation>adviser at student accommodation office</occupation>
                     <langKnowledge>
                        <langKnown level="L1" tag="ger-AT"/>
                     </langKnowledge>
                  </person>
                  <person role="non-participant" sameAs="#P39" xml:id="PBsve436_S3">
                     <age value="1">17-24</age>
                     <sex value="2">female</sex>
                     <occupation>adviser at student accommodation office</occupation>
                     <langKnowledge>
                        <langKnown level="L1" tag="ger-AT"/>
                     </langKnowledge>
                  </person>
                  <person role="participant" sameAs="#P41" xml:id="PBsve436_S2">
                     <age value="1">17-24</age>
                     <sex value="2">female</sex>
                     <occupation>student</occupation>
                     <langKnowledge>
                        <langKnown level="L1" tag="cat-ES"/>
                     </langKnowledge>
                  </person>
               </listPerson>
               <listPerson type="not_identified">
                  <person corresp="#PBsve436_S2" sameAs="#SX" xml:id="PBsve436_SX-2"/>
               </listPerson>
               <relationGrp>
                  <relation mutual="#PBsve436_S1 #PBsve436_S2" name="fairly_symmetrical" type="power"/>
                  <relation mutual="#PBsve436_S1 #PBsve436_S2" name="unacquainted" type="acquaintedness"/>
               </relationGrp>
            </listPerson>
         </particDesc>
      </profileDesc>
      <revisionDesc>
         <change when="2009-05-19" who="SM">conversion to XML</change>
         <change when="2009-05-11" who="TK">finalized for publication</change>
         <change when="2008-02-27" who="MLP">proof-reading</change>
         <change when="2006-10-20" who="AB">checking</change>
         <change when="2006-10-02" who="JL">transcript completion</change>
         <change when="2005-10-13" who="JL">transcription</change>
      </revisionDesc>
   </teiHeader>
   <text>
      <body>
         <div type="medium" voice:end="00:38" voice:end_medium_number="1" voice:end_track="2" voice:medium_type="md" voice:start="00:00" voice:start_medium_number="1" voice:start_track="1">
            <u who="#PBsve436_S1" xml:id="PBsve436_u_1"><foreign type="L1" voice:translation="hello/cls" xml:lang="ger"> hallo </foreign></u>
            <u who="#PBsve436_S2" xml:id="PBsve436_u_2"><foreign type="LN" voice:translation="hello/cls" xml:lang="ger"> hallo </foreign> er i come because er i am leaving on thursday and <seg n="1" type="overlap" xml:id="PBsve436_ol_0"> i will </seg> not be here to<c type="lengthening"/> get the de<seg n="2" type="overlap" xml:id="PBsve436_ol_1">posit </seg><pause/></u>
            <u who="#PBsve436_S1" xml:id="PBsve436_u_3"><seg n="1" synch="#PBsve436_ol_0" type="overlap" xml:id="PBsve436_ol_2"> mhm </seg></u>
            <u who="#PBsve436_S1" xml:id="PBsve436_u_4"><seg n="2" synch="#PBsve436_ol_1" type="overlap" xml:id="PBsve436_ol_3"> mhm </seg></u>
            <u who="#PBsve436_S2" xml:id="PBsve436_u_5"> so i have filled this but <emph> here </emph><pause/> i don't <seg n="3" type="overlap" xml:id="PBsve436_ol_4"> know this </seg></u>
            <u who="#PBsve436_S1" xml:id="PBsve436_u_6"><seg n="3" synch="#PBsve436_ol_4" type="overlap" xml:id="PBsve436_ol_5"> hh </seg> that's not important hh but <seg n="4" type="overlap" xml:id="PBsve436_ol_6"> do you know </seg> your whole iban  codes<c function="rise" type="intonation"/> because that's just <pause dur="PT1S"/></u>
            <u who="#PBsve436_S2" xml:id="PBsve436_u_7"><seg n="4" synch="#PBsve436_ol_6" type="overlap" xml:id="PBsve436_ol_7"> okay<c function="fall" type="intonation"/></seg></u>
            <u who="#PBsve436_S1" xml:id="PBsve436_u_8"> the first part of it<c function="fall" type="intonation"/><pause/></u>
            <u who="#PBsve436_S2" xml:id="PBsve436_u_9"> but is this and then is all this number<c function="fall" type="intonation"/><pause/></u>
            <u who="#PBsve436_S1" xml:id="PBsve436_u_10"><shift corresp="#PBsve436_s_2" feature="loud" new="f" xml:id="PBsve436_s_1"/> it's <shift corresp="#PBsve436_s_1" feature="loud" new="neutral" xml:id="PBsve436_s_2"/> this one<c function="fall" type="intonation"/></u>
            <u who="#PBsve436_S2" xml:id="PBsve436_u_11"> yes<c function="fall" type="intonation"/></u>
            <u who="#PBsve436_S1" xml:id="PBsve436_u_12"> okay<c function="fall" type="intonation"/><pause dur="PT3S"/><incident dur="PT3S" voice:desc="S1 fills in number "/></u>
            <u who="#PBsve436_S2" xml:id="PBsve436_u_13"> so this is the number <pause dur="PT1S"/> and it goes <supplied reason="unintelligible"> xx </supplied> okay<c function="fall" type="intonation"/></u>
            <u who="#PBsve436_S1" xml:id="PBsve436_u_14"> yes<c function="fall" type="intonation"/></u>
            <u who="#PBsve436_S2" xml:id="PBsve436_u_15"> okay<c function="fall" type="intonation"/> sorry<c function="fall" type="intonation"/> because <seg n="5" type="overlap" xml:id="PBsve436_ol_8"> yes it's the same<c function="fall" type="intonation"/><vocal subtype="wordstart" type="wordlike" voice:desc="laughing" voice:syl="2"/></seg></u>
            <u who="#PBsve436_S1" xml:id="PBsve436_u_16"><seg n="5" synch="#PBsve436_ol_8" type="overlap" xml:id="PBsve436_ol_9"> yeah <unclear> now </unclear> it's the same right<c function="fall" type="intonation"/><vocal subtype="wordstart" type="wordlike" voice:desc="laughing" voice:syl="3"/></seg> okay then have a nice <seg n="6" type="overlap" xml:id="PBsve436_ol_10"> trip home<c function="fall" type="intonation"/></seg></u>
            <u who="#PBsve436_S2" xml:id="PBsve436_u_17"><seg n="6" synch="#PBsve436_ol_10" type="overlap" xml:id="PBsve436_ol_11"> okay<c function="fall" type="intonation"/></seg> and e<c type="lengthening"/>r then another question <seg n="7" type="overlap" xml:id="PBsve436_ol_12"> because </seg> i don't know if i will come back <unclear> in </unclear> september  </u>
            <u who="#PBsve436_S1" xml:id="PBsve436_u_18"><seg n="7" synch="#PBsve436_ol_12" type="overlap" xml:id="PBsve436_ol_13"> mhm </seg></u>
            <u who="#PBsve436_S1" xml:id="PBsve436_u_19"> mhm </u>
            <u who="#PBsve436_S2" xml:id="PBsve436_u_20"> then if i<c type="lengthening"/> want to<c type="lengthening"/> get a<c type="lengthening"/> a room in <seg n="1" type="overlap" xml:id="PBsve436_ol_14"> here<c function="rise" type="intonation"/></seg> so<c type="lengthening"/> i have to come ver- to say you very <shift corresp="#PBsve436_s_4" feature="loud" new="p" xml:id="PBsve436_s_3"/> early<c type="lengthening"/> o<c type="lengthening"/>r <shift corresp="#PBsve436_s_3" feature="loud" new="neutral" xml:id="PBsve436_s_4"/></u>
            <u who="#PBsve436_S1" xml:id="PBsve436_u_21"><seg n="1" synch="#PBsve436_ol_14" type="overlap" xml:id="PBsve436_ol_15"> mhm </seg></u>
            <u who="#PBsve436_S1" xml:id="PBsve436_u_22"> hh yes because we already received a lot of application <seg n="2" type="overlap" xml:id="PBsve436_ol_16"> forms </seg></u>
            <u who="#PBsve436_S2" xml:id="PBsve436_u_23"><seg n="2" synch="#PBsve436_ol_16" type="overlap" xml:id="PBsve436_ol_17"> yes </seg> mhm <anchor synch="#PBsve436_oc_1" type="other_continuation" xml:id="PBsve436_oc_0"/></u>
            <u who="#PBsve436_S1" xml:id="PBsve436_u_24"><anchor synch="#PBsve436_oc_0" type="other_continuation" xml:id="PBsve436_oc_1"/> so <pause/> you should hurry up a little bit <seg n="3" type="overlap" xml:id="PBsve436_ol_18"> if you're in</seg>terested in a room<c function="fall" type="intonation"/> but i shall<c type="lengthening"/> transfer the amount <pause/></u>
            <u who="#PBsve436_S2" xml:id="PBsve436_u_25"><seg n="3" synch="#PBsve436_ol_18" type="overlap" xml:id="PBsve436_ol_19"> okay<c function="fall" type="intonation"/></seg></u>
            <u who="#PBsve436_S1" xml:id="PBsve436_u_26"> now and in case you <seg n="4" type="overlap" xml:id="PBsve436_ol_20"> you </seg> e<c type="lengthening"/>r would like to book a room again you transfer a new deposit to our account hh or shall i wait <pause/></u>
            <u who="#PBsve436_S2" xml:id="PBsve436_u_27"><seg n="4" synch="#PBsve436_ol_20" type="overlap" xml:id="PBsve436_ol_21"> uhu </seg></u>
            <u who="#PBsve436_S1" xml:id="PBsve436_u_28"> with <seg n="5" type="overlap" xml:id="PBsve436_ol_22"> the trans</seg>fer<c function="fall" type="intonation"/><pause/></u>
            <u who="#PBsve436_S2" xml:id="PBsve436_u_29"><seg n="5" synch="#PBsve436_ol_22" type="overlap" xml:id="PBsve436_ol_23"> what </seg></u>
            <u who="#PBsve436_S1" xml:id="PBsve436_u_30"> hh because <pause/><emph> now </emph> we have a deposit of you<c function="fall" type="intonation"/></u>
            <u who="#PBsve436_S2" xml:id="PBsve436_u_31"> mh<seg n="6" type="overlap" xml:id="PBsve436_ol_24">m </seg></u>
            <u who="#PBsve436_S1" xml:id="PBsve436_u_32"><seg n="6" synch="#PBsve436_ol_24" type="overlap" xml:id="PBsve436_ol_25"> so </seg><pause/> the best <seg n="7" type="overlap" xml:id="PBsve436_ol_26"> would </seg> be <pause/><incident voice:desc="there are other advisory talks happening in the background"/></u>
            <u who="#PBsve436_S2" xml:id="PBsve436_u_33"><seg n="7" synch="#PBsve436_ol_26" type="overlap" xml:id="PBsve436_ol_27"> yes </seg></u>
            <u who="#PBsve436_S1" xml:id="PBsve436_u_34"> if this deposit rests here <pause/> then <seg n="1" type="overlap" xml:id="PBsve436_ol_28"> you decide </seg> if you would like to get a room or <seg n="2" type="overlap" xml:id="PBsve436_ol_29"> not and <emph> aft</emph></seg>erwards i can transfer it<c function="fall" type="intonation"/><emph> or </emph> i transfer it now <seg n="3" type="overlap" xml:id="PBsve436_ol_30"> to you and in case <pause/> you'd like to get </seg></u>
            <u who="#PBsve436_S2" xml:id="PBsve436_u_35"><seg n="1" synch="#PBsve436_ol_28" type="overlap" xml:id="PBsve436_ol_31"> n-n </seg></u>
            <u who="#PBsve436_S2" xml:id="PBsve436_u_36"><seg n="2" synch="#PBsve436_ol_29" type="overlap" xml:id="PBsve436_ol_32"> ye<c type="lengthening"/>s but </seg></u>
            <u who="#PBsve436_S2" xml:id="PBsve436_u_37"><seg n="3" synch="#PBsve436_ol_30" type="overlap" xml:id="PBsve436_ol_33"> ye<c type="lengthening"/>s <pause/> ye<c type="lengthening"/>s because i'm not </seg> sure if i will<c type="lengthening"/><seg n="4" type="overlap" xml:id="PBsve436_ol_34"> come back and if i will come <shift corresp="#PBsve436_s_6" feature="voice" new="laugh" xml:id="PBsve436_s_5"/><unclear> here </unclear><shift corresp="#PBsve436_s_5" feature="voice" new="neutral" xml:id="PBsve436_s_6"/></seg></u>
            <u who="#PBsve436_S1" xml:id="PBsve436_u_38"><seg n="4" synch="#PBsve436_ol_34" type="overlap" xml:id="PBsve436_ol_35"> okay<c function="fall" type="intonation"/> then i will wait for the for the transfer </seg> in july  </u>
            <u who="#PBsve436_S2" xml:id="PBsve436_u_39"> o<seg n="5" type="overlap" xml:id="PBsve436_ol_36">kay<c function="fall" type="intonation"/></seg></u>
            <u who="#PBsve436_S1" xml:id="PBsve436_u_40"><seg n="5" synch="#PBsve436_ol_36" type="overlap" xml:id="PBsve436_ol_37"> and af</seg>terwards <shift corresp="#PBsve436_s_8" feature="loud" new="p" xml:id="PBsve436_s_7"/> you can decide<c function="fall" type="intonation"/><shift corresp="#PBsve436_s_7" feature="loud" new="neutral" xml:id="PBsve436_s_8"/></u>
            <u who="#PBsve436_S2" xml:id="PBsve436_u_41"> okay<c function="fall" type="intonation"/> thank <seg n="6" type="overlap" xml:id="PBsve436_ol_38"> you<c function="fall" type="intonation"/></seg><emph> and </emph> another ques<seg n="7" type="overlap" xml:id="PBsve436_ol_39">tion </seg> because my room-mate  </u>
            <u who="#PBsve436_S1" xml:id="PBsve436_u_42"><seg n="6" synch="#PBsve436_ol_38" type="overlap" xml:id="PBsve436_ol_40"> okay<c function="fall" type="intonation"/></seg></u>
            <u who="#PBsve436_S1" xml:id="PBsve436_u_43"><seg n="7" synch="#PBsve436_ol_39" type="overlap" xml:id="PBsve436_ol_41"> mhm </seg></u>
            <u who="#PBsve436_S1" xml:id="PBsve436_u_44"> m<seg n="1" type="overlap" xml:id="PBsve436_ol_42">hm </seg></u>
            <u who="#PBsve436_S2" xml:id="PBsve436_u_45"><seg n="1" synch="#PBsve436_ol_42" type="overlap" xml:id="PBsve436_ol_43"> had </seg> told me that e<c type="lengthening"/>r she wants e<c type="lengthening"/>rm sheets for the bed <seg n="8" type="overlap" xml:id="PBsve436_ol_44"><shift corresp="#PBsve436_s_10" feature="loud" new="p" xml:id="PBsve436_s_9"/><vocal subtype="wordstart" type="wordlike" voice:desc="laughing" voice:syl="2"/><shift corresp="#PBsve436_s_9" feature="loud" new="neutral" xml:id="PBsve436_s_10"/></seg><pause/></u>
            <u who="#PBsve436_S1" xml:id="PBsve436_u_46"><seg n="8" synch="#PBsve436_ol_44" type="overlap" xml:id="PBsve436_ol_45"> mhm </seg></u>
            <u who="#PBsve436_S2" xml:id="PBsve436_u_47"> and er the cleaning woman er is not e<c type="lengthening"/>r bringing e<c type="lengthening"/>r the sheets <seg n="2" type="overlap" xml:id="PBsve436_ol_46"> or it's </seg> possible to<c type="lengthening"/> bring the sheets because <seg n="3" type="overlap" xml:id="PBsve436_ol_47"> she </seg> wants to change it<c function="rise" type="intonation"/></u>
            <u who="#PBsve436_S1" xml:id="PBsve436_u_48"><seg n="2" synch="#PBsve436_ol_46" type="overlap" xml:id="PBsve436_ol_48"> mhm </seg></u>
            <u who="#PBsve436_S1" xml:id="PBsve436_u_49"><seg n="3" synch="#PBsve436_ol_47" type="overlap" xml:id="PBsve436_ol_49"> erm </seg></u>
            <u who="#PBsve436_S1" xml:id="PBsve436_u_50"> she<c type="lengthening"/><pause/><seg n="4" type="overlap" xml:id="PBsve436_ol_50"> she just ha</seg>ve  e<c type="lengthening"/>r one <seg n="5" type="overlap" xml:id="PBsve436_ol_51"><supplied reason="unintelligible"> x </supplied> e<c type="lengthening"/>r </seg><pause/></u>
            <u who="#PBsve436_S2" xml:id="PBsve436_u_51"><seg n="4" synch="#PBsve436_ol_50" type="overlap" xml:id="PBsve436_ol_52"> for the bed </seg></u>
            <u who="#PBsve436_S2" xml:id="PBsve436_u_52"><seg n="5" synch="#PBsve436_ol_51" type="overlap" xml:id="PBsve436_ol_53"> o<c type="lengthening"/>ne yes </seg></u>
            <u who="#PBsve436_S1" xml:id="PBsve436_u_53"><shift corresp="#PBsve436_s_12" feature="loud" new="p" xml:id="PBsve436_s_11"/> set <foreign type="L1" voice:translation="come on" xml:lang="ger"> na </foreign><shift corresp="#PBsve436_s_11" feature="loud" new="neutral" xml:id="PBsve436_s_12"/><pause/></u>
            <u who="#PBsve436_S2" xml:id="PBsve436_u_54"><shift corresp="#PBsve436_s_14" feature="loud" new="p" xml:id="PBsve436_s_13"/> set sh- sheets of <pause/><seg n="6" type="overlap" xml:id="PBsve436_ol_54"> for the bed<c function="fall" type="intonation"/></seg><shift corresp="#PBsve436_s_13" feature="loud" new="neutral" xml:id="PBsve436_s_14"/></u>
            <u who="#PBsve436_S1" xml:id="PBsve436_u_55"><voice:to who="#PBsve436_S3"><foreign type="L1" voice:translation="what means 'to have something' well" xml:lang="ger"><seg n="6" synch="#PBsve436_ol_54" type="overlap" xml:id="PBsve436_ol_55"> was heisst denn </seg> etwas haben <pause/> also </foreign></voice:to><pause/></u>
            <u who="#PBsve436_S2" xml:id="PBsve436_u_56"><vocal subtype="wordstart" type="wordlike" voice:desc="laughing" voice:syl="2"/><anchor synch="#PBsve436_oc_3" type="other_continuation" xml:id="PBsve436_oc_2"/></u>
            <u who="#PBsve436_S3" xml:id="PBsve436_u_57"><voice:to who="#PBsve436_S1"><foreign type="L1" voice:translation="just keep talking about the" xml:lang="ger"><anchor synch="#PBsve436_oc_2" type="other_continuation" xml:id="PBsve436_oc_3"/> einfach red- er rede einfach ganz normal weiter mit dem </foreign> sheet<c function="fall" type="intonation"/></voice:to><pause/></u>
            <u who="#PBsve436_S1" xml:id="PBsve436_u_58"><voice:to who="#PBsve436_S3"><foreign type="L1" voice:translation="what" xml:lang="ger"> was<c function="rise" type="intonation"/></foreign></voice:to><pause/></u>
            <u who="#PBsve436_S3" xml:id="PBsve436_u_59"><voice:to who="#PBsve436_S1"><foreign type="L1" voice:translation="just ask her whether she has only one" xml:lang="ger"> frag sie einfach ob sie nur <emph> ein </emph></foreign> sheet <foreign type="L1" xml:lang="ger"> hat<c function="fall" type="intonation"/></foreign></voice:to></u>
            <u who="#PBsve436_SX-2" xml:id="PBsve436_u_60"> hm </u>
            <u who="#PBsve436_S1" xml:id="PBsve436_u_61"> do you have just <emph> one </emph><pause/><seg n="6" type="overlap" xml:id="PBsve436_ol_56"> bed </seg> sheet<c function="rise" type="intonation"/></u>
            <u who="#PBsve436_S2" xml:id="PBsve436_u_62"><seg n="6" synch="#PBsve436_ol_56" type="overlap" xml:id="PBsve436_ol_57"> yes </seg></u>
            <u who="#PBsve436_S2" xml:id="PBsve436_u_63"> mhm<c function="fall" type="intonation"/></u>
            <u who="#PBsve436_S1" xml:id="PBsve436_u_64"> aha she should <pause/> then<c type="lengthening"/><shift corresp="#PBsve436_s_16" feature="tempo" new="l" xml:id="PBsve436_s_15"/> could you just tell me <shift corresp="#PBsve436_s_15" feature="tempo" new="neutral" xml:id="PBsve436_s_16"/><seg n="7" type="overlap" xml:id="PBsve436_ol_58"> the room </seg> number<c function="rise" type="intonation"/></u>
            <u who="#PBsve436_S2" xml:id="PBsve436_u_65"><seg n="7" synch="#PBsve436_ol_58" type="overlap" xml:id="PBsve436_ol_59"> yes </seg></u>
            <u who="#PBsve436_S2" xml:id="PBsve436_u_66"> yes<c function="fall" type="intonation"/> hh it's er next to me <shift corresp="#PBsve436_s_18" feature="voice" new="laugh" xml:id="PBsve436_s_17"/> okay <shift corresp="#PBsve436_s_17" feature="voice" new="neutral" xml:id="PBsve436_s_18"/> hh er my room<c type="lengthening"/> it's twenty-nine hh </u>
            <u who="#PBsve436_S1" xml:id="PBsve436_u_67"> mhm <pause/></u>
            <u who="#PBsve436_S2" xml:id="PBsve436_u_68"> erm er but i don't know the num<seg n="1" type="overlap" xml:id="PBsve436_ol_60">ber </seg></u>
            <u who="#PBsve436_S1" xml:id="PBsve436_u_69"><seg n="1" synch="#PBsve436_ol_60" type="overlap" xml:id="PBsve436_ol_61"> what's </seg> what's the name of <pause/> the neighbor<c function="rise" type="intonation"/></u>
            <u who="#PBsve436_S2" xml:id="PBsve436_u_70"><supplied reason="anonymization"> [first name1] </supplied><c function="fall" type="intonation"/><pause dur="PT2S"/><incident dur="PT2S" voice:desc="S2 takes out her key "/> so this is mine <pause dur="PT1S"/> three it must be two<c function="fall" type="intonation"/> i think it's the two<c function="fall" type="intonation"/><pause dur="PT1S"/> yes becau<seg n="2" type="overlap" xml:id="PBsve436_ol_62">se </seg> me i'm three so <pause dur="PT3S"/><incident dur="PT3S" voice:desc="S1 works on the computer "/></u>
            <u who="#PBsve436_S1" xml:id="PBsve436_u_71"><seg n="2" synch="#PBsve436_ol_62" type="overlap" xml:id="PBsve436_ol_63"> yah </seg></u>
            <u who="#PBsve436_S1" xml:id="PBsve436_u_72"> ah but she even <pause dur="PT2S"/> moves out by the end of june<c function="fall" type="intonation"/><pause dur="PT2S"/> because <pause dur="PT1S"/> because everybody had to return <emph> one </emph><pause/> one pair <seg n="3" type="overlap" xml:id="PBsve436_ol_64"> of bed </seg> sheets <seg n="4" type="overlap" xml:id="PBsve436_ol_65"> because </seg> erm <pause dur="PT1S"/></u>
            <u who="#PBsve436_S2" xml:id="PBsve436_u_73"><seg n="3" synch="#PBsve436_ol_64" type="overlap" xml:id="PBsve436_ol_66"> yes </seg></u>
            <u who="#PBsve436_S2" xml:id="PBsve436_u_74"><seg n="4" synch="#PBsve436_ol_65" type="overlap" xml:id="PBsve436_ol_67"> yes </seg></u>
            <u who="#PBsve436_S1" xml:id="PBsve436_u_75"> our cleaning lady has to <emph> wash </emph> all <pause/><seg n="5" type="overlap" xml:id="PBsve436_ol_68"> that the </seg> new persons <pause/></u>
            <u who="#PBsve436_S2" xml:id="PBsve436_u_76"><seg n="5" synch="#PBsve436_ol_68" type="overlap" xml:id="PBsve436_ol_69"> yes </seg></u>
            <u who="#PBsve436_S1" xml:id="PBsve436_u_77"> can have a new one so <anchor synch="#PBsve436_oc_5" type="other_continuation" xml:id="PBsve436_oc_4"/></u>
            <u who="#PBsve436_S2" xml:id="PBsve436_u_78"><anchor synch="#PBsve436_oc_4" type="other_continuation" xml:id="PBsve436_oc_5"/> a<c type="lengthening"/>h </u>
            <u who="#PBsve436_S1" xml:id="PBsve436_u_79"> i mean m- she just <pause dur="PT1S"/> will have er her bed sheets <pause/> for a few days so <seg n="6" type="overlap" xml:id="PBsve436_ol_70"> maybe </seg></u>
            <u who="#PBsve436_S2" xml:id="PBsve436_u_80"><seg n="6" synch="#PBsve436_ol_70" type="overlap" xml:id="PBsve436_ol_71"> okay<c function="fall" type="intonation"/></seg><vocal subtype="wordstart" type="wordlike" voice:desc="laughing" voice:syl="2"/><seg n="7" type="overlap" xml:id="PBsve436_ol_72"> so but the next month </seg> you you think that e<c type="lengthening"/>r  </u>
            <u who="#PBsve436_S1" xml:id="PBsve436_u_81"><seg n="7" synch="#PBsve436_ol_72" type="overlap" xml:id="PBsve436_ol_73"> and then i <pause/> yah </seg></u>
            <u who="#PBsve436_S1" xml:id="PBsve436_u_82"> she's she stays longer<c function="rise" type="intonation"/><voice:track medium="1" num="02" type="md"/> than<c type="lengthening"/> june<c function="rise" type="intonation"/><seg n="1" type="overlap" xml:id="PBsve436_ol_74"> cos she's just booked </seg> until the end of june<c function="fall" type="intonation"/></u>
            <u who="#PBsve436_S2" xml:id="PBsve436_u_83"><seg n="1" synch="#PBsve436_ol_74" type="overlap" xml:id="PBsve436_ol_75"><emph> yes </emph> yes yes </seg></u>
            <u who="#PBsve436_S2" xml:id="PBsve436_u_84"><shift corresp="#PBsve436_s_20" feature="loud" new="p" xml:id="PBsve436_s_19"/> no<c type="lengthening"/><pause/> she's he<c type="lengthening"/>re for more<c function="fall" type="intonation"/><shift corresp="#PBsve436_s_19" feature="loud" new="neutral" xml:id="PBsve436_s_20"/><pause dur="PT14S"/><incident dur="PT14S" voice:desc="S1 works on computer "/></u>
            <u who="#PBsve436_S1" xml:id="PBsve436_u_85"><shift corresp="#PBsve436_s_22" feature="loud" new="p" xml:id="PBsve436_s_21"/> no she she's just booked until the end of june<c function="fall" type="intonation"/><shift corresp="#PBsve436_s_21" feature="loud" new="neutral" xml:id="PBsve436_s_22"/><pause dur="PT1S"/> so maybe the best would be if she<c type="lengthening"/> con<seg n="2" type="overlap" xml:id="PBsve436_ol_76">tacts us </seg></u>
            <u who="#PBsve436_S2" xml:id="PBsve436_u_86"><seg n="2" synch="#PBsve436_ol_76" type="overlap" xml:id="PBsve436_ol_77"> she </seg> okay i will tell <anchor synch="#PBsve436_oc_7" type="other_continuation" xml:id="PBsve436_oc_6"/></u>
            <u who="#PBsve436_S1" xml:id="PBsve436_u_87"><anchor synch="#PBsve436_oc_6" type="other_continuation" xml:id="PBsve436_oc_7"/> yes yeah <seg n="3" type="overlap" xml:id="PBsve436_ol_78"><vocal subtype="wordstart" type="wordlike" voice:desc="laughing" voice:syl="2"/><shift corresp="#PBsve436_s_24" feature="voice" new="laugh" xml:id="PBsve436_s_23"/> that would be the best yah <shift corresp="#PBsve436_s_23" feature="voice" new="neutral" xml:id="PBsve436_s_24"/></seg></u>
            <u who="#PBsve436_S2" xml:id="PBsve436_u_88"><seg n="3" synch="#PBsve436_ol_78" type="overlap" xml:id="PBsve436_ol_79"> but it's strange because i think </seg><shift corresp="#PBsve436_s_26" feature="loud" new="p" xml:id="PBsve436_s_25"/> she's going to be he<c type="lengthening"/>re for more<c function="fall" type="intonation"/> i don't know<c function="fall" type="intonation"/><shift corresp="#PBsve436_s_25" feature="loud" new="neutral" xml:id="PBsve436_s_26"/> okay i will <seg n="4" type="overlap" xml:id="PBsve436_ol_80"> say <pause/><vocal subtype="wordstart" type="wordlike" voice:desc="laughing" voice:syl="2"/></seg></u>
            <u who="#PBsve436_S1" xml:id="PBsve436_u_89"><seg n="4" synch="#PBsve436_ol_80" type="overlap" xml:id="PBsve436_ol_81"> okay<c function="fall" type="intonation"/><unclear> somehow </unclear></seg> strange <shift corresp="#PBsve436_s_28" feature="voice" new="laugh" xml:id="PBsve436_s_27"/><supplied reason="unintelligible"> xxx </supplied><shift corresp="#PBsve436_s_27" feature="voice" new="neutral" xml:id="PBsve436_s_28"/></u>
            <u who="#PBsve436_S2" xml:id="PBsve436_u_90"><shift corresp="#PBsve436_s_30" feature="voice" new="laugh" xml:id="PBsve436_s_29"/> yah <shift corresp="#PBsve436_s_29" feature="voice" new="neutral" xml:id="PBsve436_s_30"/></u>
            <u who="#PBsve436_S1" xml:id="PBsve436_u_91"> bye-<seg n="5" type="overlap" xml:id="PBsve436_ol_82">bye </seg></u>
            <u who="#PBsve436_S2" xml:id="PBsve436_u_92"><seg n="5" synch="#PBsve436_ol_82" type="overlap" xml:id="PBsve436_ol_83"> thank </seg> you<c function="fall" type="intonation"/> bye-bye <pause dur="PT1S"/><incident dur="PT1S" voice:desc="S2 leaves the office "/></u>
         </div>
      </body>
   </text>
</TEI>