<TEI xmlns="http://www.tei-c.org/ns/1.0" xmlns:voice="http://www.univie.ac.at/voice/ns/1.0" xmlns:xi="http://www.w3.org/2001/XInclude" version="5" xml:id="PBsve437" xml:lang="eng">
   <teiHeader>
      <fileDesc>
         <titleStmt>
            <title>service encounter about renting a room</title>
            <principal>Prof. Barbara Seidlhofer</principal>
            <editor/>
            <funder>Austrian Science Foundation (FWF)</funder>
            <sponsor/>
            <respStmt>
               <resp>Corpus Compilation</resp>
               <orgName>VOICE Project</orgName>
               <persName>Barbara Seidlhofer</persName>
               <persName>Angelika Breiteneder</persName>
               <persName>Marie-Luise Pitzl</persName>
               <persName>Stefan Majewski</persName>
               <persName>Theresa Klimpfinger</persName>
            </respStmt>
         </titleStmt>
         <editionStmt>
		<edition>Version 1.0 XML, <date>May 2011</date></edition>
	  <respStmt>
		<resp>Researchers</resp>
		<name>Barbara Seidlhofer</name> 		
		<name>Angelika Breiteneder</name> 
		<name>Theresa Klimpfinger</name> 
		<name>Stefan Majewski</name> 
		<name>Marie-Luise Pitzl</name> 
	  </respStmt>
	</editionStmt>
         <publicationStmt>
		<publisher>Barbara Seidlhofer, Stefan Majewski, Marie-Luise Pitzl</publisher> 
	  <distributor>VOICE Project, University of Vienna, Austria</distributor> 
	  <address>
		<addrLine>Spitalgasse 2, AAKH Hof 8</addrLine> 
		<addrLine>1090 Vienna</addrLine> 
		<addrLine>Austria</addrLine> 
		<addrLine>Telephone: +43 1 427742446</addrLine> 
	  	<addrLine>Email: voice@univie.ac.at</addrLine> 
		<addrLine>Website: http://www.univie.ac.at/voice</addrLine> 
	  </address>
	  <availability status="free">
	  	<p>
		  The Vienna-Oxford International Corpus of English (VOICE)
		  was created by Barbara Seidlhofer (project director) and
		  Angelika Breiteneder, Theresa Klimpfinger, Stefan Majewski,
		  Marie-Luise Pitzl (project researchers). VOICE 1.0 XML is
		  available for download at the VOICE Project's website <ref target="http://www.univie.ac.at/voice/">http://www.univie.ac.at/voice/</ref>
		  under a Creative Commons
		  Attribution-NonCommercial-ShareAlike 3.0 Unported (CC
		  BY-NC-SA 3.0) License (<ref target="http://creativecommons.org/licenses/by-nc-sa/3.0/">
		  http://creativecommons.org/licenses/by-nc-sa/3.0/
		  </ref>). The original audio files are held at the Department
		  of English, University of Vienna. 23 selected audio files
		  are available as audio streams in the VOICE Online interface
		  at the VOICE Project's website <ref target="http://www.univie.ac.at/voice">http://www.univie.ac.at/voice</ref>.
		</p>
		<p>
		The recommended citation for VOICE 1.0 XML is:
		</p>
		<p>
		<bibl><title>VOICE</title>. <date>2011</date>. <title level="m">The Vienna-Oxford International Corpus of
		English</title> (<edition>version 1.0
		XML</edition>). Director: Barbara Seidlhofer; Researchers:
		Angelika Breiteneder, Theresa Klimpfinger, Stefan Majewski,
		Marie-Luise Pitzl.</bibl>
		</p>
		<p>The short citation for VOICE 1.0 XML is:
		</p>
		<p>
		<bibl><title>VOICE</title>. <date>2011</date>. <title level="m">The Vienna-Oxford International Corpus of
		English</title> (<edition>version 1.0
		XML</edition>).</bibl></p>
		<p>
		  For further information about availability and copyright
		  permissions, please see the README file included in the
		  download package. For further enquiries please contact the
		  VOICE Project at <ref target="mailto:voice@univie.ac.at">voice@univie.ac.at</ref>.
		</p>
	  </availability>
	</publicationStmt>
         <notesStmt>
            <note xml:id="PBsve437_wc">Words: 637</note>
            <note xml:id="PBsve437_tn_0">This service encounter takes place at a university housing office. S1 comes to the housing office because she needs to change her room booking. S2, who works at the housing office, provides S1 with information about the requirements and procedures for securing the room.  </note>
         </notesStmt>
         <sourceDesc>
            <recordingStmt>
               <recording dur="PT00H06M01S" type="audio">
                  <date>2005-04-25</date>
                  <equipment>
                     <p>Portable minidisc recorder with electret condenser stereo microphone</p>
                  </equipment>
                  <respStmt>
                     <resp>recording</resp>
                     <name>R16</name>
                  </respStmt>
               </recording>
            </recordingStmt>
         </sourceDesc>
      </fileDesc>
      <encodingDesc>
         <classDecl>
            <taxonomy>
               <category xml:id="PBsve437_domain">
                  <catDesc>Domain</catDesc>
                  <category sameAs="#ED" xml:id="PBsve437_ED">
                     <catDesc>educational</catDesc>
                  </category>
                  <category sameAs="#LE" xml:id="PBsve437_LE">
                     <catDesc>leisure</catDesc>
                  </category>
                  <category sameAs="#PB" xml:id="PBsve437_PB">
                     <catDesc>professional business</catDesc>
                  </category>
                  <category sameAs="#PO" xml:id="PBsve437_PO">
                     <catDesc>professional organizational</catDesc>
                  </category>
                  <category sameAs="#PR" xml:id="PBsve437_PR">
                     <catDesc>professional research/science</catDesc>
                  </category>
               </category>
               <category xml:id="PBsve437_spet">
                  <catDesc>Speech Event Type</catDesc>
                  <category sameAs="#int" xml:id="PBsve437_int">
                     <catDesc>interview</catDesc>
                  </category>
                  <category sameAs="#prc" xml:id="PBsve437_prc">
                     <catDesc>press conference</catDesc>
                  </category>
                  <category sameAs="#sve" xml:id="PBsve437_sve">
                     <catDesc>service encounter</catDesc>
                  </category>
                  <category sameAs="#sed" xml:id="PBsve437_sed">
                     <catDesc>seminar discussion</catDesc>
                  </category>
                  <category sameAs="#wgd" xml:id="PBsve437_wgd">
                     <catDesc>working group discussion</catDesc>
                  </category>
                  <category sameAs="#wsd" xml:id="PBsve437_wsd">
                     <catDesc>workshop discussion</catDesc>
                  </category>
                  <category sameAs="#mtg" xml:id="PBsve437_mtg">
                     <catDesc>meeting</catDesc>
                  </category>
                  <category sameAs="#pan" xml:id="PBsve437_pan">
                     <catDesc>panel</catDesc>
                  </category>
                  <category sameAs="#qas" xml:id="PBsve437_qas">
                     <catDesc>question-answer session</catDesc>
                  </category>
                  <category sameAs="#con" xml:id="PBsve437_con">
                     <catDesc>conversation</catDesc>
                  </category>
               </category>
            </taxonomy>
         </classDecl>
         <tagsDecl><namespace name="http://www.tei-c.org/ns/1.0">
      <tagUsage gi="TEI" occurs="1"/>
      <tagUsage gi="teiHeader" occurs="1"/>
      <tagUsage gi="fileDesc" occurs="1"/>
      <tagUsage gi="titleStmt" occurs="1"/>
      <tagUsage gi="title" occurs="5"/>
      <tagUsage gi="principal" occurs="1"/>
      <tagUsage gi="editor" occurs="1"/>
      <tagUsage gi="funder" occurs="1"/>
      <tagUsage gi="sponsor" occurs="1"/>
      <tagUsage gi="respStmt" occurs="3"/>
      <tagUsage gi="resp" occurs="3"/>
      <tagUsage gi="orgName" occurs="1"/>
      <tagUsage gi="persName" occurs="5"/>
      <tagUsage gi="editionStmt" occurs="1"/>
      <tagUsage gi="edition" occurs="3"/>
      <tagUsage gi="date" occurs="4"/>
      <tagUsage gi="name" occurs="8"/>
      <tagUsage gi="publicationStmt" occurs="1"/>
      <tagUsage gi="publisher" occurs="1"/>
      <tagUsage gi="distributor" occurs="1"/>
      <tagUsage gi="address" occurs="1"/>
      <tagUsage gi="addrLine" occurs="6"/>
      <tagUsage gi="availability" occurs="1"/>
      <tagUsage gi="p" occurs="7"/>
      <tagUsage gi="ref" occurs="4"/>
      <tagUsage gi="bibl" occurs="2"/>
      <tagUsage gi="notesStmt" occurs="1"/>
      <tagUsage gi="note" occurs="2"/>
      <tagUsage gi="sourceDesc" occurs="1"/>
      <tagUsage gi="recordingStmt" occurs="1"/>
      <tagUsage gi="recording" occurs="1"/>
      <tagUsage gi="equipment" occurs="1"/>
      <tagUsage gi="encodingDesc" occurs="1"/>
      <tagUsage gi="classDecl" occurs="1"/>
      <tagUsage gi="taxonomy" occurs="1"/>
      <tagUsage gi="category" occurs="17"/>
      <tagUsage gi="catDesc" occurs="17"/>
      <tagUsage gi="tagsDecl" occurs="1"/>
      <tagUsage gi="namespace" occurs="2"/>
      <tagUsage gi="tagUsage" occurs="80"/>
      <tagUsage gi="gi" occurs="3"/>
      <tagUsage gi="att" occurs="13"/>
      <tagUsage gi="list" occurs="12"/>
      <tagUsage gi="label" occurs="22"/>
      <tagUsage gi="val" occurs="43"/>
      <tagUsage gi="item" occurs="42"/>
      <tagUsage gi="profileDesc" occurs="1"/>
      <tagUsage gi="textClass" occurs="1"/>
      <tagUsage gi="catRef" occurs="2"/>
      <tagUsage gi="settingDesc" occurs="1"/>
      <tagUsage gi="setting" occurs="1"/>
      <tagUsage gi="locale" occurs="1"/>
      <tagUsage gi="activity" occurs="1"/>
      <tagUsage gi="particDesc" occurs="1"/>
      <tagUsage gi="listPerson" occurs="3"/>
      <tagUsage gi="personGrp" occurs="2"/>
      <tagUsage gi="person" occurs="2"/>
      <tagUsage gi="age" occurs="2"/>
      <tagUsage gi="sex" occurs="2"/>
      <tagUsage gi="occupation" occurs="2"/>
      <tagUsage gi="langKnowledge" occurs="2"/>
      <tagUsage gi="langKnown" occurs="2"/>
      <tagUsage gi="relationGrp" occurs="1"/>
      <tagUsage gi="relation" occurs="2"/>
      <tagUsage gi="revisionDesc" occurs="1"/>
      <tagUsage gi="change" occurs="6"/>
      <tagUsage gi="text" occurs="1"/>
      <tagUsage gi="body" occurs="1"/>
      <tagUsage gi="div" occurs="2"/>
      <tagUsage gi="u" occurs="68">Used to mark a stretch of speech commonly
		preceded and followed by a pause or by a change of speaker. A
		<gi>u</gi> is, however, not required to be bounded by a pause or
		a change of speaker, nor does it represent a turn in a
		conversation analytic sense. At a minimum, a <gi>u</gi> is some
		phonetic production or noise made by a given speaker or a group of speakers.</tagUsage>
      <tagUsage gi="incident" occurs="9">Used to mark contextual information
		relevant to the understanding of the interaction or the
		interaction as such. The <att>voice:desc</att> attribute
		provides a short prose description of the contextual
		event.</tagUsage>
      <tagUsage gi="foreign" occurs="10">Used to mark a word or phrase as
		belonging to some language other than English. The following
		values for the <att>type</att> attribute are used to mark:
		<list>
		  <label><val>L1</val></label><item>the speaker's first
		  language</item>
		  <label><val>LN</val></label><item>a language other than the
		  speaker's first language</item>
		  <label><val>LQ</val></label><item>a language where it cannot
		  be ascertained whether it is the speaker's first or other
		  language.</item>
		</list>
		Whenever possible, the 
		<att>voice:translation</att> attribute provides a rough translation of the
		non-English speech into English.
		</tagUsage>
      <tagUsage gi="c" occurs="73">Used to mark lengthening of sounds and
		intonation (fall, rise). The following <att>type</att>
		attributes are used to mark:
		<list>
		  <label><val>lengthening</val></label><item>lengthened
		  sounds</item>
		  <label><val>intonation</val></label><item>a significant change in
		  intonation, marked with the following <att>function</att>
		  attribute for:
		  <list>
			<label><val>fall</val></label><item>falling
			intonation</item>
			<label><val>rise</val></label><item>rising intonation</item>
		  </list>
		</item>
		</list>
		Intonation may or may not coincide with
		syntactic boundaries.
		</tagUsage>
      <tagUsage gi="pause" occurs="56">Used to mark a pause either between or
		within utterances. Used without <att>dur</att> attribute to
		indicate a brief pause up to half a second.
		</tagUsage>
      <tagUsage gi="gap" occurs="1">Used to mark points where a short portion of
		speech has not been recorded or has been left untranscribed,
		whether for editorial reasons, as part of the sampling practice,
		or because the material is inaudible or comprises sensitive
		content. The following <att>reason</att> attributes are used to
		mark:
		<list>
		  <label><val>not_recorded</val></label><item>Not recorded
		  speech</item>
		  <label><val>not_transcribed</val></label><item>Not transcribed
		  speech</item>
		</list>
		Further information on the reason for a gap is provided within
		the <att>voice:desc</att> attribute.
		</tagUsage>
      <tagUsage gi="supplied" occurs="11">Used to mark text supplied by the
		transcriber because the original is unintelligible or needed to
		be anonymized. The <att>reason</att> attribute is used to mark:
		<list>
		  <label><val>unintelligible</val></label><item>unintelligible
		  speech</item>
		  <label><val>anonymization</val></label><item>anonymized
		  speech</item>
		</list>
		</tagUsage>
      <tagUsage gi="unclear" occurs="8">Used to mark speech which cannot be
		transcribed with certainty, because it is difficult to hear or
		understand for the transcriber.</tagUsage>
      <tagUsage gi="anchor" occurs="16">Used to mark other-continuation,
		i.e. whenever a speaker continues another speaker's <gi>u</gi>
		without a pause. Other-continuation is to be interpreted
		temporally and does not relate to form or content of the
		speakers' utterances.</tagUsage>
      <tagUsage gi="emph" occurs="6">Used to mark speech which is stressed or
		emphasized in a way that goes beyond regular nuclear
		stress.</tagUsage>
      <tagUsage gi="seg" occurs="18">Used with different <att>type</att> attributes to mark:
		<list>
		  <label><att>type</att><val>overlap</val></label>
		  <item>overlaps</item>
		  <label><att>type</att><val>onomatopoeia</val></label>
		  <item>onomatopoeic sounds</item>
		  <label><att>type</att><val>ipa</val></label>
		  <item>transcriptions in the international phonetic alphabet</item>
		</list>
		</tagUsage>
      <tagUsage gi="vocal" occurs="2">Used to mark laughter and other speaker
		noises and non-verbal feedback.
        <list>
          <label>
            <val>speaker_noise</val>
          </label>
          <item>
            <list>
              <item>
                <val>coughing</val>
              </item>
              <item>
                <val>nods</val>
              </item>
              <item>
                <val>shakes head</val>
              </item>
              <item>
                <val>smacks lips</val>
              </item>
              <item>
                <val>sniffs</val>
              </item>
              <item>
                <val>swallows</val>
              </item>
              <item>
                <val>whistles</val>
              </item>
            </list>
          </item>
          <label>
            <val>wordlike</val>
          </label>
          <item>
            <val>laughing</val>
          </item>
        </list>
        </tagUsage>
      <tagUsage gi="shift" occurs="10">Used to mark the point at which some
		paralinguistic feature changes. The following attribute values
		are used to mark:
		<list>
          <label>
            <val>voice</val>
          </label>
          <item>voice quality
          <list>
            <item><val>imitating</val></item>
            <item><val>laugh</val></item>
            <item><val>neutral</val></item>
            <item><val>phone</val></item>
            <item><val>reading</val></item>
            <item><val>reading_aloud</val></item>
            <item><val>sigh</val></item>
            <item><val>singing</val></item>
            <item><val>whisp</val></item>
            <item><val>yawning</val></item>
          </list>
          </item>
          <label>
          <val>tempo</val></label>
          <item>speed of utterance
            <list>
              <label><val>a</val></label>
              <item>accelerando</item>
              <label><val>l</val></label>
              <item>lento</item>
              <label><val>neutral</val></label>
              <item>neutral</item>
            </list>
          </item>
          <label>
          <val>loud</val></label>
          <item>loudness
            <list>
              <item><val>f</val></item>
              <item><val>neutral</val></item>
              <item><val>p</val></item>
            </list>
          </item>
		  </list>
		</tagUsage></namespace><namespace name="http://www.univie.ac.at/voice/ns/1.0">
      <tagUsage gi="voice:track" occurs="3">Used to mark the beginning of a new
		audio track used in transcription (usually three minutes in length) and thus refers to the audio recording
		of the transcribed speech event.
		</tagUsage></namespace></tagsDecl>
      </encodingDesc>
      <profileDesc>
         <textClass>
            <catRef target="#PBsve437_PB #PBsve437_sve"/>
            <catRef target="#PB #sve"/>
         </textClass>
         <settingDesc>
            <setting>
               <name type="country">AT</name>
               <name type="city">Vienna</name>
               <locale>housing office at university</locale>
               <activity>filling out forms</activity>
            </setting>
         </settingDesc>
         <particDesc>
            <listPerson type="main">
               <listPerson type="groups">
                  <personGrp role="speakers" size="2"/>
                  <personGrp role="interactants" size="2"/>
               </listPerson>
               <listPerson type="identified">
                  <person role="participant" sameAs="#P38" xml:id="PBsve437_S1">
                     <age value="1">17-24</age>
                     <sex value="1">male</sex>
                     <occupation>student</occupation>
                     <langKnowledge>
                        <langKnown level="L1" tag="gre"/>
                     </langKnowledge>
                  </person>
                  <person role="participant" sameAs="#P39" xml:id="PBsve437_S2">
                     <age value="1">17-24</age>
                     <sex value="2">female</sex>
                     <occupation>adviser at student accommodation office</occupation>
                     <langKnowledge>
                        <langKnown level="L1" tag="ger-AT"/>
                     </langKnowledge>
                  </person>
               </listPerson>
               <relationGrp>
                  <relation mutual="#PBsve437_S1 #PBsve437_S2" name="fairly_symmetrical" type="power"/>
                  <relation mutual="#PBsve437_S1 #PBsve437_S2" name="unacquainted" type="acquaintedness"/>
               </relationGrp>
            </listPerson>
         </particDesc>
      </profileDesc>
      <revisionDesc>
         <change when="2009-05-19" who="SM">conversion to XML</change>
         <change when="2009-05-11" who="TK">finalized for publication</change>
         <change when="2008-02-27" who="MLP">proof-reading</change>
         <change when="2006-10-20" who="AB">checking</change>
         <change when="2006-10-02" who="JL">transcript completion</change>
         <change when="2005-10-04" who="JL">transcription</change>
      </revisionDesc>
   </teiHeader>
   <text>
      <body>
         <div type="medium" voice:end="00:05" voice:end_medium_number="1" voice:end_track="1" voice:medium_type="md" voice:start="00:00" voice:start_medium_number="1" voice:start_track="1">
            <u who="#PBsve437_S1" xml:id="PBsve437_u_1"><voice:track medium="1" num="1" type="md"/><incident voice:desc="parallel conversation in german between a second student and another advisor starts"/><foreign type="L1" voice:translation="hello/dis" xml:lang="ger"> gruess gott<c function="fall" type="intonation"/></foreign></u>
            <u who="#PBsve437_S2" xml:id="PBsve437_u_2"><foreign type="LN" voice:translation="hello/cls" xml:lang="ger"> hallo<c function="fall" type="intonation"/></foreign></u>
            <u who="#PBsve437_S1" xml:id="PBsve437_u_3"> i need <pause/> i need a <pause/> room for october </u>
         </div>
         <gap dur="PT00H00M01S" reason="not_transcribed" voice:desc="un; technical problems with the microphone"/>
         <div type="medium" voice:end="00:01" voice:end_medium_number="1" voice:end_track="3" voice:medium_type="md" voice:start="00:06" voice:start_medium_number="1" voice:start_track="1">
            <u who="#PBsve437_S1" xml:id="PBsve437_u_4"><supplied reason="unintelligible"> xxx </supplied><unclear> room maybe </unclear> er on <supplied reason="unintelligible"> xxx </supplied><anchor synch="#PBsve437_oc_1" type="other_continuation" xml:id="PBsve437_oc_0"/></u>
            <u who="#PBsve437_S2" xml:id="PBsve437_u_5"><anchor synch="#PBsve437_oc_0" type="other_continuation" xml:id="PBsve437_oc_1"/> have you already sent erm an email to my colleague <foreign type="L1" xml:lang="ger"><supplied reason="anonymization"> [first name1] </supplied><c function="rise" type="intonation"/></foreign></u>
            <u who="#PBsve437_S1" xml:id="PBsve437_u_6"><supplied reason="unintelligible"> x </supplied> i<c type="lengthening"/><anchor synch="#PBsve437_oc_3" type="other_continuation" xml:id="PBsve437_oc_2"/></u>
            <u who="#PBsve437_S2" xml:id="PBsve437_u_7"><anchor synch="#PBsve437_oc_2" type="other_continuation" xml:id="PBsve437_oc_3"/> you're an erasmus student<c function="fall" type="intonation"/><pause/></u>
            <u who="#PBsve437_S1" xml:id="PBsve437_u_8"> i'm writing my <foreign type="LN" voice:translation="diploma thesis" xml:lang="ger"> diplomarbeit </foreign> here and i will need to stay here until october<c function="fall" type="intonation"/><pause/></u>
            <u who="#PBsve437_S2" xml:id="PBsve437_u_9"> i see<c type="lengthening"/><c function="fall" type="intonation"/><pause/> you want to prolong your room<c function="fall" type="intonation"/></u>
            <u who="#PBsve437_S1" xml:id="PBsve437_u_10"> mhm yeah </u>
            <u who="#PBsve437_S2" xml:id="PBsve437_u_11"> then you <anchor synch="#PBsve437_oc_5" type="other_continuation" xml:id="PBsve437_oc_4"/></u>
            <u who="#PBsve437_S1" xml:id="PBsve437_u_12"><anchor synch="#PBsve437_oc_4" type="other_continuation" xml:id="PBsve437_oc_5"/><supplied reason="unintelligible"> x </supplied><unclear> small </unclear></u>
            <u who="#PBsve437_S2" xml:id="PBsve437_u_13"> you you also have to write an email<c function="fall" type="intonation"/> to send an email to her<c function="fall" type="intonation"/><pause/> because we need a written er written <pause/> request<c function="fall" type="intonation"/><pause/></u>
            <u who="#PBsve437_S1" xml:id="PBsve437_u_14"> okay<c function="fall" type="intonation"/><pause dur="PT1S"/><unclear><emph> and </emph></unclear> i<c type="lengthening"/> don't want my room for june<c function="fall" type="intonation"/></u>
            <u who="#PBsve437_S2" xml:id="PBsve437_u_15"> mhm <pause/> i see<c function="fall" type="intonation"/> but then you <seg n="1" type="overlap" xml:id="PBsve437_ol_0"> have to </seg> move <incident voice:desc="parallel conversation in german between the second student and the other advisor ends"/> er you have to move out <pause/></u>
            <u who="#PBsve437_S1" xml:id="PBsve437_u_16"><seg n="1" synch="#PBsve437_ol_0" type="overlap" xml:id="PBsve437_ol_1"> yeah </seg></u>
            <u who="#PBsve437_S1" xml:id="PBsve437_u_17"> m<seg n="2" type="overlap" xml:id="PBsve437_ol_2">hm </seg></u>
            <u who="#PBsve437_S2" xml:id="PBsve437_u_18"><seg n="2" synch="#PBsve437_ol_2" type="overlap" xml:id="PBsve437_ol_3"> to</seg>tally you have to <pause/></u>
            <u who="#PBsve437_S1" xml:id="PBsve437_u_19"> yeah  </u>
            <u who="#PBsve437_S2" xml:id="PBsve437_u_20"> take <seg n="3" type="overlap" xml:id="PBsve437_ol_4"> your </seg> things out of your room<c function="fall" type="intonation"/></u>
            <u who="#PBsve437_S1" xml:id="PBsve437_u_21"><seg n="3" synch="#PBsve437_ol_4" type="overlap" xml:id="PBsve437_ol_5"> yo- </seg></u>
            <u who="#PBsve437_S1" xml:id="PBsve437_u_22"> yeah but i need a room for october<c function="fall" type="intonation"/> is it okay<c function="rise" type="intonation"/></u>
            <u who="#PBsve437_S2" xml:id="PBsve437_u_23"> so only july erm <foreign type="L1" voice:translation="and" xml:lang="ger"> und </foreign><emph> only </emph> october<c function="fall" type="intonation"/> only for one month<c function="fall" type="intonation"/></u>
            <u who="#PBsve437_S1" xml:id="PBsve437_u_24"> only october<c function="fall" type="intonation"/></u>
            <u who="#PBsve437_S2" xml:id="PBsve437_u_25"> it's okay yes<c function="fall" type="intonation"/><pause/> it might get difficult but in case you book it right now <unclear> and this </unclear> is no problem<c function="fall" type="intonation"/></u>
            <u who="#PBsve437_S1" xml:id="PBsve437_u_26"> er yeah i live in <supplied reason="anonymization"> [place1] </supplied> so i'd like to keep a room somewhere there<c function="fall" type="intonation"/></u>
            <u who="#PBsve437_S2" xml:id="PBsve437_u_27"> mhm <pause/></u>
            <u who="#PBsve437_S1" xml:id="PBsve437_u_28"> is it going to be <pause dur="PT3S"/> because it's<c type="lengthening"/></u>
            <u who="#PBsve437_S2" xml:id="PBsve437_u_29"> because at the moment it's april so i guess it won't be a problem<c function="fall" type="intonation"/></u>
            <u who="#PBsve437_S1" xml:id="PBsve437_u_30"> yeah a single room<c function="fall" type="intonation"/><emph> and </emph> i spoke with e<c type="lengthening"/>r <foreign type="LN" voice:translation="association that supports students" xml:lang="ger"> akademikhilfe </foreign> and they told me that <pause dur="PT1S"/><seg n="4" type="overlap" xml:id="PBsve437_ol_6"> they do they do have a room </seg> and yah that i should speak with you<c function="fall" type="intonation"/> oh where exactly<c type="lengthening"/> should i s- send that email <pause dur="PT2S"/><incident dur="PT2S" voice:desc="S2 gives a note to S1 "/></u>
            <u who="#PBsve437_S2" xml:id="PBsve437_u_31"><seg n="4" synch="#PBsve437_ol_6" type="overlap" xml:id="PBsve437_ol_7"><supplied reason="unintelligible"> x </supplied> talk to us<c function="fall" type="intonation"/><vocal subtype="wordstart" type="wordlike" voice:desc="laughing" voice:syl="1"/></seg></u>
            <u who="#PBsve437_S2" xml:id="PBsve437_u_32"> to a general <pause/> housing address<c function="fall" type="intonation"/><pause dur="PT2S"/></u>
            <u who="#PBsve437_S1" xml:id="PBsve437_u_33"> this one here <anchor synch="#PBsve437_oc_7" type="other_continuation" xml:id="PBsve437_oc_6"/></u>
            <u who="#PBsve437_S2" xml:id="PBsve437_u_34"><anchor synch="#PBsve437_oc_6" type="other_continuation" xml:id="PBsve437_oc_7"/> and then the email will be forwarded to my colleague <foreign type="L1" xml:lang="ger"><supplied reason="anonymization"> [first name1] </supplied><c function="fall" type="intonation"/></foreign><pause/></u>
            <u who="#PBsve437_S1" xml:id="PBsve437_u_35"> y<c type="lengthening"/>eah and e<c type="lengthening"/>r okay do i have to<c type="lengthening"/> speak with you afterwards or<c type="lengthening"/></u>
            <u who="#PBsve437_S2" xml:id="PBsve437_u_36"> erm no<c function="fall" type="intonation"/> she will an<seg n="5" type="overlap" xml:id="PBsve437_ol_8">swer you the email </seg></u>
            <u who="#PBsve437_S1" xml:id="PBsve437_u_37"><seg n="5" synch="#PBsve437_ol_8" type="overlap" xml:id="PBsve437_ol_9"> i i don- i don't want </seg> to wait till september <pause/> in order to get a positive answer i i want to be sure <anchor synch="#PBsve437_oc_9" type="other_continuation" xml:id="PBsve437_oc_8"/></u>
            <u who="#PBsve437_S2" xml:id="PBsve437_u_38"><anchor synch="#PBsve437_oc_8" type="other_continuation" xml:id="PBsve437_oc_9"/> no you have to send the email and then she will answer you as soon as possible<c function="fall" type="intonation"/></u>
            <u who="#PBsve437_S1" xml:id="PBsve437_u_39"> mhm <pause/> okay<c function="fall" type="intonation"/> hh thank you<c function="fall" type="intonation"/></u>
            <u who="#PBsve437_S2" xml:id="PBsve437_u_40"><shift corresp="#PBsve437_s_2" feature="voice" new="laugh" xml:id="PBsve437_s_1"/> you're welcome<c function="fall" type="intonation"/><shift corresp="#PBsve437_s_1" feature="voice" new="neutral" xml:id="PBsve437_s_2"/><pause dur="PT1S"/><incident dur="PT1S" voice:desc="S1 turns to leave, then turns back again "/></u>
            <u who="#PBsve437_S1" xml:id="PBsve437_u_41"> er what about june is there a problem <pause/> that i have to<c type="lengthening"/> move well my <pause/> contract anyway is till the end of june <pause/></u>
            <u who="#PBsve437_S2" xml:id="PBsve437_u_42"> but then you have to pay the rent for june<c function="fall" type="intonation"/><pause/></u>
            <u who="#PBsve437_S1" xml:id="PBsve437_u_43"> the rent<c function="fall" type="intonation"/><incident voice:desc="telephone rings, another advisor starts talking on the telephone in the background"/> the whole o<seg n="8" type="overlap" xml:id="PBsve437_ol_10">r<c type="lengthening"/> the </seg></u>
            <u who="#PBsve437_S2" xml:id="PBsve437_u_44"><seg n="8" synch="#PBsve437_ol_10" type="overlap" xml:id="PBsve437_ol_11"> because you have </seg> cancellation period of two months<c function="fall" type="intonation"/><pause dur="PT1S"/> er at the moment it's end of april so<c type="lengthening"/> the earliest possibility would be the end of <shift corresp="#PBsve437_s_4" feature="voice" new="laugh" xml:id="PBsve437_s_3"/> june<c function="fall" type="intonation"/><shift corresp="#PBsve437_s_3" feature="voice" new="neutral" xml:id="PBsve437_s_4"/><pause dur="PT3S"/> you can cancel but it might be that you also have to pay the rent <pause/> for june<c function="fall" type="intonation"/><pause dur="PT1S"/></u>
            <u who="#PBsve437_S1" xml:id="PBsve437_u_45"> yeah and do i with whom do i have to speak for this <pause/><seg n="6" type="overlap" xml:id="PBsve437_ol_12"> with you o<c type="lengthening"/>r <foreign type="LN" voice:translation="association that supports students" xml:lang="ger"> akademik<shift corresp="#PBsve437_s_6" feature="loud" new="p" xml:id="PBsve437_s_5"/>hilfe <shift corresp="#PBsve437_s_5" feature="loud" new="neutral" xml:id="PBsve437_s_6"/></foreign></seg></u>
            <u who="#PBsve437_S2" xml:id="PBsve437_u_46"><seg n="6" synch="#PBsve437_ol_12" type="overlap" xml:id="PBsve437_ol_13"> mhm erm<c type="lengthening"/> i will print you a form </seg><pause/> you can fill it in <pause dur="PT28S"/><incident dur="PT28S" voice:desc="S2 prints out the form "/></u>
            <u who="#PBsve437_S2" xml:id="PBsve437_u_47"> you only have to fill in your name <pause/></u>
            <u who="#PBsve437_S1" xml:id="PBsve437_u_48"> mhm </u>
            <u who="#PBsve437_S2" xml:id="PBsve437_u_49"> erm <pause/><incident voice:desc="S2 points at the form"/> you- <pause/> the student house <pause/> the<c type="lengthening"/><foreign type="L1" xml:lang="ger"><supplied reason="anonymization"> [place1] </supplied></foreign><pause/> erm the original booking until the end of june <pause/> the<c type="lengthening"/>n <pause/> the changed erm duration of stay <pause/> so the end of may </u>
            <u who="#PBsve437_S1" xml:id="PBsve437_u_50"> mhm </u>
            <u who="#PBsve437_S2" xml:id="PBsve437_u_51"> and then date and sign the sheet <unclear> just </unclear></u>
            <u who="#PBsve437_S1" xml:id="PBsve437_u_52"><shift corresp="#PBsve437_s_8" feature="loud" new="p" xml:id="PBsve437_s_7"/> okay<c function="fall" type="intonation"/><shift corresp="#PBsve437_s_7" feature="loud" new="neutral" xml:id="PBsve437_s_8"/><pause/><voice:track medium="1" num="2" type="md"/><pause dur="PT96S"/><incident voice:desc="S1 fills out the form, the other advisor still talks on the phone, other people seem to come and go, after a while other advisors start talking to each other in german about their working desks"/></u>
            <u who="#PBsve437_S2" xml:id="PBsve437_u_53"> i'll make you a copy of it<c function="rise" type="intonation"/></u>
            <u who="#PBsve437_S1" xml:id="PBsve437_u_54"> hm <pause dur="PT43S"/><incident voice:desc="S2 makes a copy of the form, advisors talk to each other in german"/></u>
            <u who="#PBsve437_S2" xml:id="PBsve437_u_55"><unclear> here </unclear><anchor synch="#PBsve437_oc_11" type="other_continuation" xml:id="PBsve437_oc_10"/></u>
            <u who="#PBsve437_S1" xml:id="PBsve437_u_56"><anchor synch="#PBsve437_oc_10" type="other_continuation" xml:id="PBsve437_oc_11"/> so is it by the way <supplied reason="unintelligible"> xx </supplied> paying paying <unclear> the rent </unclear> for june <pause dur="PT1S"/> no<c function="rise" type="intonation"/><anchor synch="#PBsve437_oc_13" type="other_continuation" xml:id="PBsve437_oc_12"/></u>
            <u who="#PBsve437_S2" xml:id="PBsve437_u_57"><anchor synch="#PBsve437_oc_12" type="other_continuation" xml:id="PBsve437_oc_13"/> in case you find someone you don't have to pay but usually you have to pay<c function="fall" type="intonation"/><pause/></u>
            <u who="#PBsve437_S1" xml:id="PBsve437_u_58"> usually<c function="fall" type="intonation"/><pause dur="PT1S"/> okay because <pause/><seg n="7" type="overlap" xml:id="PBsve437_ol_14"> okay if i don- </seg></u>
            <u who="#PBsve437_S2" xml:id="PBsve437_u_59"><seg n="7" synch="#PBsve437_ol_14" type="overlap" xml:id="PBsve437_ol_15"> cos otherwise </seg><emph> we </emph> have to pay the rent <shift corresp="#PBsve437_s_10" feature="voice" new="laugh" xml:id="PBsve437_s_9"/> and <shift corresp="#PBsve437_s_9" feature="voice" new="neutral" xml:id="PBsve437_s_10"/><vocal subtype="wordstart" type="wordlike" voice:desc="laughing" voice:syl="2"/><seg n="1" type="overlap" xml:id="PBsve437_ol_16"> to <foreign type="L1" xml:lang="ger"><supplied reason="anonymization"> [place1] </supplied><c function="fall" type="intonation"/></foreign></seg></u>
            <u who="#PBsve437_S1" xml:id="PBsve437_u_60"><seg n="1" synch="#PBsve437_ol_16" type="overlap" xml:id="PBsve437_ol_17"> mhm </seg> aha<c function="fall" type="intonation"/><pause/> okay<c function="fall" type="intonation"/><pause dur="PT1S"/> so<c type="lengthening"/> yah but if you don't find somebody <pause dur="PT1S"/> then i can keep the room till the end of june<c function="fall" type="intonation"/><anchor synch="#PBsve437_oc_15" type="other_continuation" xml:id="PBsve437_oc_14"/></u>
            <u who="#PBsve437_S2" xml:id="PBsve437_u_61"><anchor synch="#PBsve437_oc_14" type="other_continuation" xml:id="PBsve437_oc_15"/> yeah the best is to contact us <pause/> through this email address </u>
            <u who="#PBsve437_S1" xml:id="PBsve437_u_62"> yeah </u>
            <u who="#PBsve437_S2" xml:id="PBsve437_u_63"> a<c type="lengthening"/>nd erm le- let's say the end of <emph> may </emph></u>
            <u who="#PBsve437_S1" xml:id="PBsve437_u_64"> mhm </u>
            <u who="#PBsve437_S2" xml:id="PBsve437_u_65"><emph> and </emph> in case the room is still empty you can stay there we <unclear> will </unclear> the room agai<c type="lengthening"/>n then it's okay<c function="fall" type="intonation"/><pause dur="PT1S"/></u>
            <u who="#PBsve437_S1" xml:id="PBsve437_u_66"> yeah<c function="fall" type="intonation"/><pause dur="PT1S"/> okay<c function="fall" type="intonation"/><pause/> thank you<c function="fall" type="intonation"/></u>
            <u who="#PBsve437_S2" xml:id="PBsve437_u_67"> bye-bye<c function="fall" type="intonation"/><voice:track medium="1" num="03" type="md"/></u>
            <u who="#PBsve437_S1" xml:id="PBsve437_u_68"> bye<c function="fall" type="intonation"/></u>
         </div>
      </body>
   </text>
</TEI>