<TEI xmlns="http://www.tei-c.org/ns/1.0" xmlns:voice="http://www.univie.ac.at/voice/ns/1.0" xmlns:xi="http://www.w3.org/2001/XInclude" version="5" xml:id="PBsve426" xml:lang="eng">
   <teiHeader>
      <fileDesc>
         <titleStmt>
            <title>service encounter about prolonging stay in Austria</title>
            <principal>Prof. Barbara Seidlhofer</principal>
            <editor/>
            <funder>Austrian Science Foundation (FWF)</funder>
            <sponsor/>
            <respStmt>
               <resp>Corpus Compilation</resp>
               <orgName>VOICE Project</orgName>
               <persName>Barbara Seidlhofer</persName>
               <persName>Angelika Breiteneder</persName>
               <persName>Marie-Luise Pitzl</persName>
               <persName>Stefan Majewski</persName>
               <persName>Theresa Klimpfinger</persName>
            </respStmt>
         </titleStmt>
         <editionStmt>
		<edition>Version 1.0 XML, <date>May 2011</date></edition>
	  <respStmt>
		<resp>Researchers</resp>
		<name>Barbara Seidlhofer</name> 		
		<name>Angelika Breiteneder</name> 
		<name>Theresa Klimpfinger</name> 
		<name>Stefan Majewski</name> 
		<name>Marie-Luise Pitzl</name> 
	  </respStmt>
	</editionStmt>
         <publicationStmt>
		<publisher>Barbara Seidlhofer, Stefan Majewski, Marie-Luise Pitzl</publisher> 
	  <distributor>VOICE Project, University of Vienna, Austria</distributor> 
	  <address>
		<addrLine>Spitalgasse 2, AAKH Hof 8</addrLine> 
		<addrLine>1090 Vienna</addrLine> 
		<addrLine>Austria</addrLine> 
		<addrLine>Telephone: +43 1 427742446</addrLine> 
	  	<addrLine>Email: voice@univie.ac.at</addrLine> 
		<addrLine>Website: http://www.univie.ac.at/voice</addrLine> 
	  </address>
	  <availability status="free">
	  	<p>
		  The Vienna-Oxford International Corpus of English (VOICE)
		  was created by Barbara Seidlhofer (project director) and
		  Angelika Breiteneder, Theresa Klimpfinger, Stefan Majewski,
		  Marie-Luise Pitzl (project researchers). VOICE 1.0 XML is
		  available for download at the VOICE Project's website <ref target="http://www.univie.ac.at/voice/">http://www.univie.ac.at/voice/</ref>
		  under a Creative Commons
		  Attribution-NonCommercial-ShareAlike 3.0 Unported (CC
		  BY-NC-SA 3.0) License (<ref target="http://creativecommons.org/licenses/by-nc-sa/3.0/">
		  http://creativecommons.org/licenses/by-nc-sa/3.0/
		  </ref>). The original audio files are held at the Department
		  of English, University of Vienna. 23 selected audio files
		  are available as audio streams in the VOICE Online interface
		  at the VOICE Project's website <ref target="http://www.univie.ac.at/voice">http://www.univie.ac.at/voice</ref>.
		</p>
		<p>
		The recommended citation for VOICE 1.0 XML is:
		</p>
		<p>
		<bibl><title>VOICE</title>. <date>2011</date>. <title level="m">The Vienna-Oxford International Corpus of
		English</title> (<edition>version 1.0
		XML</edition>). Director: Barbara Seidlhofer; Researchers:
		Angelika Breiteneder, Theresa Klimpfinger, Stefan Majewski,
		Marie-Luise Pitzl.</bibl>
		</p>
		<p>The short citation for VOICE 1.0 XML is:
		</p>
		<p>
		<bibl><title>VOICE</title>. <date>2011</date>. <title level="m">The Vienna-Oxford International Corpus of
		English</title> (<edition>version 1.0
		XML</edition>).</bibl></p>
		<p>
		  For further information about availability and copyright
		  permissions, please see the README file included in the
		  download package. For further enquiries please contact the
		  VOICE Project at <ref target="mailto:voice@univie.ac.at">voice@univie.ac.at</ref>.
		</p>
	  </availability>
	</publicationStmt>
         <notesStmt>
            <note xml:id="PBsve426_wc">Words: 955</note>
            <note xml:id="PBsve426_tn_0">This service encounter takes place at a university housing office. S1 wants to prolong his stay for one year and S2 assists him with money matters. There has been an error with regard to the deposit S1 has paid and the question is how much he still needs to pay. There are several long pauses during the service encounter when S2 works on her computer. There is a high level of background noise during the whole service encounter as many other people are in the room, other conversations take place, and telephones ring. </note>
         </notesStmt>
         <sourceDesc>
            <recordingStmt>
               <recording dur="PT00H22M44S" type="audio">
                  <date>2005-06-28</date>
                  <equipment>
                     <p>Portable minidisc recorder with electret condenser stereo microphone</p>
                  </equipment>
                  <respStmt>
                     <resp>recording</resp>
                     <name>R16</name>
                  </respStmt>
               </recording>
            </recordingStmt>
         </sourceDesc>
      </fileDesc>
      <encodingDesc>
         <classDecl>
            <taxonomy>
               <category xml:id="PBsve426_domain">
                  <catDesc>Domain</catDesc>
                  <category sameAs="#ED" xml:id="PBsve426_ED">
                     <catDesc>educational</catDesc>
                  </category>
                  <category sameAs="#LE" xml:id="PBsve426_LE">
                     <catDesc>leisure</catDesc>
                  </category>
                  <category sameAs="#PB" xml:id="PBsve426_PB">
                     <catDesc>professional business</catDesc>
                  </category>
                  <category sameAs="#PO" xml:id="PBsve426_PO">
                     <catDesc>professional organizational</catDesc>
                  </category>
                  <category sameAs="#PR" xml:id="PBsve426_PR">
                     <catDesc>professional research/science</catDesc>
                  </category>
               </category>
               <category xml:id="PBsve426_spet">
                  <catDesc>Speech Event Type</catDesc>
                  <category sameAs="#int" xml:id="PBsve426_int">
                     <catDesc>interview</catDesc>
                  </category>
                  <category sameAs="#prc" xml:id="PBsve426_prc">
                     <catDesc>press conference</catDesc>
                  </category>
                  <category sameAs="#sve" xml:id="PBsve426_sve">
                     <catDesc>service encounter</catDesc>
                  </category>
                  <category sameAs="#sed" xml:id="PBsve426_sed">
                     <catDesc>seminar discussion</catDesc>
                  </category>
                  <category sameAs="#wgd" xml:id="PBsve426_wgd">
                     <catDesc>working group discussion</catDesc>
                  </category>
                  <category sameAs="#wsd" xml:id="PBsve426_wsd">
                     <catDesc>workshop discussion</catDesc>
                  </category>
                  <category sameAs="#mtg" xml:id="PBsve426_mtg">
                     <catDesc>meeting</catDesc>
                  </category>
                  <category sameAs="#pan" xml:id="PBsve426_pan">
                     <catDesc>panel</catDesc>
                  </category>
                  <category sameAs="#qas" xml:id="PBsve426_qas">
                     <catDesc>question-answer session</catDesc>
                  </category>
                  <category sameAs="#con" xml:id="PBsve426_con">
                     <catDesc>conversation</catDesc>
                  </category>
               </category>
            </taxonomy>
         </classDecl>
         <tagsDecl><namespace name="http://www.tei-c.org/ns/1.0">
      <tagUsage gi="TEI" occurs="1"/>
      <tagUsage gi="teiHeader" occurs="1"/>
      <tagUsage gi="fileDesc" occurs="1"/>
      <tagUsage gi="titleStmt" occurs="1"/>
      <tagUsage gi="title" occurs="5"/>
      <tagUsage gi="principal" occurs="1"/>
      <tagUsage gi="editor" occurs="1"/>
      <tagUsage gi="funder" occurs="1"/>
      <tagUsage gi="sponsor" occurs="1"/>
      <tagUsage gi="respStmt" occurs="3"/>
      <tagUsage gi="resp" occurs="3"/>
      <tagUsage gi="orgName" occurs="1"/>
      <tagUsage gi="persName" occurs="5"/>
      <tagUsage gi="editionStmt" occurs="1"/>
      <tagUsage gi="edition" occurs="3"/>
      <tagUsage gi="date" occurs="4"/>
      <tagUsage gi="name" occurs="8"/>
      <tagUsage gi="publicationStmt" occurs="1"/>
      <tagUsage gi="publisher" occurs="1"/>
      <tagUsage gi="distributor" occurs="1"/>
      <tagUsage gi="address" occurs="1"/>
      <tagUsage gi="addrLine" occurs="6"/>
      <tagUsage gi="availability" occurs="1"/>
      <tagUsage gi="p" occurs="7"/>
      <tagUsage gi="ref" occurs="4"/>
      <tagUsage gi="bibl" occurs="2"/>
      <tagUsage gi="notesStmt" occurs="1"/>
      <tagUsage gi="note" occurs="2"/>
      <tagUsage gi="sourceDesc" occurs="1"/>
      <tagUsage gi="recordingStmt" occurs="1"/>
      <tagUsage gi="recording" occurs="1"/>
      <tagUsage gi="equipment" occurs="1"/>
      <tagUsage gi="encodingDesc" occurs="1"/>
      <tagUsage gi="classDecl" occurs="1"/>
      <tagUsage gi="taxonomy" occurs="1"/>
      <tagUsage gi="category" occurs="17"/>
      <tagUsage gi="catDesc" occurs="17"/>
      <tagUsage gi="tagsDecl" occurs="1"/>
      <tagUsage gi="namespace" occurs="2"/>
      <tagUsage gi="tagUsage" occurs="80"/>
      <tagUsage gi="gi" occurs="3"/>
      <tagUsage gi="att" occurs="12"/>
      <tagUsage gi="list" occurs="11"/>
      <tagUsage gi="label" occurs="20"/>
      <tagUsage gi="val" occurs="42"/>
      <tagUsage gi="item" occurs="40"/>
      <tagUsage gi="profileDesc" occurs="1"/>
      <tagUsage gi="textClass" occurs="1"/>
      <tagUsage gi="catRef" occurs="2"/>
      <tagUsage gi="settingDesc" occurs="1"/>
      <tagUsage gi="setting" occurs="1"/>
      <tagUsage gi="locale" occurs="1"/>
      <tagUsage gi="activity" occurs="1"/>
      <tagUsage gi="particDesc" occurs="1"/>
      <tagUsage gi="listPerson" occurs="3"/>
      <tagUsage gi="personGrp" occurs="2"/>
      <tagUsage gi="person" occurs="2"/>
      <tagUsage gi="age" occurs="2"/>
      <tagUsage gi="sex" occurs="2"/>
      <tagUsage gi="occupation" occurs="2"/>
      <tagUsage gi="langKnowledge" occurs="2"/>
      <tagUsage gi="langKnown" occurs="2"/>
      <tagUsage gi="relationGrp" occurs="1"/>
      <tagUsage gi="relation" occurs="2"/>
      <tagUsage gi="revisionDesc" occurs="1"/>
      <tagUsage gi="change" occurs="5"/>
      <tagUsage gi="text" occurs="1"/>
      <tagUsage gi="body" occurs="1"/>
      <tagUsage gi="div" occurs="1"/>
      <tagUsage gi="u" occurs="85">Used to mark a stretch of speech commonly
		preceded and followed by a pause or by a change of speaker. A
		<gi>u</gi> is, however, not required to be bounded by a pause or
		a change of speaker, nor does it represent a turn in a
		conversation analytic sense. At a minimum, a <gi>u</gi> is some
		phonetic production or noise made by a given speaker or a group of speakers.</tagUsage>
      <tagUsage gi="c" occurs="138">Used to mark lengthening of sounds and
		intonation (fall, rise). The following <att>type</att>
		attributes are used to mark:
		<list>
		  <label><val>lengthening</val></label><item>lengthened
		  sounds</item>
		  <label><val>intonation</val></label><item>a significant change in
		  intonation, marked with the following <att>function</att>
		  attribute for:
		  <list>
			<label><val>fall</val></label><item>falling
			intonation</item>
			<label><val>rise</val></label><item>rising intonation</item>
		  </list>
		</item>
		</list>
		Intonation may or may not coincide with
		syntactic boundaries.
		</tagUsage>
      <tagUsage gi="foreign" occurs="1">Used to mark a word or phrase as
		belonging to some language other than English. The following
		values for the <att>type</att> attribute are used to mark:
		<list>
		  <label><val>L1</val></label><item>the speaker's first
		  language</item>
		  <label><val>LN</val></label><item>a language other than the
		  speaker's first language</item>
		  <label><val>LQ</val></label><item>a language where it cannot
		  be ascertained whether it is the speaker's first or other
		  language.</item>
		</list>
		Whenever possible, the 
		<att>voice:translation</att> attribute provides a rough translation of the
		non-English speech into English.
		</tagUsage>
      <tagUsage gi="unclear" occurs="6">Used to mark speech which cannot be
		transcribed with certainty, because it is difficult to hear or
		understand for the transcriber.</tagUsage>
      <tagUsage gi="pause" occurs="139">Used to mark a pause either between or
		within utterances. Used without <att>dur</att> attribute to
		indicate a brief pause up to half a second.
		</tagUsage>
      <tagUsage gi="anchor" occurs="10">Used to mark other-continuation,
		i.e. whenever a speaker continues another speaker's <gi>u</gi>
		without a pause. Other-continuation is to be interpreted
		temporally and does not relate to form or content of the
		speakers' utterances.</tagUsage>
      <tagUsage gi="supplied" occurs="13">Used to mark text supplied by the
		transcriber because the original is unintelligible or needed to
		be anonymized. The <att>reason</att> attribute is used to mark:
		<list>
		  <label><val>unintelligible</val></label><item>unintelligible
		  speech</item>
		  <label><val>anonymization</val></label><item>anonymized
		  speech</item>
		</list>
		</tagUsage>
      <tagUsage gi="incident" occurs="15">Used to mark contextual information
		relevant to the understanding of the interaction or the
		interaction as such. The <att>voice:desc</att> attribute
		provides a short prose description of the contextual
		event.</tagUsage>
      <tagUsage gi="seg" occurs="28">Used with different <att>type</att> attributes to mark:
		<list>
		  <label><att>type</att><val>overlap</val></label>
		  <item>overlaps</item>
		  <label><att>type</att><val>onomatopoeia</val></label>
		  <item>onomatopoeic sounds</item>
		  <label><att>type</att><val>ipa</val></label>
		  <item>transcriptions in the international phonetic alphabet</item>
		</list>
		</tagUsage>
      <tagUsage gi="shift" occurs="6">Used to mark the point at which some
		paralinguistic feature changes. The following attribute values
		are used to mark:
		<list>
          <label>
            <val>voice</val>
          </label>
          <item>voice quality
          <list>
            <item><val>imitating</val></item>
            <item><val>laugh</val></item>
            <item><val>neutral</val></item>
            <item><val>phone</val></item>
            <item><val>reading</val></item>
            <item><val>reading_aloud</val></item>
            <item><val>sigh</val></item>
            <item><val>singing</val></item>
            <item><val>whisp</val></item>
            <item><val>yawning</val></item>
          </list>
          </item>
          <label>
          <val>tempo</val></label>
          <item>speed of utterance
            <list>
              <label><val>a</val></label>
              <item>accelerando</item>
              <label><val>l</val></label>
              <item>lento</item>
              <label><val>neutral</val></label>
              <item>neutral</item>
            </list>
          </item>
          <label>
          <val>loud</val></label>
          <item>loudness
            <list>
              <item><val>f</val></item>
              <item><val>neutral</val></item>
              <item><val>p</val></item>
            </list>
          </item>
		  </list>
		</tagUsage>
      <tagUsage gi="emph" occurs="10">Used to mark speech which is stressed or
		emphasized in a way that goes beyond regular nuclear
		stress.</tagUsage>
      <tagUsage gi="vocal" occurs="2">Used to mark laughter and other speaker
		noises and non-verbal feedback.
        <list>
          <label>
            <val>speaker_noise</val>
          </label>
          <item>
            <list>
              <item>
                <val>coughing</val>
              </item>
              <item>
                <val>nods</val>
              </item>
              <item>
                <val>shakes head</val>
              </item>
              <item>
                <val>smacks lips</val>
              </item>
              <item>
                <val>sniffs</val>
              </item>
              <item>
                <val>swallows</val>
              </item>
              <item>
                <val>whistles</val>
              </item>
            </list>
          </item>
          <label>
            <val>wordlike</val>
          </label>
          <item>
            <val>laughing</val>
          </item>
        </list>
        </tagUsage>
      <tagUsage gi="w" occurs="1">
		  Used with the <att>type</att> attribute set to
		  <val>spelt</val> to mark words or word fragments which are
		  spelt out, i.e. words whose constituents are pronounced as
		  individual letters.
		</tagUsage></namespace><namespace name="http://www.univie.ac.at/voice/ns/1.0">
      <tagUsage gi="voice:track" occurs="5">Used to mark the beginning of a new
		audio track used in transcription (usually three minutes in length) and thus refers to the audio recording
		of the transcribed speech event.
		</tagUsage></namespace></tagsDecl>
      </encodingDesc>
      <profileDesc>
         <textClass>
            <catRef target="#PBsve426_PB #PBsve426_sve"/>
            <catRef target="#PB #sve"/>
         </textClass>
         <settingDesc>
            <setting>
               <name type="country">AT</name>
               <name type="city">Vienna</name>
               <locale>housing office at university</locale>
               <activity>working on computer</activity>
            </setting>
         </settingDesc>
         <particDesc>
            <listPerson type="main">
               <listPerson type="groups">
                  <personGrp role="speakers" size="2"/>
                  <personGrp role="interactants" size="2"/>
               </listPerson>
               <listPerson type="identified">
                  <person role="participant" sameAs="#P40" xml:id="PBsve426_S2">
                     <age value="1">17-24</age>
                     <sex value="2">female</sex>
                     <occupation>adviser at student accommodation office</occupation>
                     <langKnowledge>
                        <langKnown level="L1" tag="ger-AT"/>
                     </langKnowledge>
                  </person>
                  <person role="participant" sameAs="#P872" xml:id="PBsve426_S1">
                     <age value="1">17-24</age>
                     <sex value="1">male</sex>
                     <occupation>student</occupation>
                     <langKnowledge>
                        <langKnown level="L1" tag="jpn-JP"/>
                     </langKnowledge>
                  </person>
               </listPerson>
               <relationGrp>
                  <relation mutual="#PBsve426_S1 #PBsve426_S2" name="fairly_symmetrical" type="power"/>
                  <relation mutual="#PBsve426_S1 #PBsve426_S2" name="unacquainted" type="acquaintedness"/>
               </relationGrp>
            </listPerson>
         </particDesc>
      </profileDesc>
      <revisionDesc>
         <change when="2009-05-19" who="SM">conversion to XML</change>
         <change when="2008-11-04" who="MLP VO">proof-reading</change>
         <change when="2008-11-03" who="MLP">checking</change>
         <change when="2006-10-02" who="JL">transcript completion</change>
         <change when="2005-10-14" who="JL">transcription</change>
      </revisionDesc>
   </teiHeader>
   <text>
      <body>
         <div type="medium" voice:end="01:46" voice:end_medium_number="1" voice:end_track="8" voice:medium_type="md" voice:start="00:02" voice:start_medium_number="1" voice:start_track="1">
            <u who="#PBsve426_S1" xml:id="PBsve426_u_1"> hello<c function="fall" type="intonation"/></u>
            <u who="#PBsve426_S2" xml:id="PBsve426_u_2"><foreign type="L1" voice:translation="hello/dis" xml:lang="ger"><unclear> gruess gott </unclear></foreign><pause dur="PT1S"/></u>
            <u who="#PBsve426_S1" xml:id="PBsve426_u_3"> e<c type="lengthening"/>r i want to <pause/> prolong to<c type="lengthening"/> stay<c function="fall" type="intonation"/><pause dur="PT3S"/> until two thousand six <pause dur="PT2S"/></u>
            <u who="#PBsve426_S2" xml:id="PBsve426_u_4"> until the end of june or until the end of december<c function="fall" type="intonation"/> two thousand and six<c function="fall" type="intonation"/><anchor synch="#PBsve426_oc_1" type="other_continuation" xml:id="PBsve426_oc_0"/></u>
            <u who="#PBsve426_S1" xml:id="PBsve426_u_5"><anchor synch="#PBsve426_oc_0" type="other_continuation" xml:id="PBsve426_oc_1"/> september <supplied reason="unintelligible"> x<c function="fall" type="intonation"/></supplied><pause dur="PT1S"/></u>
            <u who="#PBsve426_S2" xml:id="PBsve426_u_6"> so just one year<c function="fall" type="intonation"/></u>
            <u who="#PBsve426_S1" xml:id="PBsve426_u_7"> yes just one year<c function="fall" type="intonation"/><pause dur="PT226S"/><incident voice:desc="S2 works on the computer, calculates something; very loud background noises"/><voice:track medium="1" num="02" type="md"/></u>
            <u who="#PBsve426_S2" xml:id="PBsve426_u_8"> have you paid another deposit in <supplied reason="anonymization"> [place1] </supplied><c function="rise" type="intonation"/><pause dur="PT1S"/></u>
            <u who="#PBsve426_S1" xml:id="PBsve426_u_9"> e<c type="lengthening"/>rm deposit<c function="rise" type="intonation"/></u>
            <u who="#PBsve426_S2" xml:id="PBsve426_u_10"> mhm <pause/><seg n="1" type="overlap" xml:id="PBsve426_ol_0"> i guess you paid </seg> another one in <supplied reason="anonymization"> [place1] </supplied><c function="fall" type="intonation"/><pause/></u>
            <u who="#PBsve426_S1" xml:id="PBsve426_u_11"><seg n="1" synch="#PBsve426_ol_0" type="overlap" xml:id="PBsve426_ol_1"><supplied reason="unintelligible"> xxx </supplied></seg></u>
            <u who="#PBsve426_S1" xml:id="PBsve426_u_12"> mhm </u>
            <u who="#PBsve426_S2" xml:id="PBsve426_u_13"> e<c type="lengthening"/>rm <pause dur="PT1S"/> you paid four hundred euro as <pause/> reservation <seg n="8" type="overlap" xml:id="PBsve426_ol_2"> deposit </seg> to our office<c function="fall" type="intonation"/><pause/></u>
            <u who="#PBsve426_S1" xml:id="PBsve426_u_14"><seg n="8" synch="#PBsve426_ol_2" type="overlap" xml:id="PBsve426_ol_3"> yes </seg></u>
            <u who="#PBsve426_S2" xml:id="PBsve426_u_15"> hh and did you pay <pause/> to <shift corresp="#PBsve426_s_2" feature="loud" new="f" xml:id="PBsve426_s_1"/><supplied reason="anonymization"> [PLACE1] </supplied><shift corresp="#PBsve426_s_1" feature="loud" new="neutral" xml:id="PBsve426_s_2"/> another deposit<c function="rise" type="intonation"/><pause dur="PT3S"/></u>
            <u who="#PBsve426_S1" xml:id="PBsve426_u_16"> e<c type="lengthening"/>rm <pause dur="PT1S"/> two thousand <pause/> three<c function="rise" type="intonation"/></u>
            <u who="#PBsve426_S2" xml:id="PBsve426_u_17"> mhm <pause/></u>
            <u who="#PBsve426_S1" xml:id="PBsve426_u_18"> october <pause/> i pay<c function="fall" type="intonation"/></u>
            <u who="#PBsve426_S2" xml:id="PBsve426_u_19"> you paid it<c function="fall" type="intonation"/> and do you have the confirmation that you paid it because it's like that<c function="fall" type="intonation"/><pause/> for the prolongation <pause/> hh you have to pay <pause/> or- e<c type="lengthening"/>rm <pause/> the whole or the or the total amount of the administration fee<c function="fall" type="intonation"/> you know you have to pay fifteen euro per month<c function="rise" type="intonation"/><pause dur="PT1S"/> to <supplied reason="anonymization"> [org1] </supplied><pause/> hh and normally we will <emph> deduct </emph> this amount from the deposit<c function="fall" type="intonation"/><pause/><emph> now </emph> i could offer you that i <pause/> deduct e<c type="lengthening"/>r <pause dur="PT1S"/> the four hundred euro <pause/> from this amount and then <pause/> you just have to pay one hundred forty euro  to us<c function="fall" type="intonation"/><pause dur="PT1S"/></u>
            <u who="#PBsve426_S1" xml:id="PBsve426_u_20"> mhm </u>
            <u who="#PBsve426_S2" xml:id="PBsve426_u_21"> that's s- you- er your booking started i<c type="lengthening"/>n september two thousand and three </u>
            <u who="#PBsve426_S1" xml:id="PBsve426_u_22"> oh no no no<c function="fall" type="intonation"/></u>
            <u who="#PBsve426_S2" xml:id="PBsve426_u_23"> and </u>
            <u who="#PBsve426_S1" xml:id="PBsve426_u_24"> e<c type="lengthening"/>rm </u>
            <u who="#PBsve426_S2" xml:id="PBsve426_u_25"> now <seg n="2" type="overlap" xml:id="PBsve426_ol_4"> you would like- </seg></u>
            <u who="#PBsve426_S1" xml:id="PBsve426_u_26"><seg n="2" synch="#PBsve426_ol_4" type="overlap" xml:id="PBsve426_ol_5"><emph> october </emph><c function="fall" type="intonation"/></seg><pause dur="PT1S"/> october<c function="fall" type="intonation"/><pause dur="PT3S"/><incident dur="PT3S" voice:desc="S2 looks the date up "/></u>
            <u who="#PBsve426_S2" xml:id="PBsve426_u_27"> no in september<c function="fall" type="intonation"/></u>
            <u who="#PBsve426_S1" xml:id="PBsve426_u_28"><unclear> but erm </unclear> booked october<c function="fall" type="intonation"/></u>
            <u who="#PBsve426_S2" xml:id="PBsve426_u_29"> you're booked from september<c function="fall" type="intonation"/><pause dur="PT2S"/></u>
            <u who="#PBsve426_S1" xml:id="PBsve426_u_30"> a<c type="lengthening"/>nd<c function="fall" type="intonation"/></u>
            <u who="#PBsve426_S2" xml:id="PBsve426_u_31"> i think there was a problem e<c type="lengthening"/>r with your visa<c function="fall" type="intonation"/><pause/> but then you even have to pay the rent <pause/> for september i guess<c function="fall" type="intonation"/><pause dur="PT6S"/> do you remember you- the last time you came to our office was because <pause/> hh erm <pause/> we sent you an invoice for the rent of september<c function="fall" type="intonation"/> because <voice:track medium="1" num="03" type="md"/><supplied reason="anonymization"> [place1] </supplied> hh <seg n="3" type="overlap" xml:id="PBsve426_ol_6"> asked you fo<c type="lengthening"/>r </seg> for the rent of september<c function="fall" type="intonation"/></u>
            <u who="#PBsve426_S1" xml:id="PBsve426_u_32"><seg n="3" synch="#PBsve426_ol_6" type="overlap" xml:id="PBsve426_ol_7"> no no no<c type="lengthening"/><c function="fall" type="intonation"/></seg></u>
            <u who="#PBsve426_S1" xml:id="PBsve426_u_33"> no<c function="fall" type="intonation"/> from from <pause dur="PT142S"/><incident voice:desc="S2 works on her computer; after about a minute, she asks a colleague in german a question, high level of background noise"/></u>
            <u who="#PBsve426_S2" xml:id="PBsve426_u_34"><vocal type="speaker_noise" voice:desc="smacks lips"/> here your  <w voice:mode="spelt"> i d  </w><pause dur="PT300S"/><incident voice:desc="S2 works on her computer, conversations in german can be heard in the background"/> e<c type="lengthening"/>r my colleague will just check <pause/> fo<c type="lengthening"/>r because <pause/> we somehow used a part of the deposit for the rent <pause/> for september<c function="fall" type="intonation"/> and she will check it now<c function="fall" type="intonation"/><pause dur="PT1S"/> so it will just take a few minutes<c function="fall" type="intonation"/><pause dur="PT2S"/></u>
            <u who="#PBsve426_S1" xml:id="PBsve426_u_35"> mhm <pause dur="PT5S"/> but e<c type="lengthening"/>r <pause/> two two thou- <pause/> two thousand three<c function="rise" type="intonation"/></u>
            <u who="#PBsve426_S2" xml:id="PBsve426_u_36"> mhm </u>
            <u who="#PBsve426_S1" xml:id="PBsve426_u_37"> i was e<c type="lengthening"/>rm <pause/> e<c type="lengthening"/>rm working <pause/> i<c type="lengthening"/>n tokyo </u>
            <u who="#PBsve426_S2" xml:id="PBsve426_u_38"> mhm </u>
            <u who="#PBsve426_S1" xml:id="PBsve426_u_39"> er unti<c type="lengthening"/>l <pause/> thirtieth <pause/> of <pause dur="PT1S"/> september <pause/> and <unclear> as </unclear><pause/> in september i send <pause/> you<c type="lengthening"/> the messa<c type="lengthening"/>ge <pause/> from japan to here </u>
            <u who="#PBsve426_S2" xml:id="PBsve426_u_40"> mhm <pause dur="PT1S"/> that you <seg n="4" type="overlap" xml:id="PBsve426_ol_8"> were </seg></u>
            <u who="#PBsve426_S1" xml:id="PBsve426_u_41"><seg n="4" synch="#PBsve426_ol_8" type="overlap" xml:id="PBsve426_ol_9"> erm </seg> that <pause/> i have a<c type="lengthening"/><pause/> certification<c function="rise" type="intonation"/><pause dur="PT1S"/></u>
            <u who="#PBsve426_S2" xml:id="PBsve426_u_42"> that you're going to<c type="lengthening"/> to start </u>
            <u who="#PBsve426_S1" xml:id="PBsve426_u_43"> yes from <seg n="5" type="overlap" xml:id="PBsve426_ol_10"> from october<c function="fall" type="intonation"/></seg></u>
            <u who="#PBsve426_S2" xml:id="PBsve426_u_44"><seg n="5" synch="#PBsve426_ol_10" type="overlap" xml:id="PBsve426_ol_11"> booking from october on<c function="fall" type="intonation"/></seg><pause/> i think you're right i just want to check it <anchor synch="#PBsve426_oc_3" type="other_continuation" xml:id="PBsve426_oc_2"/></u>
            <u who="#PBsve426_S1" xml:id="PBsve426_u_45"><anchor synch="#PBsve426_oc_2" type="other_continuation" xml:id="PBsve426_oc_3"/> yes <anchor synch="#PBsve426_oc_5" type="other_continuation" xml:id="PBsve426_oc_4"/></u>
            <u who="#PBsve426_S2" xml:id="PBsve426_u_46"><anchor synch="#PBsve426_oc_4" type="other_continuation" xml:id="PBsve426_oc_5"/> so <pause/> that we're sure that everything is okay<c function="fall" type="intonation"/><pause dur="PT2S"/><shift corresp="#PBsve426_s_4" feature="tempo" new="a" xml:id="PBsve426_s_3"/> so but <shift corresp="#PBsve426_s_3" feature="tempo" new="neutral" xml:id="PBsve426_s_4"/> in case <pause dur="PT32S"/><incident dur="PT32S" voice:desc="S2 looks for something, goes away and gets a paper "/><voice:track medium="1" num="06" type="md"/> so in case you don't have to pay for september <pause dur="PT7S"/><incident dur="PT7S" voice:desc="S2 looks at the paper and calculates "/> the administration fee would be<c type="lengthening"/><pause dur="PT4S"/> five hundred twenty-five<c function="fall" type="intonation"/><pause dur="PT1S"/><incident dur="PT1S" voice:desc="S2 shows the paper to S1 "/> this would be from october till december two thousand and three then for the whole year <pause/> two thousand <emph> four </emph><pause/> two thousand five and <pause/> the nine months <pause/> if you prolong <pause dur="PT1S"/></u>
            <u who="#PBsve426_S1" xml:id="PBsve426_u_47"> mhm </u>
            <u who="#PBsve426_S2" xml:id="PBsve426_u_48"> and then an open amount of five hundred <pause/> twenty-five <pause dur="PT1S"/> euro<c function="fall" type="intonation"/><anchor synch="#PBsve426_oc_7" type="other_continuation" xml:id="PBsve426_oc_6"/></u>
            <u who="#PBsve426_S1" xml:id="PBsve426_u_49"><anchor synch="#PBsve426_oc_6" type="other_continuation" xml:id="PBsve426_oc_7"/><shift corresp="#PBsve426_s_6" feature="loud" new="p" xml:id="PBsve426_s_5"/> yes <shift corresp="#PBsve426_s_5" feature="loud" new="neutral" xml:id="PBsve426_s_6"/> and and then <pause/> an<c type="lengthening"/>d the rest from the <unclear> fee </unclear><c function="fall" type="intonation"/></u>
            <u who="#PBsve426_S2" xml:id="PBsve426_u_50"> yes<c function="fall" type="intonation"/><pause/> and <emph> i </emph> could offer you <pause/> if you sh- if you show me the confirmation that you paid <emph> another </emph> deposit in <supplied reason="anonymization"> [place1] </supplied><pause/> then i could use <pause/> the deposit of four hundred euro for part of the administration fee<c function="rise" type="intonation"/><pause/> hh and then you erm <pause/> just would have to pay <pause/> one hundred twenty-five euro<c function="rise" type="intonation"/><pause/> and afterwards i could care  for the prolongation<c function="fall" type="intonation"/><pause/></u>
            <u who="#PBsve426_S1" xml:id="PBsve426_u_51"> mhm<c function="fall" type="intonation"/></u>
            <u who="#PBsve426_S2" xml:id="PBsve426_u_52"> because you have to pay for all acc- e<c type="lengthening"/>r for for the whole ad- administration fee before i can care  fo<c type="lengthening"/>r <pause/> a pro- e<c type="lengthening"/>r prolongation<c function="fall" type="intonation"/><pause/></u>
            <u who="#PBsve426_S1" xml:id="PBsve426_u_53"> e<c type="lengthening"/>r when should i pay<c function="rise" type="intonation"/><pause dur="PT1S"/></u>
            <u who="#PBsve426_S2" xml:id="PBsve426_u_54"> you can pay it right now<c function="rise" type="intonation"/><pause dur="PT1S"/> and <pause/><emph> i </emph> just <pause/> or i even can phone <supplied reason="anonymization"> [place1] </supplied><pause/> do you have one hundred twenty-five euro<c function="rise" type="intonation"/> here right <seg n="6" type="overlap" xml:id="PBsve426_ol_12"> now<c function="rise" type="intonation"/></seg></u>
            <u who="#PBsve426_S1" xml:id="PBsve426_u_55"><seg n="6" synch="#PBsve426_ol_12" type="overlap" xml:id="PBsve426_ol_13"> now<c function="rise" type="intonation"/></seg> no<c function="fall" type="intonation"/></u>
            <u who="#PBsve426_S2" xml:id="PBsve426_u_56"> because <pause/> at first i need <pause/> one hundred twenty-five and afterwards i can prolong you<c function="fall" type="intonation"/> so you could go <pause/> to a bank right now there's one on the campus <incident voice:desc="S2 points at the window"/><pause/> o<c type="lengthening"/>r i give you a payment slip <incident voice:desc="S2 shows a payment slip"/> and you transfer it<c function="fall" type="intonation"/><pause dur="PT3S"/></u>
            <u who="#PBsve426_S1" xml:id="PBsve426_u_57"> er yes<c function="fall" type="intonation"/><seg n="7" type="overlap" xml:id="PBsve426_ol_14"><supplied reason="unintelligible"> xx </supplied></seg></u>
            <u who="#PBsve426_S2" xml:id="PBsve426_u_58"><seg n="7" synch="#PBsve426_ol_14" type="overlap" xml:id="PBsve426_ol_15"> you </seg> prefer this<c function="fall" type="intonation"/><pause dur="PT1S"/> so just one second <pause dur="PT117S"/><incident voice:desc="S2 talks to a colleague in german for some time"/><voice:track medium="1" num="07" type="md"/> okay you don't have to pay anything for september<c function="fall" type="intonation"/> you're right<c function="fall" type="intonation"/><pause/> i'm sorry for this mistake<c function="fall" type="intonation"/><pause dur="PT10S"/><incident voice:desc="S2 asks her colleague something in german"/></u>
            <u who="#PBsve426_S1" xml:id="PBsve426_u_59"> did you correct<c function="rise" type="intonation"/><pause/></u>
            <u who="#PBsve426_S2" xml:id="PBsve426_u_60"> par<seg n="1" type="overlap" xml:id="PBsve426_ol_16">don<c function="rise" type="intonation"/></seg></u>
            <u who="#PBsve426_S1" xml:id="PBsve426_u_61"><seg n="1" synch="#PBsve426_ol_16" type="overlap" xml:id="PBsve426_ol_17"> did you </seg> did you correct<c function="rise" type="intonation"/><pause dur="PT1S"/> e<c type="lengthening"/>r <seg n="2" type="overlap" xml:id="PBsve426_ol_18"> with the </seg> rent<c function="rise" type="intonation"/></u>
            <u who="#PBsve426_S2" xml:id="PBsve426_u_62"><seg n="2" synch="#PBsve426_ol_18" type="overlap" xml:id="PBsve426_ol_19"> e<c type="lengthening"/>rm </seg><pause/></u>
            <u who="#PBsve426_S2" xml:id="PBsve426_u_63"> what do you mean<c function="rise" type="intonation"/><anchor synch="#PBsve426_oc_9" type="other_continuation" xml:id="PBsve426_oc_8"/></u>
            <u who="#PBsve426_S1" xml:id="PBsve426_u_64"><anchor synch="#PBsve426_oc_8" type="other_continuation" xml:id="PBsve426_oc_9"/> the re- the rent<c function="rise" type="intonation"/><pause/></u>
            <u who="#PBsve426_S2" xml:id="PBsve426_u_65"> yes everything is okay <pause/> right now<c function="fall" type="intonation"/> i just will e<c type="lengthening"/>rm <pause/> will phone <supplied reason="anonymization"> [place1] </supplied> if they have a deposit of you <pause/> then you don't have to come back with the confirmation of <supplied reason="anonymization"> [place1] </supplied><c function="fall" type="intonation"/><pause dur="PT1S"/> that's the last one<c function="fall" type="intonation"/><pause dur="PT96S"/><incident voice:desc="S2 works on the computer, talks to a colleague in german and briefly talks on the phone"/><voice:track medium="1" num="08" type="md"/> so as soon as i <pause/> receive <pause/> this amount on our account <pause/> i'm sending you a confirmation to your email address<c function="fall" type="intonation"/><pause dur="PT1S"/> for the prolongation until the end of september two thousand and six<c function="fall" type="intonation"/><pause dur="PT1S"/></u>
            <u who="#PBsve426_S1" xml:id="PBsve426_u_66"> hm email<c function="rise" type="intonation"/></u>
            <u who="#PBsve426_S2" xml:id="PBsve426_u_67"> so hh e<c type="lengthening"/>rm <pause/> you pay this amount in the bank <pause/> and when <emph> i </emph> see it in our account<c function="rise" type="intonation"/><pause/> i'm going to send <pause/> an a confirmation <pause/> to your email address </u>
            <u who="#PBsve426_S1" xml:id="PBsve426_u_68"> ah <seg n="3" type="overlap" xml:id="PBsve426_ol_20"> do you know my </seg></u>
            <u who="#PBsve426_S2" xml:id="PBsve426_u_69"><seg n="3" synch="#PBsve426_ol_20" type="overlap" xml:id="PBsve426_ol_21"> that confirms </seg> yes i think so i should have it in the system<c function="fall" type="intonation"/><pause/> is this the right one<c function="rise" type="intonation"/><incident voice:desc="S2 points at computer"/><pause dur="PT1S"/></u>
            <u who="#PBsve426_S1" xml:id="PBsve426_u_70"> yes<c function="fall" type="intonation"/></u>
            <u who="#PBsve426_S2" xml:id="PBsve426_u_71"> yeah<c function="fall" type="intonation"/><pause/> and then you get a confirmation <pause/></u>
            <u who="#PBsve426_S1" xml:id="PBsve426_u_72"> uhu okay<c function="fall" type="intonation"/><seg n="4" type="overlap" xml:id="PBsve426_ol_22"> i </seg></u>
            <u who="#PBsve426_S2" xml:id="PBsve426_u_73"><seg n="4" synch="#PBsve426_ol_22" type="overlap" xml:id="PBsve426_ol_23"> via </seg> email<c function="fall" type="intonation"/><pause/> but <pause/> first i i i <pause/> i have er i need this amount on our account<c function="fall" type="intonation"/></u>
            <u who="#PBsve426_S1" xml:id="PBsve426_u_74"> i see<c function="fall" type="intonation"/></u>
            <u who="#PBsve426_S2" xml:id="PBsve426_u_75"> o<seg n="5" type="overlap" xml:id="PBsve426_ol_24">kay<c function="fall" type="intonation"/></seg></u>
            <u who="#PBsve426_S1" xml:id="PBsve426_u_76"><seg n="5" synch="#PBsve426_ol_24" type="overlap" xml:id="PBsve426_ol_25"> erm </seg> erm <unclear> the the </unclear> e<c type="lengthening"/>r <pause dur="PT2S"/> but including that <pause dur="PT1S"/> five hundred<c function="rise" type="intonation"/></u>
            <u who="#PBsve426_S2" xml:id="PBsve426_u_77"> yes<c function="fall" type="intonation"/> i would use the <emph> deposit </emph> you paid the four hundred euro <pause dur="PT1S"/> hh i would use this amount for th- for the rest of the administration fee<c function="fall" type="intonation"/> and then <emph> all </emph> admini- e<c type="lengthening"/>r for for each month <pause/> the administration fee <pause/> is paid until the end of september two thousand and six<c function="fall" type="intonation"/> so for the whole <pause/> period <pause/> and even for the prolongation<c function="fall" type="intonation"/><pause/> then you don't have to pay anything else to <supplied reason="anonymization"> [org1] </supplied><c function="fall" type="intonation"/><pause dur="PT1S"/> okay<c function="rise" type="intonation"/><pause/></u>
            <u who="#PBsve426_S1" xml:id="PBsve426_u_78"> okay </u>
            <u who="#PBsve426_S2" xml:id="PBsve426_u_79"> okay<c function="fall" type="intonation"/> here you are <vocal subtype="wordstart" type="wordlike" voice:desc="laughing" voice:syl="3"/><pause dur="PT7S"/><incident voice:desc="S2 writes the confirmation and whispers to herself in german"/></u>
            <u who="#PBsve426_S1" xml:id="PBsve426_u_80"> and the next bank<c function="rise" type="intonation"/></u>
            <u who="#PBsve426_S2" xml:id="PBsve426_u_81"> hh yes a<c type="lengthening"/>nd i will send you a confirmation such a confirmation via email<c function="fall" type="intonation"/></u>
            <u who="#PBsve426_S1" xml:id="PBsve426_u_82"> i <seg n="5" type="overlap" xml:id="PBsve426_ol_26"> see<c function="fall" type="intonation"/></seg></u>
            <u who="#PBsve426_S2" xml:id="PBsve426_u_83"><seg n="5" synch="#PBsve426_ol_26" type="overlap" xml:id="PBsve426_ol_27"> okay<c function="rise" type="intonation"/></seg></u>
            <u who="#PBsve426_S1" xml:id="PBsve426_u_84"> okay so <unclear> i </unclear><pause dur="PT3S"/><incident dur="PT3S" voice:desc="S1 puts the form in his bag "/> bye-bye<c function="fall" type="intonation"/></u>
            <u who="#PBsve426_S2" xml:id="PBsve426_u_85"> bye<c function="fall" type="intonation"/> have a nice day<c function="fall" type="intonation"/></u>
         </div>
      </body>
   </text>
</TEI>