<TEI xmlns="http://www.tei-c.org/ns/1.0" xmlns:voice="http://www.univie.ac.at/voice/ns/1.0" xmlns:xi="http://www.w3.org/2001/XInclude" version="5" xml:id="POprc558" xml:lang="eng">
   <teiHeader>
      <fileDesc>
         <titleStmt>
            <title>press conference on the accession of Romania and Bulgaria to the European Union</title>
            <principal>Prof. Barbara Seidlhofer</principal>
            <editor/>
            <funder>Austrian Science Foundation (FWF)</funder>
            <sponsor/>
            <respStmt>
               <resp>Corpus Compilation</resp>
               <orgName>VOICE Project</orgName>
               <persName>Barbara Seidlhofer</persName>
               <persName>Angelika Breiteneder</persName>
               <persName>Marie-Luise Pitzl</persName>
               <persName>Stefan Majewski</persName>
               <persName>Theresa Klimpfinger</persName>
            </respStmt>
         </titleStmt>
         <editionStmt>
		<edition>Version 1.0 XML, <date>May 2011</date></edition>
	  <respStmt>
		<resp>Researchers</resp>
		<name>Barbara Seidlhofer</name> 		
		<name>Angelika Breiteneder</name> 
		<name>Theresa Klimpfinger</name> 
		<name>Stefan Majewski</name> 
		<name>Marie-Luise Pitzl</name> 
	  </respStmt>
	</editionStmt>
         <publicationStmt>
		<publisher>Barbara Seidlhofer, Stefan Majewski, Marie-Luise Pitzl</publisher> 
	  <distributor>VOICE Project, University of Vienna, Austria</distributor> 
	  <address>
		<addrLine>Spitalgasse 2, AAKH Hof 8</addrLine> 
		<addrLine>1090 Vienna</addrLine> 
		<addrLine>Austria</addrLine> 
		<addrLine>Telephone: +43 1 427742446</addrLine> 
	  	<addrLine>Email: voice@univie.ac.at</addrLine> 
		<addrLine>Website: http://www.univie.ac.at/voice</addrLine> 
	  </address>
	  <availability status="free">
	  	<p>
		  The Vienna-Oxford International Corpus of English (VOICE)
		  was created by Barbara Seidlhofer (project director) and
		  Angelika Breiteneder, Theresa Klimpfinger, Stefan Majewski,
		  Marie-Luise Pitzl (project researchers). VOICE 1.0 XML is
		  available for download at the VOICE Project's website <ref target="http://www.univie.ac.at/voice/">http://www.univie.ac.at/voice/</ref>
		  under a Creative Commons
		  Attribution-NonCommercial-ShareAlike 3.0 Unported (CC
		  BY-NC-SA 3.0) License (<ref target="http://creativecommons.org/licenses/by-nc-sa/3.0/">
		  http://creativecommons.org/licenses/by-nc-sa/3.0/
		  </ref>). The original audio files are held at the Department
		  of English, University of Vienna. 23 selected audio files
		  are available as audio streams in the VOICE Online interface
		  at the VOICE Project's website <ref target="http://www.univie.ac.at/voice">http://www.univie.ac.at/voice</ref>.
		</p>
		<p>
		The recommended citation for VOICE 1.0 XML is:
		</p>
		<p>
		<bibl><title>VOICE</title>. <date>2011</date>. <title level="m">The Vienna-Oxford International Corpus of
		English</title> (<edition>version 1.0
		XML</edition>). Director: Barbara Seidlhofer; Researchers:
		Angelika Breiteneder, Theresa Klimpfinger, Stefan Majewski,
		Marie-Luise Pitzl.</bibl>
		</p>
		<p>The short citation for VOICE 1.0 XML is:
		</p>
		<p>
		<bibl><title>VOICE</title>. <date>2011</date>. <title level="m">The Vienna-Oxford International Corpus of
		English</title> (<edition>version 1.0
		XML</edition>).</bibl></p>
		<p>
		  For further information about availability and copyright
		  permissions, please see the README file included in the
		  download package. For further enquiries please contact the
		  VOICE Project at <ref target="mailto:voice@univie.ac.at">voice@univie.ac.at</ref>.
		</p>
	  </availability>
	</publicationStmt>
         <notesStmt>
            <note xml:id="POprc558_wc">Words: 4091</note>
            <note xml:id="POprc558_tn_0">This press conference takes place after a meeting of the European Commission focusing on the accession of Bulgaria and Romania to the European Union (EU). The EU president (S2) and a commissioner (S3) give two short speeches first, then they answer various questions on the accession of Bulgaria and Romania but also concerning the accession negotiations with Croatia. The questions are posed by journalists from various European newspaper agencies, who sometimes also speak French or German. Comments in languages other than English are simultaneously translated by two interpreters (S12 and S14). S1 chairs the press conference and seems to be already acquainted with some of the journalists.  </note>
         </notesStmt>
         <sourceDesc>
            <recordingStmt>
               <recording dur="PT00H34M43S" type="audio">
                  <date>2006-09-26</date>
                  <equipment>
                     <p>unknown</p>
                  </equipment>
                  <respStmt>
                     <resp>recording</resp>
                     <name>European Commission</name>
                     <name> Audiovisual Service</name>
                  </respStmt>
               </recording>
            </recordingStmt>
         </sourceDesc>
      </fileDesc>
      <encodingDesc>
         <classDecl>
            <taxonomy>
               <category xml:id="POprc558_domain">
                  <catDesc>Domain</catDesc>
                  <category sameAs="#ED" xml:id="POprc558_ED">
                     <catDesc>educational</catDesc>
                  </category>
                  <category sameAs="#LE" xml:id="POprc558_LE">
                     <catDesc>leisure</catDesc>
                  </category>
                  <category sameAs="#PB" xml:id="POprc558_PB">
                     <catDesc>professional business</catDesc>
                  </category>
                  <category sameAs="#PO" xml:id="POprc558_PO">
                     <catDesc>professional organizational</catDesc>
                  </category>
                  <category sameAs="#PR" xml:id="POprc558_PR">
                     <catDesc>professional research/science</catDesc>
                  </category>
               </category>
               <category xml:id="POprc558_spet">
                  <catDesc>Speech Event Type</catDesc>
                  <category sameAs="#int" xml:id="POprc558_int">
                     <catDesc>interview</catDesc>
                  </category>
                  <category sameAs="#prc" xml:id="POprc558_prc">
                     <catDesc>press conference</catDesc>
                  </category>
                  <category sameAs="#sve" xml:id="POprc558_sve">
                     <catDesc>service encounter</catDesc>
                  </category>
                  <category sameAs="#sed" xml:id="POprc558_sed">
                     <catDesc>seminar discussion</catDesc>
                  </category>
                  <category sameAs="#wgd" xml:id="POprc558_wgd">
                     <catDesc>working group discussion</catDesc>
                  </category>
                  <category sameAs="#wsd" xml:id="POprc558_wsd">
                     <catDesc>workshop discussion</catDesc>
                  </category>
                  <category sameAs="#mtg" xml:id="POprc558_mtg">
                     <catDesc>meeting</catDesc>
                  </category>
                  <category sameAs="#pan" xml:id="POprc558_pan">
                     <catDesc>panel</catDesc>
                  </category>
                  <category sameAs="#qas" xml:id="POprc558_qas">
                     <catDesc>question-answer session</catDesc>
                  </category>
                  <category sameAs="#con" xml:id="POprc558_con">
                     <catDesc>conversation</catDesc>
                  </category>
               </category>
            </taxonomy>
         </classDecl>
         <tagsDecl><namespace name="http://www.tei-c.org/ns/1.0">
      <tagUsage gi="TEI" occurs="1"/>
      <tagUsage gi="teiHeader" occurs="1"/>
      <tagUsage gi="fileDesc" occurs="1"/>
      <tagUsage gi="titleStmt" occurs="1"/>
      <tagUsage gi="title" occurs="5"/>
      <tagUsage gi="principal" occurs="1"/>
      <tagUsage gi="editor" occurs="1"/>
      <tagUsage gi="funder" occurs="1"/>
      <tagUsage gi="sponsor" occurs="1"/>
      <tagUsage gi="respStmt" occurs="3"/>
      <tagUsage gi="resp" occurs="3"/>
      <tagUsage gi="orgName" occurs="1"/>
      <tagUsage gi="persName" occurs="5"/>
      <tagUsage gi="editionStmt" occurs="1"/>
      <tagUsage gi="edition" occurs="3"/>
      <tagUsage gi="date" occurs="4"/>
      <tagUsage gi="name" occurs="9"/>
      <tagUsage gi="publicationStmt" occurs="1"/>
      <tagUsage gi="publisher" occurs="1"/>
      <tagUsage gi="distributor" occurs="1"/>
      <tagUsage gi="address" occurs="1"/>
      <tagUsage gi="addrLine" occurs="6"/>
      <tagUsage gi="availability" occurs="1"/>
      <tagUsage gi="p" occurs="7"/>
      <tagUsage gi="ref" occurs="5"/>
      <tagUsage gi="bibl" occurs="2"/>
      <tagUsage gi="notesStmt" occurs="1"/>
      <tagUsage gi="note" occurs="2"/>
      <tagUsage gi="sourceDesc" occurs="1"/>
      <tagUsage gi="recordingStmt" occurs="1"/>
      <tagUsage gi="recording" occurs="1"/>
      <tagUsage gi="equipment" occurs="1"/>
      <tagUsage gi="encodingDesc" occurs="1"/>
      <tagUsage gi="classDecl" occurs="1"/>
      <tagUsage gi="taxonomy" occurs="1"/>
      <tagUsage gi="category" occurs="17"/>
      <tagUsage gi="catDesc" occurs="17"/>
      <tagUsage gi="tagsDecl" occurs="1"/>
      <tagUsage gi="namespace" occurs="2"/>
      <tagUsage gi="tagUsage" occurs="81"/>
      <tagUsage gi="gi" occurs="4"/>
      <tagUsage gi="att" occurs="16"/>
      <tagUsage gi="list" occurs="12"/>
      <tagUsage gi="label" occurs="22"/>
      <tagUsage gi="val" occurs="44"/>
      <tagUsage gi="item" occurs="42"/>
      <tagUsage gi="profileDesc" occurs="1"/>
      <tagUsage gi="textClass" occurs="1"/>
      <tagUsage gi="catRef" occurs="2"/>
      <tagUsage gi="settingDesc" occurs="1"/>
      <tagUsage gi="setting" occurs="1"/>
      <tagUsage gi="locale" occurs="1"/>
      <tagUsage gi="activity" occurs="1"/>
      <tagUsage gi="particDesc" occurs="1"/>
      <tagUsage gi="listPerson" occurs="4"/>
      <tagUsage gi="personGrp" occurs="3"/>
      <tagUsage gi="person" occurs="18"/>
      <tagUsage gi="age" occurs="14"/>
      <tagUsage gi="sex" occurs="14"/>
      <tagUsage gi="occupation" occurs="13"/>
      <tagUsage gi="langKnowledge" occurs="14"/>
      <tagUsage gi="langKnown" occurs="14"/>
      <tagUsage gi="relationGrp" occurs="1"/>
      <tagUsage gi="relation" occurs="2"/>
      <tagUsage gi="revisionDesc" occurs="1"/>
      <tagUsage gi="change" occurs="5"/>
      <tagUsage gi="text" occurs="1"/>
      <tagUsage gi="body" occurs="1"/>
      <tagUsage gi="div" occurs="4"/>
      <tagUsage gi="u" occurs="55">Used to mark a stretch of speech commonly
		preceded and followed by a pause or by a change of speaker. A
		<gi>u</gi> is, however, not required to be bounded by a pause or
		a change of speaker, nor does it represent a turn in a
		conversation analytic sense. At a minimum, a <gi>u</gi> is some
		phonetic production or noise made by a given speaker or a group of speakers.</tagUsage>
      <tagUsage gi="c" occurs="214">Used to mark lengthening of sounds and
		intonation (fall, rise). The following <att>type</att>
		attributes are used to mark:
		<list>
		  <label><val>lengthening</val></label><item>lengthened
		  sounds</item>
		  <label><val>intonation</val></label><item>a significant change in
		  intonation, marked with the following <att>function</att>
		  attribute for:
		  <list>
			<label><val>fall</val></label><item>falling
			intonation</item>
			<label><val>rise</val></label><item>rising intonation</item>
		  </list>
		</item>
		</list>
		Intonation may or may not coincide with
		syntactic boundaries.
		</tagUsage>
      <tagUsage gi="pause" occurs="495">Used to mark a pause either between or
		within utterances. Used without <att>dur</att> attribute to
		indicate a brief pause up to half a second.
		</tagUsage>
      <tagUsage gi="supplied" occurs="43">Used to mark text supplied by the
		transcriber because the original is unintelligible or needed to
		be anonymized. The <att>reason</att> attribute is used to mark:
		<list>
		  <label><val>unintelligible</val></label><item>unintelligible
		  speech</item>
		  <label><val>anonymization</val></label><item>anonymized
		  speech</item>
		</list>
		</tagUsage>
      <tagUsage gi="emph" occurs="143">Used to mark speech which is stressed or
		emphasized in a way that goes beyond regular nuclear
		stress.</tagUsage>
      <tagUsage gi="unclear" occurs="6">Used to mark speech which cannot be
		transcribed with certainty, because it is difficult to hear or
		understand for the transcriber.</tagUsage>
      <tagUsage gi="shift" occurs="34">Used to mark the point at which some
		paralinguistic feature changes. The following attribute values
		are used to mark:
		<list>
          <label>
            <val>voice</val>
          </label>
          <item>voice quality
          <list>
            <item><val>imitating</val></item>
            <item><val>laugh</val></item>
            <item><val>neutral</val></item>
            <item><val>phone</val></item>
            <item><val>reading</val></item>
            <item><val>reading_aloud</val></item>
            <item><val>sigh</val></item>
            <item><val>singing</val></item>
            <item><val>whisp</val></item>
            <item><val>yawning</val></item>
          </list>
          </item>
          <label>
          <val>tempo</val></label>
          <item>speed of utterance
            <list>
              <label><val>a</val></label>
              <item>accelerando</item>
              <label><val>l</val></label>
              <item>lento</item>
              <label><val>neutral</val></label>
              <item>neutral</item>
            </list>
          </item>
          <label>
          <val>loud</val></label>
          <item>loudness
            <list>
              <item><val>f</val></item>
              <item><val>neutral</val></item>
              <item><val>p</val></item>
            </list>
          </item>
		  </list>
		</tagUsage>
      <tagUsage gi="w" occurs="5">
		  Used with the <att>type</att> attribute set to
		  <val>spelt</val> to mark words or word fragments which are
		  spelt out, i.e. words whose constituents are pronounced as
		  individual letters.
		</tagUsage>
      <tagUsage gi="vocal" occurs="21">Used to mark laughter and other speaker
		noises and non-verbal feedback.
        <list>
          <label>
            <val>speaker_noise</val>
          </label>
          <item>
            <list>
              <item>
                <val>coughing</val>
              </item>
              <item>
                <val>nods</val>
              </item>
              <item>
                <val>shakes head</val>
              </item>
              <item>
                <val>smacks lips</val>
              </item>
              <item>
                <val>sniffs</val>
              </item>
              <item>
                <val>swallows</val>
              </item>
              <item>
                <val>whistles</val>
              </item>
            </list>
          </item>
          <label>
            <val>wordlike</val>
          </label>
          <item>
            <val>laughing</val>
          </item>
        </list>
        </tagUsage>
      <tagUsage gi="foreign" occurs="7">Used to mark a word or phrase as
		belonging to some language other than English. The following
		values for the <att>type</att> attribute are used to mark:
		<list>
		  <label><val>L1</val></label><item>the speaker's first
		  language</item>
		  <label><val>LN</val></label><item>a language other than the
		  speaker's first language</item>
		  <label><val>LQ</val></label><item>a language where it cannot
		  be ascertained whether it is the speaker's first or other
		  language.</item>
		</list>
		Whenever possible, the 
		<att>voice:translation</att> attribute provides a rough translation of the
		non-English speech into English.
		</tagUsage>
      <tagUsage gi="gap" occurs="3">Used to mark points where a short portion of
		speech has not been recorded or has been left untranscribed,
		whether for editorial reasons, as part of the sampling practice,
		or because the material is inaudible or comprises sensitive
		content. The following <att>reason</att> attributes are used to
		mark:
		<list>
		  <label><val>not_recorded</val></label><item>Not recorded
		  speech</item>
		  <label><val>not_transcribed</val></label><item>Not transcribed
		  speech</item>
		</list>
		Further information on the reason for a gap is provided within
		the <att>voice:desc</att> attribute.
		</tagUsage>
      <tagUsage gi="seg" occurs="29">Used with different <att>type</att> attributes to mark:
		<list>
		  <label><att>type</att><val>overlap</val></label>
		  <item>overlaps</item>
		  <label><att>type</att><val>onomatopoeia</val></label>
		  <item>onomatopoeic sounds</item>
		  <label><att>type</att><val>ipa</val></label>
		  <item>transcriptions in the international phonetic alphabet</item>
		</list>
		</tagUsage></namespace><namespace name="http://www.univie.ac.at/voice/ns/1.0">
      <tagUsage gi="voice:track" occurs="9">Used to mark the beginning of a new
		audio track used in transcription (usually three minutes in length) and thus refers to the audio recording
		of the transcribed speech event.
		</tagUsage>
      <tagUsage gi="voice:pvc" occurs="6">Used to mark a pronunciation variation
		or coinage as described in <ref target="http://www.univie.ac.at/voice/documents/VOICE_mark-up_conventions_v2-1.pdf">the
			VOICE mark-up conventions [2.1].</ref>the
			VOICE mark-up conventions [2.1]. An existing word corresponding to the PVC may be provided within a <att>comment</att>comment attribute within the <gi>voice:pvc</gi>voice:pvc element. Additional phonetic
			transcription may be provided within a <att>voice:ipa</att>voice:ipa attribute
			within the <gi>voice:pvc</gi>voice:pvc element.</tagUsage>
      <tagUsage gi="voice:to" occurs="2">Used to mark speech directed towards a
		particular speaker. The <att>who</att>who attribute indicates the
		addressed speaker.</tagUsage></namespace></tagsDecl>
      </encodingDesc>
      <profileDesc>
         <textClass>
            <catRef target="#POprc558_PO #POprc558_prc"/>
            <catRef target="#PO #prc"/>
         </textClass>
         <settingDesc>
            <setting>
               <name type="country">BE</name>
               <name type="city">Brussels</name>
               <locale>press conference room</locale>
               <activity>unknown</activity>
            </setting>
         </settingDesc>
         <particDesc>
            <listPerson type="main">
               <listPerson type="groups">
                  <personGrp role="speakers" size="14"/>
                  <personGrp role="interactants" size="14"/>
                  <personGrp role="audience" size="unknown"/>
               </listPerson>
               <listPerson type="identified">
                  <person role="presenter" sameAs="#P65" xml:id="POprc558_S3">
                     <age value="3">35-49</age>
                     <sex value="1">male</sex>
                     <occupation>high-ranking EU politician</occupation>
                     <langKnowledge>
                        <langKnown level="L1" tag="fin-FI"/>
                     </langKnowledge>
                  </person>
                  <person role="chair" sameAs="#P626" xml:id="POprc558_S1">
                     <age value="0">unknown</age>
                     <sex value="1">male</sex>
                     <langKnowledge>
                        <langKnown level="L1" tag="ger"/>
                     </langKnowledge>
                  </person>
                  <person role="presenter" sameAs="#P627" xml:id="POprc558_S2">
                     <age value="4">50+</age>
                     <sex value="1">male</sex>
                     <occupation>EU politician</occupation>
                     <langKnowledge>
                        <langKnown level="L1" tag="por-PT"/>
                     </langKnowledge>
                  </person>
                  <person role="audience" sameAs="#P628" xml:id="POprc558_S4">
                     <age value="0">unknown</age>
                     <sex value="1">male</sex>
                     <occupation>journalist</occupation>
                     <langKnowledge>
                        <langKnown level="L1" tag="bul-BG"/>
                     </langKnowledge>
                  </person>
                  <person role="audience" sameAs="#P629" xml:id="POprc558_S5">
                     <age value="0">unknown</age>
                     <sex value="2">female</sex>
                     <occupation>journalist</occupation>
                     <langKnowledge>
                        <langKnown level="L1" tag="bul-BG"/>
                     </langKnowledge>
                  </person>
                  <person role="audience" sameAs="#P630" xml:id="POprc558_S6">
                     <age value="0">unknown</age>
                     <sex value="1">male</sex>
                     <occupation>journalist</occupation>
                     <langKnowledge>
                        <langKnown level="L1" tag="eng-GB"/>
                     </langKnowledge>
                  </person>
                  <person role="audience" sameAs="#P631" xml:id="POprc558_S7">
                     <age value="0">unknown</age>
                     <sex value="2">female</sex>
                     <occupation>journalist</occupation>
                     <langKnowledge>
                        <langKnown level="L1" tag="bul-BG"/>
                     </langKnowledge>
                  </person>
                  <person role="audience" sameAs="#P632" xml:id="POprc558_S8">
                     <age value="0">unknown</age>
                     <sex value="1">male</sex>
                     <occupation>journalist</occupation>
                     <langKnowledge>
                        <langKnown level="L1" tag="ger"/>
                     </langKnowledge>
                  </person>
                  <person role="audience" sameAs="#P633" xml:id="POprc558_S9">
                     <age value="0">unknown</age>
                     <sex value="2">female</sex>
                     <occupation>journalist</occupation>
                     <langKnowledge>
                        <langKnown level="L1" tag="bul-BG"/>
                     </langKnowledge>
                  </person>
                  <person role="audience" sameAs="#P634" xml:id="POprc558_S10">
                     <age value="0">unknown</age>
                     <sex value="1">male</sex>
                     <occupation>journalist</occupation>
                     <langKnowledge>
                        <langKnown level="L1" tag="ger-DE"/>
                     </langKnowledge>
                  </person>
                  <person role="audience" sameAs="#P635" xml:id="POprc558_S11">
                     <age value="0">unknown</age>
                     <sex value="1">male</sex>
                     <occupation>journalist</occupation>
                     <langKnowledge>
                        <langKnown level="L1" tag="fre"/>
                     </langKnowledge>
                  </person>
                  <person role="translator" sameAs="#P636" xml:id="POprc558_S12">
                     <age value="0">unknown</age>
                     <sex value="2">female</sex>
                     <occupation>interpreter</occupation>
                     <langKnowledge>
                        <langKnown level="L1" tag="und"/>
                     </langKnowledge>
                  </person>
                  <person role="audience" sameAs="#P637" xml:id="POprc558_S13">
                     <age value="0">unknown</age>
                     <sex value="1">male</sex>
                     <occupation>journalist</occupation>
                     <langKnowledge>
                        <langKnown level="L1" tag="und"/>
                     </langKnowledge>
                  </person>
                  <person role="translator" sameAs="#P638" xml:id="POprc558_S14">
                     <age value="0">unknown</age>
                     <sex value="1">male</sex>
                     <occupation>interpreter</occupation>
                     <langKnowledge>
                        <langKnown level="L1" tag="und"/>
                     </langKnowledge>
                  </person>
               </listPerson>
               <listPerson type="not_identified">
                  <person corresp="#POprc558_S11" sameAs="#SX" xml:id="POprc558_SX-11"/>
                  <person sameAs="#SS" xml:id="POprc558_SS"/>
                  <person corresp="#POprc558_S1" sameAs="#SX" xml:id="POprc558_SX-1"/>
                  <person sameAs="#SX-m" xml:id="POprc558_SX-m"/>
               </listPerson>
               <relationGrp>
                  <relation mutual="#POprc558_S1 #POprc558_S10 #POprc558_S11 #POprc558_S12 #POprc558_S13 #POprc558_S14 #POprc558_S2 #POprc558_S3 #POprc558_S4 #POprc558_S5 #POprc558_S6 #POprc558_S7 #POprc558_S8 #POprc558_S9" name="fairly_asymmetrical" type="power"/>
                  <relation mutual="#POprc558_S1 #POprc558_S10 #POprc558_S11 #POprc558_S12 #POprc558_S13 #POprc558_S14 #POprc558_S2 #POprc558_S3 #POprc558_S4 #POprc558_S5 #POprc558_S6 #POprc558_S7 #POprc558_S8 #POprc558_S9" name="predominantly_unacquainted" type="acquaintedness"/>
               </relationGrp>
            </listPerson>
         </particDesc>
      </profileDesc>
      <revisionDesc>
         <change when="2009-05-19" who="SM">conversion to XML</change>
         <change when="2009-05-12" who="TK">finalized for publication</change>
         <change when="2009-01-23" who="AB">proof-reading</change>
         <change when="2007-11-28" who="CH">checking</change>
         <change when="2007-10-26" who="JH">transcription</change>
      </revisionDesc>
   </teiHeader>
   <text>
      <body>
         <div type="medium" voice:end="02:57" voice:end_medium_number="1" voice:end_track="4" voice:medium_type="md" voice:start="00:00" voice:start_medium_number="1" voice:start_track="1">
            <u who="#POprc558_S1" xml:id="POprc558_u_1"><voice:track medium="1" num="1" type="md"/> good afternoon welcome to this press conference following today's meeting of the european commission<c function="rise" type="intonation"/><pause/> there will be er first er two statements from president <supplied reason="anonymization"> [S2/last] </supplied><pause/> and from commissioner <supplied reason="anonymization"> [S3/last] </supplied><pause/> to explain the commission's recommendation on the accession <pause/> of bulgaria and romania and then there will be the possibility for you <pause/> to ask questions<c function="fall" type="intonation"/><pause/> president <supplied reason="anonymization"> [S2/last] </supplied> please <pause/></u>
            <u who="#POprc558_S2" xml:id="POprc558_u_2"> thank you <pause/> er i know you have been following discussion earlier <pause/> in the plenary <pause/> of the european parliament therefore you are well informed about today's news <pause dur="PT1S"/> but i'm glad to be able to inform you <emph> personally </emph> about our decision and together with er <pause/> commissioner <supplied reason="anonymization"> [S3/last] </supplied> to answer your questions<c function="fall" type="intonation"/><pause dur="PT1S"/> during the last few months bulgaria and romania demonstrated their readiness for european union accession<c function="fall" type="intonation"/><pause dur="PT1S"/> the european commission consequently <pause/> today recommended <emph> their </emph> accession on the first january  two thousand seven<c function="fall" type="intonation"/><pause dur="PT1S"/> i<c type="lengthening"/> congratulate the people <pause/> and the leaders of bulgaria <pause/> and romania <pause/> for  this <emph> historic </emph> achievement<c function="fall" type="intonation"/><pause dur="PT1S"/> they have a good reason today <pause/> to commemorate<c function="fall" type="intonation"/><pause dur="PT1S"/> our <emph> objective </emph> assessment <pause/> de<emph>mon</emph>strates that the accession of these two countries <pause/> as scheduled <pause dur="PT1S"/> with accompanying measures <pause/> that we propose <pause/> can now complete <pause/> this <pause/><emph> fifth </emph> enlargement of the european union<c function="fall" type="intonation"/><pause dur="PT1S"/> this enlargement<c function="rise" type="intonation"/><pause/> which started in two thousand four with the accession of <emph> ten </emph> new member states <pause dur="PT1S"/> has <unclear> consolidated </unclear> peace <pause/> and brought <pause/> more <emph> prosperity </emph> in europe<c function="fall" type="intonation"/><pause dur="PT1S"/> its conclusion now on the first january  two thousand seven <pause/><emph> is </emph> the right decision for bulgaria and romania <pause/> it is also the right decision <pause/> for europe <pause/> as a whole<c function="fall" type="intonation"/><pause dur="PT1S"/> as you know last may<c function="rise" type="intonation"/> we identified a number of shortcomings <pause/> in bulgaria's and romania's preparation for european membership <pause/> i'm glad to see <pause/> that in the last months <pause/><emph> most </emph> of those shortcomings <emph> have </emph> been addressed<c function="fall" type="intonation"/><pause dur="PT1S"/> our report is very clear about the progress that has been achieved<c function="rise" type="intonation"/><pause/> at the same time we are also very <emph> open </emph><pause/> about <pause/> what still <pause/> has to be done<c function="fall" type="intonation"/><pause/> we are <emph> well </emph><emph> aware </emph><pause/> of our responsibility to safeguard the european union's legal order<c function="rise" type="intonation"/><pause/> and we <emph> have </emph> sufficient remedies at our disposal to ensure the protection of the interests of the european union <pause/> and its citizens<c function="fall" type="intonation"/><pause dur="PT1S"/> we have defined a number of measures to accompany the accession of <pause/> those two countries <pause/> commissioner <supplied reason="anonymization"> [S3/last] </supplied> will <pause/> explain those more in de<emph>tail </emph><c function="fall" type="intonation"/><pause dur="PT1S"/> we <emph> are </emph> at the same time <pause/> well aware that <pause/> enlargement raises certain concerns among <pause/> european union citizens <pause/> and we take the- those concerns very seriously<c function="fall" type="intonation"/><pause/> but it is <emph> precisely </emph> because we do so<c function="rise" type="intonation"/> that we can say in very good faith <pause/> bulgaria's <pause/><emph> and </emph> romania's accession to the european union <voice:track medium="1" num="2" type="md"/><pause dur="PT1S"/><emph> is </emph> an historic achievement it makes our union <pause/> safer <pause/> and stronger<c function="fall" type="intonation"/><pause dur="PT1S"/> i still remember well <pause dur="PT1S"/> the doomsday scenarios <pause/> that preceded the two thousand four enlargement<c function="fall" type="intonation"/><pause/> today we know that the casandras <pause/> were proven wrong <pause/> on the contrary <pause/> this enlargement has been <emph> very </emph> positive for the european union<c function="fall" type="intonation"/><pause/> it has confirmed <pause dur="PT1S"/> that enlarging the union <emph> if </emph><pause/> well managed <pause/> produces a win-win situation<c function="fall" type="intonation"/><pause/> for both the existing <pause/><emph> and </emph> the acceding member states<c function="fall" type="intonation"/><pause dur="PT1S"/> enlargement stimulates economic growth<c function="rise" type="intonation"/> social cohesion <pause/> enlargement <emph> reinforces </emph> the role and influence of the european union <pause/> in the world<c function="fall" type="intonation"/><pause dur="PT1S"/> i welcome the ratification of the accession treaty <pause/> of romania and bulgaria <pause/> in already twenty-<emph>one </emph> member states<c function="fall" type="intonation"/><pause dur="PT1S"/> i am confident that today's fair <pause/> and rigorous approach provides a solid basis for ratification in the remaining countries <emph> as </emph> soon as possible<c function="fall" type="intonation"/><pause/> once again <pause/> this is <pause/> a historic achievement <pause dur="PT1S"/> and we must from here on <pause/> look forward <pause/> to make it <emph> work </emph><c function="fall" type="intonation"/><pause dur="PT2S"/> so i think this er is the introduction i'd like to make now <pause dur="PT1S"/> e<c type="lengthening"/>r <pause/> telling you <pause/> as well <pause/> that <pause/> this evening<c function="rise" type="intonation"/><pause/> myself and commissioner <supplied reason="anonymization"> [S3/last] </supplied> will <pause dur="PT1S"/> go on to e<c type="lengthening"/>r sofia<c function="rise" type="intonation"/><pause/> tomorrow we'll be in sofia and la- and afterwards in bucharest <pause/> and we have the opportunity directly <pause/> with the leaders and the people of those two countries <pause/> to communicate this decision<c function="rise" type="intonation"/> of the european commission <pause/> and how important it <emph> is </emph><pause/> from our point of view <pause/> for europe <pause/> this decision to have bulgaria <pause/> and romania as full members from the first january  two thousand seven <pause/><shift corresp="#POprc558_s_2" feature="loud" new="p" xml:id="POprc558_s_1"/><supplied reason="unintelligible"> xx </supplied><shift corresp="#POprc558_s_1" feature="loud" new="neutral" xml:id="POprc558_s_2"/></u>
            <u who="#POprc558_S1" xml:id="POprc558_u_3"> commissioner <supplied reason="anonymization"> [S3/last] </supplied><pause dur="PT1S"/></u>
            <u who="#POprc558_S3" xml:id="POprc558_u_4"> thank you president er thank you <pause/><supplied reason="anonymization"> [S1] </supplied> er <pause dur="PT1S"/> i would er first of all like to join er president er <supplied reason="anonymization"> [S2/last] </supplied> and er congratulate er <pause/> the leaders and er <pause/> the peoples of bulgaria and er romania <pause/> for the hard work er they have er done in order to join the european <pause/> union<c function="fall" type="intonation"/><pause dur="PT1S"/> our approach has been er both er fair and er <pause/> rigorous er<c function="fall" type="intonation"/><pause/> it's been fair <pause/> because we recognized er the progress that has been achieved er <pause/> and er we gave credit er <pause/> where a credit was due<c function="fall" type="intonation"/><pause dur="PT1S"/> it's been rigorous er <pause/> because er we established the the necessary mechanism er <pause/> to accompany bulgaria and er romania on their reform pa- reform path er <pause/> until and er beyond er <pause/> the accession<c function="fall" type="intonation"/><pause dur="PT1S"/> today our report examines er the achievements of the past few months er only<c function="fall" type="intonation"/><pause dur="PT1S"/> that's important to note er <pause dur="PT1S"/> that we should keep the pig pi- big picture in mind as well er <pause/> that is er bulgaria and romania <voice:track medium="1" num="3" type="md"/> have carried out er <pause/> very thorough reforms er <pause/> in the recent years er <pause dur="PT1S"/> peaking in the recent er months er<c function="fall" type="intonation"/><pause dur="PT1S"/> our assessment er <pause dur="PT1S"/> our recommendation is that er <pause/> bulgaria and er romania <pause/> are <emph> suff</emph>iciently prepared er <pause/> to carry obligations of er  <w voice:mode="spelt"> e u  </w> membership er on the first of er january two thousand seven <pause dur="PT1S"/> since <emph> may </emph> this year <pause dur="PT1S"/> both countries er have er <voice:pvc> satisfully </voice:pvc><emph> add</emph>ressed er <pause dur="PT1S"/> most of the shortcomings er <pause dur="PT1S"/> based on the current momentum <pause/> most of the remaining issues er should be resolved er in the <pause/> coming months er<c function="fall" type="intonation"/><pause dur="PT1S"/> at the same time er <pause/> we know that er everything is er not yet er perfect er<c function="fall" type="intonation"/><pause dur="PT1S"/> to avoid any potential risks er <pause/> we have defined a number of er measures er <pause/> to accompany the accession of er bulgaria and er romania<c function="fall" type="intonation"/><pause dur="PT1S"/> there are <pause/> three kinds of er <pause/> measures er <pause/> first of all er <pause dur="PT1S"/> the commission will set up er a mechanism for <pause/> cooperation and er verification of er progress in the <pause/> judiciary reform <pause dur="PT1S"/> fight against corruption and er organized er crime<c function="fall" type="intonation"/><pause dur="PT2S"/> we will also define er clear benchmarks er and er we have a <pause/> system of er reporting<c function="fall" type="intonation"/><pause dur="PT1S"/> as to the protection of er the  <w voice:mode="spelt"> e u  </w> tax payers' money <pause/><w voice:mode="spelt"> e u's  </w> financial interests er <pause dur="PT2S"/> the new structural funds er regulation er <pause/> provides er enough er protection <pause dur="PT1S"/> and er for the agricultural funds er <pause/> a special regulation has been adopted er today to this effect er<c function="fall" type="intonation"/><pause dur="PT2S"/> this means that er we can er <pause/> for instance er suspend er payments er if there are endemic er irregularities er in the payment systems er in the field of er <pause/> agriculture and er structural funds<c function="fall" type="intonation"/><pause dur="PT2S"/> in the <emph> third </emph> area third accompanying measure is er relative to full safety where we <pause dur="PT1S"/> partly <emph> con</emph>tinue and er partly are likely adopt er <pause/> measures er <pause dur="PT1S"/> to protect the consumers er in the internal market er of the  <w voice:mode="spelt"> e u<c function="fall" type="intonation"/></w><pause dur="PT2S"/> thus er today's results er <pause/> show that er our approach over <pause/> gradual and carefully managed accession pol- policy <pause/> based on <voice:pvc> con<emph>dit</emph>ionality </voice:pvc><pause/> works er <pause dur="PT1S"/> bulgaria and er romania were not ready in two thousand and four to join the union <pause/> with the other central and ea- eastern european countries er but in the past two years er both countries have gone er through a<c type="lengthening"/><pause/> remarkable transformation<c function="fall" type="intonation"/><pause dur="PT1S"/> this has happened er <pause/> thanks to <pause/> a<c type="lengthening"/> gradually increasing domestic reform drive in the countries er <pause/> and er thanks to a<c type="lengthening"/> strong encouragement er and rigorous er monitoring <pause/> by the european union<c function="fall" type="intonation"/><pause dur="PT1S"/><voice:track medium="1" num="4" type="md"/> finally <pause dur="PT1S"/> after all the hard work and er <pause dur="PT1S"/> before <emph> con</emph>tinuing to clear the remaining hurdles  er <pause dur="PT1S"/> we must er take a moment er to celebrate er <pause dur="PT1S"/> with bulgaria's and romania's accession <pause dur="PT1S"/> thirty people thirty million people are joining the european union <pause/> completing our historic er fifth round of enlargement er <pause/> and er creating a union of almost er half a billion citizens er<c function="fall" type="intonation"/><pause dur="PT1S"/> two new countries er have aligned er themselves er with our values and er rules er <pause dur="PT1S"/> that is er no <unclear> mean </unclear> achievement er for <pause/> europe er nor for the two countries concerned <pause dur="PT2S"/></u>
            <u who="#POprc558_S1" xml:id="POprc558_u_5"> thank you ladies and gentlemen your questions please <pause dur="PT3S"/></u>
            <u who="#POprc558_S4" xml:id="POprc558_u_6"> thank you<c function="fall" type="intonation"/><pause/><vocal voice:desc="clears throat"/><pause/> i'm a bulgarian journalist from <supplied reason="anonymization"> [org1] </supplied> my name is <supplied reason="anonymization"> [S4/last] </supplied> mister <supplied reason="anonymization"> [S2/last] </supplied> my question is addressed to you <pause/> i would like to know you mentioned that e<c type="lengthening"/>r last month you received an important information  concerning bulgaria <pause/> if maybe romania also that er convinced you <pause/> that the two countries are prepared well prepared to be admitted <pause/> but e<c type="lengthening"/>r <pause/> this is too vague for us <pause/> could you e- enumerate some actions that was<c type="lengthening"/><c type="lengthening"/> e<c type="lengthening"/>r <pause/> erm<c type="lengthening"/> that was presented before you  e<c type="lengthening"/>r and that er convinced you <pause/> e<c type="lengthening"/>r in your report to<c type="lengthening"/> recommend the accession thank you<c function="fall" type="intonation"/><pause/></u>
            <u who="#POprc558_S2" xml:id="POprc558_u_7"> it was not just a single information<c function="rise" type="intonation"/> i have been <pause dur="PT1S"/> kept informed <pause/> almost on a day by day if not a week by week <pause/> or maybe a week by ba- week basis by<c type="lengthening"/> commissioner <supplied reason="anonymization"> [S3/last] </supplied><pause/> on all the progress achieved also several members of the commission went<c function="rise" type="intonation"/><pause/> to b- sofia and to bucharest indeed after our may report you remember that <pause/> i myself er together with <pause/> er commissioner <supplied reason="anonymization"> [S3/last] </supplied> we went there and we said that's what we have still to do some kind of <pause/> e<c type="lengthening"/>rm action plan <pause/> for <pause/> er these remaining er obstacles<c function="rise" type="intonation"/> and so er i- in fact we erm<c type="lengthening"/> were aware that the progress was been achieved <pause/> so it was <emph> not </emph> one single information that made <pause/> let's say our decision<c function="rise" type="intonation"/> our decision was er taken e<c type="lengthening"/>rm by the college <shift corresp="#POprc558_s_4" feature="loud" new="p" xml:id="POprc558_s_3"/> but erm<c type="lengthening"/><shift corresp="#POprc558_s_3" feature="loud" new="neutral" xml:id="POprc558_s_4"/> namely by commissioner <supplied reason="anonymization"> [S3/last] </supplied> and <emph> my</emph>self on the basis of the <emph> very </emph> very <pause/> er <emph> extensive </emph> e<c type="lengthening"/>r <emph> accurate </emph> and objective <emph> re</emph>ports that we have been er receiving all over these <pause/> these erm these <emph> months </emph> and also <supplied reason="unintelligible"> xxx </supplied> indeed <pause/> even <emph> before </emph><pause/> but the <emph> de</emph>cisive progress <pause/> was really achieved after that final push <pause/> that was given <pause/> er <emph> by </emph> us <emph> and </emph> by the<c type="lengthening"/> erm bulgarian <emph> and </emph> romanian authorities <pause/> after the our may report <pause dur="PT1S"/></u>
            <u who="#POprc558_S1" xml:id="POprc558_u_8"> next question <supplied reason="anonymization"> [S11] </supplied><supplied reason="anonymization"> [S11/last] </supplied><c function="rise" type="intonation"/><pause dur="PT1S"/><foreign type="L1" voice:translation="yes" xml:lang="fre"> oui </foreign><pause dur="PT2S"/></u>
            <u who="#POprc558_S11" xml:id="POprc558_u_9"><foreign type="L1" voice:translation="yes mister president" xml:lang="fre"> oui <pause dur="PT1S"/> monsieur le president </foreign><pause dur="PT1S"/></u>
            <u who="#POprc558_SX-m" xml:id="POprc558_u_10"> yeah <pause/></u>
         </div>
         <gap dur="PT00H05M00S" reason="not_transcribed" voice:desc="non-e; S11 enquires in french about a statement S2 made, relates this to croatia, asks about a change in policy, the relation to the public opinion, and the reform of institutions; S12 simultaneously translates into english; S2 answers in french, refers to the nice treaty which says that when there are twenty-seven members states the rules have to be changed, reformations are needed, but no change in timetable, further enlargement possible after 2008, reforms as a precondition, enlargement and deepening have to go together, refers to the constitutional treaty; S14 simultaneously translates into english"/>
         <div type="medium" voice:end="02:12" voice:end_medium_number="1" voice:end_track="6" voice:medium_type="md" voice:start="01:57" voice:start_medium_number="1" voice:start_track="6">
            <u who="#POprc558_S1" xml:id="POprc558_u_11"><foreign type="LN" voice:translation="next question on the left please" xml:lang="fre"> prochaine question ici a <seg n="1" type="overlap" xml:id="POprc558_ol_0"> gauche s'il vous plait </seg></foreign><pause dur="PT2S"/></u>
            <u who="#POprc558_S14" xml:id="POprc558_u_12"><seg n="1" synch="#POprc558_ol_0" type="overlap" xml:id="POprc558_ol_1"> next question </seg></u>
            <u who="#POprc558_S1" xml:id="POprc558_u_13"> a<c type="lengthening"/>h sorry er i think that commissioner <supplied reason="anonymization"> [S3/last] </supplied> first will add a a a remark to what the president just said and then <pause/> we'll go on to the next question </u>
            <u who="#POprc558_S3" xml:id="POprc558_u_14"><foreign type="LN" voice:translation="thank you" xml:lang="fre"> me- merci </foreign><supplied reason="anonymization"> [S1] </supplied> er </u>
         </div>
         <gap dur="PT00H01M26S" reason="not_transcribed" voice:desc="non-e; S3 speaks french, refers to the summit of francophonie, joking that he as well has to speak french now, have to respect the commitments that have already been made to countries in south-east europe, steps of these countries will be observed, S12 simultaneously translates into english"/>
         <div type="medium" voice:end="00:13" voice:end_medium_number="1" voice:end_track="11" voice:medium_type="md" voice:start="00:38" voice:start_medium_number="1" voice:start_track="7">
            <u who="#POprc558_S1" xml:id="POprc558_u_15"><foreign type="LN" voice:translation="thanks so now to the left please the next question" xml:lang="fre"> merci donc mainten<seg n="2" type="overlap" xml:id="POprc558_ol_2">ant ici </seg> a gauche s'il vous <seg n="3" type="overlap" xml:id="POprc558_ol_3"> plait la prochaine question </seg></foreign><pause/></u>
            <u who="#POprc558_S5" xml:id="POprc558_u_16"><seg n="2" synch="#POprc558_ol_2" type="overlap" xml:id="POprc558_ol_4"> thank you </seg></u>
            <u who="#POprc558_S12" xml:id="POprc558_u_17"><seg n="3" synch="#POprc558_ol_3" type="overlap" xml:id="POprc558_ol_5"> over here to the left please </seg></u>
            <u who="#POprc558_S5" xml:id="POprc558_u_18"> thank you <pause/> e<c type="lengthening"/>r <pause/><supplied reason="anonymization"> [S5] </supplied><supplied reason="anonymization"> [S5/last] </supplied> of er bulgarian <supplied reason="anonymization"> [org2] </supplied><c function="fall" type="intonation"/><pause/> mister president when wou- er will be ready with a decision on<c type="lengthening"/> e<c type="lengthening"/>r the future commissioners of bulgaria and romania <pause dur="PT1S"/> what would their <emph> port</emph>folio and is it true that <pause/> e<c type="lengthening"/>r this decision might take som<c type="lengthening"/>e er <pause/> time and e<c type="lengthening"/>r will create a tension among the commissioners <pause/> thank you<c function="fall" type="intonation"/></u>
            <u who="#POprc558_SS" xml:id="POprc558_u_19"><vocal subtype="wordstart" type="wordlike" voice:desc="laughing" voice:syl="8"/><seg n="4" type="overlap" xml:id="POprc558_ol_6"><vocal type="wordlike" voice:desc="laughing" voice:syl="3"/></seg></u>
            <u who="#POprc558_S2" xml:id="POprc558_u_20"><seg n="4" synch="#POprc558_ol_6" type="overlap" xml:id="POprc558_ol_7"> yeah first of </seg> all you have to<c type="lengthening"/><pause/> we have to adopt the decision of accession of <pause/> romania and bulgaria<c function="rise" type="intonation"/> it has to been adopted  by the european council<c function="rise" type="intonation"/><pause/> by the council<c function="rise" type="intonation"/> and <emph> only </emph> afterwards <pause/> e<c type="lengthening"/>rm the<c type="lengthening"/><pause dur="PT2S"/> governments<c function="rise" type="intonation"/> of bulgaria and romania have to present me <pause/> candidates for that post and i have to agree with them on that and <emph> only </emph> afterwards i will discuss <pause/> er er with the governments the possible er portfolios <pause/> e<c type="lengthening"/>rm afterwards <shift corresp="#POprc558_s_6" feature="loud" new="p" xml:id="POprc558_s_5"/> only<c function="fall" type="intonation"/><shift corresp="#POprc558_s_5" feature="loud" new="neutral" xml:id="POprc558_s_6"/><pause/> i can give you afterwards er maybe a the letter <pause/> a letter i already have written <pause/> to er <pause/> the prime minister of bulgaria and the prime minister of <pause/> of e<c type="lengthening"/>rm<c type="lengthening"/> romania<c function="rise" type="intonation"/><pause/> stating exactly in which way we think <pause/> we should proceed on that matter so it's too soon to speculate about <emph> any </emph> name <pause/> and about <emph> any </emph> portfolio <pause dur="PT2S"/></u>
            <u who="#POprc558_S1" xml:id="POprc558_u_21"> next question <supplied reason="anonymization"> [S6] </supplied><supplied reason="anonymization"> [S6/last] </supplied><pause dur="PT3S"/></u>
            <u who="#POprc558_S6" xml:id="POprc558_u_22"> a question for president <supplied reason="anonymization"> [S2/last] </supplied><pause/> erm the commission has in the past praised er the united kingdom and the other countries which did <emph> not </emph> impose restrictions on workers from the accession states in two thousand and four <pause/> are you disappointed therefore that the british governmen- er immigration minister <emph> today </emph> announced <pause/> their intention to have what he call  only <emph> very </emph> gradual access <pause/> for workers for from romania and bulgaria <pause dur="PT1S"/></u>
            <u who="#POprc558_S2" xml:id="POprc558_u_23"> as you know it's a right of the member states <pause/> to er <pause/> anticipate or not the transitional periods <pause/> er for er freedom of circulation of workers<c function="fall" type="intonation"/> and er for bulgaria and romania we also have the seven years period as we had in the last <pause/> erm erm<c type="lengthening"/> let's say accessions of the<c type="lengthening"/> la- last ten last members of the european union <pause/> er so <emph> what </emph> we have done so far was <emph> welcoming </emph><pause/> and congratulating <emph> those </emph><voice:track medium="1" num="8" type="md"/> that took the decision to anticipate<c function="rise" type="intonation"/><pause/> and in fact <pause/> e<c type="lengthening"/>rm <emph> some </emph> have followed this line after the report we have made <pause/> sometime ago <pause/> showing with empirical evidence <pause/> that this er was not being a <emph> threat </emph> to the<c type="lengthening"/> labor market in the european union<c function="fall" type="intonation"/><pause/> now regarding bulgaria and romania <emph> i </emph> personally think it's too soon to say that er l<c type="lengthening"/>et's make er the<c type="lengthening"/><pause/> the assessment of the situation the fact is that we <emph> have </emph><pause/> e<c type="lengthening"/>rm <pause/> e<c type="lengthening"/>rm<c type="lengthening"/> negotiated with those two countries erm<c type="lengthening"/><pause/> pren- transition period so <emph> all </emph> member states are entitled to keep them <pause/> but we afterwards we will say on due time if it is or not a good er thing to <pause/> e<c type="lengthening"/>rm <pause/> speed it up <pause/> the end of this transition <shift corresp="#POprc558_s_8" feature="tempo" new="a" xml:id="POprc558_s_7"/> period <shift corresp="#POprc558_s_7" feature="tempo" new="neutral" xml:id="POprc558_s_8"/> of <emph> course </emph> from a <pause/> general point of view the commission is always <emph> happy </emph> when we <pause/> er make things as as soon as possible so the freedom of circulation is a good thing but we understand at the same time the sensitivities in some er member states <pause dur="PT1S"/></u>
            <u who="#POprc558_S1" xml:id="POprc558_u_24"> next question here please<c function="rise" type="intonation"/><pause/></u>
            <u who="#POprc558_S7" xml:id="POprc558_u_25"> hello my name is <supplied reason="anonymization"> [S7] </supplied><supplied reason="anonymization"> [S7/last] </supplied> and i'm<c type="lengthening"/> er <pause/> over here <vocal subtype="wordstart" type="wordlike" voice:desc="laughing" voice:syl="3"/> er first of all congratulations to everybody<c function="rise" type="intonation"/><pause/><seg n="5" type="overlap" xml:id="POprc558_ol_8"> e<c type="lengthening"/>rm </seg><seg n="6" type="overlap" xml:id="POprc558_ol_9"><shift corresp="#POprc558_s_10" feature="voice" new="laugh" xml:id="POprc558_s_9"/> my question is <shift corresp="#POprc558_s_9" feature="voice" new="neutral" xml:id="POprc558_s_10"/><vocal subtype="wordstart" type="wordlike" voice:desc="laughing" voice:syl="6"/></seg><seg n="7" type="overlap" xml:id="POprc558_ol_10"><vocal type="wordlike" voice:desc="laughing" voice:syl="1"/></seg><seg n="1" type="overlap" xml:id="POprc558_ol_11"><vocal type="wordlike" voice:desc="laughing" voice:syl="5"/></seg></u>
            <u who="#POprc558_S2" xml:id="POprc558_u_26"><seg n="5" synch="#POprc558_ol_8" type="overlap" xml:id="POprc558_ol_12"> oh thank you </seg></u>
            <u who="#POprc558_SS" xml:id="POprc558_u_27"><seg n="6" synch="#POprc558_ol_9" type="overlap" xml:id="POprc558_ol_13"><vocal subtype="wordstart" type="wordlike" voice:desc="laughing" voice:syl="8"/></seg><seg n="7" synch="#POprc558_ol_10" type="overlap" xml:id="POprc558_ol_14"><vocal type="wordlike" voice:desc="laughing" voice:syl="1"/></seg><seg n="1" synch="#POprc558_ol_11" type="overlap" xml:id="POprc558_ol_15"><vocal type="wordlike" voice:desc="laughing" voice:syl="5"/></seg></u>
            <u who="#POprc558_S2" xml:id="POprc558_u_28"><seg n="7" synch="#POprc558_ol_10" type="overlap" xml:id="POprc558_ol_16"> good </seg></u>
            <u who="#POprc558_S2" xml:id="POprc558_u_29"> it's not <seg n="2" type="overlap" xml:id="POprc558_ol_17"> so often </seg></u>
            <u who="#POprc558_S7" xml:id="POprc558_u_30"><seg n="2" synch="#POprc558_ol_17" type="overlap" xml:id="POprc558_ol_18"> o<c type="lengthening"/>h it's a </seg> it's goo- it's <seg n="3" type="overlap" xml:id="POprc558_ol_19"> a good news <vocal subtype="wordstart" type="wordlike" voice:desc="laughing" voice:syl="2"/></seg><vocal type="wordlike" voice:desc="laughing" voice:syl="1"/><seg n="4" type="overlap" xml:id="POprc558_ol_20"><vocal type="wordlike" voice:desc="laughing" voice:syl="2"/> anyway e<c type="lengthening"/><c type="lengthening"/>r </seg></u>
            <u who="#POprc558_S2" xml:id="POprc558_u_31"><seg n="3" synch="#POprc558_ol_19" type="overlap" xml:id="POprc558_ol_21"> not so often that we receive that </seg></u>
            <u who="#POprc558_S3" xml:id="POprc558_u_32"><seg n="4" synch="#POprc558_ol_20" type="overlap" xml:id="POprc558_ol_22"><vocal subtype="wordstart" type="wordlike" voice:desc="laughing" voice:syl="4"/>  i think </seg> it was for all the french no<c function="rise" type="intonation"/></u>
            <u who="#POprc558_SS" xml:id="POprc558_u_33"><vocal subtype="wordstart" type="wordlike" voice:desc="laughing" voice:syl="6"/></u>
            <u who="#POprc558_S3" xml:id="POprc558_u_34"><seg n="5" type="overlap" xml:id="POprc558_ol_23"><vocal subtype="wordstart" type="wordlike" voice:desc="laughing" voice:syl="2"/></seg><vocal type="wordlike" voice:desc="laughing" voice:syl="4"/><seg n="6" type="overlap" xml:id="POprc558_ol_24"><vocal type="wordlike" voice:desc="laughing" voice:syl="4"/></seg></u>
            <u who="#POprc558_SX-11" xml:id="POprc558_u_35"><seg n="5" synch="#POprc558_ol_23" type="overlap" xml:id="POprc558_ol_25"><foreign type="L1" voice:translation="thanks" xml:lang="fre"> merci </foreign></seg></u>
            <u who="#POprc558_S7" xml:id="POprc558_u_36"><seg n="6" synch="#POprc558_ol_24" type="overlap" xml:id="POprc558_ol_26"> yes also <vocal subtype="wordstart" type="wordlike" voice:desc="laughing" voice:syl="2"/></seg><pause/> my question is<c type="lengthening"/> e<c type="lengthening"/>r <pause/> mister president and of course mister <supplied reason="anonymization"> [S3/last] </supplied><pause/> er what are your predictions on the ratification process<c type="lengthening"/> e<c type="lengthening"/>r <pause/> do you expect any<c type="lengthening"/> any surprises or<c function="rise" type="intonation"/><pause/> we should be calm on that <pause dur="PT2S"/></u>
            <u who="#POprc558_S2" xml:id="POprc558_u_37"> i think it will go smoothly<c function="fall" type="intonation"/> the ratification process er in fact we have been informally in contact not only with the governments but <pause/> with the parliaments we have been speaking myself and commissioner <supplied reason="anonymization"> [S3/last] </supplied><pause/> and er i believe er <pause dur="PT2S"/> the way<c type="lengthening"/> it is now <emph> seen </emph> by the member states' <pause/> e<c type="lengthening"/>r parliaments <pause/> e<c type="lengthening"/>rm is fully comparable with this approach we have been here <pause/> so<c type="lengthening"/> i believe it will <emph> not </emph> be a difficult process<c function="fall" type="intonation"/><pause/> i don't know <shift corresp="#POprc558_s_12" feature="loud" new="p" xml:id="POprc558_s_11"/><supplied reason="anonymization"> [S3] </supplied> if you want to add something <shift corresp="#POprc558_s_11" feature="loud" new="neutral" xml:id="POprc558_s_12"/><pause dur="PT1S"/></u>
            <u who="#POprc558_S3" xml:id="POprc558_u_38"><shift corresp="#POprc558_s_14" feature="loud" new="p" xml:id="POprc558_s_13"/> hm yeah <shift corresp="#POprc558_s_13" feature="loud" new="neutral" xml:id="POprc558_s_14"/><pause/> i agree and er <pause/> this er this is n- er has been er prepared er in er full consultation with the <pause/> european parliament er first of all and er the political groups of the european parliament er <pause/> have er <pause/> very close contacts er with their respective partners er <pause/> in the national parliaments er <pause dur="PT1S"/> i visited also er <pause/> the <foreign type="LN" xml:lang="ger"> bundestag </foreign> er the german parliament er <pause/> the lower house of the german parliament er <pause/> in er <pause/> may june<c function="fall" type="intonation"/><pause dur="PT1S"/> and er <pause/> we discussed er <pause/> already <emph> then </emph> er <pause dur="PT1S"/> not in precise terms but er we discussed er <pause/> on a<c type="lengthening"/><pause/> solution  which we have proposed today er  <w voice:mode="spelt"> i e  </w><pause/> accession in two thousand seven with accompanying measures er <pause/> and er and safeguards<c function="fall" type="intonation"/><voice:track medium="1" num="9" type="md"/><pause dur="PT1S"/> i trust that er <pause dur="PT1S"/> all the four countries that have not yet er ratified er the accession treaty <pause/> will do so in in due course<c function="fall" type="intonation"/><pause dur="PT1S"/></u>
            <u who="#POprc558_S1" xml:id="POprc558_u_39"> next question here <supplied reason="anonymization"> [S8] </supplied><supplied reason="anonymization"> [S8/last] </supplied><pause dur="PT2S"/></u>
            <u who="#POprc558_S8" xml:id="POprc558_u_40"> erm <pause/> er seen the<c type="lengthening"/> considerable number of shortcomings especially in bulgaria do you think<c function="rise" type="intonation"/> that<c function="rise" type="intonation"/> enlargement or <emph> this </emph> particular enlargement is difficult to sell to old  member states and will <pause/> selling enlargement get increasingly difficult<c function="fall" type="intonation"/><pause dur="PT2S"/></u>
            <u who="#POprc558_S2" xml:id="POprc558_u_41"> i think it will be difficult to sell if there was were <emph> not </emph><pause/> er accompanying measures that are strict and <emph> credible </emph><c function="fall" type="intonation"/><pause/> really<c function="fall" type="intonation"/><pause/> er <pause dur="PT1S"/><emph> very </emph> honestly er let me share wi- this with you<c function="fall" type="intonation"/><pause/> erm <pause dur="PT2S"/> we decided in the college to be completely objective<c function="fall" type="intonation"/> in this matter<c function="fall" type="intonation"/><pause/> e<c type="lengthening"/>rm <pause/> i know that it would maybe easier  in some times to say that <emph> everything </emph> is perfect<c function="fall" type="intonation"/><pause dur="PT1S"/> but as commissioner <supplied reason="anonymization"> [S3/last] </supplied> said everything is <emph> not </emph> perfect<c function="fall" type="intonation"/><pause/> so let's be frank<c function="fall" type="intonation"/><pause dur="PT1S"/> we believe it's <pause/> good<c function="fall" type="intonation"/> they are in conditions<c function="fall" type="intonation"/><pause/> they can become <emph> members </emph> of the european union because they <emph> meet </emph> the criteria <pause/> to become members but there <emph> are </emph> shortcomings<c function="fall" type="intonation"/><pause/> so our position our policy in the european commission was not to <emph> hide </emph><pause dur="PT1S"/> those shortcomings on the contrary was to address them that's why we have postponed our report in may that's why we made public the problems that's why we went to speak with authorities in sofia and bucharest <pause/> and we have done it in the <emph> most </emph><pause/> objective <pause/><emph> open </emph> transparent <emph> rigorous </emph> way<c function="fall" type="intonation"/><pause/><emph> if </emph> that was not the case i believe we could have difficulties to sell<c function="fall" type="intonation"/><emph> now </emph> we are giving <pause/> all the points to the public opinion in eur- europe<c function="fall" type="intonation"/> and i believe that the public opinion <emph> un</emph>derstands <pause/> that's a <emph> great </emph> historic achievement<c function="fall" type="intonation"/><pause/> when you think the situation those countries were sometime ago <pause/> subject to totalitarian systems <pause/> with no freedom of expression <pause/> with totalitarian control of their societies <pause/> and now they are able to join this great european adventure what a great <emph> achievement </emph><c function="rise" type="intonation"/><pause/> and <pause/> would it help now to postpone one or m- more years<c function="rise" type="intonation"/><pause/> i don't think it would postpone it won't be good for bu- bulgaria or romania it will not be <emph> good </emph> for us <pause/> so we have <emph> all </emph> the arguments <pause/> to explain to our public opinion <pause dur="PT1S"/><emph> yes </emph><pause/> they are ready <pause/> there are still some shortcomings but we have the <emph> instruments </emph> the <emph> remedies </emph> the <emph> accompanying </emph> measures to to e<c type="lengthening"/>rm <pause dur="PT1S"/> to to solve this th- the remaining issues<c function="fall" type="intonation"/> and so <emph> i </emph> believe <pause/> we can <pause/> d- use your or your word <emph> sell </emph> it <pause/> er very well<c function="fall" type="intonation"/><pause/> about <emph> enlargement </emph><c function="rise" type="intonation"/><pause/> i will also answer to you<c function="fall" type="intonation"/> i think <pause/> of <emph> course </emph> there are some concerns <shift corresp="#POprc558_s_16" feature="tempo" new="a" xml:id="POprc558_s_15"/> in the public opinion about enlargement <shift corresp="#POprc558_s_15" feature="tempo" new="neutral" xml:id="POprc558_s_16"/> let's once again be frank and honest about this <pause/> let's not <emph> pretend </emph> there are no problems<c function="fall" type="intonation"/><pause/> that's <emph> why </emph><pause dur="PT1S"/> i am <emph> asking </emph><pause dur="PT1S"/> the leaders of europe <pause/> not only the commission not only the european parliament <pause/> not only those who were in brussels or strasbourg to <voice:track medium="1" num="10" type="md"/> explain to their respective public opinions wha- how important it is enlargement <pause/> what <emph> we </emph><emph> have </emph><emph> gained </emph> for it<c function="fall" type="intonation"/><pause/> not only the new members but for instance the <pause/><emph> increase </emph> in exports of the european union fifteen previous members to the <emph> ten </emph> new members <pause/> the enlargement these two years has been already a <emph> very </emph> important driver for economic growth<c function="fall" type="intonation"/> the economic growth we <emph> have </emph> been now witness in europe part of it at least <pause/><emph> is </emph> a result of this enlargement<c function="fall" type="intonation"/> if you look at exports of some of the members of the european <pause/> er union before the last enlargement <pause/> so the cr- the inc<c type="lengthening"/>reased pressure for more <voice:pvc> competiveness </voice:pvc> this i- a <emph> lot </emph> of things apar- apart from of course the political historic cultural <pause/> matter<c function="fall" type="intonation"/> so <emph> that's </emph> why we are <emph> calling </emph> the european leaders to <emph> make </emph> the case for enlargement<c function="fall" type="intonation"/><pause dur="PT1S"/> we don't listen them to very often to explain that <pause/> sometimes when there is a concern when there is a problem with s- so-called problem of <voice:pvc> delocalization </voice:pvc> we listen the problem<c function="fall" type="intonation"/> but when there are <emph> advantages </emph> where there is a <emph> business </emph> growth when there are more <emph> exports </emph> when there is an increase of tourism when there is <pause/> erm er <emph> more </emph> let's say <pause/> economic advantages we don't see <pause/> everybody giving the credit to the enlargement it should so <emph> yes </emph><pause/> it can be a problem to to explain this but i believe that with <emph> rational </emph> explanations we can win the case for an enlargement <pause/><emph> at </emph> the same time <pause/> making it clear that we need to reinforce our decision making process in europe<c function="fall" type="intonation"/><pause dur="PT1S"/></u>
            <u who="#POprc558_S1" xml:id="POprc558_u_42"><voice:to who="#POprc558_S3"><shift corresp="#POprc558_s_18" feature="loud" new="p" xml:id="POprc558_s_17"/> or you <pause/> want to <seg n="7" type="overlap" xml:id="POprc558_ol_27"><unclear> add </unclear> something<c function="rise" type="intonation"/></seg><shift corresp="#POprc558_s_17" feature="loud" new="neutral" xml:id="POprc558_s_18"/></voice:to><pause dur="PT1S"/></u>
            <u who="#POprc558_S3" xml:id="POprc558_u_43"><seg n="7" synch="#POprc558_ol_27" type="overlap" xml:id="POprc558_ol_28"><shift corresp="#POprc558_s_20" feature="loud" new="p" xml:id="POprc558_s_19"/><unclear> no thank you </unclear><shift corresp="#POprc558_s_19" feature="loud" new="neutral" xml:id="POprc558_s_20"/></seg></u>
            <u who="#POprc558_S1" xml:id="POprc558_u_44"> next question here in the front row please <pause dur="PT1S"/></u>
            <u who="#POprc558_S9" xml:id="POprc558_u_45"> thank you <pause/> e<c type="lengthening"/>rm <supplied reason="anonymization"> [S9] </supplied><supplied reason="anonymization"> [S9/last] </supplied><supplied reason="anonymization"> [org3] </supplied><c function="fall" type="intonation"/> bulgaria mister <supplied reason="anonymization"> [S2/last] </supplied> and mister <supplied reason="anonymization"> [S3/last] </supplied><pause/> my question is <pause/> what are you going to say to the people of bulgaria and romania in order to convince them that despite the mechanisms <pause/> and other measures <pause/> they will <emph> not </emph> be second-class citizens <pause dur="PT1S"/></u>
            <u who="#POprc558_S2" xml:id="POprc558_u_46"> first of all<c function="rise" type="intonation"/><pause/> er we are going to say <emph> them </emph> what <unclear> are we </unclear> telling here<c function="fall" type="intonation"/><shift corresp="#POprc558_s_22" feature="voice" new="laugh" xml:id="POprc558_s_21"/> we cannot have a different message <shift corresp="#POprc558_s_21" feature="voice" new="neutral" xml:id="POprc558_s_22"/><pause/> e<c type="lengthening"/>r and er they are not second-class <pause/> citizens<c function="rise" type="intonation"/><pause/> we have <pause/> already in the previous enlargements have safeguard <unclear> clauses </unclear><c function="rise" type="intonation"/><pause/> er also for the last ten new members<c function="rise" type="intonation"/><pause/> also for my <emph> country </emph> when we became members in eighty-six <pause/> or<c type="lengthening"/> any other country so this  safeguard measures <emph> are </emph> e<c type="lengthening"/>rm <pause dur="PT2S"/> a routine if i could say that in the european <pause/> enlargement process<c function="fall" type="intonation"/> it <emph> depends </emph> now <pause dur="PT1S"/> on the <emph> bulgarian </emph><pause/><emph> and </emph> romanian authorities <pause dur="PT1S"/> to apply it or not <pause/> so <emph> yes </emph> we are <emph> asking </emph><pause/> the bulgarian and romanian authorities <pause/> an additional effort until the accession yes we <emph> are </emph><c function="fall" type="intonation"/> but that's the positive thing about it<c function="fall" type="intonation"/><pause/> er so we are putting it as p<c type="lengthening"/>ositively as possi- <pause/> and we believe this is the the right way<c function="fall" type="intonation"/> and so bulgaria and romania <emph> if </emph> the council approves  our<c type="lengthening"/> r<c type="lengthening"/>ecommendation now <pause/> will become <emph> full </emph> members <pause/> the first of january  two thousand seven<c function="fall" type="intonation"/><pause/> not second-class <voice:track medium="1" num="11" type="md"/> members <emph> full </emph> members two thousand seven<c function="fall" type="intonation"/><pause dur="PT1S"/><voice:to who="#POprc558_S3"><shift corresp="#POprc558_s_24" feature="loud" new="p" xml:id="POprc558_s_23"/> i don't know if you want to <shift corresp="#POprc558_s_23" feature="loud" new="neutral" xml:id="POprc558_s_24"/></voice:to><pause/></u>
            <u who="#POprc558_SX-1" xml:id="POprc558_u_47"><shift corresp="#POprc558_s_26" feature="loud" new="p" xml:id="POprc558_s_25"/> it's <supplied reason="unintelligible"> xx </supplied><shift corresp="#POprc558_s_25" feature="loud" new="neutral" xml:id="POprc558_s_26"/></u>
            <u who="#POprc558_S3" xml:id="POprc558_u_48"><shift corresp="#POprc558_s_28" feature="loud" new="p" xml:id="POprc558_s_27"/> it's fine <shift corresp="#POprc558_s_27" feature="loud" new="neutral" xml:id="POprc558_s_28"/><pause dur="PT1S"/></u>
            <u who="#POprc558_S1" xml:id="POprc558_u_49"> the next question up in the last row mister <supplied reason="anonymization"> [S10/last] </supplied><c function="fall" type="intonation"/><pause dur="PT3S"/></u>
         </div>
         <gap dur="PT00H01M05S" reason="not_transcribed" voice:desc="non-e; S10 jokes about the issue of speaking french in french, then continues in german, enquires about mechanisms of transition, asks whether deferring accession is a good idea in order to avoid more clauses, S12 translates simultaneously into english"/>
         <div type="medium" voice:end="01:43" voice:end_medium_number="1" voice:end_track="12" voice:medium_type="md" voice:start="01:18" voice:start_medium_number="1" voice:start_track="11">
            <u who="#POprc558_S3" xml:id="POprc558_u_50"> thank you for this er <pause/> this er question er<c function="fall" type="intonation"/><pause dur="PT1S"/> indeed er <pause/> this <pause dur="PT1S"/> accompanying measures er <pause/> were introduced er <pause dur="PT1S"/> partly because er we learned er certain lessons er from the previous round of enlargement er <pause/> previous rounds of enlargements er and er we want to <pause/><emph> ensure </emph> that er <pause/> we have er all the possible tools er <pause/> to redress er problems er if there are problems er <pause/> once the countries er have joined the the union<c function="fall" type="intonation"/><pause dur="PT1S"/> at the same time er <pause dur="PT1S"/> it is important that er we also learn a lesson <pause dur="PT1S"/> from the cases of bulgaria and er romania <pause dur="PT1S"/> for the future purposes er say<c type="lengthening"/> as regards er croatia <pause/> as regards er <pause/> turkey or as regards er the countries of the western balkans er<c function="fall" type="intonation"/><pause/> for instance er we are <pause/> in very intensive negotiations currently with er croatia <pause/> and it's very important that er croatia <pause/> gets the right <emph> message </emph> er <pause/> that er it is er <pause/> important er <pause dur="PT1S"/> in a <voice:pvc> frontloaded </voice:pvc> manner in the beginning of the negotiation process er to tackle <pause/> problems er related er <pause/> to the judiciary system <pause dur="PT1S"/> to corruption and er organized er crime<c function="fall" type="intonation"/><pause/> croatia is er <pause/> in many ways a very <pause/> developed country politically and er and er economically and <voice:pvc> societally </voice:pvc><pause dur="PT1S"/> but er at the same time er croatia also <pause/> suffers er from problems er <pause/> over corruption and er functioning of the judiciary <pause/> and i hope indeed that er croatia will <pause/> itself learn the lesson <pause/> now so that er we don't have to consider any <pause/> particular accompanying measures er by the time when croatia <voice:track medium="1" num="12" type="md"/> otherwise er might be ready to join the union<c function="fall" type="intonation"/><pause dur="PT2S"/></u>
            <u who="#POprc558_S1" xml:id="POprc558_u_51"> thank you very much we can take er one last question before we have to close er <pause/> here in <pause/><shift corresp="#POprc558_s_30" feature="loud" new="p" xml:id="POprc558_s_29"/> er the middle row please <shift corresp="#POprc558_s_29" feature="loud" new="neutral" xml:id="POprc558_s_30"/></u>
            <u who="#POprc558_S13" xml:id="POprc558_u_52"> president <supplied reason="anonymization"> [S2/last] </supplied> erm <pause/><vocal subtype="wordstart" type="wordlike" voice:desc="laughing" voice:syl="1"/> could you er since you are focusing rightfully on the nice  treaty as demanded for institution reforms before any more <pause/> er new members could be taken in <pause/> the family<c function="fall" type="intonation"/> could you foresee that <pause/><emph> that </emph> part is taken out of the treaty<c function="rise" type="intonation"/><pause/> and er is being er negotiated and er thereby you can give the croatian people <pause/> perhaps some hopes<c function="rise" type="intonation"/></u>
            <u who="#POprc558_S2" xml:id="POprc558_u_53"> i'm not going to make speculations now about the way<c type="lengthening"/><pause/> we should solve <shift corresp="#POprc558_s_32" feature="tempo" new="a" xml:id="POprc558_s_31"/> the institutional issue what <shift corresp="#POprc558_s_31" feature="tempo" new="neutral" xml:id="POprc558_s_32"/> i said is <emph> simply </emph> a question of <emph> good </emph><emph> common </emph><emph> sense </emph><c function="fall" type="intonation"/><pause dur="PT1S"/> to enla<c type="lengthening"/>rge we need at the same time to reform our institutions<c function="rise" type="intonation"/><pause/> i repeat once again now in english i have said it before in french  we are <emph> not </emph> changing the timetables not at all <pause/> what we are <emph> saying </emph> is to <emph> respect </emph> the timetables and the timetables that the leaders of europe have themselves set was <pause/> until the end of two thousand eight to solve the constitutional institutional question<c function="rise" type="intonation"/><pause/> and then we go with the enlargement<c function="fall" type="intonation"/> but it's not up to me <emph> now </emph> to have the magic solution for that important problem what it is obvious from <pause/> our point of view is that we need <pause/> to <pause/> adapt our <emph> in</emph>stitutions to this enla<c type="lengthening"/><c type="lengthening"/>rged europe so that it can be at the same time a la- large a widen wide europe but with strong commitment and efficient way of taking decisions<c function="fall" type="intonation"/><shift corresp="#POprc558_s_34" feature="loud" new="p" xml:id="POprc558_s_33"/> okay<c function="rise" type="intonation"/><pause dur="PT1S"/> thank you <shift corresp="#POprc558_s_33" feature="loud" new="neutral" xml:id="POprc558_s_34"/></u>
            <u who="#POprc558_S1" xml:id="POprc558_u_54"> thank you very much thank you for having been with us and have a nice day  </u>
            <u who="#POprc558_SS" xml:id="POprc558_u_55"><vocal voice:desc="applauds"/></u>
         </div>
      </body>
   </text>
</TEI>