<TEI xmlns="http://www.tei-c.org/ns/1.0" xmlns:voice="http://www.univie.ac.at/voice/ns/1.0" xmlns:xi="http://www.w3.org/2001/XInclude" version="5" xml:id="POprc559" xml:lang="eng">
   <teiHeader>
      <fileDesc>
         <titleStmt>
            <title>press conference on the EU-Norway energy partnership dialogue</title>
            <principal>Prof. Barbara Seidlhofer</principal>
            <editor/>
            <funder>Austrian Science Foundation (FWF)</funder>
            <sponsor/>
            <respStmt>
               <resp>Corpus Compilation</resp>
               <orgName>VOICE Project</orgName>
               <persName>Barbara Seidlhofer</persName>
               <persName>Angelika Breiteneder</persName>
               <persName>Marie-Luise Pitzl</persName>
               <persName>Stefan Majewski</persName>
               <persName>Theresa Klimpfinger</persName>
            </respStmt>
         </titleStmt>
         <editionStmt>
		<edition>Version 1.0 XML, <date>May 2011</date></edition>
	  <respStmt>
		<resp>Researchers</resp>
		<name>Barbara Seidlhofer</name> 		
		<name>Angelika Breiteneder</name> 
		<name>Theresa Klimpfinger</name> 
		<name>Stefan Majewski</name> 
		<name>Marie-Luise Pitzl</name> 
	  </respStmt>
	</editionStmt>
         <publicationStmt>
		<publisher>Barbara Seidlhofer, Stefan Majewski, Marie-Luise Pitzl</publisher> 
	  <distributor>VOICE Project, University of Vienna, Austria</distributor> 
	  <address>
		<addrLine>Spitalgasse 2, AAKH Hof 8</addrLine> 
		<addrLine>1090 Vienna</addrLine> 
		<addrLine>Austria</addrLine> 
		<addrLine>Telephone: +43 1 427742446</addrLine> 
	  	<addrLine>Email: voice@univie.ac.at</addrLine> 
		<addrLine>Website: http://www.univie.ac.at/voice</addrLine> 
	  </address>
	  <availability status="free">
	  	<p>
		  The Vienna-Oxford International Corpus of English (VOICE)
		  was created by Barbara Seidlhofer (project director) and
		  Angelika Breiteneder, Theresa Klimpfinger, Stefan Majewski,
		  Marie-Luise Pitzl (project researchers). VOICE 1.0 XML is
		  available for download at the VOICE Project's website <ref target="http://www.univie.ac.at/voice/">http://www.univie.ac.at/voice/</ref>
		  under a Creative Commons
		  Attribution-NonCommercial-ShareAlike 3.0 Unported (CC
		  BY-NC-SA 3.0) License (<ref target="http://creativecommons.org/licenses/by-nc-sa/3.0/">
		  http://creativecommons.org/licenses/by-nc-sa/3.0/
		  </ref>). The original audio files are held at the Department
		  of English, University of Vienna. 23 selected audio files
		  are available as audio streams in the VOICE Online interface
		  at the VOICE Project's website <ref target="http://www.univie.ac.at/voice">http://www.univie.ac.at/voice</ref>.
		</p>
		<p>
		The recommended citation for VOICE 1.0 XML is:
		</p>
		<p>
		<bibl><title>VOICE</title>. <date>2011</date>. <title level="m">The Vienna-Oxford International Corpus of
		English</title> (<edition>version 1.0
		XML</edition>). Director: Barbara Seidlhofer; Researchers:
		Angelika Breiteneder, Theresa Klimpfinger, Stefan Majewski,
		Marie-Luise Pitzl.</bibl>
		</p>
		<p>The short citation for VOICE 1.0 XML is:
		</p>
		<p>
		<bibl><title>VOICE</title>. <date>2011</date>. <title level="m">The Vienna-Oxford International Corpus of
		English</title> (<edition>version 1.0
		XML</edition>).</bibl></p>
		<p>
		  For further information about availability and copyright
		  permissions, please see the README file included in the
		  download package. For further enquiries please contact the
		  VOICE Project at <ref target="mailto:voice@univie.ac.at">voice@univie.ac.at</ref>.
		</p>
	  </availability>
	</publicationStmt>
         <notesStmt>
            <note xml:id="POprc559_wc">Words: 5421</note>
            <note xml:id="POprc559_tn_0">This press conference of the EU is on the EU-Norway Energy Partnership dialogue. It starts with two short statements by the minister and the commissioner, then a question-answer session with journalists follows.  </note>
         </notesStmt>
         <sourceDesc>
            <recordingStmt>
               <recording dur="PT00H34M57S" type="audio">
                  <date>2006-09-15</date>
                  <equipment>
                     <p>unknown</p>
                  </equipment>
                  <respStmt>
                     <resp>recording</resp>
                     <name>European Commission</name>
                     <name> Audiovisual Service</name>
                  </respStmt>
               </recording>
            </recordingStmt>
         </sourceDesc>
      </fileDesc>
      <encodingDesc>
         <classDecl>
            <taxonomy>
               <category xml:id="POprc559_domain">
                  <catDesc>Domain</catDesc>
                  <category sameAs="#ED" xml:id="POprc559_ED">
                     <catDesc>educational</catDesc>
                  </category>
                  <category sameAs="#LE" xml:id="POprc559_LE">
                     <catDesc>leisure</catDesc>
                  </category>
                  <category sameAs="#PB" xml:id="POprc559_PB">
                     <catDesc>professional business</catDesc>
                  </category>
                  <category sameAs="#PO" xml:id="POprc559_PO">
                     <catDesc>professional organizational</catDesc>
                  </category>
                  <category sameAs="#PR" xml:id="POprc559_PR">
                     <catDesc>professional research/science</catDesc>
                  </category>
               </category>
               <category xml:id="POprc559_spet">
                  <catDesc>Speech Event Type</catDesc>
                  <category sameAs="#int" xml:id="POprc559_int">
                     <catDesc>interview</catDesc>
                  </category>
                  <category sameAs="#prc" xml:id="POprc559_prc">
                     <catDesc>press conference</catDesc>
                  </category>
                  <category sameAs="#sve" xml:id="POprc559_sve">
                     <catDesc>service encounter</catDesc>
                  </category>
                  <category sameAs="#sed" xml:id="POprc559_sed">
                     <catDesc>seminar discussion</catDesc>
                  </category>
                  <category sameAs="#wgd" xml:id="POprc559_wgd">
                     <catDesc>working group discussion</catDesc>
                  </category>
                  <category sameAs="#wsd" xml:id="POprc559_wsd">
                     <catDesc>workshop discussion</catDesc>
                  </category>
                  <category sameAs="#mtg" xml:id="POprc559_mtg">
                     <catDesc>meeting</catDesc>
                  </category>
                  <category sameAs="#pan" xml:id="POprc559_pan">
                     <catDesc>panel</catDesc>
                  </category>
                  <category sameAs="#qas" xml:id="POprc559_qas">
                     <catDesc>question-answer session</catDesc>
                  </category>
                  <category sameAs="#con" xml:id="POprc559_con">
                     <catDesc>conversation</catDesc>
                  </category>
               </category>
            </taxonomy>
         </classDecl>
         <tagsDecl><namespace name="http://www.tei-c.org/ns/1.0">
      <tagUsage gi="TEI" occurs="1"/>
      <tagUsage gi="teiHeader" occurs="1"/>
      <tagUsage gi="fileDesc" occurs="1"/>
      <tagUsage gi="titleStmt" occurs="1"/>
      <tagUsage gi="title" occurs="5"/>
      <tagUsage gi="principal" occurs="1"/>
      <tagUsage gi="editor" occurs="1"/>
      <tagUsage gi="funder" occurs="1"/>
      <tagUsage gi="sponsor" occurs="1"/>
      <tagUsage gi="respStmt" occurs="3"/>
      <tagUsage gi="resp" occurs="3"/>
      <tagUsage gi="orgName" occurs="1"/>
      <tagUsage gi="persName" occurs="5"/>
      <tagUsage gi="editionStmt" occurs="1"/>
      <tagUsage gi="edition" occurs="3"/>
      <tagUsage gi="date" occurs="4"/>
      <tagUsage gi="name" occurs="9"/>
      <tagUsage gi="publicationStmt" occurs="1"/>
      <tagUsage gi="publisher" occurs="1"/>
      <tagUsage gi="distributor" occurs="1"/>
      <tagUsage gi="address" occurs="1"/>
      <tagUsage gi="addrLine" occurs="6"/>
      <tagUsage gi="availability" occurs="1"/>
      <tagUsage gi="p" occurs="7"/>
      <tagUsage gi="ref" occurs="5"/>
      <tagUsage gi="bibl" occurs="2"/>
      <tagUsage gi="notesStmt" occurs="1"/>
      <tagUsage gi="note" occurs="2"/>
      <tagUsage gi="sourceDesc" occurs="1"/>
      <tagUsage gi="recordingStmt" occurs="1"/>
      <tagUsage gi="recording" occurs="1"/>
      <tagUsage gi="equipment" occurs="1"/>
      <tagUsage gi="encodingDesc" occurs="1"/>
      <tagUsage gi="classDecl" occurs="1"/>
      <tagUsage gi="taxonomy" occurs="1"/>
      <tagUsage gi="category" occurs="17"/>
      <tagUsage gi="catDesc" occurs="17"/>
      <tagUsage gi="tagsDecl" occurs="1"/>
      <tagUsage gi="namespace" occurs="2"/>
      <tagUsage gi="tagUsage" occurs="81"/>
      <tagUsage gi="gi" occurs="5"/>
      <tagUsage gi="att" occurs="15"/>
      <tagUsage gi="list" occurs="12"/>
      <tagUsage gi="label" occurs="22"/>
      <tagUsage gi="val" occurs="44"/>
      <tagUsage gi="item" occurs="42"/>
      <tagUsage gi="profileDesc" occurs="1"/>
      <tagUsage gi="textClass" occurs="1"/>
      <tagUsage gi="catRef" occurs="2"/>
      <tagUsage gi="settingDesc" occurs="1"/>
      <tagUsage gi="setting" occurs="1"/>
      <tagUsage gi="locale" occurs="1"/>
      <tagUsage gi="activity" occurs="1"/>
      <tagUsage gi="particDesc" occurs="1"/>
      <tagUsage gi="listPerson" occurs="4"/>
      <tagUsage gi="personGrp" occurs="3"/>
      <tagUsage gi="person" occurs="18"/>
      <tagUsage gi="age" occurs="11"/>
      <tagUsage gi="sex" occurs="11"/>
      <tagUsage gi="langKnowledge" occurs="11"/>
      <tagUsage gi="langKnown" occurs="12"/>
      <tagUsage gi="occupation" occurs="10"/>
      <tagUsage gi="relationGrp" occurs="1"/>
      <tagUsage gi="relation" occurs="2"/>
      <tagUsage gi="revisionDesc" occurs="1"/>
      <tagUsage gi="change" occurs="5"/>
      <tagUsage gi="text" occurs="1"/>
      <tagUsage gi="body" occurs="1"/>
      <tagUsage gi="div" occurs="2"/>
      <tagUsage gi="u" occurs="105">Used to mark a stretch of speech commonly
		preceded and followed by a pause or by a change of speaker. A
		<gi>u</gi> is, however, not required to be bounded by a pause or
		a change of speaker, nor does it represent a turn in a
		conversation analytic sense. At a minimum, a <gi>u</gi> is some
		phonetic production or noise made by a given speaker or a group of speakers.</tagUsage>
      <tagUsage gi="c" occurs="155">Used to mark lengthening of sounds and
		intonation (fall, rise). The following <att>type</att>
		attributes are used to mark:
		<list>
		  <label><val>lengthening</val></label><item>lengthened
		  sounds</item>
		  <label><val>intonation</val></label><item>a significant change in
		  intonation, marked with the following <att>function</att>
		  attribute for:
		  <list>
			<label><val>fall</val></label><item>falling
			intonation</item>
			<label><val>rise</val></label><item>rising intonation</item>
		  </list>
		</item>
		</list>
		Intonation may or may not coincide with
		syntactic boundaries.
		</tagUsage>
      <tagUsage gi="pause" occurs="569">Used to mark a pause either between or
		within utterances. Used without <att>dur</att> attribute to
		indicate a brief pause up to half a second.
		</tagUsage>
      <tagUsage gi="w" occurs="24">
		  Used with the <att>type</att> attribute set to
		  <val>spelt</val> to mark words or word fragments which are
		  spelt out, i.e. words whose constituents are pronounced as
		  individual letters.
		</tagUsage>
      <tagUsage gi="supplied" occurs="55">Used to mark text supplied by the
		transcriber because the original is unintelligible or needed to
		be anonymized. The <att>reason</att> attribute is used to mark:
		<list>
		  <label><val>unintelligible</val></label><item>unintelligible
		  speech</item>
		  <label><val>anonymization</val></label><item>anonymized
		  speech</item>
		</list>
		</tagUsage>
      <tagUsage gi="emph" occurs="99">Used to mark speech which is stressed or
		emphasized in a way that goes beyond regular nuclear
		stress.</tagUsage>
      <tagUsage gi="unclear" occurs="32">Used to mark speech which cannot be
		transcribed with certainty, because it is difficult to hear or
		understand for the transcriber.</tagUsage>
      <tagUsage gi="shift" occurs="44">Used to mark the point at which some
		paralinguistic feature changes. The following attribute values
		are used to mark:
		<list>
          <label>
            <val>voice</val>
          </label>
          <item>voice quality
          <list>
            <item><val>imitating</val></item>
            <item><val>laugh</val></item>
            <item><val>neutral</val></item>
            <item><val>phone</val></item>
            <item><val>reading</val></item>
            <item><val>reading_aloud</val></item>
            <item><val>sigh</val></item>
            <item><val>singing</val></item>
            <item><val>whisp</val></item>
            <item><val>yawning</val></item>
          </list>
          </item>
          <label>
          <val>tempo</val></label>
          <item>speed of utterance
            <list>
              <label><val>a</val></label>
              <item>accelerando</item>
              <label><val>l</val></label>
              <item>lento</item>
              <label><val>neutral</val></label>
              <item>neutral</item>
            </list>
          </item>
          <label>
          <val>loud</val></label>
          <item>loudness
            <list>
              <item><val>f</val></item>
              <item><val>neutral</val></item>
              <item><val>p</val></item>
            </list>
          </item>
		  </list>
		</tagUsage>
      <tagUsage gi="foreign" occurs="3">Used to mark a word or phrase as
		belonging to some language other than English. The following
		values for the <att>type</att> attribute are used to mark:
		<list>
		  <label><val>L1</val></label><item>the speaker's first
		  language</item>
		  <label><val>LN</val></label><item>a language other than the
		  speaker's first language</item>
		  <label><val>LQ</val></label><item>a language where it cannot
		  be ascertained whether it is the speaker's first or other
		  language.</item>
		</list>
		Whenever possible, the 
		<att>voice:translation</att> attribute provides a rough translation of the
		non-English speech into English.
		</tagUsage>
      <tagUsage gi="gap" occurs="1">Used to mark points where a short portion of
		speech has not been recorded or has been left untranscribed,
		whether for editorial reasons, as part of the sampling practice,
		or because the material is inaudible or comprises sensitive
		content. The following <att>reason</att> attributes are used to
		mark:
		<list>
		  <label><val>not_recorded</val></label><item>Not recorded
		  speech</item>
		  <label><val>not_transcribed</val></label><item>Not transcribed
		  speech</item>
		</list>
		Further information on the reason for a gap is provided within
		the <att>voice:desc</att> attribute.
		</tagUsage>
      <tagUsage gi="vocal" occurs="18">Used to mark laughter and other speaker
		noises and non-verbal feedback.
        <list>
          <label>
            <val>speaker_noise</val>
          </label>
          <item>
            <list>
              <item>
                <val>coughing</val>
              </item>
              <item>
                <val>nods</val>
              </item>
              <item>
                <val>shakes head</val>
              </item>
              <item>
                <val>smacks lips</val>
              </item>
              <item>
                <val>sniffs</val>
              </item>
              <item>
                <val>swallows</val>
              </item>
              <item>
                <val>whistles</val>
              </item>
            </list>
          </item>
          <label>
            <val>wordlike</val>
          </label>
          <item>
            <val>laughing</val>
          </item>
        </list>
        </tagUsage>
      <tagUsage gi="seg" occurs="28">Used with different <att>type</att> attributes to mark:
		<list>
		  <label><att>type</att><val>overlap</val></label>
		  <item>overlaps</item>
		  <label><att>type</att><val>onomatopoeia</val></label>
		  <item>onomatopoeic sounds</item>
		  <label><att>type</att><val>ipa</val></label>
		  <item>transcriptions in the international phonetic alphabet</item>
		</list>
		</tagUsage>
      <tagUsage gi="anchor" occurs="16">Used to mark other-continuation,
		i.e. whenever a speaker continues another speaker's <gi>u</gi>
		without a pause. Other-continuation is to be interpreted
		temporally and does not relate to form or content of the
		speakers' utterances.</tagUsage></namespace><namespace name="http://www.univie.ac.at/voice/ns/1.0">
      <tagUsage gi="voice:pvc" occurs="16">Used to mark a pronunciation variation
		or coinage as described in <ref target="http://www.univie.ac.at/voice/documents/VOICE_mark-up_conventions_v2-1.pdf">the
			VOICE mark-up conventions [2.1].</ref>the
			VOICE mark-up conventions [2.1]. An existing word corresponding to the PVC may be provided within a <att>comment</att>comment attribute within the <gi>voice:pvc</gi>voice:pvc element. Additional phonetic
			transcription may be provided within a <att>voice:ipa</att>voice:ipa attribute
			within the <gi>voice:pvc</gi>voice:pvc element.</tagUsage>
      <tagUsage gi="voice:track" occurs="11">Used to mark the beginning of a new
		audio track used in transcription (usually three minutes in length) and thus refers to the audio recording
		of the transcribed speech event.
		</tagUsage></namespace></tagsDecl>
      </encodingDesc>
      <profileDesc>
         <textClass>
            <catRef target="#POprc559_PO #POprc559_prc"/>
            <catRef target="#PO #prc"/>
         </textClass>
         <settingDesc>
            <setting>
               <name type="country">BE</name>
               <name type="city">Brussels</name>
               <locale>conference room</locale>
               <activity>unknown</activity>
            </setting>
         </settingDesc>
         <particDesc>
            <listPerson type="main">
               <listPerson type="groups">
                  <personGrp role="speakers" size="11"/>
                  <personGrp role="interactants" size="11"/>
                  <personGrp role="audience" size="unknown"/>
               </listPerson>
               <listPerson type="identified">
                  <person role="chair" sameAs="#P615" xml:id="POprc559_S1">
                     <age value="0">unknown</age>
                     <sex value="1">male</sex>
                     <langKnowledge>
                        <langKnown level="L1" tag="spa-ES"/>
                        <langKnown level="L1" tag="cat"/>
                     </langKnowledge>
                  </person>
                  <person role="presenter" sameAs="#P616" xml:id="POprc559_S2">
                     <age value="0">unknown</age>
                     <sex value="1">male</sex>
                     <occupation>EU politician</occupation>
                     <langKnowledge>
                        <langKnown level="L1" tag="lav-LV"/>
                     </langKnowledge>
                  </person>
                  <person role="presenter" sameAs="#P617" xml:id="POprc559_S3">
                     <age value="0">unknown</age>
                     <sex value="1">male</sex>
                     <occupation>politician</occupation>
                     <langKnowledge>
                        <langKnown level="L1" tag="nor-NO"/>
                     </langKnowledge>
                  </person>
                  <person role="audience" sameAs="#P618" xml:id="POprc559_S4">
                     <age value="0">unknown</age>
                     <sex value="1">male</sex>
                     <occupation>journalist</occupation>
                     <langKnowledge>
                        <langKnown level="L1" tag="ger"/>
                     </langKnowledge>
                  </person>
                  <person role="audience" sameAs="#P619" xml:id="POprc559_S5">
                     <age value="0">unknown</age>
                     <sex value="1">male</sex>
                     <occupation>journalist</occupation>
                     <langKnowledge>
                        <langKnown level="L1" tag="fre"/>
                     </langKnowledge>
                  </person>
                  <person role="audience" sameAs="#P620" xml:id="POprc559_S6">
                     <age value="0">unknown</age>
                     <sex value="1">male</sex>
                     <occupation>journalist</occupation>
                     <langKnowledge>
                        <langKnown level="L1" tag="nor-NO"/>
                     </langKnowledge>
                  </person>
                  <person role="audience" sameAs="#P621" xml:id="POprc559_S7">
                     <age value="0">unknown</age>
                     <sex value="1">male</sex>
                     <occupation>journalist</occupation>
                     <langKnowledge>
                        <langKnown level="L1" tag="nor-NO"/>
                     </langKnowledge>
                  </person>
                  <person role="audience" sameAs="#P622" xml:id="POprc559_S8">
                     <age value="0">unknown</age>
                     <sex value="1">male</sex>
                     <occupation>journalist</occupation>
                     <langKnowledge>
                        <langKnown level="L1" tag="und"/>
                     </langKnowledge>
                  </person>
                  <person role="audience" sameAs="#P623" xml:id="POprc559_S9">
                     <age value="0">unknown</age>
                     <sex value="2">female</sex>
                     <occupation>journalist</occupation>
                     <langKnowledge>
                        <langKnown level="L1" tag="nor-NO"/>
                     </langKnowledge>
                  </person>
                  <person role="audience" sameAs="#P624" xml:id="POprc559_S10">
                     <age value="0">unknown</age>
                     <sex value="1">male</sex>
                     <occupation>journalist</occupation>
                     <langKnowledge>
                        <langKnown level="L1" tag="eng-US"/>
                     </langKnowledge>
                  </person>
                  <person role="audience" sameAs="#P625" xml:id="POprc559_S11">
                     <age value="0">unknown</age>
                     <sex value="1">male</sex>
                     <occupation>journalist</occupation>
                     <langKnowledge>
                        <langKnown level="L1" tag="eng-US"/>
                     </langKnowledge>
                  </person>
               </listPerson>
               <listPerson type="not_identified">
                  <person corresp="#POprc559_S3" sameAs="#SX" xml:id="POprc559_SX-3"/>
                  <person sameAs="#SS" xml:id="POprc559_SS"/>
                  <person corresp="#POprc559_S1" sameAs="#SX" xml:id="POprc559_SX-1"/>
                  <person sameAs="#SX-f" xml:id="POprc559_SX-f"/>
                  <person sameAs="#SX-m" xml:id="POprc559_SX-m"/>
                  <person corresp="#POprc559_S6" sameAs="#SX" xml:id="POprc559_SX-6"/>
                  <person sameAs="#SX" xml:id="POprc559_SX"/>
               </listPerson>
               <relationGrp>
                  <relation mutual="#POprc559_S1 #POprc559_S10 #POprc559_S11 #POprc559_S2 #POprc559_S3 #POprc559_S4 #POprc559_S5 #POprc559_S6 #POprc559_S7 #POprc559_S8 #POprc559_S9" name="fairly_asymmetrical" type="power"/>
                  <relation mutual="#POprc559_S1 #POprc559_S10 #POprc559_S11 #POprc559_S2 #POprc559_S3 #POprc559_S4 #POprc559_S5 #POprc559_S6 #POprc559_S7 #POprc559_S8 #POprc559_S9" name="predominantly_unacquainted" type="acquaintedness"/>
               </relationGrp>
            </listPerson>
         </particDesc>
      </profileDesc>
      <revisionDesc>
         <change when="2009-05-19" who="SM">conversion to XML</change>
         <change when="2009-05-12" who="TK">finalized for publication</change>
         <change when="2009-02-12" who="TK">proof-reading</change>
         <change when="2007-11-27" who="HB">checking</change>
         <change when="2007-10-22" who="JH">transcription</change>
      </revisionDesc>
   </teiHeader>
   <text>
      <body>
         <div type="medium" voice:end="02:19" voice:end_medium_number="1" voice:end_track="4" voice:medium_type="md" voice:start="00:00" voice:start_medium_number="1" voice:start_track="1">
            <u who="#POprc559_S1" xml:id="POprc559_u_1"> okay ladies and gentlemen thank you for coming to this<c type="lengthening"/> press conference after <pause/> the ministerial meeting of the <pause/><w voice:mode="spelt"> e c  </w> norway dialogue<c function="rise" type="intonation"/><pause dur="PT1S"/> we have minister enoksen and commissioner piebalgs <pause dur="PT1S"/> e<c type="lengthening"/>r commissioner <pause/> the floor <pause/> is yours <pause dur="PT2S"/></u>
            <u who="#POprc559_S2" xml:id="POprc559_u_2"> first of all <pause/> thank you <pause/> for your <pause/> patience and coming tonigh- er today it's it's friday afternoon i understand that  it is not <pause/> the<c type="lengthening"/><pause dur="PT1S"/> most interesting time to come to the press conference <pause/> but we have today very important e<c type="lengthening"/>r dialogue e<c type="lengthening"/>r with norway<c function="rise" type="intonation"/><pause dur="PT1S"/> e<c type="lengthening"/>r we all of us usual  assume <pause/> that norway is a <pause/> very reliable supplier<c function="rise" type="intonation"/> and that our interests s<c type="lengthening"/>ometimes <supplied reason="unintelligible"> x </supplied><pause/> and it's wrong<c function="fall" type="intonation"/><pause dur="PT1S"/> we <emph> should </emph><pause/> really develop <unclear> an </unclear> base dialogue much more broader with norway<c function="fall" type="intonation"/><pause/> and for se- for for er and we debated and looked upon the issues of very critical important  for the union<c function="fall" type="intonation"/><pause/> first of all security of supply<c function="rise" type="intonation"/> and getting <emph> more </emph> gas <pause/> oil <pause/> and also <emph> new </emph><pause/> infrastructure in place <pause/> in this respect i think it is very important news <pause/> that <emph> nor</emph>way <pause/> will increase its production er exports of natural gas <pause/> er by f- to the one hundred thirty <pause/> billion cubic meters <pause/> er two thousand ten <pause/> er from eighty-five <emph> today </emph><pause/> and there is potential to increase even further so it <emph> means </emph> that european market will be well supplied with natural gas and it is very important news<c function="fall" type="intonation"/> the second <pause/> it's about new infrastructure i think it's very good ne- er er news about <pause/> new infrastructure being in place and bringing <emph> new </emph> gas supply to euro- eur- united kingdom <pause/> e<c type="lengthening"/>r and i'm very <emph> glad </emph> about it and i know that there is new some projects in the pipeline  that also could be explored and developed<c function="fall" type="intonation"/><pause/> so for security of supply for <emph> planning </emph> our security of supply to assuring also that there's norwegian gas supply and also <emph> oil </emph> supply that we usually somehow not take such a interest er in it's er crucial and this is one part of the dialogue how to <pause/> f- keep this supply going on<c function="fall" type="intonation"/><pause/> hh another point that we <unclear> also have </unclear> is the debate <pause/> is the issues related  climate change<c function="fall" type="intonation"/> norway and the european union share the same ambition about climate change<c function="fall" type="intonation"/><pause/> definitely natural use of natural gas also <emph> helps </emph><pause/> er to find the <pause/> ways how to emit <emph> less </emph><w voice:mode="spelt"> c o  </w> two <pause/> but important <voice:pvc comment="legislative"> legislive </voice:pvc> inf- in- initiatives that the  <w voice:mode="spelt"> e u  </w> are trying <pause/> to achieve like <unclear> proposal </unclear> for heating and <unclear> cooling </unclear> from <voice:pvc> renewables<c function="fall" type="intonation"/></voice:pvc><pause/> e<c type="lengthening"/>r renewable <unclear> road map </unclear><emph> and </emph> also issues related to use of the bio- <supplied reason="unintelligible"> x </supplied> are ex<emph>tre</emph>mely important to how in er <pause/> adopt it in e<c type="lengthening"/>r <pause/> in a <pause/> accordance with the consultation with our <pause/> most closest  er <pause/> e<c type="lengthening"/>r <pause/> ally in this respect er norway <voice:track medium="1" num="2" type="md"/> hh and certainly it is a market issue after the publication of energy strategy <emph> we </emph> are preparing <emph> final </emph> report er for er the situation internal market that will take into account <pause/><emph> findings </emph> of <voice:pvc> sectoral </voice:pvc> enquiry <pause/> and norway is part of the european economic area <pause/> so it's very important to <emph> have </emph> norway's u- issues on the development of internal market and norwegian companies are also <emph> participating </emph> in the nor- internal market that is also important <pause/> input from this side from norwegian companies<c function="fall" type="intonation"/> hh <emph> fourthly </emph><pause/> it is also important to <unclear> how </unclear> very important <pause/> inter<emph>na</emph>tional vision because security of supply climate change involve not just <emph> two </emph> players norway and the european union <pause/> it involves also g- the global er partnership and we reflected on the result of  <w voice:mode="spelt"> g  </w> eight summit how follow the conclusions from this hh issues related <pause/> also to the participation <pause/> er eventual <voice:pvc comment="participation"> parstivision </voice:pvc> e<c type="lengthening"/>r of norway en- er energy community<c function="rise" type="intonation"/> and some other issues that are <pause/> from mutual interest<c function="fall" type="intonation"/><pause/> hh and <pause/> to strengthen the dialogue <pause/> not to make only political <pause/> e<c type="lengthening"/>r we have decided with minister <supplied reason="unintelligible"> xx </supplied> on er in e<c type="lengthening"/>r <pause/> er <pause/> it was <pause/> end of <emph> august </emph><pause/> to establish energy cooperation group <pause/></u>
            <u who="#POprc559_SX-3" xml:id="POprc559_u_3"><shift corresp="#POprc559_s_2" feature="loud" new="p" xml:id="POprc559_s_1"/> hm <shift corresp="#POprc559_s_1" feature="loud" new="neutral" xml:id="POprc559_s_2"/></u>
            <u who="#POprc559_S2" xml:id="POprc559_u_4"> that is e<c type="lengthening"/>r based or er o- ba- ba- based on the er high level of civil servants <pause/> from the commission <pause/><emph> and </emph> from the er norwegian ministry of er <pause/> er petroleum and er e<c type="lengthening"/>nergy<c function="fall" type="intonation"/><pause/> and this group have today the first meeting and the task of this group is to prepare the di- next dialogue meeting <pause/> that will <pause/> e<c type="lengthening"/>r be in june e<c type="lengthening"/>r next year<c function="fall" type="intonation"/><pause/> so thank you very much <pause/><shift corresp="#POprc559_s_4" feature="loud" new="p" xml:id="POprc559_s_3"/> and <pause/><supplied reason="unintelligible"> xx </supplied><shift corresp="#POprc559_s_3" feature="loud" new="neutral" xml:id="POprc559_s_4"/></u>
            <u who="#POprc559_S1" xml:id="POprc559_u_5"> thank you very much yah <pause/></u>
            <u who="#POprc559_S3" xml:id="POprc559_u_6"> thank you thank you commissioner erm <pause dur="PT1S"/> norway is the major <voice:pvc comment="exporter"> exporterer </voice:pvc> of oil and gas to the european union <emph> and </emph> we're also an integral er part of the  <w voice:mode="spelt"> e u  </w> internal energy market through the european economic area agreement hh which er which calls for a close er relations and er <pause/> er we have er established and have had a very good dialogue and a and a close cooperation on on many important er <pause/> er questions on the energy <emph> and </emph> also on the climate change field we have er <pause/> we have common interests <pause/> and common targets when it comes to energy efficiency <pause/> when it comes to climate change and we have had a good discussion also when it comes to<c type="lengthening"/> er carbon capture and storage whi- whi- which is a <pause/> an important issue for both the  <w voice:mode="spelt"> E U  </w> and for er and for n- norway<c function="fall" type="intonation"/> hh erm <pause dur="PT1S"/> during our meeting today we has we have also been able to look er <pause/> to look into er <pause/> er the commissioner's <unclear> screen </unclear> paper which is going to be <emph> de</emph>bated in er <pause/> within the  <w voice:mode="spelt"> e u  </w> next year <voice:track medium="1" num="3" type="md"/> and and er where <pause/> norway <pause/> will <pause/> er <pause/> make <pause/> where we will make our comments er <pause/> later <unclear> this year </unclear> so erm <pause/> erm <pause/> i do not have much to add to what you have er <emph> re</emph>ferred from our meeting and what you have said so far so <pause/> you could rather open for questions <pause/></u>
            <u who="#POprc559_S1" xml:id="POprc559_u_7"> thank you very much minister e<c type="lengthening"/>r <pause/> i would like to tell you two things <pause/> please er indicate the media you're working for when you make  your questions <pause/> and i would like to tell you as well that er you have a press release on the <pause/> er  <w voice:mode="spelt"> e u  </w> norway dialogue <pause/> outside the room<c function="fall" type="intonation"/><pause/> so the ground <pause/> is yours <pause dur="PT1S"/><supplied reason="anonymization"> [S4] </supplied><c function="rise" type="intonation"/><pause dur="PT2S"/></u>
            <u who="#POprc559_S4" xml:id="POprc559_u_8"> i have <pause/> three quick questions for for the minister <pause/> er first of all was the issue of the exploration of the barents sea er er erm er er discussed and if so <pause/> what was said about it <pause/> secondly erm <pause/> one of the main objectives of the e-  <w voice:mode="spelt"> e u  </w> is to create an observatory on transparency of the market specially on the reserves because there's a lack a lack of transparency there could <emph> you </emph> be very transparent <pause/> on how much as er g- gas and oil reserves er norway has for how many years <pause/> and then last but not least <pause/><shift corresp="#POprc559_s_6" feature="loud" new="f" xml:id="POprc559_s_5"/> one of your neighbors <pause/><emph> sweden </emph><pause/><shift corresp="#POprc559_s_5" feature="loud" new="neutral" xml:id="POprc559_s_6"/> has a very ambitious plan to get rid of oil by twenty twenty and i would like to know what norway's government position is on that one <pause dur="PT2S"/></u>
            <u who="#POprc559_S3" xml:id="POprc559_u_9"> well erm f- er first of all when it comes to the barents sea we have not dis- er we have not had any <emph> special </emph> discussion on on on barents on the barents sea on this in <emph> this </emph> meeting <pause/> but er we have had several possibilities on occasions earlier to discuss the barents sea<c function="fall" type="intonation"/> erm <pause/> this <pause/> spring the government presented a an integrated management plan for the barents- er about the barents sea for the parliament er <pause/> this plan has been <emph> de</emph>bated and concluded in the p- in the parliament an- and the barents sea will be open for more activity than we have had er years before <pause/> e<c type="lengthening"/>rm the barents sea <emph> can </emph> be a new and <pause/> big er petroleum province in <pause/> in norway erm <pause/> we think as at- er we think that as much as one third of the remaining resources can be in the barents er sea so far we have made only two discoveries e<c type="lengthening"/>r <pause/> snohvit er gas field which is er <pause/> which will be on stream next year and <supplied reason="unintelligible"> xxxx </supplied> e<c type="lengthening"/>r oil <pause/> er reservoir <pause/><supplied reason="unintelligible"> x </supplied> by <supplied reason="unintelligible"> xxx </supplied> er <pause/> we're <pause/> er we're e<c type="lengthening"/>r <pause/> we're er not <pause/> er made any decisions <pause/> yet when it comes to production<c function="fall" type="intonation"/><pause/> erm so the gar- barents sea er <emph> will </emph><pause/> be developed an- and we will probably and er hopefully find more resources in the barents sea than what we have done so far<c function="fall" type="intonation"/><pause/> transparency is important for norway an- and norway has always <pause/> had opened figures on our resources <pause/> er <pause/> the problem is that when it comes to oil resources they have more or less <pause/> more or less changed from year to year an- and <voice:track medium="1" num="4" type="md"/> and and er mostly in a positive <pause/> er direction caused by <supplied reason="unintelligible"> xx </supplied> and <supplied reason="unintelligible"> xx </supplied> recovery more than new discoveries but <pause/> but e<c type="lengthening"/>r when it comes to gas we ha- we think at least we have a better picture of how big our resources are <pause/> i do not er <pause/> have them <pause/> here but you can certainly get them because this is er <pause/> this is open an- and we er <pause/> and we give out this er <pause/> this figures ever- every year and we encourage <pause/> other <pause/> er producing countries to do the same because i i think that er a dialogue and transparency on er on on er on on er hh the resource situation is very important for planning er <pause/> er both on the production side and from the consumer side<c function="fall" type="intonation"/> so this is important for us how many years can norway produce well <pause/> that depends first of all on on er <pause/> how fast we develop our our resources an- and <pause/> and to which level we extend the production er especially <emph> on </emph> gas <pause/> when it comes to oil we will have er erm <pause/> a <emph> de</emph>cline <pause/> erm <pause/> after two thousand and ten <pause/> as <pause/> far <pause/> as we <pause/> can see <pause/> today erm <pause dur="PT1S"/> this <pause/> c- can of course also change by new discoveries but but what what we know what we know at the moment is that it will <emph> de</emph>cline er in the beginning of next decade<c function="fall" type="intonation"/><pause/> erm <pause/> sweden have <pause/> er <pause/> er a very ambitious target when it comes to er <pause/> to e<c type="lengthening"/>r to de- dependency on oil and er and er gas <pause/> norway do not have the same <pause/> ambition erm <pause dur="PT1S"/> and i think er sweden has set a rather hard <pause/> target to be able to do so in twenty twenty but even so <pause/> it is a- an impressing target and norway <pause/> definitely share sweden's er ambitions to be <pause/> to produce more renewable energy <pause/> er which <pause/> which also is a target for the norwegian government especially on er on er electricity when it comes to electricity where we have <pause/> high ambitions on this er field also for the future <pause dur="PT1S"/></u>
            <u who="#POprc559_SX-1" xml:id="POprc559_u_10"><supplied reason="anonymization"> [S5] </supplied><pause dur="PT5S"/></u>
            <u who="#POprc559_S5" xml:id="POprc559_u_11"><foreign type="L1" voice:translation="three questions first of all on the figures" xml:lang="fre"><unclear> oui </unclear> trois questions <pause dur="PT1S"/> la premiere ce sur les chiffres </foreign></u>
         </div>
         <gap dur="PT00H00M06S" reason="not_transcribed" voice:desc="non-e; S5 speaks french, simultaneous translation from french into english"/>
         <div type="medium" voice:end="01:57" voice:end_medium_number="1" voice:end_track="12" voice:medium_type="md" voice:start="02:25" voice:start_medium_number="1" voice:start_track="4">
            <u who="#POprc559_S5" xml:id="POprc559_u_12"> a<c type="lengthening"/>h okay <supplied reason="anonymization"> [S5] </supplied><supplied reason="anonymization"> [S5/last] </supplied><supplied reason="anonymization"> [org1] </supplied><pause dur="PT1S"/> e<c type="lengthening"/>r the first question is on the figures <pause/> can you just clarify about th- you talked about thirty <pause/> er billions of <pause dur="PT2S"/><foreign type="L1" voice:translation="cubic meters" xml:lang="fre"> meter cubes </foreign><pause/></u>
            <u who="#POprc559_SX-m" xml:id="POprc559_u_13"> cubic meters <pause/></u>
            <u who="#POprc559_S5" xml:id="POprc559_u_14"><vocal subtype="wordstart" type="wordlike" voice:desc="laughing" voice:syl="1"/><pause dur="PT1S"/>  of er i mean by er <pause/> twelve ten<c type="lengthening"/> is that <pause/> true<c function="rise" type="intonation"/><pause dur="PT1S"/></u>
            <u who="#POprc559_S2" xml:id="POprc559_u_15"> twenty ten <pause/> it <seg n="1" type="overlap" xml:id="POprc559_ol_0"> is e<c type="lengthening"/>r one </seg> hundred thirty million cubic meters bi- billion cubic meters <pause/></u>
            <u who="#POprc559_S5" xml:id="POprc559_u_16"><seg n="1" synch="#POprc559_ol_0" type="overlap" xml:id="POprc559_ol_1"><shift corresp="#POprc559_s_8" feature="loud" new="p" xml:id="POprc559_s_7"/> twenty ten <shift corresp="#POprc559_s_7" feature="loud" new="neutral" xml:id="POprc559_s_8"/></seg></u>
            <u who="#POprc559_S2" xml:id="POprc559_u_17"> er by twenty ten  </u>
            <u who="#POprc559_SX-3" xml:id="POprc559_u_18"> hm <pause/></u>
            <u who="#POprc559_S5" xml:id="POprc559_u_19"> and what is the the figure actually <pause/></u>
            <u who="#POprc559_S2" xml:id="POprc559_u_20"> eighty <seg n="2" type="overlap" xml:id="POprc559_ol_2"> fi- </seg> eighty-two point <seg n="3" type="overlap" xml:id="POprc559_ol_3"> five </seg></u>
            <u who="#POprc559_SX-3" xml:id="POprc559_u_21"><seg n="2" synch="#POprc559_ol_2" type="overlap" xml:id="POprc559_ol_4"> er </seg></u>
            <u who="#POprc559_S5" xml:id="POprc559_u_22"><seg n="3" synch="#POprc559_ol_3" type="overlap" xml:id="POprc559_ol_5"> eigh</seg>ty-five <pause dur="PT1S"/></u>
            <u who="#POprc559_SX-3" xml:id="POprc559_u_23"> at the moment yes <pause/></u>
            <u who="#POprc559_S5" xml:id="POprc559_u_24"> eighty-two<c function="rise" type="intonation"/><voice:track medium="1" num="5" type="md"/> point five <pause/></u>
            <u who="#POprc559_S2" xml:id="POprc559_u_25"> yes </u>
            <u who="#POprc559_S3" xml:id="POprc559_u_26"> yes <pause dur="PT1S"/> i- in in two thousand an- and five it was eighty-two point five<c function="rise" type="intonation"/> e<c type="lengthening"/>r in the beginning of next decade or two thousand and ten we will be able to supply one hundred and thirty billion cubic meters <pause dur="PT3S"/></u>
            <u who="#POprc559_S5" xml:id="POprc559_u_27"><foreign type="L1" voice:translation="okay" xml:lang="fre"> ca va<c function="rise" type="intonation"/></foreign><pause/></u>
            <u who="#POprc559_SX-m" xml:id="POprc559_u_28"><shift corresp="#POprc559_s_10" feature="loud" new="p" xml:id="POprc559_s_9"/> hm <shift corresp="#POprc559_s_9" feature="loud" new="neutral" xml:id="POprc559_s_10"/><pause dur="PT1S"/></u>
            <u who="#POprc559_SX-1" xml:id="POprc559_u_29"><shift corresp="#POprc559_s_12" feature="loud" new="p" xml:id="POprc559_s_11"/> okay <shift corresp="#POprc559_s_11" feature="loud" new="neutral" xml:id="POprc559_s_12"/><pause dur="PT1S"/></u>
            <u who="#POprc559_S5" xml:id="POprc559_u_30"> two more please <pause/> er the second <unclear> type </unclear> er about the erm <pause dur="PT1S"/> new infrastructures you said <pause/> you talked about the new <pause/> networks for united kingdom can you exp- can you clarify about this <anchor synch="#POprc559_oc_1" type="other_continuation" xml:id="POprc559_oc_0"/></u>
            <u who="#POprc559_SX-m" xml:id="POprc559_u_31"><anchor synch="#POprc559_oc_0" type="other_continuation" xml:id="POprc559_oc_1"/><shift corresp="#POprc559_s_14" feature="loud" new="p" xml:id="POprc559_s_13"/><supplied reason="unintelligible"> xxx </supplied><shift corresp="#POprc559_s_13" feature="loud" new="neutral" xml:id="POprc559_s_14"/><pause/></u>
            <u who="#POprc559_S5" xml:id="POprc559_u_32"> and third e<c type="lengthening"/>rm <pause/> when is your<c type="lengthening"/> next meeting <pause dur="PT1S"/></u>
            <u who="#POprc559_S2" xml:id="POprc559_u_33"> yah <pause/> erm <supplied reason="unintelligible"> xxx </supplied> now that's of <pause/> will be two<c type="lengthening"/> capacities from the pipes are <supplied reason="unintelligible"> xxx </supplied> and <supplied reason="unintelligible"> xxx </supplied><pause/> so this will come on stream two thousand six two thousand seven<c function="rise" type="intonation"/><pause/><seg n="4" type="overlap" xml:id="POprc559_ol_6"> and </seg> e<c type="lengthening"/>r <pause/></u>
            <u who="#POprc559_S3" xml:id="POprc559_u_34"><seg n="4" synch="#POprc559_ol_6" type="overlap" xml:id="POprc559_ol_7"> yes </seg></u>
            <u who="#POprc559_S2" xml:id="POprc559_u_35"> and as a result we will<c type="lengthening"/><pause/> have for  <w voice:mode="spelt"> u k  </w><pause/> around twen- twenty billion cubic meter a year starting from two thousand seven <pause dur="PT2S"/> perhaps some <anchor synch="#POprc559_oc_3" type="other_continuation" xml:id="POprc559_oc_2"/></u>
            <u who="#POprc559_S3" xml:id="POprc559_u_36"><anchor synch="#POprc559_oc_2" type="other_continuation" xml:id="POprc559_oc_3"/> correct <pause/></u>
            <u who="#POprc559_S2" xml:id="POprc559_u_37"> and next meeting is june two thousand seven <pause/> official meeting but we will meet early <pause/> late i- in january <pause/> for informal exchange of use after the adoption of energy package by the college <pause dur="PT5S"/></u>
            <u who="#POprc559_S6" xml:id="POprc559_u_38"><supplied reason="anonymization"> [S6] </supplied><supplied reason="anonymization"> [S6/last] </supplied><unclear> from </unclear><supplied reason="unintelligible"> xxxx </supplied> you were talking about <emph> new </emph> pipeline projects <pause/> not this english er to to england but but er <pause/> projects <emph> after </emph> that er could er you give some details <pause/></u>
            <u who="#POprc559_SX-3" xml:id="POprc559_u_39"><unclear> whatever </unclear><pause/></u>
            <u who="#POprc559_S3" xml:id="POprc559_u_40"> no <pause/> erm <pause/> that's that's not e<c type="lengthening"/>r decided the new pipelines that will come on stream are these to to er to gr- to great britain <pause/> we <pause/> we think that within <pause/> e<c type="lengthening"/>r the capacity the pipeline capacity we have today we will be able to <emph> in</emph>crease to er <pause/> an- and the new er pipeline capacity <supplied reason="unintelligible"> xxx </supplied> and <supplied reason="unintelligible"> xxx </supplied> to get <unclear> at </unclear><supplied reason="unintelligible"> xxx </supplied> we will be able to come up to one hundred and thirty <pause/> er billion cubic meters without any any new infrastructure so we do not have any <pause/> concrete plans at the moment <pause dur="PT2S"/></u>
            <u who="#POprc559_S2" xml:id="POprc559_u_41"><shift corresp="#POprc559_s_16" feature="loud" new="p" xml:id="POprc559_s_15"/> er <shift corresp="#POprc559_s_15" feature="loud" new="neutral" xml:id="POprc559_s_16"/></u>
            <u who="#POprc559_S3" xml:id="POprc559_u_42"> but <seg n="5" type="overlap" xml:id="POprc559_ol_8"> it is important </seg></u>
            <u who="#POprc559_S2" xml:id="POprc559_u_43"><seg n="5" synch="#POprc559_ol_8" type="overlap" xml:id="POprc559_ol_9"><supplied reason="unintelligible"> xxx </supplied></seg> de<seg n="6" type="overlap" xml:id="POprc559_ol_10">ve</seg>lopment for example <seg n="7" type="overlap" xml:id="POprc559_ol_11"> in </seg> barents sea in the <pause/><emph> longer </emph> run <anchor synch="#POprc559_oc_5" type="other_continuation" xml:id="POprc559_oc_4"/></u>
            <u who="#POprc559_S3" xml:id="POprc559_u_44"><seg n="6" synch="#POprc559_ol_10" type="overlap" xml:id="POprc559_ol_12"> wha- </seg></u>
            <u who="#POprc559_S3" xml:id="POprc559_u_45"><seg n="7" synch="#POprc559_ol_11" type="overlap" xml:id="POprc559_ol_13"> hm </seg></u>
            <u who="#POprc559_S3" xml:id="POprc559_u_46"><anchor synch="#POprc559_oc_4" type="other_continuation" xml:id="POprc559_oc_5"/> mhm </u>
            <u who="#POprc559_S2" xml:id="POprc559_u_47"> that theoretically you have <pause/> have a chance and we will i <unclear> would at least </unclear><supplied reason="unintelligible"> x </supplied> wish the pipe connecting <pause/> barents sea to the norwegian pipeline system to supply european markets <pause dur="PT2S"/></u>
            <u who="#POprc559_S6" xml:id="POprc559_u_48"><shift corresp="#POprc559_s_18" feature="loud" new="p" xml:id="POprc559_s_17"/><unclear> mister piebalgs </unclear><shift corresp="#POprc559_s_17" feature="loud" new="neutral" xml:id="POprc559_s_18"/><pause/></u>
            <u who="#POprc559_S1" xml:id="POprc559_u_49"> a<c type="lengthening"/>h a follow-up okay <anchor synch="#POprc559_oc_7" type="other_continuation" xml:id="POprc559_oc_6"/></u>
            <u who="#POprc559_S6" xml:id="POprc559_u_50"><anchor synch="#POprc559_oc_6" type="other_continuation" xml:id="POprc559_oc_7"/><shift corresp="#POprc559_s_20" feature="loud" new="p" xml:id="POprc559_s_19"/> yes <shift corresp="#POprc559_s_19" feature="loud" new="neutral" xml:id="POprc559_s_20"/><pause dur="PT1S"/> mister piebalgs there are no other pipelines in the <emph> pipelines </emph> so to say e<c type="lengthening"/>r <pause/></u>
            <u who="#POprc559_SX-3" xml:id="POprc559_u_51"><vocal subtype="wordstart" type="wordlike" voice:desc="laughing" voice:syl="1"/><seg n="1" type="overlap" xml:id="POprc559_ol_14"><vocal type="wordlike" voice:desc="laughing" voice:syl="3"/></seg></u>
            <u who="#POprc559_S6" xml:id="POprc559_u_52"><shift corresp="#POprc559_s_22" feature="loud" new="p" xml:id="POprc559_s_21"/><supplied reason="unintelligible"><seg n="1" synch="#POprc559_ol_14" type="overlap" xml:id="POprc559_ol_15"> xxxx </seg> xxxxx </supplied><shift corresp="#POprc559_s_21" feature="loud" new="neutral" xml:id="POprc559_s_22"/><pause dur="PT1S"/></u>
            <u who="#POprc559_SX-6" xml:id="POprc559_u_53"> no <pause/></u>
            <u who="#POprc559_S2" xml:id="POprc559_u_54"><shift corresp="#POprc559_s_24" feature="loud" new="p" xml:id="POprc559_s_23"/><supplied reason="unintelligible"> xxxxxxxx </supplied><shift corresp="#POprc559_s_23" feature="loud" new="neutral" xml:id="POprc559_s_24"/><pause dur="PT1S"/></u>
            <u who="#POprc559_S6" xml:id="POprc559_u_55"> is there <pause/> no other pipelines in the pipelines so to say <pause/> after e<c type="lengthening"/>r <supplied reason="unintelligible"> xx </supplied><pause dur="PT1S"/></u>
            <u who="#POprc559_S3" xml:id="POprc559_u_56"> no that's <pause/> n- n- not not decided not er in the pipeline <pause/> er but what <pause/><emph> will </emph> come <voice:track medium="1" num="6" type="md"/><pause/> e<c type="lengthening"/>r is e<c type="lengthening"/>r <pause/> well <pause/> i will not speculate in  it <emph> today </emph> but <pause/> as the commissioner says <pause/> er norway is <pause/> a reliable and a big supplier of gas to europe<c function="fall" type="intonation"/><pause/> we are intending to be so for many many er years our production will <pause/> have increased tremendously from about approximately fifty billion cubic meters five years ago to <pause/> to er <pause/><voice:pvc> mid-eighties </voice:pvc> now and up to one hundred and thirty within some few years thi- th- this is a- a this is an enormous increase <pause/> increase production and export to europe which will be on stream for many many years<c function="fall" type="intonation"/><pause/> erm <pause/> of course we also have other fields <pause/> and their development and er a- also in the in the in the norwegian <emph> sea </emph><pause/> er but er the need for new pipelines from <pause/> for instance the barents sea as the commissioner mentioned and from the norwegian sea <pause/> is more <pause/> more in in in a lon- long-term er discussion and has to be hh seen together with the capacity on the existing pipeline system so that's <pause/> that's er a a big discussion er <pause/> but the main thing here <unclear> is </unclear> er er the main thing and the main focus is <pause/> norway will be a big and reliable suppli- er r<c type="lengthening"/>eliable supplier to <pause/> to er the  <w voice:mode="spelt"> E U  </w> for many many years<c function="fall" type="intonation"/><pause dur="PT2S"/></u>
            <u who="#POprc559_S1" xml:id="POprc559_u_57"><shift corresp="#POprc559_s_26" feature="loud" new="p" xml:id="POprc559_s_25"/> to the right here <shift corresp="#POprc559_s_25" feature="loud" new="neutral" xml:id="POprc559_s_26"/><pause/></u>
            <u who="#POprc559_S7" xml:id="POprc559_u_58"> yeah this is e<c type="lengthening"/>r <pause/><supplied reason="anonymization"> [S7] </supplied><supplied reason="anonymization"> [S7/last] </supplied> from er <supplied reason="anonymization"> [org2] </supplied> norwegian broadcasting<c function="fall" type="intonation"/> hh question fo<c type="lengthening"/>r e<c type="lengthening"/>r commissioner piebalgs e<c type="lengthening"/>r it sounds here like norway is er e<c type="lengthening"/>r <pause dur="PT1S"/> the solution to e<c type="lengthening"/>rm <vocal subtype="wordstart" type="wordlike" voice:desc="laughing" voice:syl="1"/><shift corresp="#POprc559_s_28" feature="voice" new="laugh" xml:id="POprc559_s_27"/> problems <shift corresp="#POprc559_s_27" feature="voice" new="neutral" xml:id="POprc559_s_28"/> but e<c type="lengthening"/>r as you <pause/> i'm sure know <pause/> we have our own crisis back home do you <pause/> have any advice to give to hh mister enoksen and er about how to get out of our own energy crisis like er <pause/> er and the second question is <pause dur="PT1S"/> erm we e<c type="lengthening"/>r when will er the  <w voice:mode="spelt"> e u  </w> have an a fully integrated e<c type="lengthening"/>r <pause/> open market for electricity and energy and what is the main obstacles to it and <pause/> can norway there <pause/> also <pause/> and no- the nordic countries be a <pause/> a role model <pause/> in any way thanks <pause dur="PT1S"/></u>
            <u who="#POprc559_S2" xml:id="POprc559_u_59"> er about the crisis er or if there's energy crisis in norway i think minister could definitely could say <emph> better </emph> i <pause/> i never heard about energy crisis in <emph> norway </emph> and what my under<seg n="2" type="overlap" xml:id="POprc559_ol_16">stands  in </seg> crisis <unclear> even </unclear> you don't have physical <emph> supplies </emph><pause/></u>
            <u who="#POprc559_SX" xml:id="POprc559_u_60"><seg n="2" synch="#POprc559_ol_16" type="overlap" xml:id="POprc559_ol_17"><vocal subtype="wordstart" type="wordlike" voice:desc="laughing" voice:syl="2"/></seg></u>
            <u who="#POprc559_S2" xml:id="POprc559_u_61"> and this is a crisis or the prices spill out <emph> so </emph> high that people can't afford i would call this crisis and this is my my knowledge is <pause/> there is not crisis <pause/> about the norwegian policy it's very ambitious what concerns <w voice:mode="spelt"> c o  </w> two targets and it's definitely <emph> makes </emph> a lot of <pause/><emph> constraints </emph> but i am i believe that norway will <emph> definitely </emph> will manage it <pause/> for <emph> us </emph><pause/> is it extremely important that we get additional gas supply because <voice:pvc> usings </voice:pvc> of gas <pause/> is definitely <emph> changes </emph> european ga- er eu- energy mix for less  <w voice:mode="spelt"> c o  </w> two <emph> emissions </emph> so <emph> norway </emph> is clearly contributing by producing more gas <pause/> for <pause/> our <voice:track medium="1" num="7" type="md"/> common <pause/></u>
            <u who="#POprc559_S7" xml:id="POprc559_u_62"> hm <anchor synch="#POprc559_oc_9" type="other_continuation" xml:id="POprc559_oc_8"/></u>
            <u who="#POprc559_S2" xml:id="POprc559_u_63"><anchor synch="#POprc559_oc_8" type="other_continuation" xml:id="POprc559_oc_9"/> vision to fight climate change<c function="fall" type="intonation"/><pause/> so <pause/> i i very much appreciate the possibility for norwegi- norway to increase gas supply hh <emph> and </emph> in a way <pause/> also <pause/> to guarantee us er <pause/> possibility to use more gas compared with er situation today<c function="fall" type="intonation"/><pause/> what concerns internal market it is true that the best for w- markets that is functioning <pause/> now on electricity is in the nordic countries <pause/></u>
            <u who="#POprc559_S7" xml:id="POprc559_u_64"><shift corresp="#POprc559_s_30" feature="loud" new="p" xml:id="POprc559_s_29"/> hm <shift corresp="#POprc559_s_29" feature="loud" new="neutral" xml:id="POprc559_s_30"/><anchor synch="#POprc559_oc_11" type="other_continuation" xml:id="POprc559_oc_10"/></u>
            <u who="#POprc559_S2" xml:id="POprc559_u_65"><anchor synch="#POprc559_oc_10" type="other_continuation" xml:id="POprc559_oc_11"/> and we <emph> can </emph> and we <emph> will </emph> use a lot of elements of this <emph> success </emph> in our <pause/> final report by end of this year<c function="rise" type="intonation"/><pause/> and with our propo- proposals for remedies that are <pause/><emph> necessary </emph> to improve the functioning <pause/> of the market<c function="fall" type="intonation"/><pause/> where you know this where the main <pause/> e<c type="lengthening"/>r <pause/> difficulties are vertical for closure <pause/> er market concentration <pause/> market integration <pause/> also price structure <pause/> so this are the main shortcomings that have been <unclear> or are </unclear> indicated by the sector enquiry and we will address in er er in the report by end of the year <emph> how </emph> to do it in the best possible way<c function="fall" type="intonation"/><pause/></u>
            <u who="#POprc559_S3" xml:id="POprc559_u_66"> may <pause/> may i <pause/> may i just add som<c type="lengthening"/>e few few things er <pause/> we we do <emph> not </emph> have any energy crisis in in norway we have a challenging situation that's for sure hh e<c type="lengthening"/>r caused by <pause/> very little rainfall ninety-nine per cent of our electricity is produced by <voice:pvc> hydropower </voice:pvc> as as <pause/> you as <emph> you </emph> know hh and er <pause/> er the production can vary from as much as one <pause/> from ninety er ninety terra watt hours up to one hundred and fifty <pause/> terra watt hours dependent upon <pause/> rainfall <pause/> er this year it has been dry and in addition to that <pause/> e<c type="lengthening"/>r <pause/> there are some problems with the swedish nuclear power and with the interconnection between norway and denmark which er <pause/> gives us some problems with the import from <pause/> from our neighbors whit- which <emph> is </emph> necessary in a nordic market e<c type="lengthening"/>r as we have had and which has been a success because if we if we in norway with our <voice:pvc> hydropower </voice:pvc> system should have <pause/> a production high enough to be <pause/> sure that we had enough electricity also in the dry years we had to had approximately thirty per thirty per cent to what we have to- today <pause/> which would even ha- had been much more expensive tha- <pause/> than than what the situation is er nowadays erm in the end of october we will know how difficult the situation will be this winter because <pause/> er the time from now <pause/> till the end of october will decide <pause/> e<c type="lengthening"/>r <pause/> ho- how the the situation in our <pause/> er <voice:pvc> hydromagazines </voice:pvc> will be <pause dur="PT2S"/></u>
            <u who="#POprc559_S8" xml:id="POprc559_u_67"> yes my name is <supplied reason="anonymization"> [S8/last] </supplied> er euro power <pause/> e<c type="lengthening"/>r question for mister enoksen<c function="rise" type="intonation"/> erm did you discuss electricity <pause/> in this energy dialogue <pause/> and are you <pause/> what is your <pause/> wish from the e  <w voice:mode="spelt"> e u<c function="rise" type="intonation"/></w><pause/> er the  <w voice:mode="spelt"> e u  </w> is very <voice:track medium="1" num="8" type="md"/> interested in norway because of oil and gas <pause dur="PT1S"/> we are very vulnerable because of we have so <pause/> we are so dependent on <pause/><voice:pvc> hydroenergy </voice:pvc><pause/> er whether you're discussing for instance promoting more cables from norway to the continent <pause/> do you have a scheme for using er wind energy from norway <pause/> exporting it to europe <pause dur="PT1S"/></u>
            <u who="#POprc559_S3" xml:id="POprc559_u_68"> hh o- our discussions o- on energy <pause/> electric energy has mostly been e<c type="lengthening"/>r on the subject <voice:pvc> renewables </voice:pvc> which is important for <pause/> for the  <w voice:mode="spelt"> E U  </w> and for <pause/> norway as as as well <pause/> er both the  <w voice:mode="spelt"> E U  </w> an- and norway are strongly committed to <emph> in</emph>crease er the production of renewable energy an- <pause/> and this has been part o- of the discussions er <pause/> not not any new er <pause/> er <pause/> connections between <pause/> er norway and er and the continent er i'm sure you know about the cable that er between norway and the netherlands which will be finalized <pause/> n<c type="lengthening"/>ext y<c type="lengthening"/>ear and er which will increase <pause/> er the capacity between norway and er and the continent quite quite much<c function="fall" type="intonation"/><pause/> er in addition to that we are doing a lot of invest- investments <pause/> e<c type="lengthening"/>r between norway and an- and sweden which has been the main <pause/> er the main transfer market so far <pause dur="PT1S"/></u>
            <u who="#POprc559_S2" xml:id="POprc559_u_69"> in our believe i think that's very important point to stress <pause/> we k- share our vision <pause/> how the market should work <seg n="3" type="overlap" xml:id="POprc559_ol_18"> the price </seg> signal and <pause/></u>
            <u who="#POprc559_S3" xml:id="POprc559_u_70"><seg n="3" synch="#POprc559_ol_18" type="overlap" xml:id="POprc559_ol_19"><shift corresp="#POprc559_s_32" feature="loud" new="p" xml:id="POprc559_s_31"/> mhm <shift corresp="#POprc559_s_31" feature="loud" new="neutral" xml:id="POprc559_s_32"/></seg></u>
            <u who="#POprc559_S2" xml:id="POprc559_u_71"> consumer pattern <pause/> should really decide <pause/><emph> when </emph> and <emph> where </emph> the investment should be made <pause/> it's not for us to make a <pause/> decision where the line should be <pause/> yes there are authorities that should <emph> approve </emph> the project <pause/> but still it should come from the well-developed market <emph> and </emph><pause/> in a situation where the market is well-functioning <pause/> and where there <emph> is </emph> a price control some necessary price controls the necessary investments <emph> will </emph> be made to well supply <pause/> the consumer <pause/> and er technology is er quite advanced for the cables to be made or the interconnections to be made <pause/> so it's very important that continent really have well-functioning global market because in <emph> this </emph> case we would not have to speak about shortage capacities <pause dur="PT3S"/></u>
            <u who="#POprc559_S9" xml:id="POprc559_u_72"> er <supplied reason="anonymization"> [S9/last] </supplied> from norwegian er  <w voice:mode="spelt"> t v  </w> two er i will back to our er energy crisis it's er <vocal subtype="wordstart" type="wordlike" voice:desc="laughing" voice:syl="1"/> it's the crisis about very high energy prices for the moment er we have a lot of gas but we don't use it for er heating or cooking or er <pause/> at <unclear> your own </unclear> market in norway <pause/> do you see that as a paradox <pause dur="PT1S"/></u>
            <u who="#POprc559_S2" xml:id="POprc559_u_73"> no i don't see i think er norway has taken er the vision of fighting climate change and not to make  <w voice:mode="spelt"> c o  </w> two some time ago <pause/> and i think this is the biggest challenge that we are facing it is the biggest risks of mankind <unclear> is in </unclear> and norway in particular with golf stream i hope that the <supplied reason="unintelligible"> xxx </supplied> are <emph> not </emph><pause/> strong <voice:track medium="1" num="9" type="md"/> enough <pause/> that there is some <pause/> some mistake in the calculation but risks exist and i really believe that norwegian citizens have <pause/> done rightly <emph> choosing </emph> so <pause/> and e<c type="lengthening"/>r <pause/> yes you pay more for electricity but you know there is no  <w voice:mode="spelt"> c o  </w> two emission so we think it this is much more important to look from <emph> this </emph> point of view <pause/> and on the positive side and that's where we i think we should work very closely it's a point that ought be mentioned <pause/> if the market is well functioning <pause/> european market <pause/> then you will have opportunity to buy electricity where it is cheaper <pause/> so it's a bad year from the rain point of so that h- <voice:pvc> hydroelectricities </voice:pvc> are not providing enough power <pause/> you bring power from netherlands or you bring power from finland <emph> or </emph> from lithuania so i think <pause/> this <pause/> basic approach is definitely right and i would er also encourage norwegian citizens to continue this approach not to change their attitude for <pause/> er more  <w voice:mode="spelt"> c o  </w> two emissions <pause dur="PT1S"/></u>
            <u who="#POprc559_S1" xml:id="POprc559_u_74"> you want to add something minister </u>
            <u who="#POprc559_S9" xml:id="POprc559_u_75"><unclear> yeah can i have just </unclear></u>
            <u who="#POprc559_S1" xml:id="POprc559_u_76"> sure follow-up yeah <pause/></u>
            <u who="#POprc559_S9" xml:id="POprc559_u_77"> can you understand that <pause/> norwegian er consumers are complaining about er electricity bill <pause dur="PT1S"/></u>
            <u who="#POprc559_S2" xml:id="POprc559_u_78"> er i don't know what exactly norwegian citizens are paying i think average household in the europe <pause/> e<c type="lengthening"/>r would pay <pause/> per month eighty euro <pause/> if you go to restaurant <pause dur="PT1S"/> e<c type="lengthening"/>r <pause/> fo- it's one for a family it's one lunch and dinner what you spend so i think it's a bit <emph> unfair </emph><pause/> towards a basic commodity energy <pause/> to<c type="lengthening"/> operate with this figures if i'm wrong in norway it's more perhaps <pause/> er it's still if you say relative incomes and relative spending pattern <pause/> actually we <emph> don't </emph> spend anything for en- for for for er for electricity <pause/> and what on the overall  er norwegian citizens spend for <emph> petrol </emph><pause/> er i think it will definitely be much higher <pause/> so i think it's a bit unfair <pause/> energy costs yes in previous time it cost <pause/> it was less cost but we knew <unclear> where </unclear><supplied reason="unintelligible"> xx </supplied> oil prices and it influence gas prices and <pause/> and it's fair in market economies that gas goes there <pause/> where the price is the <emph> highest </emph><pause/> so in a way it brings the income to norwegian citizen through the selling of gas to the <unclear> fund </unclear> so i i think it it- it's it's unfortunately the the situation has changed i would be happy that if you can produce energy from the er from <shift corresp="#POprc559_s_34" feature="voice" new="laugh" xml:id="POprc559_s_33"/> er from <shift corresp="#POprc559_s_33" feature="voice" new="neutral" xml:id="POprc559_s_34"/> er earth or what wh- w- <pause/> if you would have cheaper technology and i believe one day <emph> will </emph> be cheaper technology but still in relative terms <pause/> we are paying for electricity not high price <pause/> i understand that even relative increase makes this outcry <pause/> but if we analyze the households overall household it's not high prices and <emph> then </emph><pause/> there is also an answer <pause/> it's energy efficiency <pause/> why to <emph> keep </emph><voice:track medium="1" num="10" type="md"/><supplied reason="unintelligible"> xx </supplied> electricity <unclear> appliances </unclear><pause/> why<c type="lengthening"/> to<c type="lengthening"/><pause/><vocal subtype="wordstart" type="wordlike" voice:desc="laughing" voice:syl="1"/> not to do <emph> additional </emph><pause/> er n- <unclear> our </unclear> norway perhaps it is this houses are insulated  well enough <pause/> but there is definitely some possibilities to <emph> save </emph> energy or not to switch it on when nobody is in the room <emph> or </emph> to change for relatice- er er er energy efficiency bulbs so you can cut the bill in the same way so my basic point is <pause/> electricity prices are higher <pause/> but is is <emph> not </emph> that there's only lack of competition or somebody who is not tough enough there is basic change of commodity price for <pause/> like oil and gas and this is the basic reason <pause/> basic reason why prices are higher also for energy <pause dur="PT1S"/></u>
            <u who="#POprc559_S1" xml:id="POprc559_u_79"><shift corresp="#POprc559_s_36" feature="loud" new="p" xml:id="POprc559_s_35"/> yeah<c function="rise" type="intonation"/><shift corresp="#POprc559_s_35" feature="loud" new="neutral" xml:id="POprc559_s_36"/><pause dur="PT1S"/></u>
            <u who="#POprc559_S9" xml:id="POprc559_u_80"><unclear> can i just </unclear></u>
            <u who="#POprc559_S1" xml:id="POprc559_u_81"> follow-up<c function="rise" type="intonation"/></u>
            <u who="#POprc559_SX" xml:id="POprc559_u_82"> yeah <supplied reason="unintelligible"> xxxx </supplied> you're sure<c function="rise" type="intonation"/><anchor synch="#POprc559_oc_13" type="other_continuation" xml:id="POprc559_oc_12"/></u>
            <u who="#POprc559_S9" xml:id="POprc559_u_83"><anchor synch="#POprc559_oc_12" type="other_continuation" xml:id="POprc559_oc_13"/> they're just they're about the same<c function="rise" type="intonation"/> er do norwegian complain too much<c function="rise" type="intonation"/><pause dur="PT1S"/></u>
            <u who="#POprc559_S2" xml:id="POprc559_u_84"><vocal subtype="wordstart" type="wordlike" voice:desc="laughing" voice:syl="5"/><shift corresp="#POprc559_s_38" feature="voice" new="laugh" xml:id="POprc559_s_37"/>  it's too tough for him <shift corresp="#POprc559_s_37" feature="voice" new="neutral" xml:id="POprc559_s_38"/><vocal subtype="wordstart" type="wordlike" voice:desc="laughing" voice:syl="1"/><seg n="4" type="overlap" xml:id="POprc559_ol_20"><vocal type="wordlike" voice:desc="laughing" voice:syl="3"/></seg></u>
            <u who="#POprc559_S3" xml:id="POprc559_u_85"><seg n="4" synch="#POprc559_ol_20" type="overlap" xml:id="POprc559_ol_21"> well <vocal subtype="wordstart" type="wordlike" voice:desc="laughing" voice:syl="3"/></seg><vocal type="wordlike" voice:desc="laughing" voice:syl="1"/> well he has er <pause/> he has er <pause dur="PT1S"/> er <pause/> gi- h- he has given a good answer when it comes to <pause/> er <pause/> what the energy it costs in norway we have been used to <pause/> very low energy prices for many many years <pause/> that comes from the fact that we we in in late eighties and before that <pause/> built er or invested more in <pause/> in <voice:pvc> hydropower </voice:pvc> production than what we needed at that time<c function="fall" type="intonation"/><pause/> and until a few years ago ago we had <pause/> er more <pause/> or we exported er <pause/> er po- electric power to er <pause/> to our neighbors' country countries almost every year that is not the situation any more and this has lead to an increased er price<c function="fall" type="intonation"/><pause/> i'm i- one of the main problems is that er last year the price was er <pause dur="PT1S"/> er twenty er twenty-two twenty-four twenty-two to twenty-four euro <pause/> er today it's three times a- as as high <pause/> and that's the main problems for for a house er for a households that the prices varies as much as this <pause/> hh the only thing we can do is to er to get the balance between er production and er consume er <pause/> er which can be done in many ways we can increase production<c function="rise" type="intonation"/> we <emph> are </emph> going to do so er especially on <unclear> the er </unclear><voice:pvc> renewables </voice:pvc> but we do also have to use the en- energy more efficient than what we u- d- do today as the commissioner <pause/> already has <pause/> has answered<c function="fall" type="intonation"/> so er the government<c type="lengthening"/>'s target is not to have as high prices at- as we have today definitely <emph> not </emph> they shall they shall be affordable but <pause/> i think i have to say that we will <pause/> i i cannot see that we will <pause dur="PT1S"/> ever come back to the low prices we have been used to have in norway <pause dur="PT1S"/></u>
            <u who="#POprc559_S1" xml:id="POprc559_u_86"> one last question <pause/><supplied reason="anonymization"> [S10] </supplied><pause dur="PT2S"/> an- and later we take <supplied reason="anonymization"> [S11] </supplied><pause dur="PT1S"/></u>
            <u who="#POprc559_S10" xml:id="POprc559_u_87"><supplied reason="anonymization"> [S10] </supplied><supplied reason="anonymization"> [S10/last] </supplied> from <supplied reason="anonymization"> [org3] </supplied> er one i- issue minister <pause/> i'll start with the minister that you said e<c type="lengthening"/>rm <pause/> what <voice:track medium="1" num="11" type="md"/> i think actually the both of you said you're cooperating on is climate change <pause/> erm i'm curious that you can tell me when or whether you expect norway to join <pause/> er up with the european union's emissions trading scheme hh er if that's something er <pause/> that you foresee happening an- and if so when and then secondly <pause/> if i can just get a clarification on the numbers th- that we've asked a couple of times about the one hundred and thirty billion <pause/> cubic meters from two thousand ten hh is that a figure that you'v<c type="lengthening"/>e er <pause/> told us before <pause/> could you just <pause dur="PT2S"/> inform us about that thank you <pause/></u>
            <u who="#POprc559_S3" xml:id="POprc559_u_88"> e<c type="lengthening"/>rm <pause/> yes i i th<c type="lengthening"/>ink at least i said this in er <supplied reason="unintelligible"> xxx </supplied> that er <pause dur="PT1S"/> at oil <supplied reason="unintelligible"> xx </supplied> the one at oil er conference in in <supplied reason="unintelligible"> xxx </supplied> not oil <supplied reason="unintelligible"> xx </supplied> er someone has tried that before hh er <vocal subtype="wordstart" type="wordlike" voice:desc="laughing" voice:syl="4"/><vocal subtype="wordstart" type="wordlike" voice:desc="laughing" voice:syl="1"/> the oil conference in in <supplied reason="unintelligible"> xx </supplied> e<c type="lengthening"/>r couple of weeks ago <pause/> e<c type="lengthening"/>r <pause/> e<c type="lengthening"/><c type="lengthening"/>rm<c type="lengthening"/><pause/> but i i think that's the first time this er this figure has been launched <pause/> e<c type="lengthening"/>rm<c type="lengthening"/><pause dur="PT1S"/> based on new er <pause/> new developments new figures on er on the different fields and the development o- er on the norwegian continental shelf<c function="fall" type="intonation"/><pause/> erm <pause/> e<c type="lengthening"/>rm <pause/> e<c type="lengthening"/>rm <pause/> i <seg n="5" type="overlap" xml:id="POprc559_ol_22"> didn't quite <pause/> get your first </seg><pause/></u>
            <u who="#POprc559_S2" xml:id="POprc559_u_89"><seg n="5" synch="#POprc559_ol_22" type="overlap" xml:id="POprc559_ol_23"> emission emission trading scheme </seg></u>
            <u who="#POprc559_S3" xml:id="POprc559_u_90"> what <anchor synch="#POprc559_oc_15" type="other_continuation" xml:id="POprc559_oc_14"/></u>
            <u who="#POprc559_S2" xml:id="POprc559_u_91"><anchor synch="#POprc559_oc_14" type="other_continuation" xml:id="POprc559_oc_15"/> emission trading does norway intend to participate in the emission trading scheme <unclear> it's </unclear><seg n="6" type="overlap" xml:id="POprc559_ol_24"><shift corresp="#POprc559_s_40" feature="loud" new="p" xml:id="POprc559_s_39"/><supplied reason="unintelligible"> xx<c function="rise" type="intonation"/></supplied><shift corresp="#POprc559_s_39" feature="loud" new="neutral" xml:id="POprc559_s_40"/></seg></u>
            <u who="#POprc559_S3" xml:id="POprc559_u_92"><seg n="6" synch="#POprc559_ol_24" type="overlap" xml:id="POprc559_ol_25"> erm </seg><pause dur="PT1S"/> no e<c type="lengthening"/><c type="lengthening"/>rm <pause dur="PT1S"/> i- i- i i have to be fra- to be honest to say that er i i i cannot i<c type="lengthening"/> w- we are not intending to to do so <pause/> but this is not <pause/> er first of all i discu- i i question that <emph> i </emph> shall er answer there are <pause/> also e<c type="lengthening"/>r others to participate in this discussion so <pause dur="PT1S"/> this is for me<c function="rise" type="intonation"/><pause/></u>
            <u who="#POprc559_SX-f" xml:id="POprc559_u_93"> yeah <pause/></u>
            <u who="#POprc559_S3" xml:id="POprc559_u_94"> good <pause/></u>
            <u who="#POprc559_SS" xml:id="POprc559_u_95"><vocal subtype="wordstart" type="wordlike" voice:desc="laughing" voice:syl="3"/><seg n="7" type="overlap" xml:id="POprc559_ol_26"><vocal type="wordlike" voice:desc="laughing" voice:syl="2"/></seg></u>
            <u who="#POprc559_S3" xml:id="POprc559_u_96"><seg n="7" synch="#POprc559_ol_26" type="overlap" xml:id="POprc559_ol_27"><vocal subtype="wordstart" type="wordlike" voice:desc="laughing" voice:syl="2"/></seg><vocal type="wordlike" voice:desc="laughing" voice:syl="1"/><pause/>  because </u>
            <u who="#POprc559_SX-f" xml:id="POprc559_u_97"><shift corresp="#POprc559_s_42" feature="loud" new="p" xml:id="POprc559_s_41"/><supplied reason="unintelligible"> xxxxxxxxxxxx </supplied><shift corresp="#POprc559_s_41" feature="loud" new="neutral" xml:id="POprc559_s_42"/></u>
            <u who="#POprc559_S3" xml:id="POprc559_u_98"><emph> okay </emph><pause dur="PT2S"/></u>
            <u who="#POprc559_SX-f" xml:id="POprc559_u_99"><shift corresp="#POprc559_s_44" feature="loud" new="p" xml:id="POprc559_s_43"/><supplied reason="unintelligible"> xxxxx<c function="rise" type="intonation"/></supplied><shift corresp="#POprc559_s_43" feature="loud" new="neutral" xml:id="POprc559_s_44"/></u>
            <u who="#POprc559_S3" xml:id="POprc559_u_100"> yes <pause/> er this is under negotiations when it comes to er to to e<c type="lengthening"/>r the <unclear> directive on on quarters </unclear> et cetera <pause/> erm <pause dur="PT1S"/> but i- it it's not in my <voice:pvc> ministeries </voice:pvc><pause dur="PT2S"/></u>
            <u who="#POprc559_S1" xml:id="POprc559_u_101"><supplied reason="anonymization"> [S11] </supplied> last question<c function="rise" type="intonation"/><pause dur="PT3S"/></u>
            <u who="#POprc559_S11" xml:id="POprc559_u_102"> yeah <unclear> from </unclear><unclear> bloomberg </unclear> two quick questions erm can you say is there a concrete project or problem or two or three that this cooperation group is gonna deal with <pause/> and <pause/> er for the minister <pause/> er because norway you er because norway is in the <pause/> european economic area you are an outsider with an insider's view can you comment generally on the <pause/> problems that the european union is having e- er with protectionism and other things and creating a single energy market and what's your <pause/> view about the <pause/> the threat to <pause/> that er <pause/> goal thank you <pause dur="PT1S"/></u>
            <u who="#POprc559_S3" xml:id="POprc559_u_103"> shall <emph> i </emph> start<c function="rise" type="intonation"/><pause/> well erm <pause dur="PT2S"/> e<c type="lengthening"/>r there are still things to do when it comes to e<c type="lengthening"/>r to open the downstream <pause/> market er in europe<c function="fall" type="intonation"/> and er and <voice:track medium="1" num="12" type="md"/> norway er strongly er <pause/> supports <pause/> the commissioner's er work when it comes to opening up the the downstream er market as <pause dur="PT1S"/> as well and i think that will be an advantage for er <pause/> for the  <w voice:mode="spelt"> E U  </w><pause/> er <pause dur="PT1S"/> erm that this <pause/> market <pause/> that th- the market that's not <pause/> open good well enough er so far <pause/> er er could could be opened er and <pause/> transparent so er <pause/> we er we strongly support this development <pause dur="PT1S"/></u>
            <u who="#POprc559_S2" xml:id="POprc559_u_104"> but the group will start to look on <pause/> e<c type="lengthening"/>r because er we have <unclear> a </unclear><pause/> european economic <pause dur="PT1S"/> er area <pause dur="PT1S"/> and <pause/> it will start with a study on security of supply and demand for the whole european economic area <pause dur="PT1S"/> and <pause/> also particularly for natural gas and norway's role in it so to f- reflect more in <emph> detail </emph><pause/> and what we have agreed now <pause/> and e<c type="lengthening"/>r advancing to agree political they that is nice thing but another thing what you have asked about next types what <supplied reason="unintelligible"> x </supplied> we really need <pause/> because we have six entry entry  entry points <emph> in </emph> the  <w voice:mode="spelt"> e u  </w> do we need another one<c function="rise" type="intonation"/><pause/><emph> how </emph> to deal with er <pause/> er <pause/> h- c- competition issues for getting <emph> more </emph> gas <pause/> so this all the issues are should be de- debated o<c type="lengthening"/>n the officials' er level to agreed between diff- er er of <supplied reason="unintelligible"> xxx </supplied><pause/><emph> and </emph> er norwegian ministry experts and then we should debate on political level of <supplied reason="unintelligible"> x </supplied> it because now we create a frame <pause/> that we should go in more in detail to really guarantee security of supply <pause dur="PT2S"/></u>
            <u who="#POprc559_S1" xml:id="POprc559_u_105"> okay thank you very much minister thank you very much commissioner thank you very much ladies and gentlemen for coming here<c function="fall" type="intonation"/><pause/> you have the press release outside the room if you don't have it <pause/> yet <pause/> thank you </u>
         </div>
      </body>
   </text>
</TEI>