<TEI xmlns="http://www.tei-c.org/ns/1.0" xmlns:voice="http://www.univie.ac.at/voice/ns/1.0" xmlns:xi="http://www.w3.org/2001/XInclude" version="5" xml:id="POprc557" xml:lang="eng">
   <teiHeader>
      <fileDesc>
         <titleStmt>
            <title>press conference on illegal immigration in Spain</title>
            <principal>Prof. Barbara Seidlhofer</principal>
            <editor/>
            <funder>Austrian Science Foundation (FWF)</funder>
            <sponsor/>
            <respStmt>
               <resp>Corpus Compilation</resp>
               <orgName>VOICE Project</orgName>
               <persName>Barbara Seidlhofer</persName>
               <persName>Angelika Breiteneder</persName>
               <persName>Marie-Luise Pitzl</persName>
               <persName>Stefan Majewski</persName>
               <persName>Theresa Klimpfinger</persName>
            </respStmt>
         </titleStmt>
         <editionStmt>
		<edition>Version 1.0 XML, <date>May 2011</date></edition>
	  <respStmt>
		<resp>Researchers</resp>
		<name>Barbara Seidlhofer</name> 		
		<name>Angelika Breiteneder</name> 
		<name>Theresa Klimpfinger</name> 
		<name>Stefan Majewski</name> 
		<name>Marie-Luise Pitzl</name> 
	  </respStmt>
	</editionStmt>
         <publicationStmt>
		<publisher>Barbara Seidlhofer, Stefan Majewski, Marie-Luise Pitzl</publisher> 
	  <distributor>VOICE Project, University of Vienna, Austria</distributor> 
	  <address>
		<addrLine>Spitalgasse 2, AAKH Hof 8</addrLine> 
		<addrLine>1090 Vienna</addrLine> 
		<addrLine>Austria</addrLine> 
		<addrLine>Telephone: +43 1 427742446</addrLine> 
	  	<addrLine>Email: voice@univie.ac.at</addrLine> 
		<addrLine>Website: http://www.univie.ac.at/voice</addrLine> 
	  </address>
	  <availability status="free">
	  	<p>
		  The Vienna-Oxford International Corpus of English (VOICE)
		  was created by Barbara Seidlhofer (project director) and
		  Angelika Breiteneder, Theresa Klimpfinger, Stefan Majewski,
		  Marie-Luise Pitzl (project researchers). VOICE 1.0 XML is
		  available for download at the VOICE Project's website <ref target="http://www.univie.ac.at/voice/">http://www.univie.ac.at/voice/</ref>
		  under a Creative Commons
		  Attribution-NonCommercial-ShareAlike 3.0 Unported (CC
		  BY-NC-SA 3.0) License (<ref target="http://creativecommons.org/licenses/by-nc-sa/3.0/">
		  http://creativecommons.org/licenses/by-nc-sa/3.0/
		  </ref>). The original audio files are held at the Department
		  of English, University of Vienna. 23 selected audio files
		  are available as audio streams in the VOICE Online interface
		  at the VOICE Project's website <ref target="http://www.univie.ac.at/voice">http://www.univie.ac.at/voice</ref>.
		</p>
		<p>
		The recommended citation for VOICE 1.0 XML is:
		</p>
		<p>
		<bibl><title>VOICE</title>. <date>2011</date>. <title level="m">The Vienna-Oxford International Corpus of
		English</title> (<edition>version 1.0
		XML</edition>). Director: Barbara Seidlhofer; Researchers:
		Angelika Breiteneder, Theresa Klimpfinger, Stefan Majewski,
		Marie-Luise Pitzl.</bibl>
		</p>
		<p>The short citation for VOICE 1.0 XML is:
		</p>
		<p>
		<bibl><title>VOICE</title>. <date>2011</date>. <title level="m">The Vienna-Oxford International Corpus of
		English</title> (<edition>version 1.0
		XML</edition>).</bibl></p>
		<p>
		  For further information about availability and copyright
		  permissions, please see the README file included in the
		  download package. For further enquiries please contact the
		  VOICE Project at <ref target="mailto:voice@univie.ac.at">voice@univie.ac.at</ref>.
		</p>
	  </availability>
	</publicationStmt>
         <notesStmt>
            <note xml:id="POprc557_wc">Words: 1448</note>
            <note xml:id="POprc557_tn_0">This press conference of the European Union deals with illegal immigration in Spain. S2, an EU commissioner, is asked questions by journalists and answers them. S1 is the chairperson and invites journalists in the audience to pose their questions.   </note>
         </notesStmt>
         <sourceDesc>
            <recordingStmt>
               <recording dur="PT00H09M30S" type="audio">
                  <date>2006-09-21</date>
                  <equipment>
                     <p>unknown</p>
                  </equipment>
                  <respStmt>
                     <resp>recording</resp>
                     <name>European Commission</name>
                     <name> Audiovisual Service</name>
                  </respStmt>
               </recording>
            </recordingStmt>
         </sourceDesc>
      </fileDesc>
      <encodingDesc>
         <classDecl>
            <taxonomy>
               <category xml:id="POprc557_domain">
                  <catDesc>Domain</catDesc>
                  <category sameAs="#ED" xml:id="POprc557_ED">
                     <catDesc>educational</catDesc>
                  </category>
                  <category sameAs="#LE" xml:id="POprc557_LE">
                     <catDesc>leisure</catDesc>
                  </category>
                  <category sameAs="#PB" xml:id="POprc557_PB">
                     <catDesc>professional business</catDesc>
                  </category>
                  <category sameAs="#PO" xml:id="POprc557_PO">
                     <catDesc>professional organizational</catDesc>
                  </category>
                  <category sameAs="#PR" xml:id="POprc557_PR">
                     <catDesc>professional research/science</catDesc>
                  </category>
               </category>
               <category xml:id="POprc557_spet">
                  <catDesc>Speech Event Type</catDesc>
                  <category sameAs="#int" xml:id="POprc557_int">
                     <catDesc>interview</catDesc>
                  </category>
                  <category sameAs="#prc" xml:id="POprc557_prc">
                     <catDesc>press conference</catDesc>
                  </category>
                  <category sameAs="#sve" xml:id="POprc557_sve">
                     <catDesc>service encounter</catDesc>
                  </category>
                  <category sameAs="#sed" xml:id="POprc557_sed">
                     <catDesc>seminar discussion</catDesc>
                  </category>
                  <category sameAs="#wgd" xml:id="POprc557_wgd">
                     <catDesc>working group discussion</catDesc>
                  </category>
                  <category sameAs="#wsd" xml:id="POprc557_wsd">
                     <catDesc>workshop discussion</catDesc>
                  </category>
                  <category sameAs="#mtg" xml:id="POprc557_mtg">
                     <catDesc>meeting</catDesc>
                  </category>
                  <category sameAs="#pan" xml:id="POprc557_pan">
                     <catDesc>panel</catDesc>
                  </category>
                  <category sameAs="#qas" xml:id="POprc557_qas">
                     <catDesc>question-answer session</catDesc>
                  </category>
                  <category sameAs="#con" xml:id="POprc557_con">
                     <catDesc>conversation</catDesc>
                  </category>
               </category>
            </taxonomy>
         </classDecl>
         <tagsDecl><namespace name="http://www.tei-c.org/ns/1.0">
      <tagUsage gi="TEI" occurs="1"/>
      <tagUsage gi="teiHeader" occurs="1"/>
      <tagUsage gi="fileDesc" occurs="1"/>
      <tagUsage gi="titleStmt" occurs="1"/>
      <tagUsage gi="title" occurs="5"/>
      <tagUsage gi="principal" occurs="1"/>
      <tagUsage gi="editor" occurs="1"/>
      <tagUsage gi="funder" occurs="1"/>
      <tagUsage gi="sponsor" occurs="1"/>
      <tagUsage gi="respStmt" occurs="3"/>
      <tagUsage gi="resp" occurs="3"/>
      <tagUsage gi="orgName" occurs="1"/>
      <tagUsage gi="persName" occurs="5"/>
      <tagUsage gi="editionStmt" occurs="1"/>
      <tagUsage gi="edition" occurs="3"/>
      <tagUsage gi="date" occurs="4"/>
      <tagUsage gi="name" occurs="9"/>
      <tagUsage gi="publicationStmt" occurs="1"/>
      <tagUsage gi="publisher" occurs="1"/>
      <tagUsage gi="distributor" occurs="1"/>
      <tagUsage gi="address" occurs="1"/>
      <tagUsage gi="addrLine" occurs="6"/>
      <tagUsage gi="availability" occurs="1"/>
      <tagUsage gi="p" occurs="7"/>
      <tagUsage gi="ref" occurs="5"/>
      <tagUsage gi="bibl" occurs="2"/>
      <tagUsage gi="notesStmt" occurs="1"/>
      <tagUsage gi="note" occurs="2"/>
      <tagUsage gi="sourceDesc" occurs="1"/>
      <tagUsage gi="recordingStmt" occurs="1"/>
      <tagUsage gi="recording" occurs="1"/>
      <tagUsage gi="equipment" occurs="1"/>
      <tagUsage gi="encodingDesc" occurs="1"/>
      <tagUsage gi="classDecl" occurs="1"/>
      <tagUsage gi="taxonomy" occurs="1"/>
      <tagUsage gi="category" occurs="17"/>
      <tagUsage gi="catDesc" occurs="17"/>
      <tagUsage gi="tagsDecl" occurs="1"/>
      <tagUsage gi="namespace" occurs="2"/>
      <tagUsage gi="tagUsage" occurs="79"/>
      <tagUsage gi="gi" occurs="4"/>
      <tagUsage gi="att" occurs="13"/>
      <tagUsage gi="list" occurs="11"/>
      <tagUsage gi="label" occurs="20"/>
      <tagUsage gi="val" occurs="42"/>
      <tagUsage gi="item" occurs="40"/>
      <tagUsage gi="profileDesc" occurs="1"/>
      <tagUsage gi="textClass" occurs="1"/>
      <tagUsage gi="catRef" occurs="2"/>
      <tagUsage gi="settingDesc" occurs="1"/>
      <tagUsage gi="setting" occurs="1"/>
      <tagUsage gi="locale" occurs="1"/>
      <tagUsage gi="activity" occurs="1"/>
      <tagUsage gi="particDesc" occurs="1"/>
      <tagUsage gi="listPerson" occurs="4"/>
      <tagUsage gi="personGrp" occurs="3"/>
      <tagUsage gi="person" occurs="8"/>
      <tagUsage gi="age" occurs="6"/>
      <tagUsage gi="sex" occurs="6"/>
      <tagUsage gi="langKnowledge" occurs="6"/>
      <tagUsage gi="langKnown" occurs="6"/>
      <tagUsage gi="occupation" occurs="5"/>
      <tagUsage gi="relationGrp" occurs="1"/>
      <tagUsage gi="relation" occurs="2"/>
      <tagUsage gi="revisionDesc" occurs="1"/>
      <tagUsage gi="change" occurs="5"/>
      <tagUsage gi="text" occurs="1"/>
      <tagUsage gi="body" occurs="1"/>
      <tagUsage gi="div" occurs="1"/>
      <tagUsage gi="u" occurs="23">Used to mark a stretch of speech commonly
		preceded and followed by a pause or by a change of speaker. A
		<gi>u</gi> is, however, not required to be bounded by a pause or
		a change of speaker, nor does it represent a turn in a
		conversation analytic sense. At a minimum, a <gi>u</gi> is some
		phonetic production or noise made by a given speaker or a group of speakers.</tagUsage>
      <tagUsage gi="foreign" occurs="2">Used to mark a word or phrase as
		belonging to some language other than English. The following
		values for the <att>type</att> attribute are used to mark:
		<list>
		  <label><val>L1</val></label><item>the speaker's first
		  language</item>
		  <label><val>LN</val></label><item>a language other than the
		  speaker's first language</item>
		  <label><val>LQ</val></label><item>a language where it cannot
		  be ascertained whether it is the speaker's first or other
		  language.</item>
		</list>
		Whenever possible, the 
		<att>voice:translation</att> attribute provides a rough translation of the
		non-English speech into English.
		</tagUsage>
      <tagUsage gi="c" occurs="54">Used to mark lengthening of sounds and
		intonation (fall, rise). The following <att>type</att>
		attributes are used to mark:
		<list>
		  <label><val>lengthening</val></label><item>lengthened
		  sounds</item>
		  <label><val>intonation</val></label><item>a significant change in
		  intonation, marked with the following <att>function</att>
		  attribute for:
		  <list>
			<label><val>fall</val></label><item>falling
			intonation</item>
			<label><val>rise</val></label><item>rising intonation</item>
		  </list>
		</item>
		</list>
		Intonation may or may not coincide with
		syntactic boundaries.
		</tagUsage>
      <tagUsage gi="seg" occurs="12">Used with different <att>type</att> attributes to mark:
		<list>
		  <label><att>type</att><val>overlap</val></label>
		  <item>overlaps</item>
		  <label><att>type</att><val>onomatopoeia</val></label>
		  <item>onomatopoeic sounds</item>
		  <label><att>type</att><val>ipa</val></label>
		  <item>transcriptions in the international phonetic alphabet</item>
		</list>
		</tagUsage>
      <tagUsage gi="unclear" occurs="8">Used to mark speech which cannot be
		transcribed with certainty, because it is difficult to hear or
		understand for the transcriber.</tagUsage>
      <tagUsage gi="supplied" occurs="17">Used to mark text supplied by the
		transcriber because the original is unintelligible or needed to
		be anonymized. The <att>reason</att> attribute is used to mark:
		<list>
		  <label><val>unintelligible</val></label><item>unintelligible
		  speech</item>
		  <label><val>anonymization</val></label><item>anonymized
		  speech</item>
		</list>
		</tagUsage>
      <tagUsage gi="pause" occurs="139">Used to mark a pause either between or
		within utterances. Used without <att>dur</att> attribute to
		indicate a brief pause up to half a second.
		</tagUsage>
      <tagUsage gi="shift" occurs="6">Used to mark the point at which some
		paralinguistic feature changes. The following attribute values
		are used to mark:
		<list>
          <label>
            <val>voice</val>
          </label>
          <item>voice quality
          <list>
            <item><val>imitating</val></item>
            <item><val>laugh</val></item>
            <item><val>neutral</val></item>
            <item><val>phone</val></item>
            <item><val>reading</val></item>
            <item><val>reading_aloud</val></item>
            <item><val>sigh</val></item>
            <item><val>singing</val></item>
            <item><val>whisp</val></item>
            <item><val>yawning</val></item>
          </list>
          </item>
          <label>
          <val>tempo</val></label>
          <item>speed of utterance
            <list>
              <label><val>a</val></label>
              <item>accelerando</item>
              <label><val>l</val></label>
              <item>lento</item>
              <label><val>neutral</val></label>
              <item>neutral</item>
            </list>
          </item>
          <label>
          <val>loud</val></label>
          <item>loudness
            <list>
              <item><val>f</val></item>
              <item><val>neutral</val></item>
              <item><val>p</val></item>
            </list>
          </item>
		  </list>
		</tagUsage>
      <tagUsage gi="emph" occurs="23">Used to mark speech which is stressed or
		emphasized in a way that goes beyond regular nuclear
		stress.</tagUsage>
      <tagUsage gi="w" occurs="9">
		  Used with the <att>type</att> attribute set to
		  <val>spelt</val> to mark words or word fragments which are
		  spelt out, i.e. words whose constituents are pronounced as
		  individual letters.
		</tagUsage>
      <tagUsage gi="vocal" occurs="2">Used to mark laughter and other speaker
		noises and non-verbal feedback.
        <list>
          <label>
            <val>speaker_noise</val>
          </label>
          <item>
            <list>
              <item>
                <val>coughing</val>
              </item>
              <item>
                <val>nods</val>
              </item>
              <item>
                <val>shakes head</val>
              </item>
              <item>
                <val>smacks lips</val>
              </item>
              <item>
                <val>sniffs</val>
              </item>
              <item>
                <val>swallows</val>
              </item>
              <item>
                <val>whistles</val>
              </item>
            </list>
          </item>
          <label>
            <val>wordlike</val>
          </label>
          <item>
            <val>laughing</val>
          </item>
        </list>
        </tagUsage></namespace><namespace name="http://www.univie.ac.at/voice/ns/1.0">
      <tagUsage gi="voice:pvc" occurs="3">Used to mark a pronunciation variation
		or coinage as described in <ref target="http://www.univie.ac.at/voice/documents/VOICE_mark-up_conventions_v2-1.pdf">the
			VOICE mark-up conventions [2.1].</ref>the
			VOICE mark-up conventions [2.1]. An existing word corresponding to the PVC may be provided within a <att>comment</att>comment attribute within the <gi>voice:pvc</gi>voice:pvc element. Additional phonetic
			transcription may be provided within a <att>voice:ipa</att>voice:ipa attribute
			within the <gi>voice:pvc</gi>voice:pvc element.</tagUsage>
      <tagUsage gi="voice:track" occurs="3">Used to mark the beginning of a new
		audio track used in transcription (usually three minutes in length) and thus refers to the audio recording
		of the transcribed speech event.
		</tagUsage></namespace></tagsDecl>
      </encodingDesc>
      <profileDesc>
         <textClass>
            <catRef target="#POprc557_PO #POprc557_prc"/>
            <catRef target="#PO #prc"/>
         </textClass>
         <settingDesc>
            <setting>
               <name type="country">BE</name>
               <name type="city">Brussels</name>
               <locale>conference room</locale>
               <activity>unknown</activity>
            </setting>
         </settingDesc>
         <particDesc>
            <listPerson type="main">
               <listPerson type="groups">
                  <personGrp role="speakers" size="6"/>
                  <personGrp role="interactants" size="6"/>
                  <personGrp role="audience" size="unknown"/>
               </listPerson>
               <listPerson type="identified">
                  <person role="chair" sameAs="#P609" xml:id="POprc557_S1">
                     <age value="0">unknown</age>
                     <sex value="1">male</sex>
                     <langKnowledge>
                        <langKnown level="L1" tag="und"/>
                     </langKnowledge>
                  </person>
                  <person role="participant" sameAs="#P610" xml:id="POprc557_S2">
                     <age value="0">unknown</age>
                     <sex value="2">female</sex>
                     <occupation>EU politician</occupation>
                     <langKnowledge>
                        <langKnown level="L1" tag="lit-LT"/>
                     </langKnowledge>
                  </person>
                  <person role="audience" sameAs="#P611" xml:id="POprc557_S3">
                     <age value="0">unknown</age>
                     <sex value="1">male</sex>
                     <occupation>journalist</occupation>
                     <langKnowledge>
                        <langKnown level="L1" tag="spa"/>
                     </langKnowledge>
                  </person>
                  <person role="audience" sameAs="#P612" xml:id="POprc557_S4">
                     <age value="0">unknown</age>
                     <sex value="2">female</sex>
                     <occupation>journalist</occupation>
                     <langKnowledge>
                        <langKnown level="L1" tag="dut"/>
                     </langKnowledge>
                  </person>
                  <person role="audience" sameAs="#P613" xml:id="POprc557_S5">
                     <age value="0">unknown</age>
                     <sex value="1">male</sex>
                     <occupation>journalist</occupation>
                     <langKnowledge>
                        <langKnown level="L1" tag="pol-PL"/>
                     </langKnowledge>
                  </person>
                  <person role="audience" sameAs="#P614" xml:id="POprc557_S6">
                     <age value="0">unknown</age>
                     <sex value="1">male</sex>
                     <occupation>journalist</occupation>
                     <langKnowledge>
                        <langKnown level="L1" tag="und"/>
                     </langKnowledge>
                  </person>
               </listPerson>
               <listPerson type="not_identified">
                  <person sameAs="#SX-m" xml:id="POprc557_SX-m"/>
                  <person corresp="#POprc557_S6" sameAs="#SX" xml:id="POprc557_SX-6"/>
               </listPerson>
               <relationGrp>
                  <relation mutual="#POprc557_S1 #POprc557_S2 #POprc557_S3 #POprc557_S4 #POprc557_S5 #POprc557_S6" name="fairly_asymmetrical" type="power"/>
                  <relation mutual="#POprc557_S1 #POprc557_S2 #POprc557_S3 #POprc557_S4 #POprc557_S5 #POprc557_S6" name="predominantly_unacquainted" type="acquaintedness"/>
               </relationGrp>
            </listPerson>
         </particDesc>
      </profileDesc>
      <revisionDesc>
         <change when="2009-05-19" who="SM">conversion to XML</change>
         <change when="2009-05-12" who="TK">finalized for publication</change>
         <change when="2008-02-18" who="MLP">proof-reading</change>
         <change when="2007-11-27" who="HB">checking</change>
         <change when="2007-10-06" who="JH">transcription</change>
      </revisionDesc>
   </teiHeader>
   <text>
      <body>
         <div type="medium" voice:end="00:31" voice:end_medium_number="1" voice:end_track="4" voice:medium_type="md" voice:start="00:00" voice:start_medium_number="1" voice:start_track="1">
            <u who="#POprc557_S1" xml:id="POprc557_u_1"> thank you very much <foreign type="LN" xml:lang="fre"> madame </foreign> commissioner e<c type="lengthening"/>r you will have all the materials available outside e<c type="lengthening"/>r the report and the slide presentation e<c type="lengthening"/>r when asking question please state your organization hh <seg n="1" type="overlap" xml:id="POprc557_ol_0"> erm </seg></u>
            <u who="#POprc557_S2" xml:id="POprc557_u_2"><seg n="1" synch="#POprc557_ol_0" type="overlap" xml:id="POprc557_ol_1"> and we </seg> we do have <unclear> three </unclear> people from <supplied reason="unintelligible"> xx </supplied> for technical briefing if you will need additional information for separate country because the the<c type="lengthening"/> file as such and my presentation was more political one <pause dur="PT1S"/></u>
            <u who="#POprc557_S1" xml:id="POprc557_u_3"> please <pause dur="PT4S"/></u>
            <u who="#POprc557_S3" xml:id="POprc557_u_4"> my name is <supplied reason="anonymization"> [S3] </supplied><supplied reason="anonymization"> [S3/last] </supplied> from the spanish <supplied reason="anonymization"> [org1] </supplied> and er i wanted to know e<c type="lengthening"/><c type="lengthening"/>r more about the this money on migration that was not spent in<c type="lengthening"/> two thousand and five hh exactly ho- how much money was and why i- it was not spend hh and for this year two thousand a<c type="lengthening"/>nd six hh er i i wanted also to ask you if there's er still so<c type="lengthening"/>me some money left er er er in migration <pause/> if er there's still money left in migration to to spend bal- for instance in the crisis in spain<c function="fall" type="intonation"/><pause dur="PT1S"/></u>
            <u who="#POprc557_S2" xml:id="POprc557_u_5"><shift corresp="#POprc557_s_2" feature="loud" new="p" xml:id="POprc557_s_1"/> mhm <shift corresp="#POprc557_s_1" feature="loud" new="neutral" xml:id="POprc557_s_2"/> hh <pause/> very <pause/> politically <pause dur="PT1S"/> good question<c function="rise" type="intonation"/> important for all of us and for spain of course<c function="fall" type="intonation"/> hh <pause/><emph> yes </emph> it was a pity for us ourselves to realize that in internal policies er some erm er er er financial resources er which have been er devoted to hh er coordinate and to hh er streamline the<c type="lengthening"/> erm member states' policies on immigration in two thousand spa- er in two thousand five was not fully utilized <pause/> and er we started to look er why and how and what er happened i- at that time because er the preparation it looks to was er going to be er done in two thousand four and for two thousand five hh we we clearly identified the lack of coordination er for the between member states because this money is mainly hh er supposed to be spend  by member spates  e<c type="lengthening"/>r member states and coordinated by member states<c function="fall" type="intonation"/> hh their precise er amounts er you will be able to receive from <supplied reason="unintelligible"> xx </supplied> e<c type="lengthening"/>r on two thousand five how much was not spend  and <emph> how </emph><emph> much </emph> we do already <pause/> introduced or proposed in two thousand er <pause/> er seven er  <w voice:mode="spelt"><unclear> p d b </unclear></w><pause/> er budget draft but er you can receive it er in details it's the head of unit here hh e<c type="lengthening"/>r now on er <pause/> two thousand er seven and already today<c function="fall" type="intonation"/><pause/> erm the<c type="lengthening"/> same political problem exists everywhere <pause/> the first <pause/> member states need finally <pause/> to coordinate the efforts <pause dur="PT1S"/> to fight <emph> illegal </emph><pause/> immigration or <pause/> so-called black market <pause/> of labor <pause/> that's main two goals which they need to persuade <emph> now </emph> hh the moneys <emph> are </emph> available <pause/> but they're <voice:pvc comment="fragmented; fragmentary"> fragmentated </voice:pvc><pause dur="PT1S"/> and in all budget also we have in separate policies <pause/> e<c type="lengthening"/>r the separate funds for that <pause/> we have er some er amounts er annually er in neighborhood policy hh er some amounts in er interact policy <pause/> in cohesion <unclear> envelope </unclear> an- and er a lot of er such kind of pieces by pieces  but hh everything starts from <pause/> lack of coordination between member states<c function="rise" type="intonation"/> if in separate council hh separate council decides on <voice:track medium="1" num="2" type="md"/> something <pause/> and of course commission reflects this separation <pause/> so we looked <unclear> as </unclear> we screened <pause/> recently <pause/> then this problem secures e<c type="lengthening"/>r this this er autumn hh er in in especially in south european countries we screened their er resources available and realized that <emph> yes </emph><pause/> they <emph> are </emph> available<c function="fall" type="intonation"/><pause/> but they're not <unclear> streamlined </unclear> sufficiently they're not coordinated sufficiently and probably <pause/> they <pause/> can <pause/> be <pause/> used <pause/> more efficiently but this is up to member states to take it seriously <pause/> immigration will <emph> not </emph> go away <pause/> neither tomorrow neither after tomorrow <pause/> this problem <pause/> we will face all europe er for a long <pause dur="PT1S"/> time <pause/> it is political <pause/> social <pause/> economic <pause/> financial <pause/> problem to all of us hh so why e<c type="lengthening"/>r immigration policy needs to be taken care on european level <pause/> we need to help spain <pause dur="PT1S"/> all together <pause/> spain will be not able to tackle it alone <pause/> and it's problem not only spain's it's european problem<c function="fall" type="intonation"/> and spain is the border of europe hh so <pause/> the<c type="lengthening"/> figures concretely you will be er receiving from the <supplied reason="unintelligible"> xx </supplied> budget <pause/> er later<c function="fall" type="intonation"/><pause dur="PT2S"/></u>
            <u who="#POprc557_S1" xml:id="POprc557_u_6"> please <pause dur="PT5S"/></u>
            <u who="#POprc557_S4" xml:id="POprc557_u_7"><supplied reason="anonymization"> [S4] </supplied><supplied reason="anonymization"> [S4/last] </supplied> from the dutch <supplied reason="anonymization"> [org2] </supplied><pause/> erm <pause/> what's your opinion <pause/> about the situation in the netherlands where the benefits <pause/> outweigh the costs<c function="rise" type="intonation"/><pause/> and you mentioned er problems in their management what would your advice be <pause/> to er the authority <seg n="2" type="overlap" xml:id="POprc557_ol_2"> thank you </seg></u>
            <u who="#POprc557_S2" xml:id="POprc557_u_8"><seg n="2" synch="#POprc557_ol_2" type="overlap" xml:id="POprc557_ol_3"> mhm </seg><pause/> i <pause/> want to now er inform you that we are quite satisfied that the problems erm erm largest er problems which have been er taking er place in netherlands in <emph> this </emph> sector hh with <emph> this </emph> agency in two thousand three two thousand five now <voice:pvc> overgone </voice:pvc> they're gone<c function="fall" type="intonation"/> we do not expect such losses in two thousand six and in future<c function="fall" type="intonation"/> no<c function="fall" type="intonation"/> hh now o- on benefits hh erm <pause/> recently we er did a study about two years of enlargement<c function="rise" type="intonation"/> and who benefited the most<c function="rise" type="intonation"/> hh and it was very interesting to see the economic results er who benefited the most it was the countries who erm practically had <pause/> erm de- denied the most hh a<c type="lengthening"/>nd the largest re- er bene- beneficiaries in trade in economic <supplied reason="unintelligible" voice:ipa="rouf"> x </supplied> in er <pause/> comparatively very good and cheap labor force was <pause/> germany <pause dur="PT2S"/> austria <pause/> netherlands <pause dur="PT1S"/> did you read  about that in your media<c function="rise" type="intonation"/><pause dur="PT1S"/></u>
            <u who="#POprc557_SX-m" xml:id="POprc557_u_9"><shift corresp="#POprc557_s_4" feature="loud" new="p" xml:id="POprc557_s_3"/><vocal subtype="wordstart" type="wordlike" voice:desc="laughing" voice:syl="1"/><seg n="3" type="overlap" xml:id="POprc557_ol_4"><vocal type="wordlike" voice:desc="laughing" voice:syl="1"/></seg><shift corresp="#POprc557_s_3" feature="loud" new="neutral" xml:id="POprc557_s_4"/></u>
            <u who="#POprc557_S2" xml:id="POprc557_u_10"><seg n="3" synch="#POprc557_ol_4" type="overlap" xml:id="POprc557_ol_5"> no<c function="fall" type="intonation"/></seg><pause dur="PT1S"/> why<c function="rise" type="intonation"/><pause/> this question is not to us hh so but that's interesting that er the er concrete er reality of the economic results of enlargement hh mainly <supplied reason="unintelligible"> xxx </supplied> went to the  <w voice:mode="spelt"> e u  </w> fifteen <pause/> neighboring the new member states <pause dur="PT2S"/></u>
            <u who="#POprc557_S1" xml:id="POprc557_u_11"> please er er <supplied reason="anonymization"> [S5] </supplied><pause dur="PT4S"/></u>
            <u who="#POprc557_S5" xml:id="POprc557_u_12"><supplied reason="anonymization"> [S5] </supplied><supplied reason="anonymization"> [S5/last] </supplied> polish <supplied reason="anonymization"> [org3] </supplied> er commissioner i'm some- somewhat <pause/> surprised that er one of the richest countries in the european union hh namely united kingdom became the <supplied reason="unintelligible"><emph> x </emph></supplied> recipient of structural action <voice:track medium="1" num="3" type="md"/> could you comment on that would it be possible th- er in the two thousand six budget here<c function="rise" type="intonation"/> hh a<c type="lengthening"/>nd second question <pause/> what is the <emph> risk </emph> that new member states such as as poland would <emph> lose </emph> the<c type="lengthening"/> e<c type="lengthening"/>rm <pause/> the <unclear> structural </unclear> money because of the  <w voice:mode="spelt"> n  </w> plus two rule <pause/> in two thousand six i mean that would be the first here when the  <w voice:mode="spelt"> n  </w> plus two rule <pause/> er gets into action<c function="fall" type="intonation"/> isn't it <pause/></u>
            <u who="#POprc557_S2" xml:id="POprc557_u_13"> hh er the first question <pause dur="PT1S"/><pause/> erm <pause/> the figures you saw <pause/> and probably i hope you heard what they said and er maybe what i didn't er between the lines <pause/> hh that the largest beneficiaries <pause/> of all  <w voice:mode="spelt"> e u  </w> financing <pause/> including in both main <pause/> policies agriculture <emph> and </emph> structural are <pause dur="PT1S"/> the largest <pause dur="PT1S"/> member states<c function="fall" type="intonation"/><pause/> hh that <emph> altogether </emph><pause/> ten new member states from <emph> all </emph> funding for <emph> all </emph><pause/> goals <pause/> receive only nine point five per cent of european budget <pause/> less than ten per cent<c function="fall" type="intonation"/> hh in <emph> both </emph><pause/> policies in the main policies <pause/> new member states <pause/> are <pause/> still in the phasing  in <pause/> situation we <pause dur="PT1S"/> new member states still are not in <emph> full </emph><pause/> recipient on <emph> full </emph> scale <pause/> both policies yet this will come <pause/> more and more <pause/> from two thousand seven <pause/> practically fully in two thousand seven for cohesion policy but relatively slower in agricultural<c function="fall" type="intonation"/><pause dur="PT1S"/> there's a status quo hh er concrete on  <w voice:mode="spelt"> u k  </w> it was as we said it it was a surprising figure we didn't expect it they also didn't plan but they managed better and er <pause/> i- if  <w voice:mode="spelt"> e u  </w> er and also we di- we cannot forget that it is the <pause/> practically pre- last er er er year of er this financial perspective <emph> for </emph><pause/> the  <w voice:mode="spelt"> e u  </w> fifteen hh so <pause/> they need to catch up whatever they can in two thousand five two thousand six the six er is the last year for <emph> them </emph><pause/> in this financial perspective hh now about er new member states' possibilities to lose hh  <w voice:mode="spelt"> n  </w> plus two rule will start to work only in two thousand seven january <pause dur="PT1S"/> for the moneys  which suppose to be spent in two thousand four hh but because in two thousand four <pause/> er i<c type="lengthening"/>n <pause/> membership was only eight months and the amounts have been not significant and mo- mostly these amounts have been fron- <voice:pvc> frontloaded </voice:pvc><pause/> so we do not expect er large problems here in two thousand seven but two thousand eight will be more serious year<c function="fall" type="intonation"/><pause dur="PT1S"/> more risky year <pause/> for possibilities of loss <pause dur="PT2S"/></u>
            <u who="#POprc557_S1" xml:id="POprc557_u_14"> please <pause dur="PT3S"/></u>
            <u who="#POprc557_S6" xml:id="POprc557_u_15"> er how much would the <pause/> new member states get if they <pause dur="PT1S"/> w- are <unclear> phased </unclear> in an all policies actually <pause/></u>
            <u who="#POprc557_S2" xml:id="POprc557_u_16"> hh t- d- erm <pause/> e<c type="lengthening"/>r i- in two thousand thirteen only <pause/> in two thousand thirteen er the<c type="lengthening"/><pause/> their full <unclear> phase </unclear> will be the last year will be hundred per cent direct payments hh and already now er from two thousand seven we<c type="lengthening"/> see that in cohesion policy <voice:track medium="1" num="4" type="md"/> the share of new member states will grow <pause/> up to forty per cent<c function="fall" type="intonation"/><pause dur="PT1S"/> but in amounts that's another matter you can calculate <pause/></u>
            <u who="#POprc557_SX-6" xml:id="POprc557_u_17"><shift corresp="#POprc557_s_6" feature="loud" new="p" xml:id="POprc557_s_5"/> forty per cent <seg n="4" type="overlap" xml:id="POprc557_ol_6"> from <supplied reason="unintelligible"> xx </supplied></seg><shift corresp="#POprc557_s_5" feature="loud" new="neutral" xml:id="POprc557_s_6"/></u>
            <u who="#POprc557_S2" xml:id="POprc557_u_18"><seg n="4" synch="#POprc557_ol_6" type="overlap" xml:id="POprc557_ol_7"> forty per cent </seg> from cohesion policy yeah <pause dur="PT2S"/> now it's twenty-four <pause dur="PT6S"/></u>
            <u who="#POprc557_S1" xml:id="POprc557_u_19"> okay<c function="rise" type="intonation"/><pause/> any more questions<c function="rise" type="intonation"/><pause/></u>
            <u who="#POprc557_S2" xml:id="POprc557_u_20"> okay <seg n="5" type="overlap" xml:id="POprc557_ol_8"> e<c type="lengthening"/>r </seg></u>
            <u who="#POprc557_S1" xml:id="POprc557_u_21"><seg n="5" synch="#POprc557_ol_8" type="overlap" xml:id="POprc557_ol_9"> if </seg> not thank you <seg n="6" type="overlap" xml:id="POprc557_ol_10"> very much <foreign type="LN" xml:lang="fre"> madame </foreign></seg></u>
            <u who="#POprc557_S2" xml:id="POprc557_u_22"><seg n="6" synch="#POprc557_ol_10" type="overlap" xml:id="POprc557_ol_11"> additional information </seg> available here <pause/> thank you <pause/></u>
            <u who="#POprc557_S1" xml:id="POprc557_u_23"> commissioner thank you very much </u>
         </div>
      </body>
   </text>
</TEI>