<TEI xmlns="http://www.tei-c.org/ns/1.0" xmlns:voice="http://www.univie.ac.at/voice/ns/1.0" xmlns:xi="http://www.w3.org/2001/XInclude" version="5" xml:id="POprc465" xml:lang="eng">
   <teiHeader>
      <fileDesc>
         <titleStmt>
            <title>press conference about the cooperation of Serbia with the European Union</title>
            <principal>Prof. Barbara Seidlhofer</principal>
            <editor/>
            <funder>Austrian Science Foundation (FWF)</funder>
            <sponsor/>
            <respStmt>
               <resp>Corpus Compilation</resp>
               <orgName>VOICE Project</orgName>
               <persName>Barbara Seidlhofer</persName>
               <persName>Angelika Breiteneder</persName>
               <persName>Marie-Luise Pitzl</persName>
               <persName>Stefan Majewski</persName>
               <persName>Theresa Klimpfinger</persName>
            </respStmt>
         </titleStmt>
         <editionStmt>
		<edition>Version 1.0 XML, <date>May 2011</date></edition>
	  <respStmt>
		<resp>Researchers</resp>
		<name>Barbara Seidlhofer</name> 		
		<name>Angelika Breiteneder</name> 
		<name>Theresa Klimpfinger</name> 
		<name>Stefan Majewski</name> 
		<name>Marie-Luise Pitzl</name> 
	  </respStmt>
	</editionStmt>
         <publicationStmt>
		<publisher>Barbara Seidlhofer, Stefan Majewski, Marie-Luise Pitzl</publisher> 
	  <distributor>VOICE Project, University of Vienna, Austria</distributor> 
	  <address>
		<addrLine>Spitalgasse 2, AAKH Hof 8</addrLine> 
		<addrLine>1090 Vienna</addrLine> 
		<addrLine>Austria</addrLine> 
		<addrLine>Telephone: +43 1 427742446</addrLine> 
	  	<addrLine>Email: voice@univie.ac.at</addrLine> 
		<addrLine>Website: http://www.univie.ac.at/voice</addrLine> 
	  </address>
	  <availability status="free">
	  	<p>
		  The Vienna-Oxford International Corpus of English (VOICE)
		  was created by Barbara Seidlhofer (project director) and
		  Angelika Breiteneder, Theresa Klimpfinger, Stefan Majewski,
		  Marie-Luise Pitzl (project researchers). VOICE 1.0 XML is
		  available for download at the VOICE Project's website <ref target="http://www.univie.ac.at/voice/">http://www.univie.ac.at/voice/</ref>
		  under a Creative Commons
		  Attribution-NonCommercial-ShareAlike 3.0 Unported (CC
		  BY-NC-SA 3.0) License (<ref target="http://creativecommons.org/licenses/by-nc-sa/3.0/">
		  http://creativecommons.org/licenses/by-nc-sa/3.0/
		  </ref>). The original audio files are held at the Department
		  of English, University of Vienna. 23 selected audio files
		  are available as audio streams in the VOICE Online interface
		  at the VOICE Project's website <ref target="http://www.univie.ac.at/voice">http://www.univie.ac.at/voice</ref>.
		</p>
		<p>
		The recommended citation for VOICE 1.0 XML is:
		</p>
		<p>
		<bibl><title>VOICE</title>. <date>2011</date>. <title level="m">The Vienna-Oxford International Corpus of
		English</title> (<edition>version 1.0
		XML</edition>). Director: Barbara Seidlhofer; Researchers:
		Angelika Breiteneder, Theresa Klimpfinger, Stefan Majewski,
		Marie-Luise Pitzl.</bibl>
		</p>
		<p>The short citation for VOICE 1.0 XML is:
		</p>
		<p>
		<bibl><title>VOICE</title>. <date>2011</date>. <title level="m">The Vienna-Oxford International Corpus of
		English</title> (<edition>version 1.0
		XML</edition>).</bibl></p>
		<p>
		  For further information about availability and copyright
		  permissions, please see the README file included in the
		  download package. For further enquiries please contact the
		  VOICE Project at <ref target="mailto:voice@univie.ac.at">voice@univie.ac.at</ref>.
		</p>
	  </availability>
	</publicationStmt>
         <notesStmt>
            <note xml:id="POprc465_wc">Words: 3190</note>
            <note xml:id="POprc465_tn_0">This is a press conference about the cooperation of Serbia with the European Union, in particular with regard to fulfilling the requirements of ICTY (the International Criminal Tribunal for the former Yugoslavia). S1, the chairperson, makes an initial statement, after which S2 and S3 also each make a short statement on the preceding talks and the agreement that has been reached. Subsequently, journalists (S4, S5, S6, S8, S9, S10) pose questions, which S2 and S3 and also S7 answer.  </note>
         </notesStmt>
         <sourceDesc>
            <recordingStmt>
               <recording dur="PT00H22M33S" type="audio">
                  <date>2006-07-17</date>
                  <equipment>
                     <p>unknown</p>
                  </equipment>
                  <respStmt>
                     <resp>recording</resp>
                     <name>European Commission</name>
                     <name> Audiovisual Service</name>
                  </respStmt>
               </recording>
            </recordingStmt>
         </sourceDesc>
      </fileDesc>
      <encodingDesc>
         <classDecl>
            <taxonomy>
               <category xml:id="POprc465_domain">
                  <catDesc>Domain</catDesc>
                  <category sameAs="#ED" xml:id="POprc465_ED">
                     <catDesc>educational</catDesc>
                  </category>
                  <category sameAs="#LE" xml:id="POprc465_LE">
                     <catDesc>leisure</catDesc>
                  </category>
                  <category sameAs="#PB" xml:id="POprc465_PB">
                     <catDesc>professional business</catDesc>
                  </category>
                  <category sameAs="#PO" xml:id="POprc465_PO">
                     <catDesc>professional organizational</catDesc>
                  </category>
                  <category sameAs="#PR" xml:id="POprc465_PR">
                     <catDesc>professional research/science</catDesc>
                  </category>
               </category>
               <category xml:id="POprc465_spet">
                  <catDesc>Speech Event Type</catDesc>
                  <category sameAs="#int" xml:id="POprc465_int">
                     <catDesc>interview</catDesc>
                  </category>
                  <category sameAs="#prc" xml:id="POprc465_prc">
                     <catDesc>press conference</catDesc>
                  </category>
                  <category sameAs="#sve" xml:id="POprc465_sve">
                     <catDesc>service encounter</catDesc>
                  </category>
                  <category sameAs="#sed" xml:id="POprc465_sed">
                     <catDesc>seminar discussion</catDesc>
                  </category>
                  <category sameAs="#wgd" xml:id="POprc465_wgd">
                     <catDesc>working group discussion</catDesc>
                  </category>
                  <category sameAs="#wsd" xml:id="POprc465_wsd">
                     <catDesc>workshop discussion</catDesc>
                  </category>
                  <category sameAs="#mtg" xml:id="POprc465_mtg">
                     <catDesc>meeting</catDesc>
                  </category>
                  <category sameAs="#pan" xml:id="POprc465_pan">
                     <catDesc>panel</catDesc>
                  </category>
                  <category sameAs="#qas" xml:id="POprc465_qas">
                     <catDesc>question-answer session</catDesc>
                  </category>
                  <category sameAs="#con" xml:id="POprc465_con">
                     <catDesc>conversation</catDesc>
                  </category>
               </category>
            </taxonomy>
         </classDecl>
         <tagsDecl><namespace name="http://www.tei-c.org/ns/1.0">
      <tagUsage gi="TEI" occurs="1"/>
      <tagUsage gi="teiHeader" occurs="1"/>
      <tagUsage gi="fileDesc" occurs="1"/>
      <tagUsage gi="titleStmt" occurs="1"/>
      <tagUsage gi="title" occurs="5"/>
      <tagUsage gi="principal" occurs="1"/>
      <tagUsage gi="editor" occurs="1"/>
      <tagUsage gi="funder" occurs="1"/>
      <tagUsage gi="sponsor" occurs="1"/>
      <tagUsage gi="respStmt" occurs="3"/>
      <tagUsage gi="resp" occurs="3"/>
      <tagUsage gi="orgName" occurs="1"/>
      <tagUsage gi="persName" occurs="5"/>
      <tagUsage gi="editionStmt" occurs="1"/>
      <tagUsage gi="edition" occurs="3"/>
      <tagUsage gi="date" occurs="4"/>
      <tagUsage gi="name" occurs="9"/>
      <tagUsage gi="publicationStmt" occurs="1"/>
      <tagUsage gi="publisher" occurs="1"/>
      <tagUsage gi="distributor" occurs="1"/>
      <tagUsage gi="address" occurs="1"/>
      <tagUsage gi="addrLine" occurs="6"/>
      <tagUsage gi="availability" occurs="1"/>
      <tagUsage gi="p" occurs="7"/>
      <tagUsage gi="ref" occurs="5"/>
      <tagUsage gi="bibl" occurs="2"/>
      <tagUsage gi="notesStmt" occurs="1"/>
      <tagUsage gi="note" occurs="2"/>
      <tagUsage gi="sourceDesc" occurs="1"/>
      <tagUsage gi="recordingStmt" occurs="1"/>
      <tagUsage gi="recording" occurs="1"/>
      <tagUsage gi="equipment" occurs="1"/>
      <tagUsage gi="encodingDesc" occurs="1"/>
      <tagUsage gi="classDecl" occurs="1"/>
      <tagUsage gi="taxonomy" occurs="1"/>
      <tagUsage gi="category" occurs="17"/>
      <tagUsage gi="catDesc" occurs="17"/>
      <tagUsage gi="tagsDecl" occurs="1"/>
      <tagUsage gi="namespace" occurs="2"/>
      <tagUsage gi="tagUsage" occurs="81"/>
      <tagUsage gi="gi" occurs="4"/>
      <tagUsage gi="att" occurs="16"/>
      <tagUsage gi="list" occurs="12"/>
      <tagUsage gi="label" occurs="22"/>
      <tagUsage gi="val" occurs="44"/>
      <tagUsage gi="item" occurs="42"/>
      <tagUsage gi="profileDesc" occurs="1"/>
      <tagUsage gi="textClass" occurs="1"/>
      <tagUsage gi="catRef" occurs="2"/>
      <tagUsage gi="settingDesc" occurs="1"/>
      <tagUsage gi="setting" occurs="1"/>
      <tagUsage gi="locale" occurs="1"/>
      <tagUsage gi="activity" occurs="1"/>
      <tagUsage gi="particDesc" occurs="1"/>
      <tagUsage gi="listPerson" occurs="4"/>
      <tagUsage gi="personGrp" occurs="3"/>
      <tagUsage gi="person" occurs="15"/>
      <tagUsage gi="age" occurs="10"/>
      <tagUsage gi="sex" occurs="10"/>
      <tagUsage gi="occupation" occurs="10"/>
      <tagUsage gi="langKnowledge" occurs="10"/>
      <tagUsage gi="langKnown" occurs="10"/>
      <tagUsage gi="relationGrp" occurs="1"/>
      <tagUsage gi="relation" occurs="2"/>
      <tagUsage gi="revisionDesc" occurs="1"/>
      <tagUsage gi="change" occurs="6"/>
      <tagUsage gi="text" occurs="1"/>
      <tagUsage gi="body" occurs="1"/>
      <tagUsage gi="div" occurs="4"/>
      <tagUsage gi="u" occurs="56">Used to mark a stretch of speech commonly
		preceded and followed by a pause or by a change of speaker. A
		<gi>u</gi> is, however, not required to be bounded by a pause or
		a change of speaker, nor does it represent a turn in a
		conversation analytic sense. At a minimum, a <gi>u</gi> is some
		phonetic production or noise made by a given speaker or a group of speakers.</tagUsage>
      <tagUsage gi="supplied" occurs="40">Used to mark text supplied by the
		transcriber because the original is unintelligible or needed to
		be anonymized. The <att>reason</att> attribute is used to mark:
		<list>
		  <label><val>unintelligible</val></label><item>unintelligible
		  speech</item>
		  <label><val>anonymization</val></label><item>anonymized
		  speech</item>
		</list>
		</tagUsage>
      <tagUsage gi="pause" occurs="451">Used to mark a pause either between or
		within utterances. Used without <att>dur</att> attribute to
		indicate a brief pause up to half a second.
		</tagUsage>
      <tagUsage gi="incident" occurs="17">Used to mark contextual information
		relevant to the understanding of the interaction or the
		interaction as such. The <att>voice:desc</att> attribute
		provides a short prose description of the contextual
		event.</tagUsage>
      <tagUsage gi="vocal" occurs="34">Used to mark laughter and other speaker
		noises and non-verbal feedback.
        <list>
          <label>
            <val>speaker_noise</val>
          </label>
          <item>
            <list>
              <item>
                <val>coughing</val>
              </item>
              <item>
                <val>nods</val>
              </item>
              <item>
                <val>shakes head</val>
              </item>
              <item>
                <val>smacks lips</val>
              </item>
              <item>
                <val>sniffs</val>
              </item>
              <item>
                <val>swallows</val>
              </item>
              <item>
                <val>whistles</val>
              </item>
            </list>
          </item>
          <label>
            <val>wordlike</val>
          </label>
          <item>
            <val>laughing</val>
          </item>
        </list>
        </tagUsage>
      <tagUsage gi="seg" occurs="26">Used with different <att>type</att> attributes to mark:
		<list>
		  <label><att>type</att><val>overlap</val></label>
		  <item>overlaps</item>
		  <label><att>type</att><val>onomatopoeia</val></label>
		  <item>onomatopoeic sounds</item>
		  <label><att>type</att><val>ipa</val></label>
		  <item>transcriptions in the international phonetic alphabet</item>
		</list>
		</tagUsage>
      <tagUsage gi="c" occurs="266">Used to mark lengthening of sounds and
		intonation (fall, rise). The following <att>type</att>
		attributes are used to mark:
		<list>
		  <label><val>lengthening</val></label><item>lengthened
		  sounds</item>
		  <label><val>intonation</val></label><item>a significant change in
		  intonation, marked with the following <att>function</att>
		  attribute for:
		  <list>
			<label><val>fall</val></label><item>falling
			intonation</item>
			<label><val>rise</val></label><item>rising intonation</item>
		  </list>
		</item>
		</list>
		Intonation may or may not coincide with
		syntactic boundaries.
		</tagUsage>
      <tagUsage gi="w" occurs="27">
		  Used with the <att>type</att> attribute set to
		  <val>spelt</val> to mark words or word fragments which are
		  spelt out, i.e. words whose constituents are pronounced as
		  individual letters.
		</tagUsage>
      <tagUsage gi="unclear" occurs="10">Used to mark speech which cannot be
		transcribed with certainty, because it is difficult to hear or
		understand for the transcriber.</tagUsage>
      <tagUsage gi="shift" occurs="44">Used to mark the point at which some
		paralinguistic feature changes. The following attribute values
		are used to mark:
		<list>
          <label>
            <val>voice</val>
          </label>
          <item>voice quality
          <list>
            <item><val>imitating</val></item>
            <item><val>laugh</val></item>
            <item><val>neutral</val></item>
            <item><val>phone</val></item>
            <item><val>reading</val></item>
            <item><val>reading_aloud</val></item>
            <item><val>sigh</val></item>
            <item><val>singing</val></item>
            <item><val>whisp</val></item>
            <item><val>yawning</val></item>
          </list>
          </item>
          <label>
          <val>tempo</val></label>
          <item>speed of utterance
            <list>
              <label><val>a</val></label>
              <item>accelerando</item>
              <label><val>l</val></label>
              <item>lento</item>
              <label><val>neutral</val></label>
              <item>neutral</item>
            </list>
          </item>
          <label>
          <val>loud</val></label>
          <item>loudness
            <list>
              <item><val>f</val></item>
              <item><val>neutral</val></item>
              <item><val>p</val></item>
            </list>
          </item>
		  </list>
		</tagUsage>
      <tagUsage gi="emph" occurs="44">Used to mark speech which is stressed or
		emphasized in a way that goes beyond regular nuclear
		stress.</tagUsage>
      <tagUsage gi="gap" occurs="3">Used to mark points where a short portion of
		speech has not been recorded or has been left untranscribed,
		whether for editorial reasons, as part of the sampling practice,
		or because the material is inaudible or comprises sensitive
		content. The following <att>reason</att> attributes are used to
		mark:
		<list>
		  <label><val>not_recorded</val></label><item>Not recorded
		  speech</item>
		  <label><val>not_transcribed</val></label><item>Not transcribed
		  speech</item>
		</list>
		Further information on the reason for a gap is provided within
		the <att>voice:desc</att> attribute.
		</tagUsage>
      <tagUsage gi="foreign" occurs="3">Used to mark a word or phrase as
		belonging to some language other than English. The following
		values for the <att>type</att> attribute are used to mark:
		<list>
		  <label><val>L1</val></label><item>the speaker's first
		  language</item>
		  <label><val>LN</val></label><item>a language other than the
		  speaker's first language</item>
		  <label><val>LQ</val></label><item>a language where it cannot
		  be ascertained whether it is the speaker's first or other
		  language.</item>
		</list>
		Whenever possible, the 
		<att>voice:translation</att> attribute provides a rough translation of the
		non-English speech into English.
		</tagUsage></namespace><namespace name="http://www.univie.ac.at/voice/ns/1.0">
      <tagUsage gi="voice:pvc" occurs="8">Used to mark a pronunciation variation
		or coinage as described in <ref target="http://www.univie.ac.at/voice/documents/VOICE_mark-up_conventions_v2-1.pdf">the
			VOICE mark-up conventions [2.1].</ref>the
			VOICE mark-up conventions [2.1]. An existing word corresponding to the PVC may be provided within a <att>comment</att>comment attribute within the <gi>voice:pvc</gi>voice:pvc element. Additional phonetic
			transcription may be provided within a <att>voice:ipa</att>voice:ipa attribute
			within the <gi>voice:pvc</gi>voice:pvc element.</tagUsage>
      <tagUsage gi="voice:track" occurs="7">Used to mark the beginning of a new
		audio track used in transcription (usually three minutes in length) and thus refers to the audio recording
		of the transcribed speech event.
		</tagUsage></namespace></tagsDecl>
      </encodingDesc>
      <profileDesc>
         <textClass>
            <catRef target="#POprc465_PO #POprc465_prc"/>
            <catRef target="#PO #prc"/>
         </textClass>
         <settingDesc>
            <setting>
               <name type="country">BE</name>
               <name type="city">Brussels</name>
               <locale>unknown</locale>
               <activity>unknown</activity>
            </setting>
         </settingDesc>
         <particDesc>
            <listPerson type="main">
               <listPerson type="groups">
                  <personGrp role="speakers" size="10"/>
                  <personGrp role="interactants" size="10"/>
                  <personGrp role="audience" size="50"/>
               </listPerson>
               <listPerson type="identified">
                  <person role="audience" sameAs="#P72" xml:id="POprc465_S10">
                     <age value="3">35-49</age>
                     <sex value="1">male</sex>
                     <occupation>journalist</occupation>
                     <langKnowledge>
                        <langKnown level="L1" tag="dan-DK"/>
                     </langKnowledge>
                  </person>
                  <person role="audience" sameAs="#P71" xml:id="POprc465_S9">
                     <age value="3">35-49</age>
                     <sex value="1">male</sex>
                     <occupation>journalist</occupation>
                     <langKnowledge>
                        <langKnown level="L1" tag="ger-DE"/>
                     </langKnowledge>
                  </person>
                  <person role="audience" sameAs="#P70" xml:id="POprc465_S8">
                     <age value="0">unknown</age>
                     <sex value="1">male</sex>
                     <occupation>journalist</occupation>
                     <langKnowledge>
                        <langKnown level="L1" tag="und"/>
                     </langKnowledge>
                  </person>
                  <person role="presenter" sameAs="#P69" xml:id="POprc465_S7">
                     <age value="4">50+</age>
                     <sex value="1">male</sex>
                     <occupation>high-ranking EU politican</occupation>
                     <langKnowledge>
                        <langKnown level="L1" tag="spa-ES"/>
                     </langKnowledge>
                  </person>
                  <person role="audience" sameAs="#P68" xml:id="POprc465_S6">
                     <age value="3">35-49</age>
                     <sex value="1">male</sex>
                     <occupation>journalist</occupation>
                     <langKnowledge>
                        <langKnown level="L1" tag="scc-RS"/>
                     </langKnowledge>
                  </person>
                  <person role="audience" sameAs="#P67" xml:id="POprc465_S5">
                     <age value="3">35-49</age>
                     <sex value="1">male</sex>
                     <occupation>journalist</occupation>
                     <langKnowledge>
                        <langKnown level="L1" tag="ita-IT"/>
                     </langKnowledge>
                  </person>
                  <person role="audience" sameAs="#P66" xml:id="POprc465_S4">
                     <age value="3">35-49</age>
                     <sex value="1">male</sex>
                     <occupation>journalist</occupation>
                     <langKnowledge>
                        <langKnown level="L1" tag="und"/>
                     </langKnowledge>
                  </person>
                  <person role="presenter" sameAs="#P65" xml:id="POprc465_S3">
                     <age value="3">35-49</age>
                     <sex value="1">male</sex>
                     <occupation>high-ranking EU politician</occupation>
                     <langKnowledge>
                        <langKnown level="L1" tag="fin-FI"/>
                     </langKnowledge>
                  </person>
                  <person role="presenter" sameAs="#P64" xml:id="POprc465_S2">
                     <age value="4">50+</age>
                     <sex value="1">male</sex>
                     <occupation>high-ranking politician</occupation>
                     <langKnowledge>
                        <langKnown level="L1" tag="scc-RS"/>
                     </langKnowledge>
                  </person>
                  <person role="chair" sameAs="#P63" xml:id="POprc465_S1">
                     <age value="4">50+</age>
                     <sex value="1">male</sex>
                     <occupation>high-ranking EU politician</occupation>
                     <langKnowledge>
                        <langKnown level="L1" tag="fin-FI"/>
                     </langKnowledge>
                  </person>
               </listPerson>
               <listPerson type="not_identified">
                  <person corresp="#POprc465_S1" sameAs="#SX" xml:id="POprc465_SX-1"/>
                  <person sameAs="#SX-f" xml:id="POprc465_SX-f"/>
                  <person sameAs="#SX-m" xml:id="POprc465_SX-m"/>
                  <person sameAs="#SS" xml:id="POprc465_SS"/>
                  <person corresp="#POprc465_S2" sameAs="#SX" xml:id="POprc465_SX-2"/>
               </listPerson>
               <relationGrp>
                  <relation mutual="#POprc465_S1 #POprc465_S10 #POprc465_S2 #POprc465_S3 #POprc465_S4 #POprc465_S5 #POprc465_S6 #POprc465_S7 #POprc465_S8 #POprc465_S9" name="fairly_asymmetrical" type="power"/>
                  <relation mutual="#POprc465_S1 #POprc465_S10 #POprc465_S2 #POprc465_S3 #POprc465_S4 #POprc465_S5 #POprc465_S6 #POprc465_S7 #POprc465_S8 #POprc465_S9" name="predominantly_unacquainted" type="acquaintedness"/>
               </relationGrp>
            </listPerson>
         </particDesc>
      </profileDesc>
      <revisionDesc>
         <change when="2009-05-19" who="SM">conversion to XML</change>
         <change when="2009-05-12" who="TK">finalized for publication</change>
         <change when="2009-01-23" who="MLP">proof-reading</change>
         <change when="2006-12-01" who="TK">checking</change>
         <change when="2006-11-20" who="JL">transcript completion</change>
         <change when="2006-11-16" who="JL">transcription</change>
      </revisionDesc>
   </teiHeader>
   <text>
      <body>
         <div type="medium" voice:end="00:34" voice:end_medium_number="1" voice:end_track="3" voice:medium_type="md" voice:start="00:00" voice:start_medium_number="1" voice:start_track="1">
            <u who="#POprc465_S1" xml:id="POprc465_u_1"><supplied reason="unintelligible"> xx </supplied><pause/> ladies and gentlemen our master of ceremonies the finnish <pause/> press secretary seems to be <pause dur="PT1S"/><incident dur="PT1S" voice:desc="parallel conversation in background "/> somewhere but er <pause/> perhaps we'll manage </u>
            <u who="#POprc465_SX-m" xml:id="POprc465_u_2"><vocal subtype="wordstart" type="wordlike" voice:desc="laughing" voice:syl="1"/><seg n="1" type="overlap" xml:id="POprc465_ol_0"><vocal type="wordlike" voice:desc="laughing" voice:syl="3"/></seg></u>
            <u who="#POprc465_S1" xml:id="POprc465_u_3"><seg n="1" synch="#POprc465_ol_0" type="overlap" xml:id="POprc465_ol_1"> e<c type="lengthening"/>r wel</seg>come to this e<c type="lengthening"/>r <pause/> press conference we <pause dur="PT1S"/> have er er <vocal voice:desc="clears throat"/> just concluded the  <w voice:mode="spelt"> e u  </w> troika meeting with er serbian prime minister <pause/> hh <pause dur="PT1S"/> e<c type="lengthening"/>r mister <supplied reason="anonymization"> [S2/last] </supplied><pause/> e<c type="lengthening"/>r and er which is part of our <pause/> er  <w voice:mode="spelt"> e u  </w> stepped-up t- er engagement with er <pause/> serbia<c function="fall" type="intonation"/> hh i<c type="lengthening"/><pause/> think we had a very good <pause/> and fruitful discussion <pause/> on serbia's cooperation with the international criminal tribunal for the former <pause/> yugoslavia <pause/> hh er and the  <w voice:mode="spelt"> e u's  </w> relations e<c type="lengthening"/>r <pause dur="PT1S"/> more broadly with serbia<c function="fall" type="intonation"/> hh er <pause/> serbia presented its action plan on cooperation with er icty  e<c type="lengthening"/>r for us today hh e<c type="lengthening"/>r <vocal voice:desc="clears throat"/><pause/> and er the plan contains a clear commitment e<c type="lengthening"/>r to full cooperation <pause/> with the hague war crimes tribunal <pause/> including the arrest and transfer <pause/> of ratko mladic<c function="fall" type="intonation"/> hhh <pause/> er we also <pause/> welcome er the <pause/> serbians' <pause/> government's decision to appoint an overall <pause/> coordinator <pause/> for the action plan <pause/> and a head of <voice:pvc comment="operations"> operatizations </voice:pvc> for conducting the search arrest and transfer of the fugitives to <pause/> the hague<c function="fall" type="intonation"/> hh and of course serbia will need to work out detailed operational plans in close cooperation with the icty<c function="fall" type="intonation"/> hh from our part er we could er er <pause dur="PT1S"/> note that the action plan <pause/> provides a very good basis fo<c type="lengthening"/>r <pause/> er our further work <pause/> and cooperation<c function="fall" type="intonation"/> obviously <pause/> the plan is still to be de- <pause/> developed further hh <pause/> e<c type="lengthening"/>r and <unclear> a but </unclear> effective implementation of the action plan <pause/> e<c type="lengthening"/>r can <pause/> and must begin <pause/> immediately<c function="fall" type="intonation"/> we will certainly follow closely <pause/> the implementation of the plan in coordination with the <pause/> icty<c function="fall" type="intonation"/><pause/> hh this is now opening the way <pause/> for er er <pause dur="PT1S"/> the full cooperation with icty <pause/> that the <pause/> negotiations for <pause/> and a stabilization and association agreement er <pause/> e<c type="lengthening"/>r that we started with serbia can be resumed <pause/> and er thus e<c type="lengthening"/>r er <pause/> facilitates <pause/> serbia's er hh er way towards the <pause/> european <pause/> union<c function="fall" type="intonation"/><pause/> hh the discussion on  <w voice:mode="spelt"> e u  </w> serbia relations er <pause/> underlined from all er of our side  er from the european union hh are commitment <pause dur="PT1S"/> to<c type="lengthening"/> keeping open <pause/> the european perspective <pause/> fo<c type="lengthening"/>r serbia<c function="fall" type="intonation"/><pause dur="PT1S"/> we stress the importance of serbia <pause/> for us <pause/> as a partner <pause/><shift corresp="#POprc465_s_2" feature="tempo" new="l" xml:id="POprc465_s_1"/> and our <shift corresp="#POprc465_s_1" feature="tempo" new="neutral" xml:id="POprc465_s_2"/><pause/> willingness er to cooperate with serbia <pause/> in facilitating its er <pause/> way towards erm a europe<c function="fall" type="intonation"/><pause/> this includes e<c type="lengthening"/>r <voice:track medium="1" num="02" type="md"/> items which we will <pause/> negotiate on er such as visa facilitation <pause/> establishment of regional free trade area <pause/> financial support <unclear> er </unclear> er serbia <pause/> such as instruments for <voice:pvc> pre-accession </voice:pvc><pause/> e<c type="lengthening"/>r and other items<c function="fall" type="intonation"/><pause/> and <pause/> we look forward to continuing the <pause/> enhanced dialogue that e<c type="lengthening"/>r we have today started with serbia <pause/> to support it on its er european course hh and e<c type="lengthening"/>r er the <pause/> as a concrete measure <pause/> we as the presidency are  ready to proceed quickly with visa facilitation <pause/> and readmission <pause/> e<c type="lengthening"/>r negotiations<c function="fall" type="intonation"/><pause/> hh <pause dur="PT1S"/> thank you<c function="fall" type="intonation"/><pause dur="PT5S"/></u>
            <u who="#POprc465_SX-m" xml:id="POprc465_u_4"><unclear> to </unclear> prime minister <incident voice:desc="whispered parallel conversations"/></u>
            <u who="#POprc465_S2" xml:id="POprc465_u_5"> er <pause/> thank you very much er hh <vocal voice:desc="clears throat"/> ladies and gentlemen as you kno<c type="lengthening"/>w <shift corresp="#POprc465_s_4" feature="tempo" new="l" xml:id="POprc465_s_3"/> e<c type="lengthening"/>r serbia starte<c type="lengthening"/>d e<c type="lengthening"/>r <shift corresp="#POprc465_s_3" feature="tempo" new="neutral" xml:id="POprc465_s_4"/><shift corresp="#POprc465_s_6" feature="tempo" new="a" xml:id="POprc465_s_5"/> at that moment together with montenegro started on  october two thousand five its negotiations for stabilization and association agreement<c function="fall" type="intonation"/><shift corresp="#POprc465_s_5" feature="tempo" new="neutral" xml:id="POprc465_s_6"/> hh e<c type="lengthening"/>r it was e<c type="lengthening"/>r those were more than er successful<c type="lengthening"/> e<c type="lengthening"/>r negotiations er <pause/> they were in line with something that has  from the very <shift corresp="#POprc465_s_8" feature="tempo" new="l" xml:id="POprc465_s_7"/> beginn<c type="lengthening"/>ing proclaimed and was erm e<c type="lengthening"/>r supported by the<c type="lengthening"/> h <pause/> er people of serbia <pause/> at large er since <pause/> october changes <shift corresp="#POprc465_s_7" feature="tempo" new="neutral" xml:id="POprc465_s_8"/> in two thousand<c function="fall" type="intonation"/><pause/> if there is something that is a symbol that e<c type="lengthening"/>r <pause/> serbia is on the right path to<c type="lengthening"/> m- e<c type="lengthening"/>r in its reforms its e<c type="lengthening"/>r <pause/> its european orientation <pause/> it is <pause/> support by european union<c function="fall" type="intonation"/><pause/> er our negotiations had been er called off <pause/> because of the lack of the full cooperation with the icty <pause/> and er we had tried trog- together in partnership mood  to overcome this e<c type="lengthening"/>r er hurdle this obstacle <pause/> e<c type="lengthening"/>r in working out together  action plan <pause/> e<c type="lengthening"/>r e<c type="lengthening"/>r that will enabl<c type="lengthening"/>e full cooperation with the icty <pause/> and <shift corresp="#POprc465_s_10" feature="tempo" new="l" xml:id="POprc465_s_9"/> that will enable <shift corresp="#POprc465_s_9" feature="tempo" new="neutral" xml:id="POprc465_s_10"/> er negotiations for  <w voice:mode="spelt"> s a a  </w> to be continued<c function="fall" type="intonation"/> hh i'm more than satisfied with e<c type="lengthening"/>r the discussion that we <emph> had </emph> today <pause/> i'm more than this er satisfied with e<c type="lengthening"/>r support and encouragement  that it we got <pause/> i'm more than satisfied with estimation that it is<c type="lengthening"/> not possible to imagine <pause/> europ- -ean union tomorrow without serbia being its part  because of its very important <pause/> role as a factor of stability <pause/><emph> in </emph> the western balkans<c function="fall" type="intonation"/> hh e<c type="lengthening"/>r we discussed in detail <pause/> the action plan <pause/> er <vocal voice:desc="clears throat"/> we had previously changed opinions about the content of this plan with the icty with er general prosecutor of the icty <pause/> and we do think that er this plan that we <pause/> are going to work together on <pause/> er is something that will<c type="lengthening"/> enable <vocal voice:desc="clears throat"/> serbia <pause/> to<c type="lengthening"/> continue <pause/> the negotiations <pause/> in the plan <pause/> something that is er new and important in the plan is hh that there is e<c type="lengthening"/>r full and transparent cooperation between authorities in belgrade and the hague tribunal <pause/> particular general prosecutor hh that on the other <voice:track medium="1" num="03" type="md"/> hand what is enabled is also full cooperation of er our services <unclear> through </unclear><pause/> coordinator or coordinators that are going to hh deal with that and directly to<c type="lengthening"/><vocal voice:desc="clears throat"/> e<c type="lengthening"/>r cooperate with the <pause/> icty <pause/> e<c type="lengthening"/>r and e<c type="lengthening"/>r its er general prosecutor<c function="fall" type="intonation"/> hh e<c type="lengthening"/>r <pause/> i think that e<c type="lengthening"/>r with e<c type="lengthening"/>r the action plan as it looks like <emph> now </emph><pause/> e<c type="lengthening"/>r e<c type="lengthening"/>r we should be more than optimistic about e<c type="lengthening"/>r <pause/> e<c type="lengthening"/>r furthe<c type="lengthening"/>r <pause/> european<c type="lengthening"/> or  <w voice:mode="spelt"> e u  </w> steps<c type="lengthening"/> of serbia<c function="fall" type="intonation"/> thank you<c function="fall" type="intonation"/><pause dur="PT1S"/></u>
         </div>
         <gap dur="PT00H00M05S" reason="not_transcribed" voice:desc="non-e; SX-1 asks in French if S3 in would like to say something; translated simultaneously into English"/>
         <div type="medium" voice:end="01:24" voice:end_medium_number="1" voice:end_track="05" voice:medium_type="md" voice:start="00:39" voice:start_medium_number="1" voice:start_track="3">
            <u who="#POprc465_S3" xml:id="POprc465_u_6"><foreign type="LN" voice:translation="a couple of words" xml:lang="fre"> quelque quelque mots </foreign><pause/> hh president er <pause/> prime minister <pause/> colleagues er <pause/> hh <pause dur="PT1S"/> from the commission's er <pause/> side er <pause/> i want to say that er <pause/> we want to see serbia <pause/> make er progress er towards er the european <pause/> union <pause/> and er <pause/> we want to help er serbia to realize its er  <w voice:mode="spelt"> e u  </w> perspective hhh <pause/> i er therefore welcome er <pause/> the troika as a <pause/> means of er <pause/> engaging <pause/> more closely with serbia <pause dur="PT1S"/> both on  <w voice:mode="spelt"> i c t y  </w> and er <pause/> other issues er <pause/> and er <pause/> our goal is to help er <pause/> serbia <pause dur="PT1S"/> to prepare <pause/> such an action plan er <pause/> that will er <pause/> help er <pause/> the country to achieve er <pause/> full cooperation with the  <w voice:mode="spelt"> i c t y  </w><pause dur="PT1S"/> and er <pause/> achieve er <pause/> also concrete er <pause/><emph> re</emph>sults er<c function="fall" type="intonation"/><pause/> hh i have often said er <pause/> publicly that er <pause/> we are ready to resume negotiations er <pause/> even on the very same day <pause dur="PT1S"/> when serbia achieves er <pause/> full cooperation<c function="fall" type="intonation"/><pause/> hh <pause/> i'm glad to see that er <pause/> the action plan er <pause/> contains er <pause/> an ug- unequ- unequivocal commitment er <pause/> from the serbian government er <pause/> to <emph> a</emph>rrest er <pause/> ratko mladic and er <pause/> other remaining inductees er <pause/> hhh <pause/> er the plan can be a means to an end er <pause dur="PT1S"/> but er <pause/> of course er <pause/> action is er <pause/> more important er <pause/> than the plan <pause/> because er it really is the ac- the results er <pause/> that er <pause/> count and er <pause/> the actions that er <pause/> matter<c function="fall" type="intonation"/><pause dur="PT1S"/> hh we remain fully committed er <pause/> to support sab- stability and democracy in <pause/> in serbia <pause dur="PT1S"/> and serbia has er the potential to make er faster progress er on its er european perspective <pause/> hh and er <pause/> i trust that er <pause/> the serbian <pause/> leaders and er <pause/> all democratic forces er <pause/> in the country now sees  the opportunity <pause dur="PT1S"/> to meet er the condition of  <w voice:mode="spelt"> i c t y  </w> cooperation and er <pause/> to move on<c function="fall" type="intonation"/><pause/> thank you<c function="fall" type="intonation"/><pause dur="PT5S"/><incident voice:desc="people are waiting for questions from the audience; sound of microphone being moved"/></u>
            <u who="#POprc465_SX-f" xml:id="POprc465_u_7"><shift corresp="#POprc465_s_12" feature="loud" new="p" xml:id="POprc465_s_11"/> yeah <shift corresp="#POprc465_s_11" feature="loud" new="neutral" xml:id="POprc465_s_12"/></u>
            <u who="#POprc465_S4" xml:id="POprc465_u_8"> er <pause/><supplied reason="anonymization"> [S4/last] </supplied> from <supplied reason="anonymization"> [org1] </supplied> press agency<c function="fall" type="intonation"/><pause/> er commissioner <supplied reason="anonymization"> [S3/last] </supplied><pause/><shift corresp="#POprc465_s_14" feature="tempo" new="l" xml:id="POprc465_s_13"/> e<c type="lengthening"/>r if i may <shift corresp="#POprc465_s_13" feature="tempo" new="neutral" xml:id="POprc465_s_14"/> repeat the <pause/> question which i <pause/> m- made e<c type="lengthening"/>r <pause/> earlier<c function="fall" type="intonation"/><pause/> should i<c type="lengthening"/> e<c type="lengthening"/>r repeat it o<c type="lengthening"/>r <shift corresp="#POprc465_s_16" feature="tempo" new="a" xml:id="POprc465_s_15"/> do you still remember it<c function="fall" type="intonation"/><shift corresp="#POprc465_s_15" feature="tempo" new="neutral" xml:id="POprc465_s_16"/><pause dur="PT3S"/> okay<c function="fall" type="intonation"/><voice:track medium="1" num="04" type="md"/> hh e<c type="lengthening"/>r there <emph> are </emph> some <pause dur="PT2S"/> member countries who<c type="lengthening"/> would like to see er the er resume of the  <w voice:mode="spelt"> s a  </w> talks with serbia hhh only with <pause/> approve by <pause/> mister <supplied reason="anonymization"> [S2/last]</supplied>'s government they are <emph> trying </emph> to arrest <pause/> mister mladic<c function="fall" type="intonation"/><pause/> hh but <pause/><emph> you </emph> called off the negotiation <pause/> because <pause/> of the two elements <pause/> hh the lack of effort by s- belgrade <pause dur="PT1S"/> and as well <pause/> of because of the <voice:pvc><emph> non</emph>-arrest </voice:pvc> of mladic<c function="fall" type="intonation"/> do you <emph> still </emph> maintain <pause dur="PT1S"/> your position that <pause/> cooperation includes <emph> as </emph> well the arrest <pause/> not only efforts<c function="fall" type="intonation"/><pause/> hh and the question for for mister <supplied reason="anonymization"> [S2/last] </supplied> hh e<c type="lengthening"/>r <pause/> to avoid a little bit of politics hh <pause/> in a football match between your country <shift corresp="#POprc465_s_18" feature="voice" new="laugh" xml:id="POprc465_s_17"/> and <shift corresp="#POprc465_s_17" feature="voice" new="neutral" xml:id="POprc465_s_18"/> mister er e<c type="lengthening"/>r <pause/> and finland <emph> who </emph> will you'll <pause/> prefer to be referees germany o<c type="lengthening"/>r some other countries like <pause/> hh  <w voice:mode="spelt"> u k  </w> or netherlands<c function="fall" type="intonation"/><pause dur="PT8S"/><incident voice:desc="people are waiting for the answers to the questions posed; sound of microphone being moved"/></u>
            <u who="#POprc465_S3" xml:id="POprc465_u_9"> thank you er <pause/> i have er <pause/> repeated er <pause/> numerous times and er <pause dur="PT1S"/> my position and the commission <pause/> commission's position <pause/> remains the same er which is er the european union position<c function="fall" type="intonation"/> hh <pause/> in other words er <pause dur="PT2S"/> full cooperation with er <pause/><w voice:mode="spelt"> i c t y  </w><pause dur="PT1S"/> which should er lead to the <emph> a</emph>rrest er <pause/> and er transfer of er <pause/> ratko mladic and er <pause/> the other remaining inductees er to the hague er hh is a <pause/> necessary <pause/> condition <pause dur="PT1S"/> to resume <pause/> talks er <pause/> on the <pause/> stabilization and er <pause/> association <pause/> agreement er<c function="fall" type="intonation"/> hh to my knowledge er <pause/> the council of the european union <pause/> hh is er <pause/> unanimously <pause/> backing this position <pause/> but if there is any divergence <pause/> i leave this er question to the presidency to res<seg n="2" type="overlap" xml:id="POprc465_ol_2">pond </seg><pause/></u>
            <u who="#POprc465_SX-m" xml:id="POprc465_u_10"><seg n="2" synch="#POprc465_ol_2" type="overlap" xml:id="POprc465_ol_3"><vocal subtype="wordstart" type="wordlike" voice:desc="laughing" voice:syl="2"/></seg></u>
            <u who="#POprc465_S3" xml:id="POprc465_u_11"> thank you<c function="fall" type="intonation"/><pause dur="PT5S"/><incident voice:desc="people are waiting for S2 to answer"/></u>
            <u who="#POprc465_S2" xml:id="POprc465_u_12"> hh shall i answer your question well hh  </u>
            <u who="#POprc465_SX-m" xml:id="POprc465_u_13"><shift corresp="#POprc465_s_20" feature="loud" new="p" xml:id="POprc465_s_19"/><vocal subtype="wordstart" type="wordlike" voice:desc="laughing" voice:syl="4"/><shift corresp="#POprc465_s_19" feature="loud" new="neutral" xml:id="POprc465_s_20"/></u>
            <u who="#POprc465_S2" xml:id="POprc465_u_14"> actually<c type="lengthening"/><pause/> hh e<c type="lengthening"/>r <pause/> it's e<c type="lengthening"/>r <pause/> european perspective of serbia <pause/> hh e<c type="lengthening"/>r i wouldn't er how to say <pause dur="PT1S"/> e<c type="lengthening"/>r <pause/> count on all <pause/><w voice:mode="spelt"> e u  </w> members but <pause/> it is <supplied reason="anonymization"> [S7] </supplied><supplied reason="anonymization"> [S7/last] </supplied> that <pause/> just told me <pause/> why not spain and i agreed<c function="fall" type="intonation"/><pause/></u>
            <u who="#POprc465_SS" xml:id="POprc465_u_15"><vocal subtype="wordstart" type="wordlike" voice:desc="laughing" voice:syl="11"/><pause dur="PT2S"/></u>
            <u who="#POprc465_SX-m" xml:id="POprc465_u_16"> that's a good one </u>
            <u who="#POprc465_SS" xml:id="POprc465_u_17"><vocal subtype="wordstart" type="wordlike" voice:desc="laughing" voice:syl="2"/></u>
            <u who="#POprc465_S1" xml:id="POprc465_u_18"> well er perhaps i should add as a background to this that er after the<c type="lengthening"/><pause/> discussions we were also hh e<c type="lengthening"/>r informed about the football <seg n="3" type="overlap" xml:id="POprc465_ol_4"> match </seg><unclear> we have </unclear> recently in er <pause/></u>
            <u who="#POprc465_SX-f" xml:id="POprc465_u_19"><seg n="3" synch="#POprc465_ol_4" type="overlap" xml:id="POprc465_ol_5"><shift corresp="#POprc465_s_22" feature="loud" new="p" xml:id="POprc465_s_21"/><vocal subtype="wordstart" type="wordlike" voice:desc="laughing" voice:syl="3"/><shift corresp="#POprc465_s_21" feature="loud" new="neutral" xml:id="POprc465_s_22"/></seg></u>
            <u who="#POprc465_S1" xml:id="POprc465_u_20"> hh serbia<c function="fall" type="intonation"/><pause/> where mister <supplied reason="anonymization"> [S3/last]</supplied>'s team <vocal subtype="wordstart" type="wordlike" voice:desc="laughing" voice:syl="2"/><shift corresp="#POprc465_s_24" feature="voice" new="laugh" xml:id="POprc465_s_23"/> the <shift corresp="#POprc465_s_23" feature="voice" new="neutral" xml:id="POprc465_s_24"/> commission team hh lost er three zero<c type="lengthening"/><seg n="4" type="overlap" xml:id="POprc465_ol_6"> hh to the serbian team and i'm </seg></u>
            <u who="#POprc465_SS" xml:id="POprc465_u_21"><seg n="4" synch="#POprc465_ol_6" type="overlap" xml:id="POprc465_ol_7"><shift corresp="#POprc465_s_26" feature="loud" new="p" xml:id="POprc465_s_25"/><vocal subtype="wordstart" type="wordlike" voice:desc="laughing" voice:syl="3"/><shift corresp="#POprc465_s_25" feature="loud" new="neutral" xml:id="POprc465_s_26"/><vocal type="wordlike" voice:desc="laughing" voice:syl="3"/></seg><vocal type="wordlike" voice:desc="laughing" voice:syl="3"/><seg n="5" type="overlap" xml:id="POprc465_ol_8"><vocal type="wordlike" voice:desc="laughing" voice:syl="2"/></seg></u>
            <u who="#POprc465_S1" xml:id="POprc465_u_22"><shift corresp="#POprc465_s_28" feature="loud" new="f" xml:id="POprc465_s_27"/><seg n="6" type="overlap" xml:id="POprc465_ol_9"><seg n="5" synch="#POprc465_ol_8" type="overlap" xml:id="POprc465_ol_10"> perhaps </seg> there was a spanish </seg> referee<c function="fall" type="intonation"/><shift corresp="#POprc465_s_27" feature="loud" new="neutral" xml:id="POprc465_s_28"/><seg n="7" type="overlap" xml:id="POprc465_ol_11"><vocal subtype="wordstart" type="wordlike" voice:desc="laughing" voice:syl="2"/></seg></u>
            <u who="#POprc465_SX-2" xml:id="POprc465_u_23"><seg n="6" synch="#POprc465_ol_9" type="overlap" xml:id="POprc465_ol_12"><supplied reason="unintelligible"> xx </supplied><unclear><w voice:mode="spelt"> e u  </w> team </unclear></seg></u>
            <u who="#POprc465_SS" xml:id="POprc465_u_24"><seg n="7" synch="#POprc465_ol_11" type="overlap" xml:id="POprc465_ol_13"><vocal subtype="wordstart" type="wordlike" voice:desc="laughing" voice:syl="2"/></seg><vocal type="wordlike" voice:desc="laughing" voice:syl="4"/><pause dur="PT2S"/></u>
            <u who="#POprc465_S5" xml:id="POprc465_u_25"> hh er <supplied reason="anonymization"> [S5] </supplied><supplied reason="anonymization"> [S5/last] </supplied> from<c type="lengthening"/> er <supplied reason="anonymization"> [org2] </supplied> italian news agency erm<c type="lengthening"/><pause/> my question is really simple how long is this document <pause/> e<c type="lengthening"/>r and er can you<c type="lengthening"/><pause dur="PT1S"/> give out  some more d- <pause/> more details about it<c function="rise" type="intonation"/> erm<c type="lengthening"/> what's in it<c function="rise" type="intonation"/> and e<c type="lengthening"/>r perhaps also clarify hh <pause/> what level of input the  <w voice:mode="spelt"> e u  </w> had in <voice:track medium="1" num="05" type="md"/> it's preparation<c function="fall" type="intonation"/><pause dur="PT1S"/> the  <w voice:mode="spelt"> e u  </w> and and the  <w voice:mode="spelt"> i c t y<c function="fall" type="intonation"/></w><pause dur="PT5S"/></u>
            <u who="#POprc465_S2" xml:id="POprc465_u_26"><unclear> er </unclear> the document is er <pause/> three pages long hh it is the length of <incident voice:desc="whispered parallel conversation starts"/> the<c type="lengthening"/> same e<c type="lengthening"/>r <pause/> croatian document <incident voice:desc="whispered parallel conversation stops"/> hh and it has to been followed  by er er a very de<emph>tail</emph>ed operational plan<c function="fall" type="intonation"/> but something that i will hh point out is that e<c type="lengthening"/>r before that <pause/> operational plan is made hh we are going hard  on <emph> this </emph> we are going to work hard on <emph> this </emph> document and we are <pause/> going to <emph> act</emph>ion <pause/> hh e<c type="lengthening"/>r even before operational further operational plan <pause/> in co- in cooperation with e<c type="lengthening"/>r <pause/> icty is prepared<c function="fall" type="intonation"/> hh so that is the<c type="lengthening"/> hh e<c type="lengthening"/>r speaking about the lack <pause/> of the documents about the documents that are going to follow it er this document er hh e<c type="lengthening"/>r <pause/> er m- in de<emph>tail </emph><pause/> is concerned with the media campaign that is necessary in the cases like this with er <pause/> hh involvement of security sector hh with coordination of legal and operational proce- procedures coordination with icty <pause/> hh and e<c type="lengthening"/>r <pause/> some legal <pause/> provisions er hh when i'm say  legal provisions i have on <unclear> on </unclear> mind the<c type="lengthening"/> necessity to<c type="lengthening"/> a<emph>mend </emph> certain specific laws <pause/> that is also<c type="lengthening"/> hh something that er need some time so <pause/> basically this is the structure of the document<c function="fall" type="intonation"/></u>
         </div>
         <gap dur="PT00H00M04S" reason="not_transcribed" voice:desc="un; no microphone is used so the follow-up question, presumably posed by S5, is not intelligible"/>
         <div type="medium" voice:end="01:12" voice:end_medium_number="1" voice:end_track="07" voice:medium_type="md" voice:start="01:28" voice:start_medium_number="1" voice:start_track="05">
            <u who="#POprc465_S2" xml:id="POprc465_u_27"> er well the document<c type="lengthening"/> e<c type="lengthening"/>r is as you see completely as <pause/> comes out of this conference er this evening comes completely hh er on the<c type="lengthening"/> further full cooperation particularly with the general prosecutor in the hague and of course with e<c type="lengthening"/>r european union<c function="fall" type="intonation"/><pause dur="PT1S"/> and the troika<c function="fall" type="intonation"/><pause dur="PT1S"/></u>
            <u who="#POprc465_S6" xml:id="POprc465_u_28"> er <supplied reason="anonymization"> [S6] </supplied><supplied reason="anonymization"> [S6/last] </supplied> serbian daily <supplied reason="anonymization"> [org3] </supplied><pause/> mister <supplied reason="anonymization"> [S7/last] </supplied> you're er <pause/> sad or happy<c function="fall" type="intonation"/><pause dur="PT3S"/> just brief <vocal subtype="wordstart" type="wordlike" voice:desc="laughing" voice:syl="1"/></u>
            <u who="#POprc465_S7" xml:id="POprc465_u_29"> oh i'm very happy <pause dur="PT1S"/></u>
            <u who="#POprc465_S6" xml:id="POprc465_u_30"> okay<c function="fall" type="intonation"/> hh <seg n="3" type="overlap" xml:id="POprc465_ol_14"> now the questions <vocal subtype="wordstart" type="wordlike" voice:desc="laughing" voice:syl="3"/></seg></u>
            <u who="#POprc465_S7" xml:id="POprc465_u_31"><seg n="3" synch="#POprc465_ol_14" type="overlap" xml:id="POprc465_ol_15"> i'm always very happy erm er </seg> so this is nothing new <pause/></u>
            <u who="#POprc465_S6" xml:id="POprc465_u_32"> when you were last time in belgrade you were sad<c function="fall" type="intonation"/> just because of that <seg n="4" type="overlap" xml:id="POprc465_ol_16"> my <pause/> question<c function="fall" type="intonation"/></seg></u>
            <u who="#POprc465_S7" xml:id="POprc465_u_33"><seg n="4" synch="#POprc465_ol_16" type="overlap" xml:id="POprc465_ol_17"> okay i'm very happy </seg> today<c function="fall" type="intonation"/><pause dur="PT1S"/></u>
            <u who="#POprc465_S6" xml:id="POprc465_u_34"> and the question is <pause/> you were e<c type="lengthening"/><c type="lengthening"/>r on <pause/> the same position when e<c type="lengthening"/>r croatia<c type="lengthening"/> er present e<c type="lengthening"/><c type="lengthening"/>r her plan<c function="fall" type="intonation"/><pause/> for <pause/> arrest of gotovina  hh and e<c type="lengthening"/>r your er e<c type="lengthening"/>r judgement about serbian er plan action plan<c function="fall" type="intonation"/> and for mister <supplied reason="anonymization"> [S3/last] </supplied><vocal type="speaker_noise" voice:desc="swallows"/> and e<c type="lengthening"/>r mister <supplied reason="anonymization"> [S1/last] </supplied> hh er today e<c type="lengthening"/>r foreign minister e<c type="lengthening"/>r slovenian e<c type="lengthening"/>r <supplied reason="anonymization"> [last name1] </supplied> said that er if we <pause/> hh talk about er conditional independence er for kosovo why couldn't we talk about conditional membership e<c type="lengthening"/>r for serbia in european union<c function="fall" type="intonation"/> what do you think about that<c function="fall" type="intonation"/><pause dur="PT5S"/></u>
            <u who="#POprc465_S1" xml:id="POprc465_u_35"><shift corresp="#POprc465_s_30" feature="loud" new="p" xml:id="POprc465_s_29"/> er er <shift corresp="#POprc465_s_29" feature="loud" new="neutral" xml:id="POprc465_s_30"/> all prospective membership er er in the european union is conditional <pause/> hh conditional on the countries meeting the<c type="lengthening"/> er copenhagen criteria<c function="fall" type="intonation"/><pause dur="PT3S"/></u>
            <u who="#POprc465_SX-m" xml:id="POprc465_u_36"><shift corresp="#POprc465_s_32" feature="loud" new="p" xml:id="POprc465_s_31"/> mister <supplied reason="anonymization"> [S7/last] </supplied><c function="rise" type="intonation"/><shift corresp="#POprc465_s_31" feature="loud" new="neutral" xml:id="POprc465_s_32"/><pause dur="PT2S"/></u>
            <u who="#POprc465_S7" xml:id="POprc465_u_37"> i i certainly am very happy<c function="fall" type="intonation"/> do i have to say something <voice:track medium="1" num="06" type="md"/> else e<c type="lengthening"/>r </u>
            <u who="#POprc465_SS" xml:id="POprc465_u_38"><vocal subtype="wordstart" type="wordlike" voice:desc="laughing" voice:syl="7"/></u>
            <u who="#POprc465_S7" xml:id="POprc465_u_39"> hh oh i think that the the the the document is a very good document hh it's e<c type="lengthening"/>r not very far from other documents that have been the hh e<c type="lengthening"/>r <pause/> organized with the<c type="lengthening"/><pause/> help of the troika with the prosecutor <pause/> and the country <pause/> hh and i am <pause/> pretty sure that this is going to be a successful document<c function="fall" type="intonation"/><pause/> that i have no doubt of that <pause dur="PT2S"/></u>
            <u who="#POprc465_S8" xml:id="POprc465_u_40"> hh yeah er <vocal voice:desc="clears throat"/> to<c type="lengthening"/> commissioner <supplied reason="anonymization"> [S3/last] </supplied> and to prime minister <supplied reason="anonymization"> [S2/last] </supplied> commissioner <supplied reason="anonymization"> [S3/last] </supplied><pause/> clarification bec- <pause/> now we're going to have now hh some sort of talks of dialogue <voice:pvc> re-established </voice:pvc> with serbia not yet on the  <w voice:mode="spelt"> s a a  </w> hh but on the working of the details <pause/> hh of this e<c type="lengthening"/>r <pause/> er of this plan so is is am i un- <pause/> did i understand it correctly<c function="fall" type="intonation"/> you were re- resuming some kind of dialogue hh but it's on the plan it's not yet on the  <w voice:mode="spelt"> s s  </w><pause/><w voice:mode="spelt"> s a a  </w> at least for the time being<c function="fall" type="intonation"/> hh and to prime minister <supplied reason="anonymization"> [S2/last] </supplied> if you could just remind us hh what is the problem today <pause/> of locating and arresting general mladic hh what are the details in other words hh that you hh need to work out <pause/> with the <pause/> hh er european union<c function="fall" type="intonation"/> since you <emph> are </emph> a sovereign state<c function="fall" type="intonation"/><pause/><shift corresp="#POprc465_s_34" feature="loud" new="p" xml:id="POprc465_s_33"/> thank<unclear>s </unclear><shift corresp="#POprc465_s_33" feature="loud" new="neutral" xml:id="POprc465_s_34"/><pause dur="PT4S"/></u>
            <u who="#POprc465_S3" xml:id="POprc465_u_41"> we have in fact er <pause/> very extensive er <pause/> relations with er <pause/> serbia<c function="fall" type="intonation"/><pause/> hh now er even up- <pause/> e- even <emph> outside </emph> er the remit of er <pause/> the  <w voice:mode="spelt"> s a a  </w> negotiations er <pause/> we have er <pause/> hh just presented er <pause dur="PT1S"/> er the negotiation er <pause/><shift corresp="#POprc465_s_36" feature="loud" new="f" xml:id="POprc465_s_35"/> we will <shift corresp="#POprc465_s_35" feature="loud" new="neutral" xml:id="POprc465_s_36"/> present this week er the negotiation directives for <pause/> visa facilitation <pause/> hh and er <pause/> we are working in order to <pause/> create er <pause/> a regional free trade agreement er by <pause/> enlarging and er <pause/> modernizing <pause/> cefta  hh all this mean that er <pause/> the economic er opportunities and er <pause/> people to people contacts er <pause/> will er <pause/> be enhanced er <pause dur="PT1S"/> in the future <pause/> between serbia and the european <pause/> union<c function="fall" type="intonation"/><pause/> hh as regards er <pause/> the  <w voice:mode="spelt"> s a a  </w> negotiations er <pause/> i already <pause dur="PT1S"/> clearly <pause/> outlined er <pause/> what is the <pause/> necessary condition to <pause/> resume <pause/><emph> the</emph>se negotiations er <pause/> hh and concerning the action plan <pause/> hh i'm very <pause/> glad that er <pause/> serbia <emph> has </emph> consulted er <pause/><w voice:mode="spelt"> i c t y  </w><pause/> hh and er <pause/><supplied reason="unintelligible"> xx </supplied> the troika is er <pause/> also to be consulted er <pause/> so that er <pause/> we are aware  what serbia is doing <pause/> hh and er <pause/> we provide er <pause/> our <pause/> political support er <pause/> encourage serbia to <pause/> hh cooperate with  <w voice:mode="spelt"> i c t y  </w><pause/> but finally <pause/><incident voice:desc="somebody starts coughing"/> the implementation <pause dur="PT1S"/> the decision-making and the implementation on the action plan <pause/> the concrete actions er <pause/><emph> are </emph><pause/> the responsibility of er <pause/> of er serbia<c function="fall" type="intonation"/><pause dur="PT2S"/><incident voice:desc="coughing stops"/></u>
            <u who="#POprc465_S2" xml:id="POprc465_u_42"> i shall repeat that it is primary in <pause/> primary in the interest of serbia to<c type="lengthening"/><pause/> complete the cooperation with the icty <pause/> hh i <seg n="5" type="overlap" xml:id="POprc465_ol_18"> think that </seg> er through this document and e<c type="lengthening"/>r cooperation with e<c type="lengthening"/>r e<c type="lengthening"/>r <pause/></u>
            <u who="#POprc465_SX-m" xml:id="POprc465_u_43"><seg n="5" synch="#POprc465_ol_18" type="overlap" xml:id="POprc465_ol_19"><vocal voice:desc="coughs"/></seg></u>
            <u who="#POprc465_S2" xml:id="POprc465_u_44"> icty and e<c type="lengthening"/>r hh  <w voice:mode="spelt"> e u  </w> it is e<c type="lengthening"/><c type="lengthening"/>r it would be<c type="lengthening"/><pause dur="PT1S"/> that e<c type="lengthening"/>r <incident voice:desc="parallel conversation starts"/><voice:pvc comment="completion"> completition </voice:pvc> of the <voice:track medium="1" num="07" type="md"/> cooperation would be more efficient hh but <incident voice:desc="parallel conversation ends"/><pause/> i will add to this that up till now er serbia has demonstrated political will<c function="fall" type="intonation"/> hh to complete this cooperation with the icty and that er the very fact that e<c type="lengthening"/>r hh in less than one year there were er sixteen <voice:pvc> in<emph>dic</emph>tees </voice:pvc> that were transferred to the hague is something that <emph> proves </emph><pause/> hh that serbia hh e<c type="lengthening"/>r is er <pause/> willing and looking forward to<c type="lengthening"/> full cooperation that is er <pause/> beyond any doubt hh <incident voice:desc="parallel conversation starts"/> er the remaining cases including the<c type="lengthening"/> case of mladic er <pause/> hh should not <pause/> by any case <incident voice:desc="parallel conversation ends"/> e<c type="lengthening"/>r hh er <pause/><emph> change </emph><pause/> that picture  and that there would be no reason for serbia to hh e<c type="lengthening"/>r <vocal voice:desc="clears throat"/> act e<c type="lengthening"/>r differently in<c type="lengthening"/> mladic's case and the case of the<c type="lengthening"/> remaining <pause/><voice:pvc> in<emph>dic</emph>tees </voice:pvc> than it had done hh in these previous cases and that's something that really hh is the best prove i <emph> think </emph> that er <pause/> our <pause/> hh cooperation with <pause/><emph> this </emph> plan hh and with e<c type="lengthening"/>r further operational plans er will be hh er more efficient and will lead us <emph> first </emph> of all to the <pause/> hh full cooperation with the icty and then e<c type="lengthening"/>rm e<c type="lengthening"/>r of course e<c type="lengthening"/>r sooner or later hh e<c type="lengthening"/>r <vocal voice:desc="clears throat"/> continuation of e<c type="lengthening"/>r negotiation for  <w voice:mode="spelt"> s a a<c function="fall" type="intonation"/></w><pause dur="PT2S"/></u>
         </div>
         <gap dur="PT00H00M10S" reason="not_transcribed" voice:desc="non-e; SX-1 comments that there are many more questions, but that there is time for only two more questions; translated simultaneously into English"/>
         <div type="medium" voice:end="01:33" voice:end_medium_number="1" voice:end_track="08" voice:medium_type="md" voice:start="01:22" voice:start_medium_number="1" voice:start_track="07">
            <u who="#POprc465_S9" xml:id="POprc465_u_45"><incident voice:desc="parallel conversation of translator who finishes translation to English"/> hh thank you<c function="fall" type="intonation"/><supplied reason="anonymization"> [S9] </supplied><supplied reason="anonymization"> [S9/last] </supplied> german press <incident voice:desc="parallel conversation of translator ends"/> agency<c type="lengthening"/><supplied reason="anonymization"> [org4] </supplied> hh er if i understood <pause/> er well what miste<c type="lengthening"/>r er <supplied reason="anonymization"> [S1/last]</supplied>-  e<c type="lengthening"/>r <supplied reason="anonymization"> [S1/last] </supplied><unclear> has </unclear><pause/> said then hh e<c type="lengthening"/>r now the<c type="lengthening"/> m- the<c type="lengthening"/> negotiations on the<c type="lengthening"/> stability and asso- association agreement can <pause/> go on <pause/> hh but on the other hand mister <supplied reason="anonymization"> [S3/last] </supplied> said <shift corresp="#POprc465_s_38" feature="tempo" new="l" xml:id="POprc465_s_37"/> well e<c type="lengthening"/>r the<c type="lengthening"/> there hav<c type="lengthening"/>e er still <pause/> some some <shift corresp="#POprc465_s_37" feature="tempo" new="neutral" xml:id="POprc465_s_38"/> e<c type="lengthening"/>r conditions to be fulfilled hh so did you <pause/> envisage a certain date <pause/> hh for taking e<c type="lengthening"/>r t- e<c type="lengthening"/>r taking up er the<c type="lengthening"/> the negotiations<c function="rise" type="intonation"/> thank you<c function="fall" type="intonation"/><pause dur="PT1S"/></u>
            <u who="#POprc465_S1" xml:id="POprc465_u_46"> er i'm sorry but i have to correct i am not aware of saying anything of the kind <vocal subtype="wordstart" type="wordlike" voice:desc="laughing" voice:syl="2"/><pause/></u>
            <u who="#POprc465_SS" xml:id="POprc465_u_47"><shift corresp="#POprc465_s_40" feature="loud" new="p" xml:id="POprc465_s_39"/><vocal subtype="wordstart" type="wordlike" voice:desc="laughing" voice:syl="3"/><shift corresp="#POprc465_s_39" feature="loud" new="neutral" xml:id="POprc465_s_40"/></u>
            <u who="#POprc465_S1" xml:id="POprc465_u_48"> yes <pause dur="PT11S"/></u>
            <u who="#POprc465_S10" xml:id="POprc465_u_49"> hh <supplied reason="anonymization"> [S10] </supplied><incident voice:desc="S10 turns away from microphone"/><supplied reason="anonymization"> [S10/last] </supplied> from <pause/><incident voice:desc="S10 turns back to the microphone"/><supplied reason="anonymization"> [S10] </supplied><supplied reason="anonymization"> [S10/last] </supplied> from danish radio<c function="fall" type="intonation"/> hh er <pause/> mister <supplied reason="anonymization"> [S2/last] </supplied> i <pause/> wonder hh er whether <pause/> you could please give <pause/> a little bit of an analysis <pause/> of why hh e<c type="lengthening"/>r mister mladic has not yet hh er been handed over the common hh sort of talk is that hh this is a question of hh e<c type="lengthening"/>r conflicts between various agencies hh e<c type="lengthening"/>r hh first of all military<c type="lengthening"/> and er <voice:pvc> non-military </voice:pvc> intelligence hh i would like you <pause/> maybe to give some sort of hh word as to <pause/> how why you think it i<c type="lengthening"/>s <pause/> that mladic has not <emph> yet </emph><pause/> e<c type="lengthening"/>r been handed over<c function="fall" type="intonation"/><pause/> hh er second i would like to ask the <emph> pan</emph>el hh what is <emph> new </emph> about all this because hh we're talking about transparency <pause/> hasn't there been transparency before<c function="rise" type="intonation"/><pause/> hh er we're talking about an action plan<c function="rise" type="intonation"/><pause/> hasn't there been a piece of paper which could be called an action plan <voice:track medium="1" num="08" type="md"/> before<c function="rise" type="intonation"/> hh or what is <emph> new </emph> in this action plan we <emph> are </emph> not given any <emph> de</emph>tails<c function="fall" type="intonation"/> hh so hh what <emph> is </emph> what is<c type="lengthening"/> er what is happening what is the <emph> change </emph><c function="fall" type="intonation"/> is it that kosovo hh er may be in the game now which it wasn't so much before<c function="rise" type="intonation"/> that something <emph> has </emph> to happen<c function="rise" type="intonation"/> hh or <pause/> why <emph> is </emph> it<c function="fall" type="intonation"/> what is new<c function="rise" type="intonation"/><pause dur="PT2S"/></u>
            <u who="#POprc465_S2" xml:id="POprc465_u_50"> er er for us <pause/> i'm talking about serbia<c type="lengthening"/><pause/> it was always <pause/> utmost interest to complete the <pause/> cooperation with icty <pause/> hh and of course <pause/> as you know in cases not only of serbia but some other <pause/> countries in the region the things that <supplied reason="unintelligible"> x </supplied><pause/> when it comes to this cooperation <pause/> wishes er desires cannot be done overnight for <emph> var</emph>ious reasons you mentioned some hh i may to add s- <pause/> to this some other reasons the fact hh that for example hh er mladic is<c type="lengthening"/> e<c type="lengthening"/><c type="lengthening"/>rm<c type="lengthening"/> not for s- er from serbia that he was engaged in the hh in the war in e<c type="lengthening"/>r bosnia and <shift corresp="#POprc465_s_42" feature="tempo" new="a" xml:id="POprc465_s_41"/> herzegovina <shift corresp="#POprc465_s_41" feature="tempo" new="neutral" xml:id="POprc465_s_42"/> and in many many other reasons <seg n="6" type="overlap" xml:id="POprc465_ol_20"> hh you know </seg> m- mladic is a person that <pause/></u>
            <u who="#POprc465_SX-m" xml:id="POprc465_u_51"><seg n="6" synch="#POprc465_ol_20" type="overlap" xml:id="POprc465_ol_21"><vocal voice:desc="clears throat"/></seg></u>
            <u who="#POprc465_S2" xml:id="POprc465_u_52"><emph> none </emph> of us after october changes <pause/> er in serbia knew<c function="fall" type="intonation"/> hh and that is a quite <pause/> different situation but the <shift corresp="#POprc465_s_44" feature="tempo" new="l" xml:id="POprc465_s_43"/> will is strong<c function="fall" type="intonation"/><shift corresp="#POprc465_s_43" feature="tempo" new="neutral" xml:id="POprc465_s_44"/> and er <pause/> the other events <pause/> hh however important they are hh had not by no means er <pause/> hh er influenced that strong political will to complete cooperation with the icty<c function="fall" type="intonation"/> hh and er maybe the best answer to the question like this i gave once to<c type="lengthening"/> general prosecutor carla del ponte hh e<c type="lengthening"/>r she was asking me <emph> when </emph> hh e<c type="lengthening"/>r i said yesterday<c function="fall" type="intonation"/><pause/> yesterday is the <pause dur="PT1S"/> the most preferable day to <seg n="8" type="overlap" xml:id="POprc465_ol_22"> complete cooperation with icty </seg> it's very simple you know </u>
            <u who="#POprc465_SX-m" xml:id="POprc465_u_53"><seg n="8" synch="#POprc465_ol_22" type="overlap" xml:id="POprc465_ol_23"><vocal subtype="wordstart" type="wordlike" voice:desc="laughing" voice:syl="5"/></seg></u>
            <u who="#POprc465_SX-m" xml:id="POprc465_u_54"><supplied reason="unintelligible"> xxxx<seg n="7" type="overlap" xml:id="POprc465_ol_24">x </seg></supplied><vocal subtype="wordstart" type="wordlike" voice:desc="laughing" voice:syl="2"/></u>
            <u who="#POprc465_S2" xml:id="POprc465_u_55"><seg n="7" synch="#POprc465_ol_24" type="overlap" xml:id="POprc465_ol_25"> yes </seg><pause dur="PT2S"/></u>
            <u who="#POprc465_SX-1" xml:id="POprc465_u_56"><foreign type="LN" voice:translation="thank you very much" xml:lang="fre"> merci bien </foreign><foreign type="LQ" xml:lang="und"> xxx </foreign></u>
         </div>
      </body>
   </text>
</TEI>