<TEI xmlns="http://www.tei-c.org/ns/1.0" xmlns:voice="http://www.univie.ac.at/voice/ns/1.0" xmlns:xi="http://www.w3.org/2001/XInclude" version="5" xml:id="POwgd378" xml:lang="eng">
   <teiHeader>
      <fileDesc>
         <titleStmt>
            <title>working group discussion about communication and knowledge transfer across youth organizations</title>
            <principal>Prof. Barbara Seidlhofer</principal>
            <editor/>
            <funder>Austrian Science Foundation (FWF)</funder>
            <sponsor/>
            <respStmt>
               <resp>Corpus Compilation</resp>
               <orgName>VOICE Project</orgName>
               <persName>Barbara Seidlhofer</persName>
               <persName>Angelika Breiteneder</persName>
               <persName>Marie-Luise Pitzl</persName>
               <persName>Stefan Majewski</persName>
               <persName>Theresa Klimpfinger</persName>
            </respStmt>
         </titleStmt>
         <editionStmt>
		<edition>Version 1.0 XML, <date>May 2011</date></edition>
	  <respStmt>
		<resp>Researchers</resp>
		<name>Barbara Seidlhofer</name> 		
		<name>Angelika Breiteneder</name> 
		<name>Theresa Klimpfinger</name> 
		<name>Stefan Majewski</name> 
		<name>Marie-Luise Pitzl</name> 
	  </respStmt>
	</editionStmt>
         <publicationStmt>
		<publisher>Barbara Seidlhofer, Stefan Majewski, Marie-Luise Pitzl</publisher> 
	  <distributor>VOICE Project, University of Vienna, Austria</distributor> 
	  <address>
		<addrLine>Spitalgasse 2, AAKH Hof 8</addrLine> 
		<addrLine>1090 Vienna</addrLine> 
		<addrLine>Austria</addrLine> 
		<addrLine>Telephone: +43 1 427742446</addrLine> 
	  	<addrLine>Email: voice@univie.ac.at</addrLine> 
		<addrLine>Website: http://www.univie.ac.at/voice</addrLine> 
	  </address>
	  <availability status="free">
	  	<p>
		  The Vienna-Oxford International Corpus of English (VOICE)
		  was created by Barbara Seidlhofer (project director) and
		  Angelika Breiteneder, Theresa Klimpfinger, Stefan Majewski,
		  Marie-Luise Pitzl (project researchers). VOICE 1.0 XML is
		  available for download at the VOICE Project's website <ref target="http://www.univie.ac.at/voice/">http://www.univie.ac.at/voice/</ref>
		  under a Creative Commons
		  Attribution-NonCommercial-ShareAlike 3.0 Unported (CC
		  BY-NC-SA 3.0) License (<ref target="http://creativecommons.org/licenses/by-nc-sa/3.0/">
		  http://creativecommons.org/licenses/by-nc-sa/3.0/
		  </ref>). The original audio files are held at the Department
		  of English, University of Vienna. 23 selected audio files
		  are available as audio streams in the VOICE Online interface
		  at the VOICE Project's website <ref target="http://www.univie.ac.at/voice">http://www.univie.ac.at/voice</ref>.
		</p>
		<p>
		The recommended citation for VOICE 1.0 XML is:
		</p>
		<p>
		<bibl><title>VOICE</title>. <date>2011</date>. <title level="m">The Vienna-Oxford International Corpus of
		English</title> (<edition>version 1.0
		XML</edition>). Director: Barbara Seidlhofer; Researchers:
		Angelika Breiteneder, Theresa Klimpfinger, Stefan Majewski,
		Marie-Luise Pitzl.</bibl>
		</p>
		<p>The short citation for VOICE 1.0 XML is:
		</p>
		<p>
		<bibl><title>VOICE</title>. <date>2011</date>. <title level="m">The Vienna-Oxford International Corpus of
		English</title> (<edition>version 1.0
		XML</edition>).</bibl></p>
		<p>
		  For further information about availability and copyright
		  permissions, please see the README file included in the
		  download package. For further enquiries please contact the
		  VOICE Project at <ref target="mailto:voice@univie.ac.at">voice@univie.ac.at</ref>.
		</p>
	  </availability>
	</publicationStmt>
         <notesStmt>
            <note xml:id="POwgd378_wc">Words: 2591</note>
            <note xml:id="POwgd378_tn_0">This working group discussion is about communication and knowledge transfer and their shortcomings across youth organizations. It is mainly S3 and S12 that do the talking. S3 is taking notes about what to say later when they will gather in the big group again. On one occasion they are joined by S1, a member of the organization team, who asks a kind of 'stimulation question'. As there are other small groups in the same room there is a lot of background noise.   </note>
         </notesStmt>
         <sourceDesc>
            <recordingStmt>
               <recording dur="PT00H16M00S" type="audio">
                  <date>2006-06-03</date>
                  <equipment>
                     <p>Portable minidisc recorder with electret condenser stereo microphone</p>
                  </equipment>
                  <respStmt>
                     <resp>recording</resp>
                     <name>R17</name>
                  </respStmt>
               </recording>
            </recordingStmt>
         </sourceDesc>
      </fileDesc>
      <encodingDesc>
         <classDecl>
            <taxonomy>
               <category xml:id="POwgd378_domain">
                  <catDesc>Domain</catDesc>
                  <category sameAs="#ED" xml:id="POwgd378_ED">
                     <catDesc>educational</catDesc>
                  </category>
                  <category sameAs="#LE" xml:id="POwgd378_LE">
                     <catDesc>leisure</catDesc>
                  </category>
                  <category sameAs="#PB" xml:id="POwgd378_PB">
                     <catDesc>professional business</catDesc>
                  </category>
                  <category sameAs="#PO" xml:id="POwgd378_PO">
                     <catDesc>professional organizational</catDesc>
                  </category>
                  <category sameAs="#PR" xml:id="POwgd378_PR">
                     <catDesc>professional research/science</catDesc>
                  </category>
               </category>
               <category xml:id="POwgd378_spet">
                  <catDesc>Speech Event Type</catDesc>
                  <category sameAs="#int" xml:id="POwgd378_int">
                     <catDesc>interview</catDesc>
                  </category>
                  <category sameAs="#prc" xml:id="POwgd378_prc">
                     <catDesc>press conference</catDesc>
                  </category>
                  <category sameAs="#sve" xml:id="POwgd378_sve">
                     <catDesc>service encounter</catDesc>
                  </category>
                  <category sameAs="#sed" xml:id="POwgd378_sed">
                     <catDesc>seminar discussion</catDesc>
                  </category>
                  <category sameAs="#wgd" xml:id="POwgd378_wgd">
                     <catDesc>working group discussion</catDesc>
                  </category>
                  <category sameAs="#wsd" xml:id="POwgd378_wsd">
                     <catDesc>workshop discussion</catDesc>
                  </category>
                  <category sameAs="#mtg" xml:id="POwgd378_mtg">
                     <catDesc>meeting</catDesc>
                  </category>
                  <category sameAs="#pan" xml:id="POwgd378_pan">
                     <catDesc>panel</catDesc>
                  </category>
                  <category sameAs="#qas" xml:id="POwgd378_qas">
                     <catDesc>question-answer session</catDesc>
                  </category>
                  <category sameAs="#con" xml:id="POwgd378_con">
                     <catDesc>conversation</catDesc>
                  </category>
               </category>
            </taxonomy>
         </classDecl>
         <tagsDecl><namespace name="http://www.tei-c.org/ns/1.0">
      <tagUsage gi="TEI" occurs="1"/>
      <tagUsage gi="teiHeader" occurs="1"/>
      <tagUsage gi="fileDesc" occurs="1"/>
      <tagUsage gi="titleStmt" occurs="1"/>
      <tagUsage gi="title" occurs="5"/>
      <tagUsage gi="principal" occurs="1"/>
      <tagUsage gi="editor" occurs="1"/>
      <tagUsage gi="funder" occurs="1"/>
      <tagUsage gi="sponsor" occurs="1"/>
      <tagUsage gi="respStmt" occurs="3"/>
      <tagUsage gi="resp" occurs="3"/>
      <tagUsage gi="orgName" occurs="1"/>
      <tagUsage gi="persName" occurs="5"/>
      <tagUsage gi="editionStmt" occurs="1"/>
      <tagUsage gi="edition" occurs="3"/>
      <tagUsage gi="date" occurs="4"/>
      <tagUsage gi="name" occurs="8"/>
      <tagUsage gi="publicationStmt" occurs="1"/>
      <tagUsage gi="publisher" occurs="1"/>
      <tagUsage gi="distributor" occurs="1"/>
      <tagUsage gi="address" occurs="1"/>
      <tagUsage gi="addrLine" occurs="6"/>
      <tagUsage gi="availability" occurs="1"/>
      <tagUsage gi="p" occurs="7"/>
      <tagUsage gi="ref" occurs="5"/>
      <tagUsage gi="bibl" occurs="2"/>
      <tagUsage gi="notesStmt" occurs="1"/>
      <tagUsage gi="note" occurs="2"/>
      <tagUsage gi="sourceDesc" occurs="1"/>
      <tagUsage gi="recordingStmt" occurs="1"/>
      <tagUsage gi="recording" occurs="1"/>
      <tagUsage gi="equipment" occurs="1"/>
      <tagUsage gi="encodingDesc" occurs="1"/>
      <tagUsage gi="classDecl" occurs="1"/>
      <tagUsage gi="taxonomy" occurs="1"/>
      <tagUsage gi="category" occurs="17"/>
      <tagUsage gi="catDesc" occurs="17"/>
      <tagUsage gi="tagsDecl" occurs="1"/>
      <tagUsage gi="namespace" occurs="2"/>
      <tagUsage gi="tagUsage" occurs="81"/>
      <tagUsage gi="gi" occurs="5"/>
      <tagUsage gi="att" occurs="13"/>
      <tagUsage gi="list" occurs="10"/>
      <tagUsage gi="label" occurs="17"/>
      <tagUsage gi="val" occurs="39"/>
      <tagUsage gi="item" occurs="37"/>
      <tagUsage gi="profileDesc" occurs="1"/>
      <tagUsage gi="textClass" occurs="1"/>
      <tagUsage gi="catRef" occurs="2"/>
      <tagUsage gi="settingDesc" occurs="1"/>
      <tagUsage gi="setting" occurs="1"/>
      <tagUsage gi="locale" occurs="1"/>
      <tagUsage gi="activity" occurs="1"/>
      <tagUsage gi="particDesc" occurs="1"/>
      <tagUsage gi="listPerson" occurs="4"/>
      <tagUsage gi="personGrp" occurs="2"/>
      <tagUsage gi="person" occurs="6"/>
      <tagUsage gi="age" occurs="5"/>
      <tagUsage gi="sex" occurs="5"/>
      <tagUsage gi="occupation" occurs="5"/>
      <tagUsage gi="langKnowledge" occurs="5"/>
      <tagUsage gi="langKnown" occurs="5"/>
      <tagUsage gi="relationGrp" occurs="1"/>
      <tagUsage gi="relation" occurs="2"/>
      <tagUsage gi="revisionDesc" occurs="1"/>
      <tagUsage gi="change" occurs="5"/>
      <tagUsage gi="text" occurs="1"/>
      <tagUsage gi="body" occurs="1"/>
      <tagUsage gi="div" occurs="1"/>
      <tagUsage gi="u" occurs="268">Used to mark a stretch of speech commonly
		preceded and followed by a pause or by a change of speaker. A
		<gi>u</gi> is, however, not required to be bounded by a pause or
		a change of speaker, nor does it represent a turn in a
		conversation analytic sense. At a minimum, a <gi>u</gi> is some
		phonetic production or noise made by a given speaker or a group of speakers.</tagUsage>
      <tagUsage gi="emph" occurs="62">Used to mark speech which is stressed or
		emphasized in a way that goes beyond regular nuclear
		stress.</tagUsage>
      <tagUsage gi="seg" occurs="150">Used with different <att>type</att> attributes to mark:
		<list>
		  <label><att>type</att><val>overlap</val></label>
		  <item>overlaps</item>
		  <label><att>type</att><val>onomatopoeia</val></label>
		  <item>onomatopoeic sounds</item>
		  <label><att>type</att><val>ipa</val></label>
		  <item>transcriptions in the international phonetic alphabet</item>
		</list>
		</tagUsage>
      <tagUsage gi="pause" occurs="317">Used to mark a pause either between or
		within utterances. Used without <att>dur</att> attribute to
		indicate a brief pause up to half a second.
		</tagUsage>
      <tagUsage gi="c" occurs="205">Used to mark lengthening of sounds and
		intonation (fall, rise). The following <att>type</att>
		attributes are used to mark:
		<list>
		  <label><val>lengthening</val></label><item>lengthened
		  sounds</item>
		  <label><val>intonation</val></label><item>a significant change in
		  intonation, marked with the following <att>function</att>
		  attribute for:
		  <list>
			<label><val>fall</val></label><item>falling
			intonation</item>
			<label><val>rise</val></label><item>rising intonation</item>
		  </list>
		</item>
		</list>
		Intonation may or may not coincide with
		syntactic boundaries.
		</tagUsage>
      <tagUsage gi="anchor" occurs="82">Used to mark other-continuation,
		i.e. whenever a speaker continues another speaker's <gi>u</gi>
		without a pause. Other-continuation is to be interpreted
		temporally and does not relate to form or content of the
		speakers' utterances.</tagUsage>
      <tagUsage gi="unclear" occurs="23">Used to mark speech which cannot be
		transcribed with certainty, because it is difficult to hear or
		understand for the transcriber.</tagUsage>
      <tagUsage gi="shift" occurs="72">Used to mark the point at which some
		paralinguistic feature changes. The following attribute values
		are used to mark:
		<list>
          <label>
            <val>voice</val>
          </label>
          <item>voice quality
          <list>
            <item><val>imitating</val></item>
            <item><val>laugh</val></item>
            <item><val>neutral</val></item>
            <item><val>phone</val></item>
            <item><val>reading</val></item>
            <item><val>reading_aloud</val></item>
            <item><val>sigh</val></item>
            <item><val>singing</val></item>
            <item><val>whisp</val></item>
            <item><val>yawning</val></item>
          </list>
          </item>
          <label>
          <val>tempo</val></label>
          <item>speed of utterance
            <list>
              <label><val>a</val></label>
              <item>accelerando</item>
              <label><val>l</val></label>
              <item>lento</item>
              <label><val>neutral</val></label>
              <item>neutral</item>
            </list>
          </item>
          <label>
          <val>loud</val></label>
          <item>loudness
            <list>
              <item><val>f</val></item>
              <item><val>neutral</val></item>
              <item><val>p</val></item>
            </list>
          </item>
		  </list>
		</tagUsage>
      <tagUsage gi="vocal" occurs="19">Used to mark laughter and other speaker
		noises and non-verbal feedback.
        <list>
          <label>
            <val>speaker_noise</val>
          </label>
          <item>
            <list>
              <item>
                <val>coughing</val>
              </item>
              <item>
                <val>nods</val>
              </item>
              <item>
                <val>shakes head</val>
              </item>
              <item>
                <val>smacks lips</val>
              </item>
              <item>
                <val>sniffs</val>
              </item>
              <item>
                <val>swallows</val>
              </item>
              <item>
                <val>whistles</val>
              </item>
            </list>
          </item>
          <label>
            <val>wordlike</val>
          </label>
          <item>
            <val>laughing</val>
          </item>
        </list>
        </tagUsage>
      <tagUsage gi="supplied" occurs="11">Used to mark text supplied by the
		transcriber because the original is unintelligible or needed to
		be anonymized. The <att>reason</att> attribute is used to mark:
		<list>
		  <label><val>unintelligible</val></label><item>unintelligible
		  speech</item>
		  <label><val>anonymization</val></label><item>anonymized
		  speech</item>
		</list>
		</tagUsage>
      <tagUsage gi="w" occurs="1">
		  Used with the <att>type</att> attribute set to
		  <val>spelt</val> to mark words or word fragments which are
		  spelt out, i.e. words whose constituents are pronounced as
		  individual letters.
		</tagUsage>
      <tagUsage gi="incident" occurs="1">Used to mark contextual information
		relevant to the understanding of the interaction or the
		interaction as such. The <att>voice:desc</att> attribute
		provides a short prose description of the contextual
		event.</tagUsage></namespace><namespace name="http://www.univie.ac.at/voice/ns/1.0">
      <tagUsage gi="voice:track" occurs="5">Used to mark the beginning of a new
		audio track used in transcription (usually three minutes in length) and thus refers to the audio recording
		of the transcribed speech event.
		</tagUsage>
      <tagUsage gi="voice:pvc" occurs="2">Used to mark a pronunciation variation
		or coinage as described in <ref target="http://www.univie.ac.at/voice/documents/VOICE_mark-up_conventions_v2-1.pdf">the
			VOICE mark-up conventions [2.1].</ref>the
			VOICE mark-up conventions [2.1]. An existing word corresponding to the PVC may be provided within a <att>comment</att>comment attribute within the <gi>voice:pvc</gi>voice:pvc element. Additional phonetic
			transcription may be provided within a <att>voice:ipa</att>voice:ipa attribute
			within the <gi>voice:pvc</gi>voice:pvc element.</tagUsage>
      <tagUsage gi="voice:to" occurs="2">Used to mark speech directed towards a
		particular speaker. The <att>who</att>who attribute indicates the
		addressed speaker.</tagUsage></namespace></tagsDecl>
      </encodingDesc>
      <profileDesc>
         <textClass>
            <catRef target="#POwgd378_PO #POwgd378_wgd"/>
            <catRef target="#PO #wgd"/>
         </textClass>
         <settingDesc>
            <setting>
               <name type="country">AT</name>
               <name type="city">Stockerau</name>
               <locale>seminar room at hotel</locale>
               <activity>taking notes</activity>
            </setting>
         </settingDesc>
         <particDesc>
            <listPerson type="main">
               <listPerson type="groups">
                  <personGrp role="speakers" size="5"/>
                  <personGrp role="interactants" size="3"/>
               </listPerson>
               <listPerson type="identified">
                  <person role="non-participant" sameAs="#P320" xml:id="POwgd378_S1">
                     <age value="1">17-24</age>
                     <sex value="2">female</sex>
                     <occupation>representative of European youth organization</occupation>
                     <langKnowledge>
                        <langKnown level="L1" tag="rum-RO"/>
                     </langKnowledge>
                  </person>
                  <person role="participant" sameAs="#P324" xml:id="POwgd378_S3">
                     <age value="1">17-24</age>
                     <sex value="1">male</sex>
                     <occupation>representative of European youth organization</occupation>
                     <langKnowledge>
                        <langKnown level="L1" tag="nor-NO"/>
                     </langKnowledge>
                  </person>
                  <person role="participant" sameAs="#P327" xml:id="POwgd378_S7">
                     <age value="1">17-24</age>
                     <sex value="1">male</sex>
                     <occupation>representative of European youth organization</occupation>
                     <langKnowledge>
                        <langKnown level="L1" tag="fre-BE"/>
                     </langKnowledge>
                  </person>
                  <person role="non-participant" sameAs="#P333" xml:id="POwgd378_S8">
                     <age value="1">17-24</age>
                     <sex value="2">female</sex>
                     <occupation>representative of European youth organization</occupation>
                     <langKnowledge>
                        <langKnown level="L1" tag="ger-AT"/>
                     </langKnowledge>
                  </person>
                  <person role="participant" sameAs="#P334" xml:id="POwgd378_S12">
                     <age value="1">17-24</age>
                     <sex value="1">male</sex>
                     <occupation>representative of European youth organization</occupation>
                     <langKnowledge>
                        <langKnown level="L1" tag="dut-NL"/>
                     </langKnowledge>
                  </person>
               </listPerson>
               <listPerson type="not_identified">
                  <person sameAs="#SS" xml:id="POwgd378_SS"/>
               </listPerson>
               <relationGrp>
                  <relation mutual="#POwgd378_S12 #POwgd378_S3 #POwgd378_S7" name="fairly_symmetrical" type="power"/>
                  <relation mutual="#POwgd378_S12 #POwgd378_S3 #POwgd378_S7" name="acquainted" type="acquaintedness"/>
               </relationGrp>
            </listPerson>
         </particDesc>
      </profileDesc>
      <revisionDesc>
         <change when="2009-05-19" who="SM">conversion to XML</change>
         <change when="2009-05-14" who="TK">finalized for publication</change>
         <change when="2008-02-27" who="TK">proof-reading</change>
         <change when="2008-02-04" who="CH">checking</change>
         <change when="2007-01-26" who="GS">transcription</change>
      </revisionDesc>
   </teiHeader>
   <text>
      <body>
         <div type="medium" voice:end="01:00" voice:end_medium_number="1" voice:end_track="6" voice:medium_type="md" voice:start="00:02" voice:start_medium_number="1" voice:start_track="1">
            <u who="#POwgd378_S3" xml:id="POwgd378_u_1"><emph> trans</emph>late it into their language <seg n="1" type="overlap" xml:id="POwgd378_ol_0"> and </seg> say <pause/></u>
            <u who="#POwgd378_S12" xml:id="POwgd378_u_2"><seg n="1" synch="#POwgd378_ol_0" type="overlap" xml:id="POwgd378_ol_1"> yes </seg></u>
            <u who="#POwgd378_S3" xml:id="POwgd378_u_3"> er <emph> in </emph> the youth pact <pause/> they are suggesting to do this and this <pause/> so that this will a<seg n="2" type="overlap" xml:id="POwgd378_ol_2">ffect you </seg><pause/></u>
            <u who="#POwgd378_S12" xml:id="POwgd378_u_4"><seg n="2" synch="#POwgd378_ol_2" type="overlap" xml:id="POwgd378_ol_3"> that means </seg></u>
            <u who="#POwgd378_S3" xml:id="POwgd378_u_5"> in <seg n="3" type="overlap" xml:id="POwgd378_ol_4"> this </seg> way<c function="rise" type="intonation"/></u>
            <u who="#POwgd378_S12" xml:id="POwgd378_u_6"><seg n="3" synch="#POwgd378_ol_4" type="overlap" xml:id="POwgd378_ol_5"> yeah </seg></u>
            <u who="#POwgd378_S12" xml:id="POwgd378_u_7"> mhm <anchor synch="#POwgd378_oc_1" type="other_continuation" xml:id="POwgd378_oc_0"/></u>
            <u who="#POwgd378_S3" xml:id="POwgd378_u_8"><anchor synch="#POwgd378_oc_0" type="other_continuation" xml:id="POwgd378_oc_1"/> would that help you<c function="rise" type="intonation"/><pause dur="PT1S"/> and th- <seg n="4" type="overlap" xml:id="POwgd378_ol_6"> they </seg> will say yes or no and then <pause/></u>
            <u who="#POwgd378_S12" xml:id="POwgd378_u_9"><seg n="4" synch="#POwgd378_ol_6" type="overlap" xml:id="POwgd378_ol_7"> yeah </seg></u>
            <u who="#POwgd378_S3" xml:id="POwgd378_u_10"><emph> we </emph> can bring that feedback and translate it back into gibberish <pause/> and then they tell the politicians and saying you know <anchor synch="#POwgd378_oc_3" type="other_continuation" xml:id="POwgd378_oc_2"/></u>
            <u who="#POwgd378_S12" xml:id="POwgd378_u_11"><anchor synch="#POwgd378_oc_2" type="other_continuation" xml:id="POwgd378_oc_3"/> actually we<c type="lengthening"/> we are we will play a very important role of the bridge between institutions and the youth <pause/></u>
            <u who="#POwgd378_S3" xml:id="POwgd378_u_12"><emph> yes </emph></u>
            <u who="#POwgd378_S7" xml:id="POwgd378_u_13"> okay yeah <unclear> i can understand </unclear><anchor synch="#POwgd378_oc_5" type="other_continuation" xml:id="POwgd378_oc_4"/></u>
            <u who="#POwgd378_S3" xml:id="POwgd378_u_14"><anchor synch="#POwgd378_oc_4" type="other_continuation" xml:id="POwgd378_oc_5"/><shift corresp="#POwgd378_s_2" feature="loud" new="p" xml:id="POwgd378_s_1"/> mhm <shift corresp="#POwgd378_s_1" feature="loud" new="neutral" xml:id="POwgd378_s_2"/></u>
            <u who="#POwgd378_S7" xml:id="POwgd378_u_15"> e<c type="lengthening"/>r <pause dur="PT1S"/> right <pause/> there's a there's a word for that in french but hh <pause dur="PT1S"/></u>
            <u who="#POwgd378_S3" xml:id="POwgd378_u_16"> yeah we are like the<c type="lengthening"/> babel fish <pause dur="PT1S"/></u>
            <u who="#POwgd378_S12" xml:id="POwgd378_u_17"><shift corresp="#POwgd378_s_4" feature="voice" new="laugh" xml:id="POwgd378_s_3"/> ah yeah <shift corresp="#POwgd378_s_3" feature="voice" new="neutral" xml:id="POwgd378_s_4"/><vocal subtype="wordstart" type="wordlike" voice:desc="laughing" voice:syl="3"/> yeah i understand<c function="fall" type="intonation"/><pause/> babel fish is a<c type="lengthening"/><c type="lengthening"/><pause dur="PT1S"/> h electro<c type="lengthening"/>- <pause/> translation <unclear> on that </unclear><pause dur="PT1S"/></u>
            <u who="#POwgd378_S7" xml:id="POwgd378_u_18"> but <anchor synch="#POwgd378_oc_7" type="other_continuation" xml:id="POwgd378_oc_6"/></u>
            <u who="#POwgd378_S12" xml:id="POwgd378_u_19"><anchor synch="#POwgd378_oc_6" type="other_continuation" xml:id="POwgd378_oc_7"/><unclear> for free </unclear></u>
            <u who="#POwgd378_S3" xml:id="POwgd378_u_20"> but <seg n="5" type="overlap" xml:id="POwgd378_ol_8"> it's </seg><emph> from </emph> the tower of babel<c function="rise" type="intonation"/> and then <shift corresp="#POwgd378_s_6" feature="tempo" new="l" xml:id="POwgd378_s_5"/> in the<c type="lengthening"/><shift corresp="#POwgd378_s_5" feature="tempo" new="neutral" xml:id="POwgd378_s_6"/><pause/></u>
            <u who="#POwgd378_S12" xml:id="POwgd378_u_21"><seg n="5" synch="#POwgd378_ol_8" type="overlap" xml:id="POwgd378_ol_9"><vocal subtype="wordstart" type="wordlike" voice:desc="laughing" voice:syl="1"/></seg></u>
            <u who="#POwgd378_S3" xml:id="POwgd378_u_22"> er hitchhiker's guide to the galaxy<c function="rise" type="intonation"/><pause/></u>
            <u who="#POwgd378_S12" xml:id="POwgd378_u_23"><seg n="6" type="overlap" xml:id="POwgd378_ol_10"> m<emph>hm </emph></seg></u>
            <u who="#POwgd378_S3" xml:id="POwgd378_u_24"><seg n="6" synch="#POwgd378_ol_10" type="overlap" xml:id="POwgd378_ol_11"> when </seg> they couldn't communicate they put <seg n="7" type="overlap" xml:id="POwgd378_ol_12"> fish <unclear> everywhere </unclear></seg></u>
            <u who="#POwgd378_S12" xml:id="POwgd378_u_25"><shift corresp="#POwgd378_s_8" feature="voice" new="laugh" xml:id="POwgd378_s_7"/><seg n="7" synch="#POwgd378_ol_12" type="overlap" xml:id="POwgd378_ol_13"> they put a </seg> fish in the <seg n="1" type="overlap" xml:id="POwgd378_ol_14"><unclear> ear </unclear></seg><shift corresp="#POwgd378_s_7" feature="voice" new="neutral" xml:id="POwgd378_s_8"/></u>
            <u who="#POwgd378_S7" xml:id="POwgd378_u_26"><seg n="1" synch="#POwgd378_ol_14" type="overlap" xml:id="POwgd378_ol_15"><emph> o</emph>kay </seg><pause/></u>
            <u who="#POwgd378_S3" xml:id="POwgd378_u_27"> that's why it's called <seg n="2" type="overlap" xml:id="POwgd378_ol_16"> babel </seg> fish </u>
            <u who="#POwgd378_S12" xml:id="POwgd378_u_28"><seg n="2" synch="#POwgd378_ol_16" type="overlap" xml:id="POwgd378_ol_17"><shift corresp="#POwgd378_s_10" feature="voice" new="laugh" xml:id="POwgd378_s_9"/> you know <shift corresp="#POwgd378_s_9" feature="voice" new="neutral" xml:id="POwgd378_s_10"/></seg></u>
            <u who="#POwgd378_S7" xml:id="POwgd378_u_29"> okay<c function="fall" type="intonation"/> i missed it <anchor synch="#POwgd378_oc_9" type="other_continuation" xml:id="POwgd378_oc_8"/></u>
            <u who="#POwgd378_S12" xml:id="POwgd378_u_30"><anchor synch="#POwgd378_oc_8" type="other_continuation" xml:id="POwgd378_oc_9"/> okay<c function="fall" type="intonation"/><pause/> so <pause dur="PT1S"/> i agree with this point because we are we're here to<c type="lengthening"/><pause/> actually<c type="lengthening"/><pause/> tell the people what they do<c function="fall" type="intonation"/><pause dur="PT1S"/></u>
            <u who="#POwgd378_S3" xml:id="POwgd378_u_31"> yeah or <anchor synch="#POwgd378_oc_11" type="other_continuation" xml:id="POwgd378_oc_10"/></u>
            <u who="#POwgd378_S12" xml:id="POwgd378_u_32"><anchor synch="#POwgd378_oc_10" type="other_continuation" xml:id="POwgd378_oc_11"/> in a<c type="lengthening"/><anchor synch="#POwgd378_oc_13" type="other_continuation" xml:id="POwgd378_oc_12"/></u>
            <u who="#POwgd378_S3" xml:id="POwgd378_u_33"><anchor synch="#POwgd378_oc_12" type="other_continuation" xml:id="POwgd378_oc_13"/> erm or if we <seg n="3" type="overlap" xml:id="POwgd378_ol_18"> are </seg></u>
            <u who="#POwgd378_S12" xml:id="POwgd378_u_34"><seg n="3" synch="#POwgd378_ol_18" type="overlap" xml:id="POwgd378_ol_19"> in a </seg> way that they <shift corresp="#POwgd378_s_12" feature="tempo" new="a" xml:id="POwgd378_s_11"/> will understand<c function="fall" type="intonation"/><shift corresp="#POwgd378_s_11" feature="tempo" new="neutral" xml:id="POwgd378_s_12"/></u>
            <u who="#POwgd378_S3" xml:id="POwgd378_u_35"> yeah if we are involved in the process i mean every time er the er er something is <shift corresp="#POwgd378_s_14" feature="tempo" new="a" xml:id="POwgd378_s_13"/> you know <shift corresp="#POwgd378_s_13" feature="tempo" new="neutral" xml:id="POwgd378_s_14"/><pause/> erm er a pact is made <pause/></u>
            <u who="#POwgd378_S12" xml:id="POwgd378_u_36"> mhm <anchor synch="#POwgd378_oc_15" type="other_continuation" xml:id="POwgd378_oc_14"/></u>
            <u who="#POwgd378_S3" xml:id="POwgd378_u_37"><anchor synch="#POwgd378_oc_14" type="other_continuation" xml:id="POwgd378_oc_15"/> right<c function="rise" type="intonation"/><pause/> er the politicians<c function="rise" type="intonation"/><pause/> make a draft<c function="fall" type="intonation"/><pause/></u>
            <u who="#POwgd378_S12" xml:id="POwgd378_u_38"> yeah <anchor synch="#POwgd378_oc_17" type="other_continuation" xml:id="POwgd378_oc_16"/></u>
            <u who="#POwgd378_S3" xml:id="POwgd378_u_39"><anchor synch="#POwgd378_oc_16" type="other_continuation" xml:id="POwgd378_oc_17"/> and this draft ins- is sent out to hearing<c function="rise" type="intonation"/><pause dur="PT1S"/> and during this hearing process <emph> we </emph> can read the draft and we can <emph> talk </emph> to the people it actually affects <pause/><seg n="5" type="overlap" xml:id="POwgd378_ol_20"> and </seg> you know saying this <seg n="6" type="overlap" xml:id="POwgd378_ol_21"> is <shift corresp="#POwgd378_s_16" feature="tempo" new="a" xml:id="POwgd378_s_15"/> blah blah blah <shift corresp="#POwgd378_s_15" feature="tempo" new="neutral" xml:id="POwgd378_s_16"/></seg><pause/></u>
            <u who="#POwgd378_S12" xml:id="POwgd378_u_40"><seg n="5" synch="#POwgd378_ol_20" type="overlap" xml:id="POwgd378_ol_22"><emph> yes </emph></seg></u>
            <u who="#POwgd378_S12" xml:id="POwgd378_u_41"><seg n="6" synch="#POwgd378_ol_21" type="overlap" xml:id="POwgd378_ol_23"><unclear> sounds </unclear><supplied reason="unintelligible"> xx </supplied></seg></u>
            <u who="#POwgd378_S3" xml:id="POwgd378_u_42"> and then we can give feedback back to the politicians <emph> or </emph> the trade unions <seg n="7" type="overlap" xml:id="POwgd378_ol_24"> or </seg> the other organizations hh er <emph> before </emph><pause/></u>
            <u who="#POwgd378_S12" xml:id="POwgd378_u_43"><seg n="7" synch="#POwgd378_ol_24" type="overlap" xml:id="POwgd378_ol_25"> mhm </seg></u>
            <u who="#POwgd378_S3" xml:id="POwgd378_u_44"> it's you know <pause/> clubbed er so then they can make <seg n="1" type="overlap" xml:id="POwgd378_ol_26"> changes </seg></u>
            <u who="#POwgd378_S7" xml:id="POwgd378_u_45"><seg n="1" synch="#POwgd378_ol_26" type="overlap" xml:id="POwgd378_ol_27"> before </seg> it's to late <vocal subtype="wordstart" type="wordlike" voice:desc="laughing" voice:syl="2"/></u>
            <u who="#POwgd378_S3" xml:id="POwgd378_u_46"> yeah before it's too late<c function="fall" type="intonation"/><pause/></u>
            <u who="#POwgd378_S12" xml:id="POwgd378_u_47"><emph> o</emph>kay mhm </u>
            <u who="#POwgd378_S3" xml:id="POwgd378_u_48"><shift corresp="#POwgd378_s_18" feature="tempo" new="a" xml:id="POwgd378_s_17"/> that that's <shift corresp="#POwgd378_s_17" feature="tempo" new="neutral" xml:id="POwgd378_s_18"/> why i <pause/> yeah<c function="fall" type="intonation"/><pause dur="PT1S"/> so like <emph> you </emph> said we are a bridge <pause dur="PT1S"/></u>
            <u who="#POwgd378_S12" xml:id="POwgd378_u_49"> we can say <shift corresp="#POwgd378_s_20" feature="loud" new="p" xml:id="POwgd378_s_19"/><unclear> it now okay </unclear><shift corresp="#POwgd378_s_19" feature="loud" new="neutral" xml:id="POwgd378_s_20"/><pause/> to write down<c function="rise" type="intonation"/> or<c function="rise" type="intonation"/><pause/> because probably we'll have to present this <pause/></u>
            <u who="#POwgd378_S3" xml:id="POwgd378_u_50"> yeah yeah <shift corresp="#POwgd378_s_22" feature="tempo" new="a" xml:id="POwgd378_s_21"/> you're you're right <shift corresp="#POwgd378_s_21" feature="tempo" new="neutral" xml:id="POwgd378_s_22"/> let's er who who's gonna to present this <pause dur="PT2S"/></u>
            <u who="#POwgd378_S12" xml:id="POwgd378_u_51"> i'll do it whatever </u>
            <u who="#POwgd378_S3" xml:id="POwgd378_u_52"> anyone <seg n="2" type="overlap" xml:id="POwgd378_ol_28"> wants to<c function="rise" type="intonation"/></seg></u>
            <u who="#POwgd378_S12" xml:id="POwgd378_u_53"><seg n="2" synch="#POwgd378_ol_28" type="overlap" xml:id="POwgd378_ol_29"> and it's </seg><pause/> it's gonna be very short<c function="fall" type="intonation"/><pause dur="PT2S"/> you can do it you're <pause/> our <pause/> you're the <emph> youngest </emph> you are the future leader <vocal subtype="wordstart" type="wordlike" voice:desc="laughing" voice:syl="2"/><pause dur="PT1S"/></u>
            <u who="#POwgd378_S3" xml:id="POwgd378_u_54"> okay so so i write <seg n="3" type="overlap" xml:id="POwgd378_ol_30"> down </seg></u>
            <u who="#POwgd378_S12" xml:id="POwgd378_u_55"><seg n="3" synch="#POwgd378_ol_30" type="overlap" xml:id="POwgd378_ol_31"><vocal subtype="wordstart" type="wordlike" voice:desc="laughing" voice:syl="1"/></seg><vocal type="wordlike" voice:desc="laughing" voice:syl="1"/></u>
            <u who="#POwgd378_SS" xml:id="POwgd378_u_56"><vocal subtype="wordstart" type="wordlike" voice:desc="laughing" voice:syl="3"/><anchor synch="#POwgd378_oc_19" type="other_continuation" xml:id="POwgd378_oc_18"/></u>
            <u who="#POwgd378_S3" xml:id="POwgd378_u_57"><anchor synch="#POwgd378_oc_18" type="other_continuation" xml:id="POwgd378_oc_19"/> er key point one<c type="lengthening"/><pause/> e<c type="lengthening"/>rm <pause/> a bridge <pause/></u>
            <u who="#POwgd378_S12" xml:id="POwgd378_u_58"> yeah okay<c function="fall" type="intonation"/><pause/> you can write s- like that but then <unclear> we need </unclear> you have an explanation<c function="fall" type="intonation"/> okay<c function="fall" type="intonation"/></u>
            <u who="#POwgd378_S3" xml:id="POwgd378_u_59"> no i'm just gonna say bridge </u>
            <u who="#POwgd378_S7" xml:id="POwgd378_u_60"><vocal subtype="wordstart" type="wordlike" voice:desc="laughing" voice:syl="5"/></u>
            <u who="#POwgd378_S3" xml:id="POwgd378_u_61"><unclear> i'm done </unclear><pause/></u>
            <u who="#POwgd378_S12" xml:id="POwgd378_u_62"><shift corresp="#POwgd378_s_24" feature="loud" new="p" xml:id="POwgd378_s_23"/> yeah <shift corresp="#POwgd378_s_23" feature="loud" new="neutral" xml:id="POwgd378_s_24"/></u>
            <u who="#POwgd378_S3" xml:id="POwgd378_u_63"> no i'm gonna explain yeah <pause dur="PT5S"/></u>
            <u who="#POwgd378_S12" xml:id="POwgd378_u_64"> you <seg n="4" type="overlap" xml:id="POwgd378_ol_32"> should </seg> we touch at least the <pause/></u>
            <u who="#POwgd378_S3" xml:id="POwgd378_u_65"><seg n="4" synch="#POwgd378_ol_32" type="overlap" xml:id="POwgd378_ol_33"> er </seg></u>
            <u who="#POwgd378_S12" xml:id="POwgd378_u_66"> the thing that <pause/> actually <pause dur="PT1S"/> or that's<c type="lengthening"/><pause dur="PT1S"/> that <emph> we </emph> have to be also informed <pause dur="PT1S"/> on <seg n="5" type="overlap" xml:id="POwgd378_ol_34"> time </seg><pause dur="PT1S"/></u>
            <u who="#POwgd378_S3" xml:id="POwgd378_u_67"><seg n="5" synch="#POwgd378_ol_34" type="overlap" xml:id="POwgd378_ol_35"> mhm </seg></u>
            <u who="#POwgd378_S12" xml:id="POwgd378_u_68"><seg n="6" type="overlap" xml:id="POwgd378_ol_36"> an<c type="lengthening"/>d </seg></u>
            <u who="#POwgd378_S3" xml:id="POwgd378_u_69"><seg n="6" synch="#POwgd378_ol_36" type="overlap" xml:id="POwgd378_ol_37"> but i </seg> i <anchor synch="#POwgd378_oc_21" type="other_continuation" xml:id="POwgd378_oc_20"/></u>
            <u who="#POwgd378_S12" xml:id="POwgd378_u_70"><anchor synch="#POwgd378_oc_20" type="other_continuation" xml:id="POwgd378_oc_21"/> about er <pause/> everything er what is happening or we are just discussing the youth pact <pause/> the situation </u>
            <u who="#POwgd378_S3" xml:id="POwgd378_u_71"> hm </u>
            <u who="#POwgd378_S12" xml:id="POwgd378_u_72"> like <pause/> as it is now </u>
            <u who="#POwgd378_S3" xml:id="POwgd378_u_73"> hm hh yeah i i think e<c type="lengthening"/>rm <pause dur="PT2S"/><seg n="7" type="overlap" xml:id="POwgd378_ol_38"> yeah erm </seg></u>
            <u who="#POwgd378_S12" xml:id="POwgd378_u_74"><seg n="7" synch="#POwgd378_ol_38" type="overlap" xml:id="POwgd378_ol_39"> how </seg> much we are generalizing the story that's <pause/> the thing<c function="fall" type="intonation"/></u>
            <u who="#POwgd378_S3" xml:id="POwgd378_u_75"> hh yeah b- b- erm you mean that we should be given you know whenever such documents <voice:track medium="1" num="02" type="md"/> are made <pause/><seg n="8" type="overlap" xml:id="POwgd378_ol_40"> that </seg> we should be given the drafts<c function="rise" type="intonation"/> or<c function="rise" type="intonation"/><pause/></u>
            <u who="#POwgd378_S12" xml:id="POwgd378_u_76"><seg n="8" synch="#POwgd378_ol_40" type="overlap" xml:id="POwgd378_ol_41"> yeah </seg></u>
            <u who="#POwgd378_S3" xml:id="POwgd378_u_77"><seg n="9" type="overlap" xml:id="POwgd378_ol_42"><unclear> what </unclear></seg></u>
            <u who="#POwgd378_S12" xml:id="POwgd378_u_78"><seg n="9" synch="#POwgd378_ol_42" type="overlap" xml:id="POwgd378_ol_43"> well </seg> you can't ask <pause dur="PT1S"/> the institutions to <pause/> to to give you<c function="fall" type="intonation"/> because there's <pause/> too many  <w voice:mode="spelt"> n g os  </w> and youth organizations but <pause/></u>
            <u who="#POwgd378_S3" xml:id="POwgd378_u_79"> mhm <anchor synch="#POwgd378_oc_23" type="other_continuation" xml:id="POwgd378_oc_22"/></u>
            <u who="#POwgd378_S12" xml:id="POwgd378_u_80"><anchor synch="#POwgd378_oc_22" type="other_continuation" xml:id="POwgd378_oc_23"/> er to have <pause/> our channels to<c type="lengthening"/><pause/> reach the inform- the all important <voice:pvc> informations </voice:pvc> o<c type="lengthening"/>r draft papers <seg n="1" type="overlap" xml:id="POwgd378_ol_44"> or </seg></u>
            <u who="#POwgd378_S3" xml:id="POwgd378_u_81"><seg n="1" synch="#POwgd378_ol_44" type="overlap" xml:id="POwgd378_ol_45"> and </seg> i mean er some other problem is that <pause/><emph> all </emph> the information is there it's just to find the right website and download the draft <pause/><seg n="2" type="overlap" xml:id="POwgd378_ol_46"> but </seg> but <supplied reason="unintelligible"> xx </supplied><seg n="3" type="overlap" xml:id="POwgd378_ol_47"><supplied reason="unintelligible"> xx </supplied></seg></u>
            <u who="#POwgd378_S12" xml:id="POwgd378_u_82"><seg n="2" synch="#POwgd378_ol_46" type="overlap" xml:id="POwgd378_ol_48"> well </seg></u>
            <u who="#POwgd378_S12" xml:id="POwgd378_u_83"><seg n="3" synch="#POwgd378_ol_47" type="overlap" xml:id="POwgd378_ol_49"> sometime</seg>s that's just is not <shift corresp="#POwgd378_s_26" feature="tempo" new="a" xml:id="POwgd378_s_25"/> just just <shift corresp="#POwgd378_s_25" feature="tempo" new="neutral" xml:id="POwgd378_s_26"/><vocal subtype="wordstart" type="wordlike" voice:desc="laughing" voice:syl="2"/><pause/></u>
            <u who="#POwgd378_S3" xml:id="POwgd378_u_84"> well i mean it <emph> is </emph> just if if you're used to the system <pause/> but i mean <anchor synch="#POwgd378_oc_25" type="other_continuation" xml:id="POwgd378_oc_24"/></u>
            <u who="#POwgd378_S12" xml:id="POwgd378_u_85"><anchor synch="#POwgd378_oc_24" type="other_continuation" xml:id="POwgd378_oc_25"/> mhm </u>
            <u who="#POwgd378_S3" xml:id="POwgd378_u_86"> let's face it <pause/> normal youth organizations we are not <emph> supposed </emph> to spend our time searching the internet for <shift corresp="#POwgd378_s_28" feature="tempo" new="a" xml:id="POwgd378_s_27"/> blah blah blah <shift corresp="#POwgd378_s_27" feature="tempo" new="neutral" xml:id="POwgd378_s_28"/><pause/> we're supposed <seg n="4" type="overlap" xml:id="POwgd378_ol_50"> to </seg> spend our time interacting with youth so i think <pause/></u>
            <u who="#POwgd378_S12" xml:id="POwgd378_u_87"><seg n="4" synch="#POwgd378_ol_50" type="overlap" xml:id="POwgd378_ol_51"> yeah </seg></u>
            <u who="#POwgd378_S3" xml:id="POwgd378_u_88"> a part of this <pause dur="PT1S"/> what we are <emph> asking </emph> the way i feel is to be automatically included <pause/> so that <seg n="5" type="overlap" xml:id="POwgd378_ol_52"><emph> we </emph> do </seg> not go to the politicians and ask can we have this draft <pause/></u>
            <u who="#POwgd378_S12" xml:id="POwgd378_u_89"><seg n="5" synch="#POwgd378_ol_52" type="overlap" xml:id="POwgd378_ol_53"> mhm </seg></u>
            <u who="#POwgd378_S3" xml:id="POwgd378_u_90"> but <seg n="6" type="overlap" xml:id="POwgd378_ol_54"> that </seg> their administration at the governments <pause/></u>
            <u who="#POwgd378_S12" xml:id="POwgd378_u_91"><seg n="6" synch="#POwgd378_ol_54" type="overlap" xml:id="POwgd378_ol_55"> yeah </seg></u>
            <u who="#POwgd378_S3" xml:id="POwgd378_u_92"><emph> automatically </emph><seg n="7" type="overlap" xml:id="POwgd378_ol_56"> sends it out </seg> to us <pause dur="PT1S"/></u>
            <u who="#POwgd378_S12" xml:id="POwgd378_u_93"><seg n="7" synch="#POwgd378_ol_56" type="overlap" xml:id="POwgd378_ol_57"> yeah that's it </seg></u>
            <u who="#POwgd378_S3" xml:id="POwgd378_u_94"> i- if that's you know something you could <pause/> ask for<c function="fall" type="intonation"/><pause/> be<seg n="8" type="overlap" xml:id="POwgd378_ol_58">cause that </seg> that doesn't cost an<seg n="1" type="overlap" xml:id="POwgd378_ol_59">ything it's just </seg></u>
            <u who="#POwgd378_S12" xml:id="POwgd378_u_95"><seg n="8" synch="#POwgd378_ol_58" type="overlap" xml:id="POwgd378_ol_60"> well yeah </seg></u>
            <u who="#POwgd378_S7" xml:id="POwgd378_u_96"><seg n="1" synch="#POwgd378_ol_59" type="overlap" xml:id="POwgd378_ol_61"> yeah i do agree with </seg> you </u>
            <u who="#POwgd378_S3" xml:id="POwgd378_u_97"> just add one more email address you know<c function="rise" type="intonation"/></u>
            <u who="#POwgd378_S12" xml:id="POwgd378_u_98"> mhm <pause/> yeah but before that <pause/> e<c type="lengthening"/>r youth organization has to be<c type="lengthening"/><pause/> subscribed <shift corresp="#POwgd378_s_30" feature="loud" new="p" xml:id="POwgd378_s_29"/> somewhere <shift corresp="#POwgd378_s_29" feature="loud" new="neutral" xml:id="POwgd378_s_30"/><pause dur="PT1S"/> s- to to announce that they really want <pause/> to receive such an <pause/> an information </u>
            <u who="#POwgd378_S3" xml:id="POwgd378_u_99"> yeah<c function="fall" type="intonation"/> but i mean <pause/> erm <pause/> they could make a system for that <pause/></u>
            <u who="#POwgd378_S12" xml:id="POwgd378_u_100"> okay<c function="fall" type="intonation"/> let's say <pause/> that it already exist <pause dur="PT2S"/><seg n="2" type="overlap" xml:id="POwgd378_ol_62"> or </seg></u>
            <u who="#POwgd378_S3" xml:id="POwgd378_u_101"><seg n="2" synch="#POwgd378_ol_62" type="overlap" xml:id="POwgd378_ol_63"> be</seg>cause e<c type="lengthening"/>rm </u>
            <u who="#POwgd378_S12" xml:id="POwgd378_u_102"> or we should er e<c type="lengthening"/>r <pause/><seg n="3" type="overlap" xml:id="POwgd378_ol_64"> ask </seg> for it<c function="fall" type="intonation"/></u>
            <u who="#POwgd378_S3" xml:id="POwgd378_u_103"><seg n="3" synch="#POwgd378_ol_64" type="overlap" xml:id="POwgd378_ol_65"> er </seg></u>
            <u who="#POwgd378_S3" xml:id="POwgd378_u_104"> er for example e<c type="lengthening"/>r there could i mean it's it's not very difficult if <emph> if </emph> when you log in to your government's <pause/> web<seg n="4" type="overlap" xml:id="POwgd378_ol_66">site </seg></u>
            <u who="#POwgd378_S12" xml:id="POwgd378_u_105"><seg n="4" synch="#POwgd378_ol_66" type="overlap" xml:id="POwgd378_ol_67"> m</seg>hm </u>
            <u who="#POwgd378_S3" xml:id="POwgd378_u_106"> e<c type="lengthening"/>r there could just be you know <pause/> write the email <emph> a</emph>ddress of your organization<c function="rise" type="intonation"/></u>
            <u who="#POwgd378_S12" xml:id="POwgd378_u_107"> mhm <anchor synch="#POwgd378_oc_27" type="other_continuation" xml:id="POwgd378_oc_26"/></u>
            <u who="#POwgd378_S3" xml:id="POwgd378_u_108"><anchor synch="#POwgd378_oc_26" type="other_continuation" xml:id="POwgd378_oc_27"/> press <seg n="5" type="overlap" xml:id="POwgd378_ol_68"> this </seg> button and whenever <anchor synch="#POwgd378_oc_29" type="other_continuation" xml:id="POwgd378_oc_28"/></u>
            <u who="#POwgd378_S12" xml:id="POwgd378_u_109"><seg n="5" synch="#POwgd378_ol_68" type="overlap" xml:id="POwgd378_ol_69"> mhm </seg></u>
            <u who="#POwgd378_S12" xml:id="POwgd378_u_110"><anchor synch="#POwgd378_oc_28" type="other_continuation" xml:id="POwgd378_oc_29"/> newsletter <vocal subtype="wordstart" type="wordlike" voice:desc="laughing" voice:syl="1"/></u>
            <u who="#POwgd378_S3" xml:id="POwgd378_u_111"> what yeah <emph> yeah </emph><pause/><unclear> er so </unclear> like that </u>
            <u who="#POwgd378_S12" xml:id="POwgd378_u_112"> yeah <pause/></u>
            <u who="#POwgd378_S3" xml:id="POwgd378_u_113"> and <anchor synch="#POwgd378_oc_31" type="other_continuation" xml:id="POwgd378_oc_30"/></u>
            <u who="#POwgd378_S12" xml:id="POwgd378_u_114"><anchor synch="#POwgd378_oc_30" type="other_continuation" xml:id="POwgd378_oc_31"/> mhm <anchor synch="#POwgd378_oc_33" type="other_continuation" xml:id="POwgd378_oc_32"/></u>
            <u who="#POwgd378_S3" xml:id="POwgd378_u_115"><anchor synch="#POwgd378_oc_32" type="other_continuation" xml:id="POwgd378_oc_33"/> and then er of course the administration has to use their brains and not send us all sorts of crap<c function="rise" type="intonation"/><pause/> but you know <pause/> the thing that affects youth and<c function="rise" type="intonation"/></u>
            <u who="#POwgd378_S12" xml:id="POwgd378_u_116"> mhm <anchor synch="#POwgd378_oc_35" type="other_continuation" xml:id="POwgd378_oc_34"/></u>
            <u who="#POwgd378_S3" xml:id="POwgd378_u_117"><anchor synch="#POwgd378_oc_34" type="other_continuation" xml:id="POwgd378_oc_35"/> that would be one way <pause dur="PT4S"/> should i put that one down<c function="rise" type="intonation"/><pause/> or<c function="rise" type="intonation"/></u>
            <u who="#POwgd378_S12" xml:id="POwgd378_u_118"> yes i think yes <pause dur="PT2S"/></u>
            <u who="#POwgd378_S3" xml:id="POwgd378_u_119"> hh er<c type="lengthening"/><anchor synch="#POwgd378_oc_37" type="other_continuation" xml:id="POwgd378_oc_36"/></u>
            <u who="#POwgd378_S12" xml:id="POwgd378_u_120"><anchor synch="#POwgd378_oc_36" type="other_continuation" xml:id="POwgd378_oc_37"/> the way of reaching <voice:pvc> informations </voice:pvc><pause dur="PT6S"/><incident dur="PT6S" voice:desc="S3 writes it down "/></u>
            <u who="#POwgd378_S3" xml:id="POwgd378_u_121"> ah it feels like we are in the some sort of a celebrity grouping <unclear> the thing with </unclear> the microphone <shift corresp="#POwgd378_s_32" feature="loud" new="p" xml:id="POwgd378_s_31"/><supplied reason="unintelligible"> xx </supplied><shift corresp="#POwgd378_s_31" feature="loud" new="neutral" xml:id="POwgd378_s_32"/></u>
            <u who="#POwgd378_S12" xml:id="POwgd378_u_122"><vocal subtype="wordstart" type="wordlike" voice:desc="laughing" voice:syl="3"/><pause/><shift corresp="#POwgd378_s_34" feature="loud" new="p" xml:id="POwgd378_s_33"/><unclear>  thank you </unclear><shift corresp="#POwgd378_s_33" feature="loud" new="neutral" xml:id="POwgd378_s_34"/><pause dur="PT4S"/> erm i think we are som<c type="lengthening"/>e we will see at the end when we present the <seg n="1" type="overlap" xml:id="POwgd378_ol_70"> results <vocal subtype="wordstart" type="wordlike" voice:desc="laughing" voice:syl="1"/></seg></u>
            <u who="#POwgd378_S7" xml:id="POwgd378_u_123"><seg n="1" synch="#POwgd378_ol_70" type="overlap" xml:id="POwgd378_ol_71"> yeah <shift corresp="#POwgd378_s_36" feature="voice" new="laugh" xml:id="POwgd378_s_35"/> okay <shift corresp="#POwgd378_s_35" feature="voice" new="neutral" xml:id="POwgd378_s_36"/></seg></u>
            <u who="#POwgd378_SS" xml:id="POwgd378_u_124"><vocal subtype="wordstart" type="wordlike" voice:desc="laughing" voice:syl="2"/><pause dur="PT3S"/></u>
            <u who="#POwgd378_S3" xml:id="POwgd378_u_125"> yeah that we should be a natural hearing <pause/> instance <pause dur="PT2S"/></u>
            <u who="#POwgd378_S12" xml:id="POwgd378_u_126"><emph> o</emph>kay yeah </u>
            <u who="#POwgd378_S3" xml:id="POwgd378_u_127"> i- i- <seg n="2" type="overlap" xml:id="POwgd378_ol_72"> if if we </seg><pause/></u>
            <u who="#POwgd378_S12" xml:id="POwgd378_u_128"><seg n="2" synch="#POwgd378_ol_72" type="overlap" xml:id="POwgd378_ol_73"> it sounds good </seg></u>
            <u who="#POwgd378_S3" xml:id="POwgd378_u_129"> yeah <pause/> yeah <pause/><shift corresp="#POwgd378_s_38" feature="loud" new="p" xml:id="POwgd378_s_37"/> yeah <shift corresp="#POwgd378_s_37" feature="loud" new="neutral" xml:id="POwgd378_s_38"/><pause dur="PT1S"/></u>
            <u who="#POwgd378_S1" xml:id="POwgd378_u_130"> can i ask you something<c function="rise" type="intonation"/> when you <seg n="3" type="overlap" xml:id="POwgd378_ol_74"> say </seg><emph> we </emph><pause/></u>
            <u who="#POwgd378_S12" xml:id="POwgd378_u_131"><seg n="3" synch="#POwgd378_ol_74" type="overlap" xml:id="POwgd378_ol_75"> yeah </seg></u>
            <u who="#POwgd378_S1" xml:id="POwgd378_u_132"> you mean <emph> who </emph></u>
            <u who="#POwgd378_S3" xml:id="POwgd378_u_133"><seg n="4" type="overlap" xml:id="POwgd378_ol_76"> er i i mean </seg></u>
            <u who="#POwgd378_S12" xml:id="POwgd378_u_134"><seg n="4" synch="#POwgd378_ol_76" type="overlap" xml:id="POwgd378_ol_77"><shift corresp="#POwgd378_s_40" feature="tempo" new="l" xml:id="POwgd378_s_39"/> the<c type="lengthening"/> youth <shift corresp="#POwgd378_s_39" feature="tempo" new="neutral" xml:id="POwgd378_s_40"/></seg><shift corresp="#POwgd378_s_42" feature="tempo" new="l" xml:id="POwgd378_s_41"/> organizations <shift corresp="#POwgd378_s_41" feature="tempo" new="neutral" xml:id="POwgd378_s_42"/> or at least <unclear> platforms </unclear> of youth organizations<c function="fall" type="intonation"/></u>
            <u who="#POwgd378_S1" xml:id="POwgd378_u_135"> so if i'm a government <pause/> or whatever <pause/> a<c type="lengthening"/>nd i<c type="lengthening"/> decide e<c type="lengthening"/>r <pause/> okay i will issue a law o<c type="lengthening"/>n youth employment<c function="fall" type="intonation"/><pause/> who should i call <pause dur="PT1S"/></u>
            <u who="#POwgd378_S3" xml:id="POwgd378_u_136"> hm <pause/><seg n="5" type="overlap" xml:id="POwgd378_ol_78"> or e<c type="lengthening"/>r not necessarily </seg><voice:track medium="1" num="03" type="md"/> call but erm <pause/></u>
            <u who="#POwgd378_S12" xml:id="POwgd378_u_137"><seg n="5" synch="#POwgd378_ol_78" type="overlap" xml:id="POwgd378_ol_79"><unclear> i think we </unclear> have additional <unclear> channels </unclear> to </seg></u>
            <u who="#POwgd378_S3" xml:id="POwgd378_u_138"> that e<c type="lengthening"/>r for example you issue a law on youth er employment<c function="fall" type="intonation"/> before the law is issued <pause/> er a draft is made and it's sent out to hearing right<c function="rise" type="intonation"/></u>
            <u who="#POwgd378_S1" xml:id="POwgd378_u_139"> mhm<c function="rise" type="intonation"/></u>
            <u who="#POwgd378_S3" xml:id="POwgd378_u_140"> a<c type="lengthening"/>nd instead of just sending it to you know the trade u<c type="lengthening"/>nions and the political parties et cetera<c function="rise" type="intonation"/> that <pause/> that you know just add a couple of more email <emph> a</emph>ddresses e<c type="lengthening"/>r before you send it out<c function="rise" type="intonation"/><seg n="6" type="overlap" xml:id="POwgd378_ol_80"> so that </seg> the youth organizations can take part and <pause/></u>
            <u who="#POwgd378_S1" xml:id="POwgd378_u_141"><seg n="6" synch="#POwgd378_ol_80" type="overlap" xml:id="POwgd378_ol_81"> mhm </seg></u>
            <u who="#POwgd378_S3" xml:id="POwgd378_u_142"> yeah i think that's a <pause/> that's a n<c type="lengthening"/>ice d- e<c type="lengthening"/>r demand because it doesn't cost anything<c function="fall" type="intonation"/><pause dur="PT1S"/><seg n="7" type="overlap" xml:id="POwgd378_ol_82"> i mean </seg></u>
            <u who="#POwgd378_S12" xml:id="POwgd378_u_143"><seg n="7" synch="#POwgd378_ol_82" type="overlap" xml:id="POwgd378_ol_83"> you think </seg> this is i kind of <supplied reason="unintelligible"> xx </supplied><seg n="1" type="overlap" xml:id="POwgd378_ol_84"><supplied reason="unintelligible"> xxx </supplied></seg></u>
            <u who="#POwgd378_S1" xml:id="POwgd378_u_144"><seg n="1" synch="#POwgd378_ol_84" type="overlap" xml:id="POwgd378_ol_85"><unclear> they cannot write </unclear></seg> like <unclear> going </unclear><supplied reason="unintelligible"> xx </supplied> to find <unclear> this </unclear> yeah<c function="rise" type="intonation"/></u>
            <u who="#POwgd378_S3" xml:id="POwgd378_u_145"> yeah <anchor synch="#POwgd378_oc_39" type="other_continuation" xml:id="POwgd378_oc_38"/></u>
            <u who="#POwgd378_S12" xml:id="POwgd378_u_146"><anchor synch="#POwgd378_oc_38" type="other_continuation" xml:id="POwgd378_oc_39"/> mhm<c function="rise" type="intonation"/><anchor synch="#POwgd378_oc_41" type="other_continuation" xml:id="POwgd378_oc_40"/></u>
            <u who="#POwgd378_S1" xml:id="POwgd378_u_147"><anchor synch="#POwgd378_oc_40" type="other_continuation" xml:id="POwgd378_oc_41"/> even <emph> be</emph>fore and even during </u>
            <u who="#POwgd378_S12" xml:id="POwgd378_u_148"> yeah <anchor synch="#POwgd378_oc_43" type="other_continuation" xml:id="POwgd378_oc_42"/></u>
            <u who="#POwgd378_S1" xml:id="POwgd378_u_149"><anchor synch="#POwgd378_oc_42" type="other_continuation" xml:id="POwgd378_oc_43"/> because <pause/> it's not always obvious huh<c function="rise" type="intonation"/><pause/> the <seg n="2" type="overlap" xml:id="POwgd378_ol_86"> government </seg> will say <pause dur="PT1S"/></u>
            <u who="#POwgd378_S3" xml:id="POwgd378_u_150"><seg n="2" synch="#POwgd378_ol_86" type="overlap" xml:id="POwgd378_ol_87"> isn't it<c function="rise" type="intonation"/></seg></u>
            <u who="#POwgd378_S1" xml:id="POwgd378_u_151"> er what if i just inform you in the <emph> end </emph> about the content </u>
            <u who="#POwgd378_S3" xml:id="POwgd378_u_152"> okay<c function="fall" type="intonation"/><seg n="3" type="overlap" xml:id="POwgd378_ol_88"> well er that er </seg></u>
            <u who="#POwgd378_S1" xml:id="POwgd378_u_153"><seg n="3" synch="#POwgd378_ol_88" type="overlap" xml:id="POwgd378_ol_89"> i <emph> was </emph> i </seg> answered their questions yeah<c function="rise" type="intonation"/> but if a <seg n="4" type="overlap" xml:id="POwgd378_ol_90"> ques</seg>tion is very<c type="lengthening"/><anchor synch="#POwgd378_oc_45" type="other_continuation" xml:id="POwgd378_oc_44"/></u>
            <u who="#POwgd378_S3" xml:id="POwgd378_u_154"><seg n="4" synch="#POwgd378_ol_90" type="overlap" xml:id="POwgd378_ol_91"> yeah </seg></u>
            <u who="#POwgd378_S12" xml:id="POwgd378_u_155"><anchor synch="#POwgd378_oc_44" type="other_continuation" xml:id="POwgd378_oc_45"/> mhm <anchor synch="#POwgd378_oc_47" type="other_continuation" xml:id="POwgd378_oc_46"/></u>
            <u who="#POwgd378_S1" xml:id="POwgd378_u_156"><anchor synch="#POwgd378_oc_46" type="other_continuation" xml:id="POwgd378_oc_47"/> precise </u>
            <u who="#POwgd378_S3" xml:id="POwgd378_u_157"> mhm </u>
            <u who="#POwgd378_S1" xml:id="POwgd378_u_158"><unclear> and i thought that </unclear><emph> be</emph>fore <supplied reason="unintelligible"> xx </supplied> that's true </u>
            <u who="#POwgd378_S3" xml:id="POwgd378_u_159"> hm <pause/></u>
            <u who="#POwgd378_S1" xml:id="POwgd378_u_160"> yeah </u>
            <u who="#POwgd378_S3" xml:id="POwgd378_u_161"> but the problem with this is that it's <pause dur="PT1S"/> i mean <pause/> it's very hard to to see when does it affect youth and when does it not because <pause dur="PT1S"/> e<c type="lengthening"/>r i mean e<c type="lengthening"/>r <pause/> there are so many laws passed that <pause/> e- <pause/> almost everyone  affect youth in a way way or another<c function="fall" type="intonation"/><pause/> and er if er every youth organization would receive everything <pause/> then you would just start s- you you would just stop reading<c function="fall" type="intonation"/><pause/> right<c function="rise" type="intonation"/> and just throw it in the<c type="lengthening"/> trash can<c function="fall" type="intonation"/><pause/> but <pause/><shift corresp="#POwgd378_s_44" feature="loud" new="p" xml:id="POwgd378_s_43"/> yeah <shift corresp="#POwgd378_s_43" feature="loud" new="neutral" xml:id="POwgd378_s_44"/><pause dur="PT2S"/> hm <pause dur="PT7S"/></u>
            <u who="#POwgd378_S12" xml:id="POwgd378_u_162"> so that will be<c type="lengthening"/><pause dur="PT3S"/> mo<c type="lengthening"/>re organization the network <pause dur="PT3S"/></u>
            <u who="#POwgd378_S3" xml:id="POwgd378_u_163"> so i write here that we should be a part of the process so that we don't just <seg n="5" type="overlap" xml:id="POwgd378_ol_92"> get the </seg> result but that we are a part of the process<c function="fall" type="intonation"/><pause/></u>
            <u who="#POwgd378_S12" xml:id="POwgd378_u_164"><seg n="5" synch="#POwgd378_ol_92" type="overlap" xml:id="POwgd378_ol_93"><emph> mhm </emph></seg></u>
            <u who="#POwgd378_S3" xml:id="POwgd378_u_165"> and <pause/> o- one way this could be<c type="lengthening"/><unclear> channelled </unclear> i mean <pause/> we all have a e<c type="lengthening"/>rm <pause/> in our e<c type="lengthening"/>rm <pause/> i mean there are a lot of national youth councils there<c function="rise" type="intonation"/><pause/> yeah <pause dur="PT1S"/> but er also the organizations that works <pause/> with the disadvantaged er youth they had like an umbrella organization<c function="rise" type="intonation"/><pause dur="PT1S"/> and <emph> they </emph> could receive <pause dur="PT1S"/><seg n="6" type="overlap" xml:id="POwgd378_ol_94"> you know<c function="rise" type="intonation"/></seg></u>
            <u who="#POwgd378_S12" xml:id="POwgd378_u_166"><seg n="6" synch="#POwgd378_ol_94" type="overlap" xml:id="POwgd378_ol_95"> yeah </seg> that's <seg n="7" type="overlap" xml:id="POwgd378_ol_96"> enough and then they<c type="lengthening"/></seg> spreading  </u>
            <u who="#POwgd378_S3" xml:id="POwgd378_u_167"><seg n="7" synch="#POwgd378_ol_96" type="overlap" xml:id="POwgd378_ol_97"> and and and then they could </seg></u>
            <u who="#POwgd378_S3" xml:id="POwgd378_u_168"> then </u>
            <u who="#POwgd378_S12" xml:id="POwgd378_u_169"> the <anchor synch="#POwgd378_oc_49" type="other_continuation" xml:id="POwgd378_oc_48"/></u>
            <u who="#POwgd378_S3" xml:id="POwgd378_u_170"><anchor synch="#POwgd378_oc_48" type="other_continuation" xml:id="POwgd378_oc_49"/><emph> oh </emph><seg n="8" type="overlap" xml:id="POwgd378_ol_98"><emph> this </emph></seg> is something this organization could help with<c function="fall" type="intonation"/> and we send it to them and you know <pause/></u>
            <u who="#POwgd378_S12" xml:id="POwgd378_u_171"><seg n="8" synch="#POwgd378_ol_98" type="overlap" xml:id="POwgd378_ol_99"> info </seg></u>
            <u who="#POwgd378_S12" xml:id="POwgd378_u_172"> a cooperation between different organizations<c function="rise" type="intonation"/> you want to say<c function="rise" type="intonation"/></u>
            <u who="#POwgd378_S3" xml:id="POwgd378_u_173"> no i mean e<c type="lengthening"/>rm <pause dur="PT1S"/> e<c type="lengthening"/>rm <pause dur="PT1S"/> let's say er<c type="lengthening"/><pause dur="PT1S"/> erm <pause dur="PT1S"/> erm let's say you are a organization  for example e<c type="lengthening"/>rm a <supplied reason="unintelligible"> xx </supplied> movement or whatever it's called<c function="fall" type="intonation"/><pause dur="PT2S"/><seg n="9" type="overlap" xml:id="POwgd378_ol_100"> you know<c function="rise" type="intonation"/> o</seg>kay e<c type="lengthening"/>r you're an you're an organization in <emph> your </emph> town<c function="rise" type="intonation"/><pause/></u>
            <u who="#POwgd378_S12" xml:id="POwgd378_u_174"><seg n="9" synch="#POwgd378_ol_100" type="overlap" xml:id="POwgd378_ol_101"> n<c type="lengthening"/>- no </seg></u>
            <u who="#POwgd378_S3" xml:id="POwgd378_u_175"> you are working with disadvantaged youth<c function="fall" type="intonation"/><pause/> right<c function="rise" type="intonation"/><anchor synch="#POwgd378_oc_51" type="other_continuation" xml:id="POwgd378_oc_50"/></u>
            <u who="#POwgd378_S12" xml:id="POwgd378_u_176"><anchor synch="#POwgd378_oc_50" type="other_continuation" xml:id="POwgd378_oc_51"/> let's say m<seg n="1" type="overlap" xml:id="POwgd378_ol_102">hm<c function="rise" type="intonation"/></seg></u>
            <u who="#POwgd378_S3" xml:id="POwgd378_u_177"><seg n="1" synch="#POwgd378_ol_102" type="overlap" xml:id="POwgd378_ol_103"> yeah </seg><pause/> er i mean you are a small organization in this little town<c function="rise" type="intonation"/><pause/> all right<c function="rise" type="intonation"/><pause/> but you have <pause/> above you <pause/> an umbrella organization <anchor synch="#POwgd378_oc_53" type="other_continuation" xml:id="POwgd378_oc_52"/></u>
            <u who="#POwgd378_S12" xml:id="POwgd378_u_178"><anchor synch="#POwgd378_oc_52" type="other_continuation" xml:id="POwgd378_oc_53"/><emph> yeah </emph> o<seg n="2" type="overlap" xml:id="POwgd378_ol_104">kay </seg></u>
            <u who="#POwgd378_S3" xml:id="POwgd378_u_179"><seg n="2" synch="#POwgd378_ol_104" type="overlap" xml:id="POwgd378_ol_105"> a </seg> lot of times right<c function="rise" type="intonation"/><pause/></u>
            <u who="#POwgd378_S3" xml:id="POwgd378_u_180"> that er that er gathers all the<c type="lengthening"/> small <anchor synch="#POwgd378_oc_55" type="other_continuation" xml:id="POwgd378_oc_54"/></u>
            <u who="#POwgd378_S12" xml:id="POwgd378_u_181"><anchor synch="#POwgd378_oc_54" type="other_continuation" xml:id="POwgd378_oc_55"/> small </u>
            <u who="#POwgd378_S3" xml:id="POwgd378_u_182"> yeah <anchor synch="#POwgd378_oc_57" type="other_continuation" xml:id="POwgd378_oc_56"/></u>
            <u who="#POwgd378_S12" xml:id="POwgd378_u_183"><anchor synch="#POwgd378_oc_56" type="other_continuation" xml:id="POwgd378_oc_57"/> organi<seg n="3" type="overlap" xml:id="POwgd378_ol_106">zations </seg></u>
            <u who="#POwgd378_S3" xml:id="POwgd378_u_184"><seg n="3" synch="#POwgd378_ol_106" type="overlap" xml:id="POwgd378_ol_107"> but works </seg> with er disad<seg n="4" type="overlap" xml:id="POwgd378_ol_108">vantaged youth </seg></u>
            <u who="#POwgd378_S12" xml:id="POwgd378_u_185"><seg n="4" synch="#POwgd378_ol_108" type="overlap" xml:id="POwgd378_ol_109"> dealing the s- </seg> the same topic <voice:track medium="1" num="04" type="md"/></u>
            <u who="#POwgd378_S3" xml:id="POwgd378_u_186"><shift corresp="#POwgd378_s_46" feature="tempo" new="a" xml:id="POwgd378_s_45"/> yeah <shift corresp="#POwgd378_s_45" feature="tempo" new="neutral" xml:id="POwgd378_s_46"/> and <emph> this </emph> organization is very often <pause/> a part of a larger one <pause/> which has <pause/> all organizations that deals  with children <pause/> and young people<c function="fall" type="intonation"/><pause dur="PT1S"/></u>
            <u who="#POwgd378_S12" xml:id="POwgd378_u_187"> hm<c function="rise" type="intonation"/></u>
            <u who="#POwgd378_S3" xml:id="POwgd378_u_188"> or at least that's how it works <pause/> in <seg n="5" type="overlap" xml:id="POwgd378_ol_110"> e<c type="lengthening"/>r </seg></u>
            <u who="#POwgd378_S12" xml:id="POwgd378_u_189"><seg n="5" synch="#POwgd378_ol_110" type="overlap" xml:id="POwgd378_ol_111"> in </seg> norway<c function="fall" type="intonation"/><pause/></u>
            <u who="#POwgd378_S3" xml:id="POwgd378_u_190"> norway<c function="fall" type="intonation"/> it's you know a lot <seg n="6" type="overlap" xml:id="POwgd378_ol_112"> of </seg></u>
            <u who="#POwgd378_S12" xml:id="POwgd378_u_191"><seg n="6" synch="#POwgd378_ol_112" type="overlap" xml:id="POwgd378_ol_113"><emph> o</emph>kay </seg><pause/> i understand the system you're trying to explain<c function="fall" type="intonation"/> so <pause/> in that case<c function="rise" type="intonation"/><pause dur="PT1S"/> that the largest organization <pause/> dealing with <pause dur="PT1S"/> children in general<c function="rise" type="intonation"/><pause/> is <seg n="7" type="overlap" xml:id="POwgd378_ol_114"> re</seg>ceiving the info<c function="rise" type="intonation"/> and then they are spreading to the organizations for disability <supplied reason="unintelligible"> xx </supplied> for the organizations for <shift corresp="#POwgd378_s_48" feature="tempo" new="a" xml:id="POwgd378_s_47"/> blah blah blah<c function="rise" type="intonation"/><shift corresp="#POwgd378_s_47" feature="tempo" new="neutral" xml:id="POwgd378_s_48"/></u>
            <u who="#POwgd378_S3" xml:id="POwgd378_u_192"><seg n="7" synch="#POwgd378_ol_114" type="overlap" xml:id="POwgd378_ol_115"> hm </seg></u>
            <u who="#POwgd378_S3" xml:id="POwgd378_u_193"> yeah <pause/></u>
            <u who="#POwgd378_S12" xml:id="POwgd378_u_194"> so <seg n="8" type="overlap" xml:id="POwgd378_ol_116"> it's like </seg> top bottom <pause/></u>
            <u who="#POwgd378_S3" xml:id="POwgd378_u_195"><seg n="8" synch="#POwgd378_ol_116" type="overlap" xml:id="POwgd378_ol_117"> for example </seg></u>
            <u who="#POwgd378_S12" xml:id="POwgd378_u_196"> approach <anchor synch="#POwgd378_oc_59" type="other_continuation" xml:id="POwgd378_oc_58"/></u>
            <u who="#POwgd378_S3" xml:id="POwgd378_u_197"><anchor synch="#POwgd378_oc_58" type="other_continuation" xml:id="POwgd378_oc_59"/> yeah <pause/></u>
            <u who="#POwgd378_S12" xml:id="POwgd378_u_198"> okay <pause/></u>
            <u who="#POwgd378_S3" xml:id="POwgd378_u_199"> an<c type="lengthening"/>d of course <pause/><emph> if </emph> you want to <pause/> you can have a bottom top approach i mean if you in your <seg n="9" type="overlap" xml:id="POwgd378_ol_118"> little </seg> town decide <pause/></u>
            <u who="#POwgd378_S12" xml:id="POwgd378_u_200"><seg n="9" synch="#POwgd378_ol_118" type="overlap" xml:id="POwgd378_ol_119"> mhm </seg></u>
            <u who="#POwgd378_S3" xml:id="POwgd378_u_201"> okay i wanna <pause dur="PT1S"/> receive all the information then you can just you know log onto a website for example and<c function="rise" type="intonation"/><pause/> yeah <pause/></u>
            <u who="#POwgd378_S12" xml:id="POwgd378_u_202"> yeah<c function="fall" type="intonation"/><anchor synch="#POwgd378_oc_61" type="other_continuation" xml:id="POwgd378_oc_60"/></u>
            <u who="#POwgd378_S7" xml:id="POwgd378_u_203"><anchor synch="#POwgd378_oc_60" type="other_continuation" xml:id="POwgd378_oc_61"/> mhm <anchor synch="#POwgd378_oc_63" type="other_continuation" xml:id="POwgd378_oc_62"/></u>
            <u who="#POwgd378_S12" xml:id="POwgd378_u_204"><anchor synch="#POwgd378_oc_62" type="other_continuation" xml:id="POwgd378_oc_63"/> yeah in that in that way it it asks  a little bit more involvement of the<c type="lengthening"/> erm <pause/> erm <pause dur="PT1S"/> persons but e<c type="lengthening"/>rm <pause dur="PT1S"/> when we are talking about e<c type="lengthening"/>rm <pause/> connections<c function="rise" type="intonation"/> between e<c type="lengthening"/>rm <pause/> institutions or decision makers and <seg n="1" type="overlap" xml:id="POwgd378_ol_120"> the </seg> organizations in general<c function="rise" type="intonation"/><pause/></u>
            <u who="#POwgd378_S3" xml:id="POwgd378_u_205"><seg n="1" synch="#POwgd378_ol_120" type="overlap" xml:id="POwgd378_ol_121"> hm </seg></u>
            <u who="#POwgd378_S12" xml:id="POwgd378_u_206"> i think that the<c type="lengthening"/><pause/> top bottom approach is better<c function="fall" type="intonation"/><pause dur="PT1S"/></u>
            <u who="#POwgd378_S3" xml:id="POwgd378_u_207"> yeah <pause dur="PT1S"/><seg n="2" type="overlap" xml:id="POwgd378_ol_122"> mhm<c function="rise" type="intonation"/></seg></u>
            <u who="#POwgd378_S12" xml:id="POwgd378_u_208"><seg n="2" synch="#POwgd378_ol_122" type="overlap" xml:id="POwgd378_ol_123"> mhm </seg><pause dur="PT4S"/> but <emph> then </emph> we have also <emph> in</emph>side the network<c function="rise" type="intonation"/><pause dur="PT1S"/><emph> in</emph>side the  organization we're also u- using that <pause/> approach<c function="rise" type="intonation"/><pause dur="PT1S"/> e<c type="lengthening"/>r so the the main body<c function="rise" type="intonation"/> the core <pause/> team <pause/> is receiving the info<c function="rise" type="intonation"/><pause dur="PT1S"/> and they're giving it to the<c type="lengthening"/><pause dur="PT1S"/> spreading through the through the network </u>
            <u who="#POwgd378_S3" xml:id="POwgd378_u_209"> but <shift corresp="#POwgd378_s_50" feature="tempo" new="a" xml:id="POwgd378_s_49"/> but i <shift corresp="#POwgd378_s_49" feature="tempo" new="neutral" xml:id="POwgd378_s_50"/> think e<c type="lengthening"/>rm <pause dur="PT2S"/> e<c type="lengthening"/>rm<c type="lengthening"/><pause dur="PT1S"/> i mean that the people <pause/><shift corresp="#POwgd378_s_52" feature="tempo" new="l" xml:id="POwgd378_s_51"/> are working with drafting <shift corresp="#POwgd378_s_51" feature="tempo" new="neutral" xml:id="POwgd378_s_52"/> if it's a law or a policy<c function="rise" type="intonation"/></u>
            <u who="#POwgd378_S12" xml:id="POwgd378_u_210"> mhm<c function="rise" type="intonation"/><pause/></u>
            <u who="#POwgd378_S3" xml:id="POwgd378_u_211"> i mean<c type="lengthening"/> they<c type="lengthening"/><pause dur="PT1S"/> er <shift corresp="#POwgd378_s_54" feature="tempo" new="l" xml:id="POwgd378_s_53"/> they should be able to think <shift corresp="#POwgd378_s_53" feature="tempo" new="neutral" xml:id="POwgd378_s_54"/><pause/> who will this law affect<c function="fall" type="intonation"/><pause dur="PT1S"/></u>
            <u who="#POwgd378_S12" xml:id="POwgd378_u_212"> yeah <pause/></u>
            <u who="#POwgd378_S3" xml:id="POwgd378_u_213"> i mean they should be that smart and be able to do that <pause/> er i know they are politicians but you know perhaps they are able <seg n="3" type="overlap" xml:id="POwgd378_ol_124"> to do </seg> it and <pause/></u>
            <u who="#POwgd378_S12" xml:id="POwgd378_u_214"><seg n="3" synch="#POwgd378_ol_124" type="overlap" xml:id="POwgd378_ol_125"><vocal subtype="wordstart" type="wordlike" voice:desc="laughing" voice:syl="2"/></seg></u>
            <u who="#POwgd378_S3" xml:id="POwgd378_u_215"> e<c type="lengthening"/>rm <pause dur="PT1S"/> and that er you know that could be a e<c type="lengthening"/>rm<c type="lengthening"/> n- not necessarily a demand but something we say that you should think about this<c function="fall" type="intonation"/><pause/></u>
            <u who="#POwgd378_S12" xml:id="POwgd378_u_216"> mhm<c function="rise" type="intonation"/><pause dur="PT1S"/><seg n="4" type="overlap" xml:id="POwgd378_ol_126"> yeah </seg> of course </u>
            <u who="#POwgd378_S3" xml:id="POwgd378_u_217"><seg n="4" synch="#POwgd378_ol_126" type="overlap" xml:id="POwgd378_ol_127"> and </seg></u>
            <u who="#POwgd378_S3" xml:id="POwgd378_u_218"> and that e<c type="lengthening"/>r yeah <pause dur="PT1S"/> but i e<c type="lengthening"/>rm <pause dur="PT2S"/> i mean a <pause/> a larger organization who  has enough money to <pause/> employ people full time to do lobbying <pause/> doesn't have this problem but <vocal subtype="wordstart" type="wordlike" voice:desc="laughing" voice:syl="2"/><pause/> i mean <pause/> e<c type="lengthening"/>r people who work with disadvantaged youth that's not their job <pause/> so it's about you know <pause/> the administration in the government making it easier <pause/> to participate <pause/> in a way </u>
            <u who="#POwgd378_S12" xml:id="POwgd378_u_219"><shift corresp="#POwgd378_s_56" feature="tempo" new="a" xml:id="POwgd378_s_55"/> mhm mhm <shift corresp="#POwgd378_s_55" feature="tempo" new="neutral" xml:id="POwgd378_s_56"/><pause dur="PT4S"/> you have something to add<c function="rise" type="intonation"/><pause/></u>
            <u who="#POwgd378_S7" xml:id="POwgd378_u_220"> not at the moment<c function="fall" type="intonation"/><pause dur="PT1S"/> for me it's right<c function="fall" type="intonation"/><pause/></u>
            <u who="#POwgd378_S12" xml:id="POwgd378_u_221"> yeah it's <pause/> it's great <voice:track medium="1" num="05" type="md"/><pause dur="PT10S"/></u>
            <u who="#POwgd378_S3" xml:id="POwgd378_u_222"> and but <unclear> or </unclear> do you have any other arguments <pause/><emph> why </emph> we should be a part of the process er <emph> other </emph> than that we are a bridge <pause/> between the people that laws are affecting and <pause/> the politicians </u>
            <u who="#POwgd378_S12" xml:id="POwgd378_u_223"><seg n="5" type="overlap" xml:id="POwgd378_ol_128"> yeah <emph> exact</emph></seg><emph>ly </emph></u>
            <u who="#POwgd378_S7" xml:id="POwgd378_u_224"><seg n="5" synch="#POwgd378_ol_128" type="overlap" xml:id="POwgd378_ol_129"> yeah to to </seg></u>
            <u who="#POwgd378_S7" xml:id="POwgd378_u_225"> er to state <unclear> that's all intern </unclear><pause dur="PT1S"/> it's <pause dur="PT1S"/> because you <pause dur="PT1S"/> you can <pause/> be a bridge <pause/> between <seg n="6" type="overlap" xml:id="POwgd378_ol_130"> the<c type="lengthening"/></seg> authorities and the<c type="lengthening"/> and the youth </u>
            <u who="#POwgd378_S3" xml:id="POwgd378_u_226"><seg n="6" synch="#POwgd378_ol_130" type="overlap" xml:id="POwgd378_ol_131"> mhm </seg></u>
            <u who="#POwgd378_S3" xml:id="POwgd378_u_227"> mhm <anchor synch="#POwgd378_oc_65" type="other_continuation" xml:id="POwgd378_oc_64"/></u>
            <u who="#POwgd378_S7" xml:id="POwgd378_u_228"><anchor synch="#POwgd378_oc_64" type="other_continuation" xml:id="POwgd378_oc_65"/> you <emph> must </emph><pause/> be a part of the pro<seg n="7" type="overlap" xml:id="POwgd378_ol_132">cess </seg></u>
            <u who="#POwgd378_S3" xml:id="POwgd378_u_229"><seg n="7" synch="#POwgd378_ol_132" type="overlap" xml:id="POwgd378_ol_133"> yeah </seg><pause/></u>
            <u who="#POwgd378_S12" xml:id="POwgd378_u_230"> yeah that's true <pause/> and <emph> why </emph><c function="rise" type="intonation"/> because it's directly affecting <emph> us </emph> as a<c type="lengthening"/><pause dur="PT1S"/> youth<c function="fall" type="intonation"/> of the country or <pause dur="PT1S"/><shift corresp="#POwgd378_s_58" feature="loud" new="p" xml:id="POwgd378_s_57"/> well <shift corresp="#POwgd378_s_57" feature="loud" new="neutral" xml:id="POwgd378_s_58"/><pause dur="PT1S"/><shift corresp="#POwgd378_s_60" feature="loud" new="p" xml:id="POwgd378_s_59"/> you know <shift corresp="#POwgd378_s_59" feature="loud" new="neutral" xml:id="POwgd378_s_60"/><anchor synch="#POwgd378_oc_67" type="other_continuation" xml:id="POwgd378_oc_66"/></u>
            <u who="#POwgd378_S3" xml:id="POwgd378_u_231"><anchor synch="#POwgd378_oc_66" type="other_continuation" xml:id="POwgd378_oc_67"/> yeah e<c type="lengthening"/>rm <anchor synch="#POwgd378_oc_69" type="other_continuation" xml:id="POwgd378_oc_68"/></u>
            <u who="#POwgd378_S12" xml:id="POwgd378_u_232"><anchor synch="#POwgd378_oc_68" type="other_continuation" xml:id="POwgd378_oc_69"/> it's kind of a nonsense that we have these decis- decision makers they <pause dur="PT1S"/> make a decision <vocal subtype="wordstart" type="wordlike" voice:desc="laughing" voice:syl="1"/><pause/></u>
            <u who="#POwgd378_S7" xml:id="POwgd378_u_233"> without <anchor synch="#POwgd378_oc_71" type="other_continuation" xml:id="POwgd378_oc_70"/></u>
            <u who="#POwgd378_S12" xml:id="POwgd378_u_234"><anchor synch="#POwgd378_oc_70" type="other_continuation" xml:id="POwgd378_oc_71"/> and that's it </u>
            <u who="#POwgd378_S7" xml:id="POwgd378_u_235"> yeah <anchor synch="#POwgd378_oc_73" type="other_continuation" xml:id="POwgd378_oc_72"/></u>
            <u who="#POwgd378_S12" xml:id="POwgd378_u_236"><anchor synch="#POwgd378_oc_72" type="other_continuation" xml:id="POwgd378_oc_73"/> without the feedback <pause/> the feedback is very important because affecting us <pause dur="PT18S"/></u>
            <u who="#POwgd378_S3" xml:id="POwgd378_u_237"> the decision makers should always consult the people <pause dur="PT1S"/> their <vocal subtype="wordstart" type="wordlike" voice:desc="laughing" voice:syl="1"/> decisions are affecting <pause dur="PT1S"/></u>
            <u who="#POwgd378_S12" xml:id="POwgd378_u_238"> y- yeah <pause dur="PT2S"/> or just make it short that er the feedback is e<c type="lengthening"/>r hh <pause dur="PT2S"/><shift corresp="#POwgd378_s_62" feature="voice" new="whisp" xml:id="POwgd378_s_61"/> how to say <shift corresp="#POwgd378_s_61" feature="voice" new="neutral" xml:id="POwgd378_s_62"/><pause dur="PT1S"/></u>
            <u who="#POwgd378_S7" xml:id="POwgd378_u_239"> at least consult the organiza<seg n="1" type="overlap" xml:id="POwgd378_ol_134">tions </seg></u>
            <u who="#POwgd378_S3" xml:id="POwgd378_u_240"><seg n="1" synch="#POwgd378_ol_134" type="overlap" xml:id="POwgd378_ol_135"> that it </seg> must be <pause/> in a process <pause/></u>
            <u who="#POwgd378_S7" xml:id="POwgd378_u_241"> mhm </u>
            <u who="#POwgd378_S12" xml:id="POwgd378_u_242"> that <pause dur="PT1S"/> means the obli<emph>ga</emph>tory <pause/> that's it <pause/></u>
            <u who="#POwgd378_S3" xml:id="POwgd378_u_243"> yeah <pause dur="PT14S"/> and i mean they <emph> do </emph> this in almost all other areas when they are making a policy or a <seg n="2" type="overlap" xml:id="POwgd378_ol_136"> law </seg> i mean <pause/></u>
            <u who="#POwgd378_S12" xml:id="POwgd378_u_244"><seg n="2" synch="#POwgd378_ol_136" type="overlap" xml:id="POwgd378_ol_137"> yes </seg></u>
            <u who="#POwgd378_S3" xml:id="POwgd378_u_245"> if you are making a law you make sure that e<c type="lengthening"/>rm <pause dur="PT1S"/> you know that people who work <pause/> with <pause/> lawye<c type="lengthening"/>rs and law firms and you know </u>
            <u who="#POwgd378_S12" xml:id="POwgd378_u_246"> mhm <anchor synch="#POwgd378_oc_75" type="other_continuation" xml:id="POwgd378_oc_74"/></u>
            <u who="#POwgd378_S3" xml:id="POwgd378_u_247"><anchor synch="#POwgd378_oc_74" type="other_continuation" xml:id="POwgd378_oc_75"/> their organizations are <emph> always </emph> consulted <pause/> and academia is consulted a<c type="lengthening"/>nd if you <pause/> if you er make a <shift corresp="#POwgd378_s_64" feature="tempo" new="l" xml:id="POwgd378_s_63"/> law about <shift corresp="#POwgd378_s_63" feature="tempo" new="neutral" xml:id="POwgd378_s_64"/> i don't know whatever transport i mean <pause/> you consult <pause/></u>
            <u who="#POwgd378_S12" xml:id="POwgd378_u_248"> the <seg n="3" type="overlap" xml:id="POwgd378_ol_138"> logis</seg>tical  </u>
            <u who="#POwgd378_S3" xml:id="POwgd378_u_249"><seg n="3" synch="#POwgd378_ol_138" type="overlap" xml:id="POwgd378_ol_139"> the m- </seg></u>
            <u who="#POwgd378_S3" xml:id="POwgd378_u_250"> yeah the companies that work with it<c function="rise" type="intonation"/> and<c function="rise" type="intonation"/><pause/> it should be the same about the people <pause dur="PT1S"/></u>
            <u who="#POwgd378_S12" xml:id="POwgd378_u_251"> yeah of course especially the youth because </u>
            <u who="#POwgd378_S3" xml:id="POwgd378_u_252"> mhm </u>
            <u who="#POwgd378_S12" xml:id="POwgd378_u_253"> i mean<c type="lengthening"/> t- <pause dur="PT1S"/> the<c type="lengthening"/> f<c type="lengthening"/>uture <pause/> of the country <shift corresp="#POwgd378_s_66" feature="voice" new="laugh" xml:id="POwgd378_s_65"/> i mean <shift corresp="#POwgd378_s_65" feature="voice" new="neutral" xml:id="POwgd378_s_66"/><vocal subtype="wordstart" type="wordlike" voice:desc="laughing" voice:syl="2"/><pause/><seg n="4" type="overlap" xml:id="POwgd378_ol_140"> the </seg> future decision <shift corresp="#POwgd378_s_68" feature="voice" new="laugh" xml:id="POwgd378_s_67"/> makers or <shift corresp="#POwgd378_s_67" feature="voice" new="neutral" xml:id="POwgd378_s_68"/><pause dur="PT3S"/></u>
            <u who="#POwgd378_S3" xml:id="POwgd378_u_254"><seg n="4" synch="#POwgd378_ol_140" type="overlap" xml:id="POwgd378_ol_141"> hm </seg></u>
            <u who="#POwgd378_S12" xml:id="POwgd378_u_255"> cos m- <pause/> i mean<c type="lengthening"/><pause/> when we say youth we are thinking also of in<c type="lengthening"/><pause/> on the<c type="lengthening"/><pause/> really young young people <pause/> who are maybe not always able to<c type="lengthening"/> er make a decision but for sure <pause/> their voice is precious because we want to <pause/> hear them to<c type="lengthening"/> how they are thinking and <pause/> e<c type="lengthening"/>rm their <pause dur="PT2S"/> and their opinions of <voice:track medium="1" num="06" type="md"/> the current situation i mean <pause dur="PT1S"/> yeah the feedback is not always e<c type="lengthening"/>rm<c type="lengthening"/><pause dur="PT1S"/> how to say <pause dur="PT2S"/> hm<c type="lengthening"/></u>
            <u who="#POwgd378_S8" xml:id="POwgd378_u_256"><voice:to who="#POwgd378_SS"> okay <pause/> let's get back in the whole group<c function="rise" type="intonation"/><pause dur="PT1S"/> just <emph> stop </emph> where you are right now and then <pause/> present <pause dur="PT1S"/> what you have<c function="rise" type="intonation"/> so far </voice:to><anchor synch="#POwgd378_oc_77" type="other_continuation" xml:id="POwgd378_oc_76"/></u>
            <u who="#POwgd378_S3" xml:id="POwgd378_u_257"><anchor synch="#POwgd378_oc_76" type="other_continuation" xml:id="POwgd378_oc_77"/><shift corresp="#POwgd378_s_70" feature="loud" new="p" xml:id="POwgd378_s_69"/> okay what if i say <pause/> that they should keep in mind <pause/> that youth organizations <pause/> a lot of youth <emph> most </emph> youth organizations are <emph> not </emph> political<c function="rise" type="intonation"/><shift corresp="#POwgd378_s_69" feature="loud" new="neutral" xml:id="POwgd378_s_70"/></u>
            <u who="#POwgd378_S12" xml:id="POwgd378_u_258"> mhm<c function="rise" type="intonation"/><anchor synch="#POwgd378_oc_79" type="other_continuation" xml:id="POwgd378_oc_78"/></u>
            <u who="#POwgd378_S3" xml:id="POwgd378_u_259"><anchor synch="#POwgd378_oc_78" type="other_continuation" xml:id="POwgd378_oc_79"/> a<c type="lengthening"/>nd <pause/> e<c type="lengthening"/>rm <pause dur="PT1S"/> and their job <pause/> is <emph> not </emph> to be lobbyists all the time and that <pause/> the administration should make <pause/> should strive to make it <emph> easier </emph> for them to participate because they have to remember that <pause dur="PT1S"/> they <emph> aren't </emph> politicians<c function="fall" type="intonation"/><pause dur="PT2S"/> sort of if you under<seg n="5" type="overlap" xml:id="POwgd378_ol_142">stand what i mean </seg></u>
            <u who="#POwgd378_S12" xml:id="POwgd378_u_260"><seg n="5" synch="#POwgd378_ol_142" type="overlap" xml:id="POwgd378_ol_143"> okay <supplied reason="unintelligible"> xxx </supplied></seg><vocal subtype="wordstart" type="wordlike" voice:desc="laughing" voice:syl="1"/><pause/></u>
            <u who="#POwgd378_S3" xml:id="POwgd378_u_261"> yeah <pause/></u>
            <u who="#POwgd378_S12" xml:id="POwgd378_u_262"> yeah i understand but that's er only<c type="lengthening"/> a theoretical story <pause dur="PT1S"/><seg n="6" type="overlap" xml:id="POwgd378_ol_144"> i </seg> think that organization  can't exist or successfully work without lobbying<c function="fall" type="intonation"/><pause/></u>
            <u who="#POwgd378_S3" xml:id="POwgd378_u_263"><seg n="6" synch="#POwgd378_ol_144" type="overlap" xml:id="POwgd378_ol_145"> well </seg></u>
            <u who="#POwgd378_S8" xml:id="POwgd378_u_264"><voice:to who="#POwgd378_SS"> okay can <seg n="7" type="overlap" xml:id="POwgd378_ol_146"> we invite the public authorities </seg> as <seg n="1" type="overlap" xml:id="POwgd378_ol_147"> well to </seg> come back </voice:to></u>
            <u who="#POwgd378_S3" xml:id="POwgd378_u_265"><seg n="7" synch="#POwgd378_ol_146" type="overlap" xml:id="POwgd378_ol_148"> yeah i know but it has to be </seg></u>
            <u who="#POwgd378_S3" xml:id="POwgd378_u_266"><seg n="1" synch="#POwgd378_ol_147" type="overlap" xml:id="POwgd378_ol_149"><emph> easier </emph></seg></u>
            <u who="#POwgd378_S3" xml:id="POwgd378_u_267"> to lobby <anchor synch="#POwgd378_oc_81" type="other_continuation" xml:id="POwgd378_oc_80"/></u>
            <u who="#POwgd378_S12" xml:id="POwgd378_u_268"><anchor synch="#POwgd378_oc_80" type="other_continuation" xml:id="POwgd378_oc_81"/> aha <pause/> okay yeah <shift corresp="#POwgd378_s_72" feature="tempo" new="a" xml:id="POwgd378_s_71"/> yeah yeah yeah <shift corresp="#POwgd378_s_71" feature="tempo" new="neutral" xml:id="POwgd378_s_72"/></u>
         </div>
      </body>
   </text>
</TEI>