<TEI xmlns="http://www.tei-c.org/ns/1.0" xmlns:voice="http://www.univie.ac.at/voice/ns/1.0" xmlns:xi="http://www.w3.org/2001/XInclude" version="5" xml:id="POwsd379" xml:lang="eng">
   <teiHeader>
      <fileDesc>
         <titleStmt>
            <title>workshop discussion about outcomes of discussions in subgroups</title>
            <principal>Prof. Barbara Seidlhofer</principal>
            <editor/>
            <funder>Austrian Science Foundation (FWF)</funder>
            <sponsor/>
            <respStmt>
               <resp>Corpus Compilation</resp>
               <orgName>VOICE Project</orgName>
               <persName>Barbara Seidlhofer</persName>
               <persName>Angelika Breiteneder</persName>
               <persName>Marie-Luise Pitzl</persName>
               <persName>Stefan Majewski</persName>
               <persName>Theresa Klimpfinger</persName>
            </respStmt>
         </titleStmt>
         <editionStmt>
		<edition>Version 1.0 XML, <date>May 2011</date></edition>
	  <respStmt>
		<resp>Researchers</resp>
		<name>Barbara Seidlhofer</name> 		
		<name>Angelika Breiteneder</name> 
		<name>Theresa Klimpfinger</name> 
		<name>Stefan Majewski</name> 
		<name>Marie-Luise Pitzl</name> 
	  </respStmt>
	</editionStmt>
         <publicationStmt>
		<publisher>Barbara Seidlhofer, Stefan Majewski, Marie-Luise Pitzl</publisher> 
	  <distributor>VOICE Project, University of Vienna, Austria</distributor> 
	  <address>
		<addrLine>Spitalgasse 2, AAKH Hof 8</addrLine> 
		<addrLine>1090 Vienna</addrLine> 
		<addrLine>Austria</addrLine> 
		<addrLine>Telephone: +43 1 427742446</addrLine> 
	  	<addrLine>Email: voice@univie.ac.at</addrLine> 
		<addrLine>Website: http://www.univie.ac.at/voice</addrLine> 
	  </address>
	  <availability status="free">
	  	<p>
		  The Vienna-Oxford International Corpus of English (VOICE)
		  was created by Barbara Seidlhofer (project director) and
		  Angelika Breiteneder, Theresa Klimpfinger, Stefan Majewski,
		  Marie-Luise Pitzl (project researchers). VOICE 1.0 XML is
		  available for download at the VOICE Project's website <ref target="http://www.univie.ac.at/voice/">http://www.univie.ac.at/voice/</ref>
		  under a Creative Commons
		  Attribution-NonCommercial-ShareAlike 3.0 Unported (CC
		  BY-NC-SA 3.0) License (<ref target="http://creativecommons.org/licenses/by-nc-sa/3.0/">
		  http://creativecommons.org/licenses/by-nc-sa/3.0/
		  </ref>). The original audio files are held at the Department
		  of English, University of Vienna. 23 selected audio files
		  are available as audio streams in the VOICE Online interface
		  at the VOICE Project's website <ref target="http://www.univie.ac.at/voice">http://www.univie.ac.at/voice</ref>.
		</p>
		<p>
		The recommended citation for VOICE 1.0 XML is:
		</p>
		<p>
		<bibl><title>VOICE</title>. <date>2011</date>. <title level="m">The Vienna-Oxford International Corpus of
		English</title> (<edition>version 1.0
		XML</edition>). Director: Barbara Seidlhofer; Researchers:
		Angelika Breiteneder, Theresa Klimpfinger, Stefan Majewski,
		Marie-Luise Pitzl.</bibl>
		</p>
		<p>The short citation for VOICE 1.0 XML is:
		</p>
		<p>
		<bibl><title>VOICE</title>. <date>2011</date>. <title level="m">The Vienna-Oxford International Corpus of
		English</title> (<edition>version 1.0
		XML</edition>).</bibl></p>
		<p>
		  For further information about availability and copyright
		  permissions, please see the README file included in the
		  download package. For further enquiries please contact the
		  VOICE Project at <ref target="mailto:voice@univie.ac.at">voice@univie.ac.at</ref>.
		</p>
	  </availability>
	</publicationStmt>
         <notesStmt>
            <note xml:id="POwsd379_wc">Words: 1331</note>
            <note xml:id="POwsd379_tn_0">This workshop discussion deals with issues related to youth and the labor market. In the previous session all members of this workshop were divided in smaller subgroups to discuss matters in greater detail. They now come together to summarize and inform the others of the results of their subgroups. Participants are acquainted, as this is the second day of the conference. S8 chairs the discussion, all other speakers are participants. </note>
         </notesStmt>
         <sourceDesc>
            <recordingStmt>
               <recording dur="PT00H11M02S" type="audio">
                  <date>2006-06-03</date>
                  <equipment>
                     <p>Portable minidisc recorder with electret condenser stereo microphone</p>
                  </equipment>
                  <respStmt>
                     <resp>recording</resp>
                     <name>R17</name>
                  </respStmt>
               </recording>
            </recordingStmt>
         </sourceDesc>
      </fileDesc>
      <encodingDesc>
         <classDecl>
            <taxonomy>
               <category xml:id="POwsd379_domain">
                  <catDesc>Domain</catDesc>
                  <category sameAs="#ED" xml:id="POwsd379_ED">
                     <catDesc>educational</catDesc>
                  </category>
                  <category sameAs="#LE" xml:id="POwsd379_LE">
                     <catDesc>leisure</catDesc>
                  </category>
                  <category sameAs="#PB" xml:id="POwsd379_PB">
                     <catDesc>professional business</catDesc>
                  </category>
                  <category sameAs="#PO" xml:id="POwsd379_PO">
                     <catDesc>professional organizational</catDesc>
                  </category>
                  <category sameAs="#PR" xml:id="POwsd379_PR">
                     <catDesc>professional research/science</catDesc>
                  </category>
               </category>
               <category xml:id="POwsd379_spet">
                  <catDesc>Speech Event Type</catDesc>
                  <category sameAs="#int" xml:id="POwsd379_int">
                     <catDesc>interview</catDesc>
                  </category>
                  <category sameAs="#prc" xml:id="POwsd379_prc">
                     <catDesc>press conference</catDesc>
                  </category>
                  <category sameAs="#sve" xml:id="POwsd379_sve">
                     <catDesc>service encounter</catDesc>
                  </category>
                  <category sameAs="#sed" xml:id="POwsd379_sed">
                     <catDesc>seminar discussion</catDesc>
                  </category>
                  <category sameAs="#wgd" xml:id="POwsd379_wgd">
                     <catDesc>working group discussion</catDesc>
                  </category>
                  <category sameAs="#wsd" xml:id="POwsd379_wsd">
                     <catDesc>workshop discussion</catDesc>
                  </category>
                  <category sameAs="#mtg" xml:id="POwsd379_mtg">
                     <catDesc>meeting</catDesc>
                  </category>
                  <category sameAs="#pan" xml:id="POwsd379_pan">
                     <catDesc>panel</catDesc>
                  </category>
                  <category sameAs="#qas" xml:id="POwsd379_qas">
                     <catDesc>question-answer session</catDesc>
                  </category>
                  <category sameAs="#con" xml:id="POwsd379_con">
                     <catDesc>conversation</catDesc>
                  </category>
               </category>
            </taxonomy>
         </classDecl>
         <tagsDecl><namespace name="http://www.tei-c.org/ns/1.0">
      <tagUsage gi="TEI" occurs="1"/>
      <tagUsage gi="teiHeader" occurs="1"/>
      <tagUsage gi="fileDesc" occurs="1"/>
      <tagUsage gi="titleStmt" occurs="1"/>
      <tagUsage gi="title" occurs="5"/>
      <tagUsage gi="principal" occurs="1"/>
      <tagUsage gi="editor" occurs="1"/>
      <tagUsage gi="funder" occurs="1"/>
      <tagUsage gi="sponsor" occurs="1"/>
      <tagUsage gi="respStmt" occurs="3"/>
      <tagUsage gi="resp" occurs="3"/>
      <tagUsage gi="orgName" occurs="1"/>
      <tagUsage gi="persName" occurs="5"/>
      <tagUsage gi="editionStmt" occurs="1"/>
      <tagUsage gi="edition" occurs="3"/>
      <tagUsage gi="date" occurs="4"/>
      <tagUsage gi="name" occurs="8"/>
      <tagUsage gi="publicationStmt" occurs="1"/>
      <tagUsage gi="publisher" occurs="1"/>
      <tagUsage gi="distributor" occurs="1"/>
      <tagUsage gi="address" occurs="1"/>
      <tagUsage gi="addrLine" occurs="6"/>
      <tagUsage gi="availability" occurs="1"/>
      <tagUsage gi="p" occurs="7"/>
      <tagUsage gi="ref" occurs="5"/>
      <tagUsage gi="bibl" occurs="2"/>
      <tagUsage gi="notesStmt" occurs="1"/>
      <tagUsage gi="note" occurs="2"/>
      <tagUsage gi="sourceDesc" occurs="1"/>
      <tagUsage gi="recordingStmt" occurs="1"/>
      <tagUsage gi="recording" occurs="1"/>
      <tagUsage gi="equipment" occurs="1"/>
      <tagUsage gi="encodingDesc" occurs="1"/>
      <tagUsage gi="classDecl" occurs="1"/>
      <tagUsage gi="taxonomy" occurs="1"/>
      <tagUsage gi="category" occurs="17"/>
      <tagUsage gi="catDesc" occurs="17"/>
      <tagUsage gi="tagsDecl" occurs="1"/>
      <tagUsage gi="namespace" occurs="2"/>
      <tagUsage gi="tagUsage" occurs="80"/>
      <tagUsage gi="gi" occurs="5"/>
      <tagUsage gi="att" occurs="12"/>
      <tagUsage gi="list" occurs="10"/>
      <tagUsage gi="label" occurs="17"/>
      <tagUsage gi="val" occurs="38"/>
      <tagUsage gi="item" occurs="37"/>
      <tagUsage gi="profileDesc" occurs="1"/>
      <tagUsage gi="textClass" occurs="1"/>
      <tagUsage gi="catRef" occurs="2"/>
      <tagUsage gi="settingDesc" occurs="1"/>
      <tagUsage gi="setting" occurs="1"/>
      <tagUsage gi="locale" occurs="1"/>
      <tagUsage gi="activity" occurs="1"/>
      <tagUsage gi="particDesc" occurs="1"/>
      <tagUsage gi="listPerson" occurs="4"/>
      <tagUsage gi="personGrp" occurs="2"/>
      <tagUsage gi="person" occurs="15"/>
      <tagUsage gi="age" occurs="8"/>
      <tagUsage gi="sex" occurs="8"/>
      <tagUsage gi="occupation" occurs="8"/>
      <tagUsage gi="langKnowledge" occurs="8"/>
      <tagUsage gi="langKnown" occurs="8"/>
      <tagUsage gi="relationGrp" occurs="1"/>
      <tagUsage gi="relation" occurs="2"/>
      <tagUsage gi="revisionDesc" occurs="1"/>
      <tagUsage gi="change" occurs="5"/>
      <tagUsage gi="text" occurs="1"/>
      <tagUsage gi="body" occurs="1"/>
      <tagUsage gi="div" occurs="1"/>
      <tagUsage gi="u" occurs="71">Used to mark a stretch of speech commonly
		preceded and followed by a pause or by a change of speaker. A
		<gi>u</gi> is, however, not required to be bounded by a pause or
		a change of speaker, nor does it represent a turn in a
		conversation analytic sense. At a minimum, a <gi>u</gi> is some
		phonetic production or noise made by a given speaker or a group of speakers.</tagUsage>
      <tagUsage gi="c" occurs="80">Used to mark lengthening of sounds and
		intonation (fall, rise). The following <att>type</att>
		attributes are used to mark:
		<list>
		  <label><val>lengthening</val></label><item>lengthened
		  sounds</item>
		  <label><val>intonation</val></label><item>a significant change in
		  intonation, marked with the following <att>function</att>
		  attribute for:
		  <list>
			<label><val>fall</val></label><item>falling
			intonation</item>
			<label><val>rise</val></label><item>rising intonation</item>
		  </list>
		</item>
		</list>
		Intonation may or may not coincide with
		syntactic boundaries.
		</tagUsage>
      <tagUsage gi="pause" occurs="360">Used to mark a pause either between or
		within utterances. Used without <att>dur</att> attribute to
		indicate a brief pause up to half a second.
		</tagUsage>
      <tagUsage gi="unclear" occurs="20">Used to mark speech which cannot be
		transcribed with certainty, because it is difficult to hear or
		understand for the transcriber.</tagUsage>
      <tagUsage gi="supplied" occurs="5">Used to mark text supplied by the
		transcriber because the original is unintelligible or needed to
		be anonymized. The <att>reason</att> attribute is used to mark:
		<list>
		  <label><val>unintelligible</val></label><item>unintelligible
		  speech</item>
		  <label><val>anonymization</val></label><item>anonymized
		  speech</item>
		</list>
		</tagUsage>
      <tagUsage gi="shift" occurs="44">Used to mark the point at which some
		paralinguistic feature changes. The following attribute values
		are used to mark:
		<list>
          <label>
            <val>voice</val>
          </label>
          <item>voice quality
          <list>
            <item><val>imitating</val></item>
            <item><val>laugh</val></item>
            <item><val>neutral</val></item>
            <item><val>phone</val></item>
            <item><val>reading</val></item>
            <item><val>reading_aloud</val></item>
            <item><val>sigh</val></item>
            <item><val>singing</val></item>
            <item><val>whisp</val></item>
            <item><val>yawning</val></item>
          </list>
          </item>
          <label>
          <val>tempo</val></label>
          <item>speed of utterance
            <list>
              <label><val>a</val></label>
              <item>accelerando</item>
              <label><val>l</val></label>
              <item>lento</item>
              <label><val>neutral</val></label>
              <item>neutral</item>
            </list>
          </item>
          <label>
          <val>loud</val></label>
          <item>loudness
            <list>
              <item><val>f</val></item>
              <item><val>neutral</val></item>
              <item><val>p</val></item>
            </list>
          </item>
		  </list>
		</tagUsage>
      <tagUsage gi="vocal" occurs="25">Used to mark laughter and other speaker
		noises and non-verbal feedback.
        <list>
          <label>
            <val>speaker_noise</val>
          </label>
          <item>
            <list>
              <item>
                <val>coughing</val>
              </item>
              <item>
                <val>nods</val>
              </item>
              <item>
                <val>shakes head</val>
              </item>
              <item>
                <val>smacks lips</val>
              </item>
              <item>
                <val>sniffs</val>
              </item>
              <item>
                <val>swallows</val>
              </item>
              <item>
                <val>whistles</val>
              </item>
            </list>
          </item>
          <label>
            <val>wordlike</val>
          </label>
          <item>
            <val>laughing</val>
          </item>
        </list>
        </tagUsage>
      <tagUsage gi="seg" occurs="15">Used with different <att>type</att> attributes to mark:
		<list>
		  <label><att>type</att><val>overlap</val></label>
		  <item>overlaps</item>
		  <label><att>type</att><val>onomatopoeia</val></label>
		  <item>onomatopoeic sounds</item>
		  <label><att>type</att><val>ipa</val></label>
		  <item>transcriptions in the international phonetic alphabet</item>
		</list>
		</tagUsage>
      <tagUsage gi="emph" occurs="52">Used to mark speech which is stressed or
		emphasized in a way that goes beyond regular nuclear
		stress.</tagUsage>
      <tagUsage gi="incident" occurs="7">Used to mark contextual information
		relevant to the understanding of the interaction or the
		interaction as such. The <att>voice:desc</att> attribute
		provides a short prose description of the contextual
		event.</tagUsage>
      <tagUsage gi="anchor" occurs="10">Used to mark other-continuation,
		i.e. whenever a speaker continues another speaker's <gi>u</gi>
		without a pause. Other-continuation is to be interpreted
		temporally and does not relate to form or content of the
		speakers' utterances.</tagUsage></namespace><namespace name="http://www.univie.ac.at/voice/ns/1.0">
      <tagUsage gi="voice:pvc" occurs="2">Used to mark a pronunciation variation
		or coinage as described in <ref target="http://www.univie.ac.at/voice/documents/VOICE_mark-up_conventions_v2-1.pdf">the
			VOICE mark-up conventions [2.1].</ref>the
			VOICE mark-up conventions [2.1]. An existing word corresponding to the PVC may be provided within a <att>comment</att>comment attribute within the <gi>voice:pvc</gi>voice:pvc element. Additional phonetic
			transcription may be provided within a <att>voice:ipa</att>voice:ipa attribute
			within the <gi>voice:pvc</gi>voice:pvc element.</tagUsage>
      <tagUsage gi="voice:track" occurs="3">Used to mark the beginning of a new
		audio track used in transcription (usually three minutes in length) and thus refers to the audio recording
		of the transcribed speech event.
		</tagUsage>
      <tagUsage gi="voice:to" occurs="1">Used to mark speech directed towards a
		particular speaker. The <att>who</att>who attribute indicates the
		addressed speaker.</tagUsage></namespace></tagsDecl>
      </encodingDesc>
      <profileDesc>
         <textClass>
            <catRef target="#POwsd379_PO #POwsd379_wsd"/>
            <catRef target="#PO #wsd"/>
         </textClass>
         <settingDesc>
            <setting>
               <name type="country">AT</name>
               <name type="city">Stockerau</name>
               <locale>seminar room at hotel</locale>
               <activity>taking notes</activity>
            </setting>
         </settingDesc>
         <particDesc>
            <listPerson type="main">
               <listPerson type="groups">
                  <personGrp role="speakers" size="8"/>
                  <personGrp role="interactants" size="8"/>
               </listPerson>
               <listPerson type="identified">
                  <person role="participant" sameAs="#P320" xml:id="POwsd379_S1">
                     <age value="1">17-24</age>
                     <sex value="2">female</sex>
                     <occupation>representative of European youth organization</occupation>
                     <langKnowledge>
                        <langKnown level="L1" tag="rum-RO"/>
                     </langKnowledge>
                  </person>
                  <person role="participant" sameAs="#P321" xml:id="POwsd379_S2">
                     <age value="1">17-24</age>
                     <sex value="2">female</sex>
                     <occupation>representative of European youth organization</occupation>
                     <langKnowledge>
                        <langKnown level="L1" tag="fin-FI"/>
                     </langKnowledge>
                  </person>
                  <person role="participant" sameAs="#P324" xml:id="POwsd379_S3">
                     <age value="1">17-24</age>
                     <sex value="1">male</sex>
                     <occupation>representative of European youth organization</occupation>
                     <langKnowledge>
                        <langKnown level="L1" tag="nor-NO"/>
                     </langKnowledge>
                  </person>
                  <person role="participant" sameAs="#P325" xml:id="POwsd379_S5">
                     <age value="1">17-24</age>
                     <sex value="1">male</sex>
                     <occupation>representative of European youth organization</occupation>
                     <langKnowledge>
                        <langKnown level="L1" tag="spa-ES"/>
                     </langKnowledge>
                  </person>
                  <person role="chair" sameAs="#P333" xml:id="POwsd379_S8">
                     <age value="1">17-24</age>
                     <sex value="2">female</sex>
                     <occupation>representative of European youth organization</occupation>
                     <langKnowledge>
                        <langKnown level="L1" tag="ger-AT"/>
                     </langKnowledge>
                  </person>
                  <person role="participant" sameAs="#P331" xml:id="POwsd379_S10">
                     <age value="1">17-24</age>
                     <sex value="1">male</sex>
                     <occupation>representative of European youth organization</occupation>
                     <langKnowledge>
                        <langKnown level="L1" tag="eng-AU"/>
                     </langKnowledge>
                  </person>
                  <person role="participant" sameAs="#P220" xml:id="POwsd379_S13">
                     <age value="1">17-24</age>
                     <sex value="1">male</sex>
                     <occupation>representative of European youth organization</occupation>
                     <langKnowledge>
                        <langKnown level="L1" tag="dut-NL"/>
                     </langKnowledge>
                  </person>
                  <person role="participant" sameAs="#P334" xml:id="POwsd379_S12">
                     <age value="1">17-24</age>
                     <sex value="1">male</sex>
                     <occupation>representative of European youth organization</occupation>
                     <langKnowledge>
                        <langKnown level="L1" tag="dut-NL"/>
                     </langKnowledge>
                  </person>
               </listPerson>
               <listPerson type="not_identified">
                  <person corresp="#POwsd379_S12" sameAs="#SX" xml:id="POwsd379_SX-12"/>
                  <person sameAs="#SX-f" xml:id="POwsd379_SX-f"/>
                  <person sameAs="#SX-m" xml:id="POwsd379_SX-m"/>
                  <person corresp="#POwsd379_S11" sameAs="#SX" xml:id="POwsd379_SX-11"/>
                  <person sameAs="#SS" xml:id="POwsd379_SS"/>
                  <person corresp="#POwsd379_S2" sameAs="#SX" xml:id="POwsd379_SX-2"/>
                  <person corresp="#POwsd379_S8" sameAs="#SX" xml:id="POwsd379_SX-8"/>
               </listPerson>
               <relationGrp>
                  <relation mutual="#POwsd379_S1 #POwsd379_S10 #POwsd379_S12 #POwsd379_S13 #POwsd379_S2 #POwsd379_S3 #POwsd379_S5 #POwsd379_S8" name="fairly_symmetrical" type="power"/>
                  <relation mutual="#POwsd379_S1 #POwsd379_S10 #POwsd379_S12 #POwsd379_S13 #POwsd379_S2 #POwsd379_S3 #POwsd379_S5 #POwsd379_S8" name="acquainted" type="acquaintedness"/>
               </relationGrp>
            </listPerson>
         </particDesc>
      </profileDesc>
      <revisionDesc>
         <change when="2009-05-19" who="SM">conversion to XML</change>
         <change when="2009-05-14" who="TK">finalized for publication</change>
         <change when="2009-01-13" who="TK">proof-reading</change>
         <change when="2008-12-29" who="RO">checking</change>
         <change when="2007-01-04" who="GS">transcription</change>
      </revisionDesc>
   </teiHeader>
   <text>
      <body>
         <div type="medium" voice:end="02:03" voice:end_medium_number="1" voice:end_track="04" voice:medium_type="md" voice:start="00:00" voice:start_medium_number="1" voice:start_track="01">
            <u who="#POwsd379_S8" xml:id="POwsd379_u_1"> who wants to start<c function="rise" type="intonation"/><pause dur="PT1S"/></u>
            <u who="#POwsd379_SX-m" xml:id="POwsd379_u_2"><unclear> i </unclear><supplied reason="unintelligible"> xxx </supplied><pause dur="PT1S"/></u>
            <u who="#POwsd379_SX-11" xml:id="POwsd379_u_3"> erm <pause dur="PT2S"/></u>
            <u who="#POwsd379_SX-f" xml:id="POwsd379_u_4"><shift corresp="#POwsd379_s_2" feature="voice" new="whisp" xml:id="POwsd379_s_1"/> okay <shift corresp="#POwsd379_s_1" feature="voice" new="neutral" xml:id="POwsd379_s_2"/></u>
            <u who="#POwsd379_SX-m" xml:id="POwsd379_u_5"> okay <pause dur="PT1S"/><unclear> erm </unclear></u>
            <u who="#POwsd379_SX-12" xml:id="POwsd379_u_6"> sit down <pause dur="PT1S"/></u>
            <u who="#POwsd379_SX-f" xml:id="POwsd379_u_7"><vocal subtype="wordstart" type="wordlike" voice:desc="laughing" voice:syl="1"/><vocal subtype="wordstart" type="wordlike" voice:desc="laughing" voice:syl="1"/><vocal subtype="wordstart" type="wordlike" voice:desc="laughing" voice:syl="1"/><pause dur="PT1S"/></u>
            <u who="#POwsd379_S10" xml:id="POwsd379_u_8"><vocal voice:desc="clears throat"/><pause/></u>
            <u who="#POwsd379_S8" xml:id="POwsd379_u_9"> okay <pause/> who wants to start<c function="fall" type="intonation"/><pause dur="PT2S"/></u>
            <u who="#POwsd379_SX-f" xml:id="POwsd379_u_10"><unclear> you and you<c type="lengthening"/></unclear><c function="rise" type="intonation"/></u>
            <u who="#POwsd379_SX-8" xml:id="POwsd379_u_11"><vocal subtype="wordstart" type="wordlike" voice:desc="laughing" voice:syl="2"/></u>
            <u who="#POwsd379_SX-f" xml:id="POwsd379_u_12"><vocal subtype="wordstart" type="wordlike" voice:desc="laughing" voice:syl="1"/><seg n="1" type="overlap" xml:id="POwsd379_ol_0"><vocal subtype="wordstart" type="wordlike" voice:desc="laughing" voice:syl="1"/></seg></u>
            <u who="#POwsd379_S10" xml:id="POwsd379_u_13"><seg n="1" synch="#POwsd379_ol_0" type="overlap" xml:id="POwsd379_ol_1"> well </seg> that's <pause dur="PT1S"/></u>
            <u who="#POwsd379_SX-f" xml:id="POwsd379_u_14"><unclear> who </unclear> presented that <pause dur="PT1S"/></u>
            <u who="#POwsd379_S8" xml:id="POwsd379_u_15"> you can talk <pause/></u>
            <u who="#POwsd379_S10" xml:id="POwsd379_u_16"> i don't wanna talk <pause/><unclear> gotta </unclear> stuff in front of me <pause/></u>
            <u who="#POwsd379_SS" xml:id="POwsd379_u_17"><vocal subtype="wordstart" type="wordlike" voice:desc="laughing" voice:syl="2"/><vocal subtype="wordstart" type="wordlike" voice:desc="laughing" voice:syl="1"/><vocal subtype="wordstart" type="wordlike" voice:desc="laughing" voice:syl="2"/><pause dur="PT1S"/></u>
            <u who="#POwsd379_S2" xml:id="POwsd379_u_18"> er <pause dur="PT1S"/> yeah the <pause/> the most important thing that we can do <pause/><emph> for </emph> the trade in <pause/> trade unions in concern of this <pause/> these things is to <pause dur="PT1S"/> really <pause/> let them know <pause dur="PT1S"/> where they are not <pause/> protecting <pause/> rights of young people <pause/><emph> where </emph><pause dur="PT1S"/> where they need to be <pause/> protected <pause/> what <pause/> what information they are not having form their own investors they are not <pause dur="PT2S"/><incident dur="PT2S" voice:desc="sound of taking notes "/> they are representing only those who are who have <pause dur="PT1S"/> er in terms of <pause dur="PT1S"/> erm <pause dur="PT1S"/><pause/><shift corresp="#POwsd379_s_4" feature="loud" new="p" xml:id="POwsd379_s_3"/> erm <shift corresp="#POwsd379_s_3" feature="loud" new="neutral" xml:id="POwsd379_s_4"/> we <pause/> can also bring them information about <pause dur="PT1S"/> other forms of diversity <pause dur="PT1S"/> amongst the <unclear> end </unclear> people or er in in <incident voice:desc="parallel whispered conversation between SX-m and SX starts"/> the society <pause dur="PT1S"/> erm <pause dur="PT1S"/> besides the the <pause/> the <unclear> er </unclear><pause dur="PT1S"/> the <pause/> they're traditionally <pause/> e<c type="lengthening"/>r <pause/> scope of interest which is employment<c function="rise" type="intonation"/> unemployment <pause/></u>
            <u who="#POwsd379_SX-f" xml:id="POwsd379_u_19"><shift corresp="#POwsd379_s_6" feature="loud" new="p" xml:id="POwsd379_s_5"/> mhm <shift corresp="#POwsd379_s_5" feature="loud" new="neutral" xml:id="POwsd379_s_6"/></u>
            <u who="#POwsd379_S2" xml:id="POwsd379_u_20"> er <pause dur="PT1S"/> and then is er<c type="lengthening"/><pause/> is in in <pause/> in different <pause dur="PT1S"/> minorities<c function="fall" type="intonation"/><pause dur="PT1S"/> of <pause dur="PT1S"/> and also gender issues<c function="fall" type="intonation"/><pause dur="PT1S"/> you know young people's <pause/> needs <pause dur="PT1S"/> er <pause dur="PT1S"/> youth organizations <pause/><emph> do </emph> have <pause/> e<c type="lengthening"/>r more flexible <pause/> s<c type="lengthening"/>tructures and <shift corresp="#POwsd379_s_8" feature="loud" new="p" xml:id="POwsd379_s_7"/><unclear> they </unclear><shift corresp="#POwsd379_s_7" feature="loud" new="neutral" xml:id="POwsd379_s_8"/><pause dur="PT1S"/> can <pause dur="PT1S"/> without <supplied reason="unintelligible"> xx </supplied><incident voice:desc="parallel whispered conversation between SX-m and SX ends"/><unclear> say so </unclear><pause dur="PT1S"/> they also <pause dur="PT1S"/> able to <pause dur="PT2S"/><emph> im</emph>plement something <pause/> if needed <pause dur="PT2S"/> and er <pause dur="PT2S"/> yah<c function="fall" type="intonation"/><pause/> er <pause dur="PT2S"/> we can also <pause dur="PT1S"/><emph> be </emph> the ones<c type="lengthening"/><pause/> sort of facilitating the <pause dur="PT2S"/> the <pause dur="PT1S"/><emph> need </emph> between trade unions and and the educators <pause/> on <pause/> what's <pause dur="PT1S"/> that <voice:pvc> implemation </voice:pvc><pause dur="PT1S"/> young people need <pause/> we are <pause/> we <pause/> an <unclear> instance </unclear><pause dur="PT1S"/> they <unclear> expect so none </unclear> what's <pause dur="PT1S"/> generally <pause/> is the feeling of what young people <emph> know </emph><pause dur="PT1S"/> about <pause/> their rights in labor market what's <pause/> things are needed <shift corresp="#POwsd379_s_10" feature="tempo" new="a" xml:id="POwsd379_s_9"/> and and <shift corresp="#POwsd379_s_9" feature="tempo" new="neutral" xml:id="POwsd379_s_10"/><pause dur="PT1S"/> so that <pause/> that group can bring a bigger package on <pause/> on information that's <pause/> should then be implemented in schools <pause dur="PT2S"/></u>
            <u who="#POwsd379_SX-f" xml:id="POwsd379_u_21"><shift corresp="#POwsd379_s_12" feature="loud" new="p" xml:id="POwsd379_s_11"/> mhm<c function="fall" type="intonation"/><shift corresp="#POwsd379_s_11" feature="loud" new="neutral" xml:id="POwsd379_s_12"/><pause dur="PT4S"/></u>
            <u who="#POwsd379_SX-2" xml:id="POwsd379_u_22"><supplied reason="unintelligible"> xx </supplied><unclear> loss of pensions </unclear><pause dur="PT1S"/></u>
            <u who="#POwsd379_SX-m" xml:id="POwsd379_u_23"><shift corresp="#POwsd379_s_14" feature="voice" new="whisp" xml:id="POwsd379_s_13"/> okay <shift corresp="#POwsd379_s_13" feature="voice" new="neutral" xml:id="POwsd379_s_14"/></u>
            <u who="#POwsd379_S8" xml:id="POwsd379_u_24"> okay <pause dur="PT1S"/> any questions<c function="rise" type="intonation"/><pause/> or additions <pause dur="PT1S"/> from the floor <pause dur="PT3S"/> no<c function="rise" type="intonation"/><pause/></u>
            <u who="#POwsd379_S10" xml:id="POwsd379_u_25"> yeah <anchor synch="#POwsd379_oc_1" type="other_continuation" xml:id="POwsd379_oc_0"/></u>
            <u who="#POwsd379_S1" xml:id="POwsd379_u_26"><anchor synch="#POwsd379_oc_0" type="other_continuation" xml:id="POwsd379_oc_1"/> i <unclear> made er one </unclear><pause dur="PT1S"/></u>
            <u who="#POwsd379_S8" xml:id="POwsd379_u_27"> yeah<c function="rise" type="intonation"/><pause dur="PT1S"/><supplied reason="anonymization"> [S1] </supplied><c function="fall" type="intonation"/></u>
            <u who="#POwsd379_S1" xml:id="POwsd379_u_28"><vocal subtype="wordstart" type="wordlike" voice:desc="laughing" voice:syl="3"/><pause/>  i was just thinking that the trade <voice:track medium="1" num="2" type="md"/> unions they <pause dur="PT1S"/> the different interests of <pause dur="PT1S"/> of those who are em<emph>ployed </emph> but not necessarily <pause/> o<c type="lengthening"/>f those who are <emph> young </emph><pause dur="PT1S"/> and employed <pause dur="PT1S"/> apart from what you mentioned <pause/> the </u>
            <u who="#POwsd379_SX-f" xml:id="POwsd379_u_29"> mhm <anchor synch="#POwsd379_oc_3" type="other_continuation" xml:id="POwsd379_oc_2"/></u>
            <u who="#POwsd379_S1" xml:id="POwsd379_u_30"><anchor synch="#POwsd379_oc_2" type="other_continuation" xml:id="POwsd379_oc_3"/> lack of <pause/> representation for those who are <emph> un</emph>employed <pause dur="PT1S"/> so <pause/> if at a certain point in a certain country there is a need for a <pause/><emph> fo</emph>cus <pause/> on youth <pause dur="PT1S"/> a trade union who represents <pause dur="PT1S"/> basically <emph> diff</emph>erent <pause/> age categories <pause/> could not necessarily come up <pause/> with <pause/> with <emph> that </emph> specific interest on youth <pause dur="PT1S"/></u>
            <u who="#POwsd379_S8" xml:id="POwsd379_u_31"><vocal voice:desc="coughs"/><pause dur="PT1S"/><vocal voice:desc="coughs"/><pause dur="PT2S"/></u>
            <u who="#POwsd379_S1" xml:id="POwsd379_u_32"><vocal subtype="wordstart" type="wordlike" voice:desc="laughing" voice:syl="1"/><vocal subtype="wordstart" type="wordlike" voice:desc="laughing" voice:syl="4"/><pause dur="PT4S"/></u>
            <u who="#POwsd379_S8" xml:id="POwsd379_u_33"> okay <pause/> next group <pause dur="PT5S"/><incident dur="PT2S" voice:desc="rustling of paper "/></u>
            <u who="#POwsd379_S5" xml:id="POwsd379_u_34"><vocal voice:desc="clears throat"/><pause dur="PT1S"/> oh <pause dur="PT1S"/> okay <pause/> e<c type="lengthening"/>r <pause dur="PT1S"/> we have er <pause/> three m- main th- ideas <pause/> erm <pause dur="PT1S"/> the first one <pause/> is <pause/> that er <pause/> we think that hh <pause/> the<c type="lengthening"/><pause/> public <unclear> organization </unclear><pause/> er <pause/> need <pause/> to<c type="lengthening"/> have <pause/> a new form to make the <pause/><unclear> par- </unclear> policies<c function="rise" type="intonation"/><pause dur="PT1S"/> hh a<c type="lengthening"/>nd this er <pause dur="PT1S"/> this <emph> new </emph> form is <pause/> er er <pause/> to <pause/> er <pause dur="PT1S"/> to make a <pause/> a way <pause/> between <pause/> er <pause dur="PT1S"/> the top-down model <pause/> and the bottom-up model<c function="rise" type="intonation"/><pause dur="PT7S"/><incident dur="PT4S" voice:desc="sound of someone taking notes "/></u>
            <u who="#POwsd379_SX-m" xml:id="POwsd379_u_35"><voice:to who="#POwsd379_S5"><shift corresp="#POwsd379_s_16" feature="voice" new="whisp" xml:id="POwsd379_s_15"/> it's a concept <supplied reason="unintelligible"> xxxxxxxx </supplied><shift corresp="#POwsd379_s_15" feature="voice" new="neutral" xml:id="POwsd379_s_16"/></voice:to></u>
            <u who="#POwsd379_S5" xml:id="POwsd379_u_36"> and in the second way <pause dur="PT1S"/> and in the <pause/> same line er <pause/> we sp- <pause/> we think that <pause/><shift corresp="#POwsd379_s_18" feature="loud" new="p" xml:id="POwsd379_s_17"/> yeah <shift corresp="#POwsd379_s_17" feature="loud" new="neutral" xml:id="POwsd379_s_18"/><pause/> the more <unclear> social </unclear><pause/> in the er i- in the <pause/> er <pause dur="PT1S"/> youth  politics <emph> now </emph><pause dur="PT1S"/> because we are speaking <pause/> mainly <pause/> about the youth ma- <pause/> er labor market <pause/> hh is that <pause/> the <pause/> er <pause/> the <pause/> public administration <pause dur="PT1S"/> work with er <pause/> social <shift corresp="#POwsd379_s_20" feature="tempo" new="a" xml:id="POwsd379_s_19"/><unclear> dialogue </unclear><shift corresp="#POwsd379_s_19" feature="tempo" new="neutral" xml:id="POwsd379_s_20"/><pause dur="PT1S"/> with the trade union <pause/> and the con- <pause/> con<emph>struc</emph>tor<c function="fall" type="intonation"/><pause dur="PT1S"/><emph> but </emph><pause dur="PT1S"/> hh er we think that <pause/> er <pause dur="PT1S"/> the <pause/><shift corresp="#POwsd379_s_22" feature="tempo" new="a" xml:id="POwsd379_s_21"/> public administration <shift corresp="#POwsd379_s_21" feature="tempo" new="neutral" xml:id="POwsd379_s_22"/><pause/> need to wai- er need to <pause/> erm make <voice:pvc> anewed </voice:pvc><pause/> effort <pause dur="PT1S"/> a<c type="lengthening"/>nd is near that the er <pause/> public administration <pause/> work with the <emph> youth </emph><emph> coun</emph>cil<c function="fall" type="intonation"/><pause dur="PT3S"/> for a field <pause dur="PT1S"/> for the specific things <pause/> about the <emph> young </emph> people<c function="fall" type="intonation"/><pause dur="PT5S"/> do you understand me<c function="rise" type="intonation"/><pause dur="PT2S"/> yeah<c function="rise" type="intonation"/><pause dur="PT1S"/></u>
            <u who="#POwsd379_S8" xml:id="POwsd379_u_37"> yeah <pause/></u>
            <u who="#POwsd379_S5" xml:id="POwsd379_u_38"><unclear> okay </unclear><pause dur="PT2S"/></u>
            <u who="#POwsd379_S8" xml:id="POwsd379_u_39"> i think <pause dur="PT1S"/> is it <pause dur="PT2S"/></u>
            <u who="#POwsd379_S5" xml:id="POwsd379_u_40"> mhm<c function="rise" type="intonation"/><pause dur="PT3S"/><shift corresp="#POwsd379_s_24" feature="loud" new="p" xml:id="POwsd379_s_23"/><unclear> all right </unclear><shift corresp="#POwsd379_s_23" feature="loud" new="neutral" xml:id="POwsd379_s_24"/><pause dur="PT1S"/></u>
            <u who="#POwsd379_SX-f" xml:id="POwsd379_u_41"> hm <pause dur="PT2S"/></u>
            <u who="#POwsd379_S8" xml:id="POwsd379_u_42"> s<c type="lengthening"/>o<c type="lengthening"/><pause dur="PT2S"/> then<c type="lengthening"/><c function="rise" type="intonation"/> hh <pause dur="PT1S"/> we have <pause dur="PT1S"/> the general strength of <pause/> organizations or of organized youth work<c function="rise" type="intonation"/><pause dur="PT1S"/></u>
            <u who="#POwsd379_S3" xml:id="POwsd379_u_43"> yeah erm <pause dur="PT1S"/> er <pause/> about arguments <pause/> for why youth <voice:track medium="1" num="3" type="md"/> organizations <pause/> should erm <pause dur="PT5S"/><incident dur="PT2S" voice:desc="sound of someone taking notes "/></u>
            <u who="#POwsd379_SX-f" xml:id="POwsd379_u_44"><vocal subtype="wordstart" type="wordlike" voice:desc="laughing" voice:syl="1"/><vocal subtype="wordstart" type="wordlike" voice:desc="laughing" voice:syl="1"/><vocal subtype="wordstart" type="wordlike" voice:desc="laughing" voice:syl="1"/><seg n="8" type="overlap" xml:id="POwsd379_ol_2"><vocal type="wordlike" voice:desc="laughing" voice:syl="2"/></seg></u>
            <u who="#POwsd379_S3" xml:id="POwsd379_u_45"><seg n="8" synch="#POwsd379_ol_2" type="overlap" xml:id="POwsd379_ol_3"> er </seg><pause/><shift corresp="#POwsd379_s_26" feature="voice" new="laugh" xml:id="POwsd379_s_25"/> contribute <shift corresp="#POwsd379_s_25" feature="voice" new="neutral" xml:id="POwsd379_s_26"/><pause/> e<seg n="9" type="overlap" xml:id="POwsd379_ol_4"><c type="lengthening"/>rm </seg></u>
            <u who="#POwsd379_SX-f" xml:id="POwsd379_u_46"><seg n="9" synch="#POwsd379_ol_4" type="overlap" xml:id="POwsd379_ol_5"><vocal subtype="wordstart" type="wordlike" voice:desc="laughing" voice:syl="1"/></seg></u>
            <u who="#POwsd379_S3" xml:id="POwsd379_u_47"> erm <anchor synch="#POwsd379_oc_5" type="other_continuation" xml:id="POwsd379_oc_4"/></u>
            <u who="#POwsd379_SX-f" xml:id="POwsd379_u_48"><anchor synch="#POwsd379_oc_4" type="other_continuation" xml:id="POwsd379_oc_5"/><vocal subtype="wordstart" type="wordlike" voice:desc="laughing" voice:syl="1"/><anchor synch="#POwsd379_oc_7" type="other_continuation" xml:id="POwsd379_oc_6"/></u>
            <u who="#POwsd379_S3" xml:id="POwsd379_u_49"><anchor synch="#POwsd379_oc_6" type="other_continuation" xml:id="POwsd379_oc_7"/> you know in the process of er <vocal subtype="wordstart" type="wordlike" voice:desc="laughing" voice:syl="2"/><pause/> making laws and policies<c function="rise" type="intonation"/><pause/> er we don't have a <emph> lot </emph> of arguments <pause/> but we feel that <pause/> the argument we do have <pause/> should be en- <pause/> enough<c function="rise" type="intonation"/><pause/> and that is <pause/> that <pause dur="PT2S"/> erm <pause/> we are in contact <pause/> with the people <pause/> the policies <pause/> or laws <pause/> effect <pause/> and <pause/> thus <pause/> us <pause/> participating <pause/> er <pause/> should really go without saying<c function="rise" type="intonation"/><pause dur="PT1S"/> er <pause/> and also because <pause/> e<emph>spe</emph>cially when it comes to <emph> youth </emph><c function="rise" type="intonation"/> erm <pause dur="PT2S"/> er <pause/> we need someone who can <emph> trans</emph>late <pause/> er <pause dur="PT1S"/> what do you say  the political gibberish <pause/> er into language young people can under<emph>stand </emph><pause/></u>
            <u who="#POwsd379_SX-f" xml:id="POwsd379_u_50"><shift corresp="#POwsd379_s_28" feature="loud" new="p" xml:id="POwsd379_s_27"/> mhm <shift corresp="#POwsd379_s_27" feature="loud" new="neutral" xml:id="POwsd379_s_28"/><anchor synch="#POwsd379_oc_9" type="other_continuation" xml:id="POwsd379_oc_8"/></u>
            <u who="#POwsd379_S3" xml:id="POwsd379_u_51"><anchor synch="#POwsd379_oc_8" type="other_continuation" xml:id="POwsd379_oc_9"/> er and then <pause/> bring back the feedback <pause/> er because <pause dur="PT1S"/> i mean if you would <emph> print </emph> out the policy <pause/> e<c type="lengthening"/>r <pause/> that the er <pause dur="PT2S"/> that the administration has sent out to a hearing and you er ask er <pause dur="PT1S"/> for example er <pause dur="PT1S"/> disadvantage the<c type="lengthening"/><emph> young </emph> people <pause/> what you think about <emph> this </emph><c function="fall" type="intonation"/><pause/> er <pause dur="PT1S"/> i mean <pause dur="PT1S"/> that doesn't <emph> work </emph> no one is gonna <emph> read </emph> it because </u>
            <u who="#POwsd379_SX-f" xml:id="POwsd379_u_52"> hm </u>
            <u who="#POwsd379_S3" xml:id="POwsd379_u_53"> every <pause dur="PT1S"/><emph> normal </emph> youth aren't geeks like us sitting with documents and reading and working<c function="rise" type="intonation"/><pause/> er so <pause dur="PT1S"/> er we can <pause/> kind of like <pause/> er be the bridge<c function="rise" type="intonation"/><pause/> er between <pause dur="PT1S"/> er the politicians and the administration<c function="rise" type="intonation"/><pause/> and er <pause/> young people<c function="fall" type="intonation"/><pause dur="PT1S"/> that it actually affects<c function="fall" type="intonation"/><pause dur="PT3S"/> and one thing that we underlined here <pause/> i<c type="lengthening"/>s that we should be a natural <pause dur="PT2S"/> er <emph> hear</emph>ing instance <pause/> and that meaning that we should be <pause/> hh a part of the <emph> pro</emph>cess<c function="fall" type="intonation"/><pause/> and not just <pause/> be oriented <pause/> you know when the <pause/> er <pause/> policy of the law <pause/> has already been <emph> passed </emph><c function="fall" type="intonation"/><pause dur="PT2S"/> erm <pause/> and <pause/> er we also <pause/> said <pause/> that <pause dur="PT1S"/> erm <pause dur="PT1S"/> i mean most <pause/> organizations er <pause dur="PT1S"/> will have certain <emph> in</emph>terests<c function="rise" type="intonation"/><pause/> cannot <pause/> survive without lobbying<c function="rise" type="intonation"/><pause/> er <pause/> but that the administration should keep in mind that not all youth organizations <emph> are </emph><pause/> completely political<c function="fall" type="intonation"/><pause/> er some are more practical you know arrange camps for er young people arrange this and arrange <emph> that </emph><c function="rise" type="intonation"/> and that they should keep that in <emph> mind </emph><c function="fall" type="intonation"/><pause dur="PT1S"/> and make it <emph> easier </emph><pause/> er for youth organizations to lobby <pause/> er and to be a <emph> part </emph> of the hearing process<c function="fall" type="intonation"/><pause dur="PT2S"/> er <pause/> and one thing <shift corresp="#POwsd379_s_30" feature="tempo" new="l" xml:id="POwsd379_s_29"/> we discussed is that <shift corresp="#POwsd379_s_29" feature="tempo" new="neutral" xml:id="POwsd379_s_30"/><pause/> erm <pause dur="PT1S"/> instead of all the youth organizations necessarily <pause dur="PT1S"/> er <pause/> having to <emph> always </emph><emph> fo</emph>llow <pause/> e<c type="lengthening"/>r the politicians and see what they do and then jump in when they are <emph> need</emph>ed <pause/> er the administration <pause/> er and the politicians <pause/> should instead <pause dur="PT1S"/><emph> con</emph>tact the youth organizations when <emph> they </emph> know that what they're working on <pause/> er affects <pause/> the people they work with <pause dur="PT9S"/><voice:track medium="1" num="4" type="md"/></u>
            <u who="#POwsd379_S12" xml:id="POwsd379_u_54"> yeah that's kind of too much we are asking but <pause/><vocal subtype="wordstart" type="wordlike" voice:desc="laughing" voice:syl="2"/><pause/></u>
            <u who="#POwsd379_S8" xml:id="POwsd379_u_55"> no the question is only i mean it er it it it erm <pause dur="PT1S"/> is a contrary to a permanent structure dialogue<c function="fall" type="intonation"/><pause dur="PT2S"/> i'm not sure i- <pause/> if <pause dur="PT1S"/> i mean <pause/> h- <shift corresp="#POwsd379_s_32" feature="tempo" new="a" xml:id="POwsd379_s_31"/> how how <shift corresp="#POwsd379_s_31" feature="tempo" new="neutral" xml:id="POwsd379_s_32"/> meant that<c function="fall" type="intonation"/><pause dur="PT1S"/> are you saying <pause/> case by case consultation is better than a continuous <emph> par</emph>tnership<c function="fall" type="intonation"/><pause/></u>
            <u who="#POwsd379_S3" xml:id="POwsd379_u_56"> no <seg n="2" type="overlap" xml:id="POwsd379_ol_6"> but er </seg></u>
            <u who="#POwsd379_S8" xml:id="POwsd379_u_57"><seg n="2" synch="#POwsd379_ol_6" type="overlap" xml:id="POwsd379_ol_7"> i guess </seg><emph> not </emph> so i i <seg n="3" type="overlap" xml:id="POwsd379_ol_8"> don't think i understood the </seg></u>
            <u who="#POwsd379_S3" xml:id="POwsd379_u_58"><seg n="3" synch="#POwsd379_ol_8" type="overlap" xml:id="POwsd379_ol_9"> no but i what what what we </seg> mean is that erm <pause/> different youth <pause/> i mean youth organization aren't all the same<c function="fall" type="intonation"/><pause dur="PT1S"/><seg n="10" type="overlap" xml:id="POwsd379_ol_10"> er </seg> and that <pause dur="PT1S"/></u>
            <u who="#POwsd379_S8" xml:id="POwsd379_u_59"><seg n="10" synch="#POwsd379_ol_10" type="overlap" xml:id="POwsd379_ol_11"> mhm<c function="rise" type="intonation"/></seg></u>
            <u who="#POwsd379_S3" xml:id="POwsd379_u_60"> erm <pause/> i mean although er <pause/> we are youth organizations we all do not work with the same youth <pause/> er we do not work with all the same people <pause dur="PT1S"/> and <pause dur="PT1S"/> that erm <pause dur="PT1S"/> i mean <pause/> that should be a part of the <pause/> permanent structure if if you <emph> like </emph><c function="rise" type="intonation"/><pause/> er that </u>
            <u who="#POwsd379_SX-8" xml:id="POwsd379_u_61"><shift corresp="#POwsd379_s_34" feature="loud" new="p" xml:id="POwsd379_s_33"/> hm <shift corresp="#POwsd379_s_33" feature="loud" new="neutral" xml:id="POwsd379_s_34"/></u>
            <u who="#POwsd379_S3" xml:id="POwsd379_u_62"> erm <pause dur="PT1S"/> the organiz<emph>ations </emph> are contacted <pause/> not necessarily by the government or by the administr<emph>ation </emph> but they are contacted instead of always having to keep a watch<c function="fall" type="intonation"/><pause dur="PT1S"/></u>
            <u who="#POwsd379_SX-8" xml:id="POwsd379_u_63"><shift corresp="#POwsd379_s_36" feature="loud" new="p" xml:id="POwsd379_s_35"/> mhm <shift corresp="#POwsd379_s_35" feature="loud" new="neutral" xml:id="POwsd379_s_36"/><pause dur="PT8S"/><incident dur="PT8S" voice:desc="someone taking notes, probably on white board "/></u>
            <u who="#POwsd379_S8" xml:id="POwsd379_u_64"> okay so our strength would be that we have different expertise experience and also target groups<c function="rise" type="intonation"/><pause/> so people and issues that we work with<c function="rise" type="intonation"/> hh and that should <pause dur="PT1S"/> that this expertise should be reflected in a <pause/> permanent <pause/> cooperation structure and <pause dur="PT1S"/></u>
            <u who="#POwsd379_S3" xml:id="POwsd379_u_65"> yeah <shift corresp="#POwsd379_s_38" feature="tempo" new="a" xml:id="POwsd379_s_37"/> and and <shift corresp="#POwsd379_s_37" feature="tempo" new="neutral" xml:id="POwsd379_s_38"/> that when erm <pause dur="PT1S"/> erm <pause dur="PT2S"/> when er documents are sent out<c function="rise" type="intonation"/><pause/> for a hearing<c function="rise" type="intonation"/><pause/> and we can actually can get feedback from the people they affect </u>
            <u who="#POwsd379_SX-f" xml:id="POwsd379_u_66"><shift corresp="#POwsd379_s_40" feature="loud" new="p" xml:id="POwsd379_s_39"/> mhm<c function="fall" type="intonation"/><shift corresp="#POwsd379_s_39" feature="loud" new="neutral" xml:id="POwsd379_s_40"/></u>
            <u who="#POwsd379_SX-f" xml:id="POwsd379_u_67"><shift corresp="#POwsd379_s_42" feature="loud" new="p" xml:id="POwsd379_s_41"/> mhm<c function="rise" type="intonation"/><shift corresp="#POwsd379_s_41" feature="loud" new="neutral" xml:id="POwsd379_s_42"/></u>
            <u who="#POwsd379_S8" xml:id="POwsd379_u_68"> yeah<c function="fall" type="intonation"/><pause dur="PT1S"/> okay <pause dur="PT1S"/> any additional comments to <emph> this </emph><c function="rise" type="intonation"/><pause dur="PT3S"/> otherwise <pause/><seg type="onomatopoeia"> tatatata: </seg> we are done <pause/> a<c type="lengthening"/>nd <pause/> should be back in the plenary <pause/> since five minutes<c function="fall" type="intonation"/><pause dur="PT1S"/> is that what you are here for <pause dur="PT1S"/></u>
            <u who="#POwsd379_S13" xml:id="POwsd379_u_69"> it's what i am doing yes i know<c function="fall" type="intonation"/><pause/></u>
            <u who="#POwsd379_S1" xml:id="POwsd379_u_70"><seg n="4" type="overlap" xml:id="POwsd379_ol_12"><vocal subtype="wordstart" type="wordlike" voice:desc="laughing" voice:syl="2"/></seg></u>
            <u who="#POwsd379_S8" xml:id="POwsd379_u_71"><seg n="4" synch="#POwsd379_ol_12" type="overlap" xml:id="POwsd379_ol_13"> okay </seg><pause/> the living <shift corresp="#POwsd379_s_44" feature="voice" new="laugh" xml:id="POwsd379_s_43"/> sign <shift corresp="#POwsd379_s_43" feature="voice" new="neutral" xml:id="POwsd379_s_44"/> is <pause/> guiding us <unclear> back </unclear><pause dur="PT1S"/> thank you very much <pause/> for your contributions and i appreciate especially <pause dur="PT1S"/><emph> seeing </emph><pause dur="PT1S"/> that you were <pause/> slightly<c function="rise" type="intonation"/> tired<c function="fall" type="intonation"/><pause/></u>
         </div>
      </body>
   </text>
</TEI>