<TEI xmlns="http://www.tei-c.org/ns/1.0" xmlns:voice="http://www.univie.ac.at/voice/ns/1.0" xmlns:xi="http://www.w3.org/2001/XInclude" version="5" xml:id="POwsd256" xml:lang="eng">
   <teiHeader>
      <fileDesc>
         <titleStmt>
            <title>workshop discussion on the European youth pact and the job situation</title>
            <principal>Prof. Barbara Seidlhofer</principal>
            <editor/>
            <funder>Austrian Science Foundation (FWF)</funder>
            <sponsor/>
            <respStmt>
               <resp>Corpus Compilation</resp>
               <orgName>VOICE Project</orgName>
               <persName>Barbara Seidlhofer</persName>
               <persName>Angelika Breiteneder</persName>
               <persName>Marie-Luise Pitzl</persName>
               <persName>Stefan Majewski</persName>
               <persName>Theresa Klimpfinger</persName>
            </respStmt>
         </titleStmt>
         <editionStmt>
		<edition>Version 1.0 XML, <date>May 2011</date></edition>
	  <respStmt>
		<resp>Researchers</resp>
		<name>Barbara Seidlhofer</name> 		
		<name>Angelika Breiteneder</name> 
		<name>Theresa Klimpfinger</name> 
		<name>Stefan Majewski</name> 
		<name>Marie-Luise Pitzl</name> 
	  </respStmt>
	</editionStmt>
         <publicationStmt>
		<publisher>Barbara Seidlhofer, Stefan Majewski, Marie-Luise Pitzl</publisher> 
	  <distributor>VOICE Project, University of Vienna, Austria</distributor> 
	  <address>
		<addrLine>Spitalgasse 2, AAKH Hof 8</addrLine> 
		<addrLine>1090 Vienna</addrLine> 
		<addrLine>Austria</addrLine> 
		<addrLine>Telephone: +43 1 427742446</addrLine> 
	  	<addrLine>Email: voice@univie.ac.at</addrLine> 
		<addrLine>Website: http://www.univie.ac.at/voice</addrLine> 
	  </address>
	  <availability status="free">
	  	<p>
		  The Vienna-Oxford International Corpus of English (VOICE)
		  was created by Barbara Seidlhofer (project director) and
		  Angelika Breiteneder, Theresa Klimpfinger, Stefan Majewski,
		  Marie-Luise Pitzl (project researchers). VOICE 1.0 XML is
		  available for download at the VOICE Project's website <ref target="http://www.univie.ac.at/voice/">http://www.univie.ac.at/voice/</ref>
		  under a Creative Commons
		  Attribution-NonCommercial-ShareAlike 3.0 Unported (CC
		  BY-NC-SA 3.0) License (<ref target="http://creativecommons.org/licenses/by-nc-sa/3.0/">
		  http://creativecommons.org/licenses/by-nc-sa/3.0/
		  </ref>). The original audio files are held at the Department
		  of English, University of Vienna. 23 selected audio files
		  are available as audio streams in the VOICE Online interface
		  at the VOICE Project's website <ref target="http://www.univie.ac.at/voice">http://www.univie.ac.at/voice</ref>.
		</p>
		<p>
		The recommended citation for VOICE 1.0 XML is:
		</p>
		<p>
		<bibl><title>VOICE</title>. <date>2011</date>. <title level="m">The Vienna-Oxford International Corpus of
		English</title> (<edition>version 1.0
		XML</edition>). Director: Barbara Seidlhofer; Researchers:
		Angelika Breiteneder, Theresa Klimpfinger, Stefan Majewski,
		Marie-Luise Pitzl.</bibl>
		</p>
		<p>The short citation for VOICE 1.0 XML is:
		</p>
		<p>
		<bibl><title>VOICE</title>. <date>2011</date>. <title level="m">The Vienna-Oxford International Corpus of
		English</title> (<edition>version 1.0
		XML</edition>).</bibl></p>
		<p>
		  For further information about availability and copyright
		  permissions, please see the README file included in the
		  download package. For further enquiries please contact the
		  VOICE Project at <ref target="mailto:voice@univie.ac.at">voice@univie.ac.at</ref>.
		</p>
	  </availability>
	</publicationStmt>
         <notesStmt>
            <note xml:id="POwsd256_wc">Words: 2043</note>
            <note xml:id="POwsd256_tn_0">In this workshop discussion, which is part of a larger conference on the situation of young people in Europe, the speakers talk about their impressions of and thoughts on what the plenary speakers said in earlier sessions. Later they are divided into smaller groups to discuss this.   </note>
         </notesStmt>
         <sourceDesc>
            <recordingStmt>
               <recording dur="PT00H17M04S" type="audio">
                  <date>2006-06-03</date>
                  <equipment>
                     <p>Portable minidisc recorder with electret condenser stereo microphone</p>
                  </equipment>
                  <respStmt>
                     <resp>recording</resp>
                     <name>R4</name>
                  </respStmt>
               </recording>
            </recordingStmt>
         </sourceDesc>
      </fileDesc>
      <encodingDesc>
         <classDecl>
            <taxonomy>
               <category xml:id="POwsd256_domain">
                  <catDesc>Domain</catDesc>
                  <category sameAs="#ED" xml:id="POwsd256_ED">
                     <catDesc>educational</catDesc>
                  </category>
                  <category sameAs="#LE" xml:id="POwsd256_LE">
                     <catDesc>leisure</catDesc>
                  </category>
                  <category sameAs="#PB" xml:id="POwsd256_PB">
                     <catDesc>professional business</catDesc>
                  </category>
                  <category sameAs="#PO" xml:id="POwsd256_PO">
                     <catDesc>professional organizational</catDesc>
                  </category>
                  <category sameAs="#PR" xml:id="POwsd256_PR">
                     <catDesc>professional research/science</catDesc>
                  </category>
               </category>
               <category xml:id="POwsd256_spet">
                  <catDesc>Speech Event Type</catDesc>
                  <category sameAs="#int" xml:id="POwsd256_int">
                     <catDesc>interview</catDesc>
                  </category>
                  <category sameAs="#prc" xml:id="POwsd256_prc">
                     <catDesc>press conference</catDesc>
                  </category>
                  <category sameAs="#sve" xml:id="POwsd256_sve">
                     <catDesc>service encounter</catDesc>
                  </category>
                  <category sameAs="#sed" xml:id="POwsd256_sed">
                     <catDesc>seminar discussion</catDesc>
                  </category>
                  <category sameAs="#wgd" xml:id="POwsd256_wgd">
                     <catDesc>working group discussion</catDesc>
                  </category>
                  <category sameAs="#wsd" xml:id="POwsd256_wsd">
                     <catDesc>workshop discussion</catDesc>
                  </category>
                  <category sameAs="#mtg" xml:id="POwsd256_mtg">
                     <catDesc>meeting</catDesc>
                  </category>
                  <category sameAs="#pan" xml:id="POwsd256_pan">
                     <catDesc>panel</catDesc>
                  </category>
                  <category sameAs="#qas" xml:id="POwsd256_qas">
                     <catDesc>question-answer session</catDesc>
                  </category>
                  <category sameAs="#con" xml:id="POwsd256_con">
                     <catDesc>conversation</catDesc>
                  </category>
               </category>
            </taxonomy>
         </classDecl>
         <tagsDecl><namespace name="http://www.tei-c.org/ns/1.0">
      <tagUsage gi="TEI" occurs="1"/>
      <tagUsage gi="teiHeader" occurs="1"/>
      <tagUsage gi="fileDesc" occurs="1"/>
      <tagUsage gi="titleStmt" occurs="1"/>
      <tagUsage gi="title" occurs="5"/>
      <tagUsage gi="principal" occurs="1"/>
      <tagUsage gi="editor" occurs="1"/>
      <tagUsage gi="funder" occurs="1"/>
      <tagUsage gi="sponsor" occurs="1"/>
      <tagUsage gi="respStmt" occurs="3"/>
      <tagUsage gi="resp" occurs="3"/>
      <tagUsage gi="orgName" occurs="1"/>
      <tagUsage gi="persName" occurs="5"/>
      <tagUsage gi="editionStmt" occurs="1"/>
      <tagUsage gi="edition" occurs="3"/>
      <tagUsage gi="date" occurs="4"/>
      <tagUsage gi="name" occurs="8"/>
      <tagUsage gi="publicationStmt" occurs="1"/>
      <tagUsage gi="publisher" occurs="1"/>
      <tagUsage gi="distributor" occurs="1"/>
      <tagUsage gi="address" occurs="1"/>
      <tagUsage gi="addrLine" occurs="6"/>
      <tagUsage gi="availability" occurs="1"/>
      <tagUsage gi="p" occurs="7"/>
      <tagUsage gi="ref" occurs="5"/>
      <tagUsage gi="bibl" occurs="2"/>
      <tagUsage gi="notesStmt" occurs="1"/>
      <tagUsage gi="note" occurs="2"/>
      <tagUsage gi="sourceDesc" occurs="1"/>
      <tagUsage gi="recordingStmt" occurs="1"/>
      <tagUsage gi="recording" occurs="1"/>
      <tagUsage gi="equipment" occurs="1"/>
      <tagUsage gi="encodingDesc" occurs="1"/>
      <tagUsage gi="classDecl" occurs="1"/>
      <tagUsage gi="taxonomy" occurs="1"/>
      <tagUsage gi="category" occurs="17"/>
      <tagUsage gi="catDesc" occurs="17"/>
      <tagUsage gi="tagsDecl" occurs="1"/>
      <tagUsage gi="namespace" occurs="2"/>
      <tagUsage gi="tagUsage" occurs="81"/>
      <tagUsage gi="gi" occurs="5"/>
      <tagUsage gi="att" occurs="13"/>
      <tagUsage gi="list" occurs="10"/>
      <tagUsage gi="label" occurs="17"/>
      <tagUsage gi="val" occurs="39"/>
      <tagUsage gi="item" occurs="37"/>
      <tagUsage gi="profileDesc" occurs="1"/>
      <tagUsage gi="textClass" occurs="1"/>
      <tagUsage gi="catRef" occurs="2"/>
      <tagUsage gi="settingDesc" occurs="1"/>
      <tagUsage gi="setting" occurs="1"/>
      <tagUsage gi="locale" occurs="1"/>
      <tagUsage gi="activity" occurs="1"/>
      <tagUsage gi="particDesc" occurs="1"/>
      <tagUsage gi="listPerson" occurs="4"/>
      <tagUsage gi="personGrp" occurs="2"/>
      <tagUsage gi="person" occurs="13"/>
      <tagUsage gi="age" occurs="8"/>
      <tagUsage gi="sex" occurs="8"/>
      <tagUsage gi="occupation" occurs="8"/>
      <tagUsage gi="langKnowledge" occurs="8"/>
      <tagUsage gi="langKnown" occurs="8"/>
      <tagUsage gi="relationGrp" occurs="1"/>
      <tagUsage gi="relation" occurs="2"/>
      <tagUsage gi="revisionDesc" occurs="1"/>
      <tagUsage gi="change" occurs="5"/>
      <tagUsage gi="text" occurs="1"/>
      <tagUsage gi="body" occurs="1"/>
      <tagUsage gi="div" occurs="1"/>
      <tagUsage gi="u" occurs="155">Used to mark a stretch of speech commonly
		preceded and followed by a pause or by a change of speaker. A
		<gi>u</gi> is, however, not required to be bounded by a pause or
		a change of speaker, nor does it represent a turn in a
		conversation analytic sense. At a minimum, a <gi>u</gi> is some
		phonetic production or noise made by a given speaker or a group of speakers.</tagUsage>
      <tagUsage gi="pause" occurs="299">Used to mark a pause either between or
		within utterances. Used without <att>dur</att> attribute to
		indicate a brief pause up to half a second.
		</tagUsage>
      <tagUsage gi="c" occurs="66">Used to mark lengthening of sounds and
		intonation (fall, rise). The following <att>type</att>
		attributes are used to mark:
		<list>
		  <label><val>lengthening</val></label><item>lengthened
		  sounds</item>
		  <label><val>intonation</val></label><item>a significant change in
		  intonation, marked with the following <att>function</att>
		  attribute for:
		  <list>
			<label><val>fall</val></label><item>falling
			intonation</item>
			<label><val>rise</val></label><item>rising intonation</item>
		  </list>
		</item>
		</list>
		Intonation may or may not coincide with
		syntactic boundaries.
		</tagUsage>
      <tagUsage gi="incident" occurs="53">Used to mark contextual information
		relevant to the understanding of the interaction or the
		interaction as such. The <att>voice:desc</att> attribute
		provides a short prose description of the contextual
		event.</tagUsage>
      <tagUsage gi="unclear" occurs="40">Used to mark speech which cannot be
		transcribed with certainty, because it is difficult to hear or
		understand for the transcriber.</tagUsage>
      <tagUsage gi="shift" occurs="32">Used to mark the point at which some
		paralinguistic feature changes. The following attribute values
		are used to mark:
		<list>
          <label>
            <val>voice</val>
          </label>
          <item>voice quality
          <list>
            <item><val>imitating</val></item>
            <item><val>laugh</val></item>
            <item><val>neutral</val></item>
            <item><val>phone</val></item>
            <item><val>reading</val></item>
            <item><val>reading_aloud</val></item>
            <item><val>sigh</val></item>
            <item><val>singing</val></item>
            <item><val>whisp</val></item>
            <item><val>yawning</val></item>
          </list>
          </item>
          <label>
          <val>tempo</val></label>
          <item>speed of utterance
            <list>
              <label><val>a</val></label>
              <item>accelerando</item>
              <label><val>l</val></label>
              <item>lento</item>
              <label><val>neutral</val></label>
              <item>neutral</item>
            </list>
          </item>
          <label>
          <val>loud</val></label>
          <item>loudness
            <list>
              <item><val>f</val></item>
              <item><val>neutral</val></item>
              <item><val>p</val></item>
            </list>
          </item>
		  </list>
		</tagUsage>
      <tagUsage gi="supplied" occurs="21">Used to mark text supplied by the
		transcriber because the original is unintelligible or needed to
		be anonymized. The <att>reason</att> attribute is used to mark:
		<list>
		  <label><val>unintelligible</val></label><item>unintelligible
		  speech</item>
		  <label><val>anonymization</val></label><item>anonymized
		  speech</item>
		</list>
		</tagUsage>
      <tagUsage gi="emph" occurs="18">Used to mark speech which is stressed or
		emphasized in a way that goes beyond regular nuclear
		stress.</tagUsage>
      <tagUsage gi="seg" occurs="80">Used with different <att>type</att> attributes to mark:
		<list>
		  <label><att>type</att><val>overlap</val></label>
		  <item>overlaps</item>
		  <label><att>type</att><val>onomatopoeia</val></label>
		  <item>onomatopoeic sounds</item>
		  <label><att>type</att><val>ipa</val></label>
		  <item>transcriptions in the international phonetic alphabet</item>
		</list>
		</tagUsage>
      <tagUsage gi="vocal" occurs="16">Used to mark laughter and other speaker
		noises and non-verbal feedback.
        <list>
          <label>
            <val>speaker_noise</val>
          </label>
          <item>
            <list>
              <item>
                <val>coughing</val>
              </item>
              <item>
                <val>nods</val>
              </item>
              <item>
                <val>shakes head</val>
              </item>
              <item>
                <val>smacks lips</val>
              </item>
              <item>
                <val>sniffs</val>
              </item>
              <item>
                <val>swallows</val>
              </item>
              <item>
                <val>whistles</val>
              </item>
            </list>
          </item>
          <label>
            <val>wordlike</val>
          </label>
          <item>
            <val>laughing</val>
          </item>
        </list>
        </tagUsage>
      <tagUsage gi="w" occurs="1">
		  Used with the <att>type</att> attribute set to
		  <val>spelt</val> to mark words or word fragments which are
		  spelt out, i.e. words whose constituents are pronounced as
		  individual letters.
		</tagUsage>
      <tagUsage gi="anchor" occurs="20">Used to mark other-continuation,
		i.e. whenever a speaker continues another speaker's <gi>u</gi>
		without a pause. Other-continuation is to be interpreted
		temporally and does not relate to form or content of the
		speakers' utterances.</tagUsage></namespace><namespace name="http://www.univie.ac.at/voice/ns/1.0">
      <tagUsage gi="voice:track" occurs="5">Used to mark the beginning of a new
		audio track used in transcription (usually three minutes in length) and thus refers to the audio recording
		of the transcribed speech event.
		</tagUsage>
      <tagUsage gi="voice:pvc" occurs="6">Used to mark a pronunciation variation
		or coinage as described in <ref target="http://www.univie.ac.at/voice/documents/VOICE_mark-up_conventions_v2-1.pdf">the
			VOICE mark-up conventions [2.1].</ref>the
			VOICE mark-up conventions [2.1]. An existing word corresponding to the PVC may be provided within a <att>comment</att>comment attribute within the <gi>voice:pvc</gi>voice:pvc element. Additional phonetic
			transcription may be provided within a <att>voice:ipa</att>voice:ipa attribute
			within the <gi>voice:pvc</gi>voice:pvc element.</tagUsage>
      <tagUsage gi="voice:to" occurs="5">Used to mark speech directed towards a
		particular speaker. The <att>who</att>who attribute indicates the
		addressed speaker.</tagUsage></namespace></tagsDecl>
      </encodingDesc>
      <profileDesc>
         <textClass>
            <catRef target="#POwsd256_PO #POwsd256_wsd"/>
            <catRef target="#PO #wsd"/>
         </textClass>
         <settingDesc>
            <setting>
               <name type="country">AT</name>
               <name type="city">Stockerau</name>
               <locale>seminar room in hotel</locale>
               <activity>writing on whiteboard</activity>
            </setting>
         </settingDesc>
         <particDesc>
            <listPerson type="main">
               <listPerson type="groups">
                  <personGrp role="speakers" size="8"/>
                  <personGrp role="interactants" size="8"/>
               </listPerson>
               <listPerson type="identified">
                  <person role="chair" sameAs="#P332" xml:id="POwsd256_S1">
                     <age value="2">25-34</age>
                     <sex value="1">male</sex>
                     <occupation>representative of European youth organization</occupation>
                     <langKnowledge>
                        <langKnown level="L1" tag="dut-BE"/>
                     </langKnowledge>
                  </person>
                  <person role="participant" sameAs="#P336" xml:id="POwsd256_S2">
                     <age value="2">25-34</age>
                     <sex value="2">female</sex>
                     <occupation>representative of European youth organization</occupation>
                     <langKnowledge>
                        <langKnown level="L1" tag="pol-PL"/>
                     </langKnowledge>
                  </person>
                  <person role="participant" sameAs="#P337" xml:id="POwsd256_S3">
                     <age value="2">25-34</age>
                     <sex value="1">male</sex>
                     <occupation>representative of European youth organization</occupation>
                     <langKnowledge>
                        <langKnown level="L1" tag="fre-FR"/>
                     </langKnowledge>
                  </person>
                  <person role="participant" sameAs="#P338" xml:id="POwsd256_S4">
                     <age value="2">25-34</age>
                     <sex value="2">female</sex>
                     <occupation>representative of European youth organization</occupation>
                     <langKnowledge>
                        <langKnown level="L1" tag="ger-AT"/>
                     </langKnowledge>
                  </person>
                  <person role="participant" sameAs="#P339" xml:id="POwsd256_S5">
                     <age value="2">25-34</age>
                     <sex value="2">female</sex>
                     <occupation>representative of European youth organization</occupation>
                     <langKnowledge>
                        <langKnown level="L1" tag="eng-GB"/>
                     </langKnowledge>
                  </person>
                  <person role="participant" sameAs="#P340" xml:id="POwsd256_S6">
                     <age value="2">25-34</age>
                     <sex value="2">female</sex>
                     <occupation>representative of European youth organization</occupation>
                     <langKnowledge>
                        <langKnown level="L1" tag="eng-GB"/>
                     </langKnowledge>
                  </person>
                  <person role="participant" sameAs="#P341" xml:id="POwsd256_S7">
                     <age value="2">25-34</age>
                     <sex value="2">female</sex>
                     <occupation>representative of European youth organization</occupation>
                     <langKnowledge>
                        <langKnown level="L1" tag="dut"/>
                     </langKnowledge>
                  </person>
                  <person role="participant" sameAs="#P342" xml:id="POwsd256_S8">
                     <age value="2">25-34</age>
                     <sex value="2">female</sex>
                     <occupation>representative of European youth organization</occupation>
                     <langKnowledge>
                        <langKnown level="L1" tag="ger-AT"/>
                     </langKnowledge>
                  </person>
               </listPerson>
               <listPerson type="not_identified">
                  <person sameAs="#SX-f" xml:id="POwsd256_SX-f"/>
                  <person sameAs="#SX-m" xml:id="POwsd256_SX-m"/>
                  <person sameAs="#SS" xml:id="POwsd256_SS"/>
                  <person corresp="#POwsd256_S2" sameAs="#SX" xml:id="POwsd256_SX-2"/>
                  <person sameAs="#SX" xml:id="POwsd256_SX"/>
               </listPerson>
               <relationGrp>
                  <relation mutual="#POwsd256_S1 #POwsd256_S2 #POwsd256_S3 #POwsd256_S4 #POwsd256_S5 #POwsd256_S6 #POwsd256_S7 #POwsd256_S8" name="fairly_symmetrical" type="power"/>
                  <relation mutual="#POwsd256_S1 #POwsd256_S2 #POwsd256_S3 #POwsd256_S4 #POwsd256_S5 #POwsd256_S6 #POwsd256_S7 #POwsd256_S8" name="predominantly_acquainted" type="acquaintedness"/>
               </relationGrp>
            </listPerson>
         </particDesc>
      </profileDesc>
      <revisionDesc>
         <change when="2009-05-19" who="SM">conversion to XML</change>
         <change when="2009-05-14" who="TK">finalized for publication</change>
         <change when="2008-08-13" who="TK">proof-reading</change>
         <change when="2007-03-30" who="JL">checking</change>
         <change when="2006-10-16" who="CHu">transcription</change>
      </revisionDesc>
   </teiHeader>
   <text>
      <body>
         <div type="medium" voice:end="02:05" voice:end_medium_number="1" voice:end_track="6" voice:medium_type="md" voice:start="00:00" voice:start_medium_number="1" voice:start_track="1">
            <u who="#POwsd256_S1" xml:id="POwsd256_u_1"> okay we can start <pause dur="PT5S"/> good so this morning was a<c type="lengthening"/><pause/> bit longer than <pause/> yesterday so er <pause/><incident voice:desc="some parallel whispering"/><unclear> lasting till </unclear> er <pause dur="PT1S"/> quite <unclear> well into </unclear> the afternoon so we don't have that much time left now <pause/> to e<c type="lengthening"/>r finish our discussions <incident voice:desc="background noises start"/><shift corresp="#POwsd256_s_2" feature="loud" new="p" xml:id="POwsd256_s_1"/> it's in the working group <shift corresp="#POwsd256_s_1" feature="loud" new="neutral" xml:id="POwsd256_s_2"/> er and also the <supplied reason="unintelligible"> x </supplied> with <pause/> e<c type="lengthening"/>r <pause dur="PT1S"/> some e<c type="lengthening"/>r <pause/> recommendation statements and then go into er <pause/> the declaration that <supplied reason="unintelligible"> xxxx </supplied> tonight <incident voice:desc="background noises end"/><pause/> e<c type="lengthening"/>rm <pause dur="PT1S"/> the session so <incident voice:desc="background noises start"/> yesterday we discussed <pause/> er precarious working conditions of young people and <pause/> e<c type="lengthening"/>r <pause/><incident voice:desc="background noises end"/> what youth organizations are doing can do <pause/> e<c type="lengthening"/>r to to address  the <pause/> to address the issue er <pause/> also w- we also dealt with er <pause/> discrimination  discrimination <pause/><emph> of </emph> young people and also <incident voice:desc="background noises start"/><supplied reason="unintelligible"> xxx </supplied> discrimination base on er <pause dur="PT1S"/> e<c type="lengthening"/>r <pause/> on other erm <pause dur="PT1S"/> erm <pause dur="PT1S"/><unclear> on </unclear> other issues <pause/> erm <emph> today </emph> the <pause/><incident voice:desc="background noises end"/> er the discussion this morning on the youth pact <pause/> was a bit mo- was more er <pause dur="PT1S"/> a discussion on on <pause/><incident voice:desc="sound of rustling paper starts"/> policy development and politic coordination erm <pause/> from <pause/> we heard what er <pause/> the people from the different member states er were saying <pause/> er <pause/> how they were trying to <pause/> bring people from the different departments together <pause/> er involving or <pause/> more or less <pause/><incident voice:desc="sound of rustling paper ends"/> er youth organizations in the process erm <pause dur="PT1S"/> and also it's the <pause/> from er <supplied reason="anonymization"> [first name3] </supplied><supplied reason="anonymization"> [last name3] </supplied> european commission <pause/> we heard how the <pause/> commission was trying to coordinate <pause/> er <pause dur="PT1S"/> this whole effort er <pause/> from brussels <pause/> e<c type="lengthening"/>rm <pause dur="PT1S"/> maybe first er <pause/> like yesterday we can start with a round of <pause/> let's say impressions from the morning erm <pause/> er because we have only<c type="lengthening"/><pause/> er <pause/> a limited amount of time trying to be <unclear> concise and what is </unclear><pause/> what would you think is the let's say the most imp- er what did you remember from the morning what er <pause/> what was the most significant thing that you <unclear> would </unclear> also like to <unclear> take </unclear> up <pause/> in the discussion this afternoon this is important things that you <seg n="1" type="overlap" xml:id="POwsd256_ol_0"> think </seg> we should <pause dur="PT1S"/></u>
            <u who="#POwsd256_SX" xml:id="POwsd256_u_2"><seg n="1" synch="#POwsd256_ol_0" type="overlap" xml:id="POwsd256_ol_1"> mhm </seg></u>
            <u who="#POwsd256_S1" xml:id="POwsd256_u_3"> incorporate in our discussi<seg n="2" type="overlap" xml:id="POwsd256_ol_2">ons </seg><unclear> now </unclear><pause/></u>
            <u who="#POwsd256_SX" xml:id="POwsd256_u_4"><seg n="2" synch="#POwsd256_ol_2" type="overlap" xml:id="POwsd256_ol_3"> mhm </seg></u>
            <u who="#POwsd256_S1" xml:id="POwsd256_u_5"> erm <pause/> i give you a few seconds to think about it and then <pause dur="PT1S"/> this <pause dur="PT2S"/> somebody already <pause dur="PT1S"/> came up with er <pause/> a few ideas<c function="rise" type="intonation"/><pause dur="PT11S"/></u>
            <u who="#POwsd256_S2" xml:id="POwsd256_u_6"> i have er for me if <seg n="3" type="overlap" xml:id="POwsd256_ol_4"> i <vocal subtype="wordstart" type="wordlike" voice:desc="laughing" voice:syl="1"/></seg><vocal subtype="wordstart" type="wordlike" voice:desc="laughing" voice:syl="1"/><unclear> start </unclear><incident voice:desc="short soft background laughter"/><pause/></u>
            <u who="#POwsd256_S1" xml:id="POwsd256_u_7"><seg n="3" synch="#POwsd256_ol_4" type="overlap" xml:id="POwsd256_ol_5"> yes </seg></u>
            <u who="#POwsd256_S2" xml:id="POwsd256_u_8"> e<c type="lengthening"/>rm <pause dur="PT3S"/> the er <pause/><emph> really </emph> important thought that was mentioned <pause/> e<c type="lengthening"/>r was that e<c type="lengthening"/>rm <pause/> young people are <pause/> taught at schools and <voice:track medium="1" num="02" type="md"/> perhaps in organizations a lot of <pause/> important <pause/> knowledge <pause/> e<c type="lengthening"/>r but <unclear> then </unclear><pause/> er nobody t- teach  how to <pause/> how to <emph> work </emph> how to <pause/> get employed <pause/> er so perhaps this this would be er the direction <pause/> of putting this <unclear> area </unclear> er because now the  <w voice:mode="spelt"> n g os  </w> do it <pause/> help to young people to employ <vocal subtype="wordstart" type="wordlike" voice:desc="laughing" voice:syl="1"/><pause/> e<c type="lengthening"/>r er so er perhaps this direction could be <pause/> er searched how to <pause/> e<c type="lengthening"/>r bring this topic <pause/> to <pause/> schools to to formal education system <pause dur="PT2S"/></u>
            <u who="#POwsd256_S1" xml:id="POwsd256_u_9"><shift corresp="#POwsd256_s_4" feature="loud" new="p" xml:id="POwsd256_s_3"/> mhm <shift corresp="#POwsd256_s_3" feature="loud" new="neutral" xml:id="POwsd256_s_4"/><incident voice:desc="takes pen for whiteboard"/></u>
            <u who="#POwsd256_S2" xml:id="POwsd256_u_10"> that's it <pause dur="PT7S"/><incident voice:desc="somebody is type-writing"/></u>
            <u who="#POwsd256_SX-m" xml:id="POwsd256_u_11"><seg n="4" type="overlap" xml:id="POwsd256_ol_6"><unclear> yes </unclear></seg></u>
            <u who="#POwsd256_SX-m" xml:id="POwsd256_u_12"><seg n="4" synch="#POwsd256_ol_6" type="overlap" xml:id="POwsd256_ol_7"> er </seg></u>
            <u who="#POwsd256_S2" xml:id="POwsd256_u_13"> to to teach children to <pause/> children and youth to <pause/> er be workers and to become workers <pause/> and employers employers employ<emph>ees </emph> okay so <unclear> the wrong words </unclear></u>
            <u who="#POwsd256_SS" xml:id="POwsd256_u_14"><vocal subtype="wordstart" type="wordlike" voice:desc="laughing" voice:syl="3"/></u>
            <u who="#POwsd256_S2" xml:id="POwsd256_u_15"><shift corresp="#POwsd256_s_6" feature="voice" new="laugh" xml:id="POwsd256_s_5"/> employees <shift corresp="#POwsd256_s_5" feature="voice" new="neutral" xml:id="POwsd256_s_6"/><vocal subtype="wordstart" type="wordlike" voice:desc="laughing" voice:syl="1"/><pause dur="PT9S"/><incident dur="PT9S" voice:desc="S1 is writing on whiteboard, sound of rustling paper, a moving chair "/></u>
            <u who="#POwsd256_S1" xml:id="POwsd256_u_16"> can i translate this as how <pause/> can the<c type="lengthening"/> education system contribute to <pause/> employment opportunities for young people <seg n="5" type="overlap" xml:id="POwsd256_ol_8"> o<c type="lengthening"/>r </seg></u>
            <u who="#POwsd256_S2" xml:id="POwsd256_u_17"><seg n="5" synch="#POwsd256_ol_8" type="overlap" xml:id="POwsd256_ol_9"> yeah but </seg> but er very <pause/><emph> wide </emph> widely understood educational system <pause/> formal and informal <pause/> but <pause/></u>
            <u who="#POwsd256_S1" xml:id="POwsd256_u_18"> okay <pause dur="PT1S"/><incident voice:desc="starts writing on whiteboard"/></u>
            <u who="#POwsd256_S2" xml:id="POwsd256_u_19"> also with stress on formal <pause dur="PT5S"/> and <voice:pvc> non-formal </voice:pvc><vocal subtype="wordstart" type="wordlike" voice:desc="laughing" voice:syl="1"/><pause/><unclear> let's say </unclear><incident voice:desc="S1 stops writing on whiteboard"/></u>
            <u who="#POwsd256_S1" xml:id="POwsd256_u_20"> er <pause dur="PT20S"/><incident dur="PT20S" voice:desc="S1 writes on the whiteboard "/> er somebody else<c function="rise" type="intonation"/><pause dur="PT1S"/><voice:to who="#POwsd256_S3"> yeah </voice:to></u>
            <u who="#POwsd256_S3" xml:id="POwsd256_u_21"> yeah for me <incident voice:desc="S1 starts writing on the whiteboard"/> it's as well the the question was how <pause/> as <pause/> an organization <pause/> erm <pause/> are we able to make possible <pause/> er the meeting between the <voice:pvc> polical </voice:pvc> people and er the young people from the grass roots <pause dur="PT23S"/><incident dur="PT23S" voice:desc="S1 continues writing on the whiteboard "/></u>
            <u who="#POwsd256_S1" xml:id="POwsd256_u_22"> mhm <pause dur="PT2S"/> so how to bring <unclear> everybody </unclear><incident voice:desc="loud sound of rustling paper"/> from the grass-roots level <pause dur="PT1S"/><incident voice:desc="stops writing"/> and <pause/> policy makers together </u>
            <u who="#POwsd256_S3" xml:id="POwsd256_u_23"> yeah <pause dur="PT10S"/><incident dur="PT10S" voice:desc="S1 writes on the blackboard "/><voice:track medium="1" num="03" type="md"/></u>
            <u who="#POwsd256_S1" xml:id="POwsd256_u_24"> can you read it <incident voice:desc="talking about what he wrote on the whiteboard"/><pause/><incident voice:desc="background laughter starts"/></u>
            <u who="#POwsd256_SS" xml:id="POwsd256_u_25"><supplied reason="unintelligible"> xxxxxxxxxx </supplied></u>
            <u who="#POwsd256_S1" xml:id="POwsd256_u_26"> sorry for that <incident voice:desc="parallel conversation starts"/></u>
            <u who="#POwsd256_S2" xml:id="POwsd256_u_27"> perhaps <unclear> ca- </unclear> capital letters <incident voice:desc="parallel conversation, background laughter ends"/></u>
            <u who="#POwsd256_S1" xml:id="POwsd256_u_28"> i blame it on the <pause/><incident voice:desc="background laughter starts"/><supplied reason="unintelligible"> xx </supplied><pause/> erm <pause/><incident voice:desc="background laughter ends"/></u>
            <u who="#POwsd256_S3" xml:id="POwsd256_u_29"> yeah if maybe if you can write in capital letters <pause/> after that after what from the next question it may help </u>
            <u who="#POwsd256_S1" xml:id="POwsd256_u_30"> like that okay </u>
            <u who="#POwsd256_S3" xml:id="POwsd256_u_31"> yeah <pause dur="PT3S"/><incident voice:desc="whispered parallel conversation starts"/></u>
            <u who="#POwsd256_S1" xml:id="POwsd256_u_32"> yeah <pause/> any other <pause dur="PT1S"/><incident voice:desc="parallel conversation ends"/><voice:to who="#POwsd256_S4"> yeah </voice:to><anchor synch="#POwsd256_oc_1" type="other_continuation" xml:id="POwsd256_oc_0"/></u>
            <u who="#POwsd256_S4" xml:id="POwsd256_u_33"><anchor synch="#POwsd256_oc_0" type="other_continuation" xml:id="POwsd256_oc_1"/> erm for me an interesting question was who's responsible <pause/> er on the national level for the youth pact<c function="fall" type="intonation"/><pause/> because erm i think <pause/><supplied reason="anonymization"> [first name2] </supplied> mentioned that in sweden it's the prime minister<c function="rise" type="intonation"/></u>
            <u who="#POwsd256_S1" xml:id="POwsd256_u_34"> mhm <pause/></u>
            <u who="#POwsd256_S4" xml:id="POwsd256_u_35"> and i think in austria it's only a ministry </u>
            <u who="#POwsd256_S1" xml:id="POwsd256_u_36"> yeah <pause/> and there's just <seg n="6" type="overlap" xml:id="POwsd256_ol_10"> the </seg><pause/></u>
            <u who="#POwsd256_S4" xml:id="POwsd256_u_37"><seg n="6" synch="#POwsd256_ol_10" type="overlap" xml:id="POwsd256_ol_11"> hm </seg></u>
            <u who="#POwsd256_S1" xml:id="POwsd256_u_38"> question like <pause/> you wan- you would like to know who <emph> is </emph> responsible <pause/> or who <emph> should </emph> be resp<seg n="7" type="overlap" xml:id="POwsd256_ol_12">onsible </seg></u>
            <u who="#POwsd256_S4" xml:id="POwsd256_u_39"><seg n="7" synch="#POwsd256_ol_12" type="overlap" xml:id="POwsd256_ol_13"> hm </seg><c type="lengthening"/></u>
            <u who="#POwsd256_SX" xml:id="POwsd256_u_40"><shift corresp="#POwsd256_s_8" feature="loud" new="p" xml:id="POwsd256_s_7"/> mhm <shift corresp="#POwsd256_s_7" feature="loud" new="neutral" xml:id="POwsd256_s_8"/></u>
            <u who="#POwsd256_S2" xml:id="POwsd256_u_41"> yeah <seg n="8" type="overlap" xml:id="POwsd256_ol_14"><unclear> you </unclear></seg> you can<emph>not </emph> say that </u>
            <u who="#POwsd256_S4" xml:id="POwsd256_u_42"><seg n="8" synch="#POwsd256_ol_14" type="overlap" xml:id="POwsd256_ol_15"> yeah </seg></u>
            <u who="#POwsd256_SS" xml:id="POwsd256_u_43"><supplied reason="unintelligible"> xxxxxx </supplied></u>
            <u who="#POwsd256_S4" xml:id="POwsd256_u_44"> yeah <pause dur="PT5S"/><incident dur="PT5S" voice:desc="S1 starts writing on the whiteboard "/><seg n="9" type="overlap" xml:id="POwsd256_ol_16"> and </seg> another point <seg n="1" type="overlap" xml:id="POwsd256_ol_17"> was </seg></u>
            <u who="#POwsd256_S2" xml:id="POwsd256_u_45"><seg n="9" synch="#POwsd256_ol_16" type="overlap" xml:id="POwsd256_ol_18"> but </seg></u>
            <u who="#POwsd256_S2" xml:id="POwsd256_u_46"><seg n="1" synch="#POwsd256_ol_17" type="overlap" xml:id="POwsd256_ol_19"> but </seg> but </u>
            <u who="#POwsd256_S4" xml:id="POwsd256_u_47"><voice:to who="#POwsd256_S2"><unclear> yeah<c function="rise" type="intonation"/></unclear></voice:to></u>
            <u who="#POwsd256_S2" xml:id="POwsd256_u_48"> you cannot decide it <anchor synch="#POwsd256_oc_3" type="other_continuation" xml:id="POwsd256_oc_2"/></u>
            <u who="#POwsd256_S4" xml:id="POwsd256_u_49"><anchor synch="#POwsd256_oc_2" type="other_continuation" xml:id="POwsd256_oc_3"/> no no yeah <pause/> but <pause dur="PT1S"/></u>
            <u who="#POwsd256_S5" xml:id="POwsd256_u_50"> you can make another <unclear> mention still </unclear> pre<seg n="2" type="overlap" xml:id="POwsd256_ol_20">sum</seg>ably <anchor synch="#POwsd256_oc_5" type="other_continuation" xml:id="POwsd256_oc_4"/></u>
            <u who="#POwsd256_SX-f" xml:id="POwsd256_u_51"><seg n="2" synch="#POwsd256_ol_20" type="overlap" xml:id="POwsd256_ol_21"> yeah </seg></u>
            <u who="#POwsd256_SX-f" xml:id="POwsd256_u_52"><anchor synch="#POwsd256_oc_4" type="other_continuation" xml:id="POwsd256_oc_5"/> mhm yeah </u>
            <u who="#POwsd256_S5" xml:id="POwsd256_u_53"> if we're writing a paper we can <pause/> say what we would <emph> like </emph> to see <pause/><vocal subtype="wordstart" type="wordlike" voice:desc="laughing" voice:syl="1"/><incident voice:desc="soft background laughter"/><shift corresp="#POwsd256_s_10" feature="voice" new="laugh" xml:id="POwsd256_s_9"/><supplied reason="unintelligible"> xxxxx </supplied><shift corresp="#POwsd256_s_9" feature="voice" new="neutral" xml:id="POwsd256_s_10"/><incident voice:desc="S1 stops writing on the whiteboard"/><unclear> whatever </unclear><pause dur="PT1S"/></u>
            <u who="#POwsd256_S1" xml:id="POwsd256_u_54"><shift corresp="#POwsd256_s_12" feature="loud" new="p" xml:id="POwsd256_s_11"/> mhm <shift corresp="#POwsd256_s_11" feature="loud" new="neutral" xml:id="POwsd256_s_12"/></u>
            <u who="#POwsd256_S5" xml:id="POwsd256_u_55"><shift corresp="#POwsd256_s_14" feature="loud" new="p" xml:id="POwsd256_s_13"/> well that's what <supplied reason="unintelligible"> x </supplied> policy paper is about <shift corresp="#POwsd256_s_13" feature="loud" new="neutral" xml:id="POwsd256_s_14"/><pause dur="PT35S"/><incident dur="PT35S" voice:desc="S1 writes on the blackboard "/></u>
            <u who="#POwsd256_S1" xml:id="POwsd256_u_56"> e<c type="lengthening"/>rm <pause/><supplied reason="anonymization"> [S6] </supplied><c function="rise" type="intonation"/></u>
            <u who="#POwsd256_S6" xml:id="POwsd256_u_57"> erm <pause/> coming back on the first and <unclear> the </unclear><pause/> it's not just erm teaching young people and <pause/> and how to be employees but how to <pause/> be <supplied reason="unintelligible"> xxx </supplied><pause/> how to set up their own businesses <pause/><seg n="3" type="overlap" xml:id="POwsd256_ol_22"> erm </seg> and how to get ahead because what we've seen in england is the decrease of small businesses </u>
            <u who="#POwsd256_S1" xml:id="POwsd256_u_58"><seg n="3" synch="#POwsd256_ol_22" type="overlap" xml:id="POwsd256_ol_23"> mhm </seg></u>
            <u who="#POwsd256_S1" xml:id="POwsd256_u_59"> mhm <incident voice:desc="starts writing on the whiteboard"/></u>
            <u who="#POwsd256_S6" xml:id="POwsd256_u_60"> erm and also that leads to the decrease of customer choice where it's therefore falls right into the hands of capitalism <pause/> erm <pause/><vocal type="speaker_noise" voice:desc="swallows"/> and it kind of all works hand in hand if we're gonna fight the wide picture we need to make sure that <pause/><unclear> our young </unclear> people <unclear> erm </unclear><incident voice:desc="S1 stops writing"/> to go forward and create their own <pause/><seg n="4" type="overlap" xml:id="POwsd256_ol_24"> erm bus</seg>inesses with their own sets of standards where we can <incident voice:desc="S1 starts writing on the whiteboard"/> implement <pause/></u>
            <u who="#POwsd256_S1" xml:id="POwsd256_u_61"><seg n="4" synch="#POwsd256_ol_24" type="overlap" xml:id="POwsd256_ol_25"> mhm </seg></u>
            <u who="#POwsd256_S6" xml:id="POwsd256_u_62"> erm <pause/> more workers rights <anchor synch="#POwsd256_oc_7" type="other_continuation" xml:id="POwsd256_oc_6"/></u>
            <u who="#POwsd256_S7" xml:id="POwsd256_u_63"><anchor synch="#POwsd256_oc_6" type="other_continuation" xml:id="POwsd256_oc_7"/> yeah <pause dur="PT3S"/><incident voice:desc="S1 stops writing"/></u>
            <u who="#POwsd256_S1" xml:id="POwsd256_u_64"> so how to encourage young people to set up their own business<c function="rise" type="intonation"/><pause/> or is it <seg n="5" type="overlap" xml:id="POwsd256_ol_26"> not<c function="rise" type="intonation"/></seg></u>
            <u who="#POwsd256_S6" xml:id="POwsd256_u_65"><seg n="5" synch="#POwsd256_ol_26" type="overlap" xml:id="POwsd256_ol_27"> y- </seg> t- t- <pause/> yes </u>
            <u who="#POwsd256_SX" xml:id="POwsd256_u_66"><shift corresp="#POwsd256_s_16" feature="loud" new="p" xml:id="POwsd256_s_15"/><unclear> yes </unclear><shift corresp="#POwsd256_s_15" feature="loud" new="neutral" xml:id="POwsd256_s_16"/><pause dur="PT11S"/><incident dur="PT11S" voice:desc="S1 writes on the whiteboard "/></u>
            <u who="#POwsd256_S6" xml:id="POwsd256_u_67"> or not to <emph> encourage </emph><pause/> but <voice:track medium="1" num="04" type="md"/> to give them a tool so that they can if they want to <pause dur="PT1S"/></u>
            <u who="#POwsd256_S1" xml:id="POwsd256_u_68"> mhm <pause dur="PT2S"/></u>
            <u who="#POwsd256_S6" xml:id="POwsd256_u_69"> erm <pause dur="PT4S"/></u>
            <u who="#POwsd256_S4" xml:id="POwsd256_u_70"> maybe empower <pause/></u>
            <u who="#POwsd256_S6" xml:id="POwsd256_u_71"> hm <pause/></u>
            <u who="#POwsd256_S4" xml:id="POwsd256_u_72"> empo<seg n="6" type="overlap" xml:id="POwsd256_ol_28">wer </seg></u>
            <u who="#POwsd256_S6" xml:id="POwsd256_u_73"><seg n="6" synch="#POwsd256_ol_28" type="overlap" xml:id="POwsd256_ol_29"> emp</seg><seg n="7" type="overlap" xml:id="POwsd256_ol_30">ower </seg><pause/></u>
            <u who="#POwsd256_S1" xml:id="POwsd256_u_74"><seg n="6" synch="#POwsd256_ol_28" type="overlap" xml:id="POwsd256_ol_31"> emp</seg><seg n="7" synch="#POwsd256_ol_30" type="overlap" xml:id="POwsd256_ol_32">ower<c function="rise" type="intonation"/></seg></u>
            <u who="#POwsd256_S6" xml:id="POwsd256_u_75"><unclear> you </unclear> know about that <pause dur="PT6S"/><incident dur="PT5S" voice:desc="S1 writes on the blackboard "/></u>
            <u who="#POwsd256_S7" xml:id="POwsd256_u_76"><unclear> yes also </unclear><pause/></u>
            <u who="#POwsd256_S1" xml:id="POwsd256_u_77"><voice:to who="#POwsd256_S7"><seg n="8" type="overlap" xml:id="POwsd256_ol_33"> yes<c function="rise" type="intonation"/></seg></voice:to></u>
            <u who="#POwsd256_S7" xml:id="POwsd256_u_78"><supplied reason="unintelligible"><seg n="8" synch="#POwsd256_ol_33" type="overlap" xml:id="POwsd256_ol_34"> x x </seg> x x </supplied> that erm <vocal voice:desc="clears throat"/><pause/> like the <voice:pvc> controversity </voice:pvc> between erm implementation at municipal level <pause/> so that the youth pact will be er <pause/> you know er <pause/> more er liberated in depth <pause/> that was e- er what i noticed that the youth pact has to be implemented at municipal level <pause/> but also the problem that is erm <vocal type="speaker_noise" voice:desc="smacks lips"/> h- has been noticed by the national  government that there is a lack of <pause/> erm <pause/> coordination <pause/> as well as between er <pause/> different sectors as between er <pause/> the responsible ministries <pause/> i guess <anchor synch="#POwsd256_oc_9" type="other_continuation" xml:id="POwsd256_oc_8"/></u>
            <u who="#POwsd256_S1" xml:id="POwsd256_u_79"><anchor synch="#POwsd256_oc_8" type="other_continuation" xml:id="POwsd256_oc_9"/> mhm </u>
            <u who="#POwsd256_S7" xml:id="POwsd256_u_80"> and i guess erm the <voice:pvc> controversity </voice:pvc> between er er implementing at a municipal level eve<seg n="9" type="overlap" xml:id="POwsd256_ol_35">n </seg><pause/></u>
            <u who="#POwsd256_S1" xml:id="POwsd256_u_81"><seg n="9" synch="#POwsd256_ol_35" type="overlap" xml:id="POwsd256_ol_36"> hm </seg></u>
            <u who="#POwsd256_S7" xml:id="POwsd256_u_82"> erm <pause dur="PT1S"/> e- er er create <emph> more </emph> fragmentation <pause/></u>
            <u who="#POwsd256_S1" xml:id="POwsd256_u_83"> mhm </u>
            <u who="#POwsd256_S7" xml:id="POwsd256_u_84"> in an in the policy of youth policy <pause/> actually i think that maybe youth organizations er will have a a leading role <pause/><emph> maybe </emph> to er er coordinate erm <pause/></u>
            <u who="#POwsd256_S1" xml:id="POwsd256_u_85"> m<seg n="1" type="overlap" xml:id="POwsd256_ol_37">hm </seg></u>
            <u who="#POwsd256_S7" xml:id="POwsd256_u_86"><seg n="1" synch="#POwsd256_ol_37" type="overlap" xml:id="POwsd256_ol_38"> such </seg> policies <incident voice:desc="somebody starts type-writing"/> at municipal levels<c function="rise" type="intonation"/> or<c function="rise" type="intonation"/></u>
            <u who="#POwsd256_S1" xml:id="POwsd256_u_87"> okay so maybe th- the question then would be how to<c type="lengthening"/> how to coordinate <pause/> the follow-up of the youth pact <seg n="2" type="overlap" xml:id="POwsd256_ol_39"> across </seg> the different </u>
            <u who="#POwsd256_S7" xml:id="POwsd256_u_88"><seg n="2" synch="#POwsd256_ol_39" type="overlap" xml:id="POwsd256_ol_40"> yeah but </seg></u>
            <u who="#POwsd256_S7" xml:id="POwsd256_u_89"> yeah <anchor synch="#POwsd256_oc_11" type="other_continuation" xml:id="POwsd256_oc_10"/></u>
            <u who="#POwsd256_S1" xml:id="POwsd256_u_90"><anchor synch="#POwsd256_oc_10" type="other_continuation" xml:id="POwsd256_oc_11"/> e<c type="lengthening"/>r <pause/> levels <pause/> geographically then </u>
            <u who="#POwsd256_S7" xml:id="POwsd256_u_91"> in order that <seg n="3" type="overlap" xml:id="POwsd256_ol_41"> to be </seg> coordinated </u>
            <u who="#POwsd256_S1" xml:id="POwsd256_u_92"><seg n="3" synch="#POwsd256_ol_41" type="overlap" xml:id="POwsd256_ol_42"> and </seg></u>
            <u who="#POwsd256_S1" xml:id="POwsd256_u_93"> across the different actors who are involved <pause dur="PT1S"/><incident voice:desc="soft background whispers"/> okay <emph> then </emph> we can <pause dur="PT73S"/><incident voice:desc="silence, type-writing continues then ends, S1 writes on the blackboard, sometimes participants whispering"/> anything else<c function="rise" type="intonation"/><pause/></u>
            <u who="#POwsd256_S8" xml:id="POwsd256_u_94"> i just have a a thought on on the first point <pause/> e<c type="lengthening"/>rm <seg n="4" type="overlap" xml:id="POwsd256_ol_43"> i mean </seg> it's just a thought i i see a little bit danger if if <voice:track medium="1" num="05" type="md"/> you erm <pause/></u>
            <u who="#POwsd256_S1" xml:id="POwsd256_u_95"><seg n="4" synch="#POwsd256_ol_43" type="overlap" xml:id="POwsd256_ol_44"> mhm </seg></u>
            <u who="#POwsd256_S8" xml:id="POwsd256_u_96"> go and tell such a thing er to certain er policy makers <pause/> they will immediately erm use it er to go even more in the direction <voice:pvc> employability </voice:pvc> and only produce <pause/> erm or educate people for <pause/> for the the labor market<c function="fall" type="intonation"/><pause/> and i think that's </u>
            <u who="#POwsd256_SX-2" xml:id="POwsd256_u_97"> hm </u>
            <u who="#POwsd256_S8" xml:id="POwsd256_u_98"> hh something we don't <pause/> want i think </u>
            <u who="#POwsd256_S1" xml:id="POwsd256_u_99"> m<seg n="5" type="overlap" xml:id="POwsd256_ol_45">hm </seg></u>
            <u who="#POwsd256_S8" xml:id="POwsd256_u_100"><seg n="5" synch="#POwsd256_ol_45" type="overlap" xml:id="POwsd256_ol_46"> in </seg> the end </u>
            <u who="#POwsd256_SX-2" xml:id="POwsd256_u_101"> hm </u>
            <u who="#POwsd256_S8" xml:id="POwsd256_u_102"> there should also be education for education's sake and <seg n="6" type="overlap" xml:id="POwsd256_ol_47"><emph> not </emph></seg> only education for <pause/></u>
            <u who="#POwsd256_SX-2" xml:id="POwsd256_u_103"><seg n="6" synch="#POwsd256_ol_47" type="overlap" xml:id="POwsd256_ol_48"> mhm </seg></u>
            <u who="#POwsd256_S8" xml:id="POwsd256_u_104"><voice:pvc> employabili<seg n="7" type="overlap" xml:id="POwsd256_ol_49">ty </seg></voice:pvc> erm <voice:to who="#POwsd256_S2"> i know that you don't mean it </voice:to><pause/></u>
            <u who="#POwsd256_SX-2" xml:id="POwsd256_u_105"><seg n="7" synch="#POwsd256_ol_49" type="overlap" xml:id="POwsd256_ol_50"> hm </seg></u>
            <u who="#POwsd256_S8" xml:id="POwsd256_u_106"><seg n="8" type="overlap" xml:id="POwsd256_ol_51"> but i </seg> i <seg n="9" type="overlap" xml:id="POwsd256_ol_52"> think if a <pause/> if if ce</seg>rtain politicians <seg n="1" type="overlap" xml:id="POwsd256_ol_53"> er </seg> see such a suggestion from from young people </u>
            <u who="#POwsd256_S2" xml:id="POwsd256_u_107"><seg n="8" synch="#POwsd256_ol_51" type="overlap" xml:id="POwsd256_ol_54"> hm </seg></u>
            <u who="#POwsd256_S2" xml:id="POwsd256_u_108"><seg n="9" synch="#POwsd256_ol_52" type="overlap" xml:id="POwsd256_ol_55"> yeah but you know it's er the </seg></u>
            <u who="#POwsd256_S2" xml:id="POwsd256_u_109"><seg n="1" synch="#POwsd256_ol_53" type="overlap" xml:id="POwsd256_ol_56"><supplied reason="unintelligible"> x </supplied></seg></u>
            <u who="#POwsd256_S2" xml:id="POwsd256_u_110"> mhm </u>
            <u who="#POwsd256_S8" xml:id="POwsd256_u_111"> they will immediately erm <pause/> and i think there should be a certain er time in in <pause/> er education <pause/> where <pause/> we er <pause/> get only education for education's sake and <pause/></u>
            <u who="#POwsd256_S2" xml:id="POwsd256_u_112"> mhm </u>
            <u who="#POwsd256_SX" xml:id="POwsd256_u_113"> m<seg n="2" type="overlap" xml:id="POwsd256_ol_57">hm </seg></u>
            <u who="#POwsd256_S2" xml:id="POwsd256_u_114"><seg n="2" synch="#POwsd256_ol_57" type="overlap" xml:id="POwsd256_ol_58"> yeah bu</seg><seg n="3" type="overlap" xml:id="POwsd256_ol_59">t we <supplied reason="unintelligible"> x </supplied><pause/> mhm </seg></u>
            <u who="#POwsd256_S8" xml:id="POwsd256_u_115"><shift corresp="#POwsd256_s_18" feature="loud" new="f" xml:id="POwsd256_s_17"/><seg n="2" synch="#POwsd256_ol_57" type="overlap" xml:id="POwsd256_ol_60"> not </seg><shift corresp="#POwsd256_s_17" feature="loud" new="neutral" xml:id="POwsd256_s_18"/><seg n="3" synch="#POwsd256_ol_59" type="overlap" xml:id="POwsd256_ol_61"><shift corresp="#POwsd256_s_20" feature="loud" new="f" xml:id="POwsd256_s_19"/> not <shift corresp="#POwsd256_s_19" feature="loud" new="neutral" xml:id="POwsd256_s_20"/> al- always </seg> a- a- already with the view on erm how can we <pause/> put you on the labor <seg n="4" type="overlap" xml:id="POwsd256_ol_62"> market </seg></u>
            <u who="#POwsd256_S2" xml:id="POwsd256_u_116"><seg n="4" synch="#POwsd256_ol_62" type="overlap" xml:id="POwsd256_ol_63"> yeah but </seg><pause/> you know the- <seg n="1" type="overlap" xml:id="POwsd256_ol_64"> these </seg> are particular <pause/></u>
            <u who="#POwsd256_S8" xml:id="POwsd256_u_117"><seg n="1" synch="#POwsd256_ol_64" type="overlap" xml:id="POwsd256_ol_65"> hm </seg></u>
            <u who="#POwsd256_S2" xml:id="POwsd256_u_118"> er particular solus- solutions <pause/><seg n="2" type="overlap" xml:id="POwsd256_ol_66"> and o</seg>f course it could be <supplied reason="unintelligible"> xxx </supplied><pause/></u>
            <u who="#POwsd256_S8" xml:id="POwsd256_u_119"><seg n="2" synch="#POwsd256_ol_66" type="overlap" xml:id="POwsd256_ol_67"> yeah </seg></u>
            <u who="#POwsd256_S2" xml:id="POwsd256_u_120"> because there are <pause/> er at the graphic <vocal subtype="wordstart" type="wordlike" voice:desc="laughing" voice:syl="1"/><shift corresp="#POwsd256_s_22" feature="voice" new="laugh" xml:id="POwsd256_s_21"/> so <shift corresp="#POwsd256_s_21" feature="voice" new="neutral" xml:id="POwsd256_s_22"/></u>
            <u who="#POwsd256_SS" xml:id="POwsd256_u_121"><vocal subtype="wordstart" type="wordlike" voice:desc="laughing" voice:syl="1"/><seg n="3" type="overlap" xml:id="POwsd256_ol_68"><vocal type="wordlike" voice:desc="laughing" voice:syl="2"/></seg></u>
            <u who="#POwsd256_S2" xml:id="POwsd256_u_122"><seg n="3" synch="#POwsd256_ol_68" type="overlap" xml:id="POwsd256_ol_69"><shift corresp="#POwsd256_s_24" feature="voice" new="laugh" xml:id="POwsd256_s_23"/><supplied reason="unintelligible"> x </supplied><shift corresp="#POwsd256_s_23" feature="voice" new="neutral" xml:id="POwsd256_s_24"/></seg><pause/> di- different e<c type="lengthening"/>r <pause/> er directions like <pause/> e<c type="lengthening"/>rm <vocal type="speaker_noise" voice:desc="smacks lips"/><pause/> ability to move on labor market </u>
            <u who="#POwsd256_S8" xml:id="POwsd256_u_123"> hm <anchor synch="#POwsd256_oc_13" type="other_continuation" xml:id="POwsd256_oc_12"/></u>
            <u who="#POwsd256_S2" xml:id="POwsd256_u_124"><anchor synch="#POwsd256_oc_12" type="other_continuation" xml:id="POwsd256_oc_13"/> which is <pause/><emph> really </emph> important </u>
            <u who="#POwsd256_S8" xml:id="POwsd256_u_125"> yeah </u>
            <u who="#POwsd256_S2" xml:id="POwsd256_u_126"> what you say <anchor synch="#POwsd256_oc_15" type="other_continuation" xml:id="POwsd256_oc_14"/></u>
            <u who="#POwsd256_S8" xml:id="POwsd256_u_127"><anchor synch="#POwsd256_oc_14" type="other_continuation" xml:id="POwsd256_oc_15"/> yeah </u>
            <u who="#POwsd256_S2" xml:id="POwsd256_u_128"> about educational <pause/> e<c type="lengthening"/>r <pause/> needs </u>
            <u who="#POwsd256_S8" xml:id="POwsd256_u_129"> hm <anchor synch="#POwsd256_oc_17" type="other_continuation" xml:id="POwsd256_oc_16"/></u>
            <u who="#POwsd256_S2" xml:id="POwsd256_u_130"><anchor synch="#POwsd256_oc_16" type="other_continuation" xml:id="POwsd256_oc_17"/> and e<c type="lengthening"/>r and realizing them <pause/> er is also important </u>
            <u who="#POwsd256_S8" xml:id="POwsd256_u_131"> mhm yeah <pause/></u>
            <u who="#POwsd256_S2" xml:id="POwsd256_u_132"> yeah but i wouldn't e<c type="lengthening"/>r </u>
            <u who="#POwsd256_S8" xml:id="POwsd256_u_133"> hm <anchor synch="#POwsd256_oc_19" type="other_continuation" xml:id="POwsd256_oc_18"/></u>
            <u who="#POwsd256_S2" xml:id="POwsd256_u_134"><anchor synch="#POwsd256_oc_18" type="other_continuation" xml:id="POwsd256_oc_19"/> delete it </u>
            <u who="#POwsd256_S8" xml:id="POwsd256_u_135"> no <seg n="4" type="overlap" xml:id="POwsd256_ol_70"> no </seg><pause/></u>
            <u who="#POwsd256_SX" xml:id="POwsd256_u_136"><seg n="4" synch="#POwsd256_ol_70" type="overlap" xml:id="POwsd256_ol_71"> hm </seg></u>
            <u who="#POwsd256_S8" xml:id="POwsd256_u_137"> i <seg n="5" type="overlap" xml:id="POwsd256_ol_72"> i think </seg> i only i i mean <emph> mainly </emph> i wanted to mention it for the <pause/></u>
            <u who="#POwsd256_SX-2" xml:id="POwsd256_u_138"><seg n="5" synch="#POwsd256_ol_72" type="overlap" xml:id="POwsd256_ol_73"> mhm </seg></u>
            <u who="#POwsd256_S8" xml:id="POwsd256_u_139"> how is it formulated in the in the resoluti<seg n="6" type="overlap" xml:id="POwsd256_ol_74">on </seg></u>
            <u who="#POwsd256_S2" xml:id="POwsd256_u_140"><seg n="6" synch="#POwsd256_ol_74" type="overlap" xml:id="POwsd256_ol_75"> m</seg>hm </u>
            <u who="#POwsd256_S1" xml:id="POwsd256_u_141"><shift corresp="#POwsd256_s_26" feature="loud" new="p" xml:id="POwsd256_s_25"/><unclear> yeah </unclear><shift corresp="#POwsd256_s_25" feature="loud" new="neutral" xml:id="POwsd256_s_26"/></u>
            <u who="#POwsd256_S8" xml:id="POwsd256_u_142"><shift corresp="#POwsd256_s_28" feature="loud" new="p" xml:id="POwsd256_s_27"/><unclear> thought </unclear><shift corresp="#POwsd256_s_27" feature="loud" new="neutral" xml:id="POwsd256_s_28"/><pause/></u>
            <u who="#POwsd256_S1" xml:id="POwsd256_u_143"> good i think this is an important point that we can e<c type="lengthening"/>rm <pause/> er when we <pause/><unclear> good i'm </unclear> i will again to split you up in <pause/> not in three groups this time but only <pause/> in two <pause/> e<c type="lengthening"/>r to discuss these questions <pause/> e<c type="lengthening"/>rm <pause dur="PT1S"/> in the framework of of again some <pause dur="PT1S"/> some other questions and how <pause/> i <unclear> won't </unclear> give you the same ones as yesterday you might be a bit tired of those </u>
            <u who="#POwsd256_SX" xml:id="POwsd256_u_144"><vocal subtype="wordstart" type="wordlike" voice:desc="laughing" voice:syl="4"/></u>
            <u who="#POwsd256_S1" xml:id="POwsd256_u_145"> erm <pause/> and then we can e<c type="lengthening"/>r we can discuss this in more detail and afterwards we can <pause dur="PT1S"/> er bring in <unclear> back </unclear> to the in in the group and <pause/> have a discussion at the end before we can <pause/> before you wrap up <pause/> and er <pause/> give er <pause dur="PT1S"/> the mandate and the mission to er </u>
            <u who="#POwsd256_SX" xml:id="POwsd256_u_146"><vocal subtype="wordstart" type="wordlike" voice:desc="laughing" voice:syl="2"/><pause dur="PT1S"/><incident dur="PT1S" voice:desc="very soft background laughter "/></u>
            <u who="#POwsd256_S1" xml:id="POwsd256_u_147"> to the rapporteur to erm <pause/> bring it all into the er into the final declaration the final text <pause dur="PT1S"/> good <pause/> e<c type="lengthening"/>rm <pause/> i will give you some questions i will write them down <unclear> and i'll </unclear> e<c type="lengthening"/>rm <pause/> er er <pause/> not to lose too much time already <pause/> read them out to you so you can start <pause/> discussing them e<c type="lengthening"/>rm <pause/><unclear> i'd </unclear> like to break you up in two <pause dur="PT1S"/> groups <pause/> erm <pause/> maybe to not have the s- not <shift corresp="#POwsd256_s_30" feature="tempo" new="a" xml:id="POwsd256_s_29"/> not to be talking to the same people as yesterday <shift corresp="#POwsd256_s_29" feature="tempo" new="neutral" xml:id="POwsd256_s_30"/><pause/><incident voice:desc="numbers the participants"/> one two one <voice:track medium="1" num="06" type="md"/> two one two one two one <pause/> two </u>
            <u who="#POwsd256_S8" xml:id="POwsd256_u_148"> mhm </u>
            <u who="#POwsd256_S1" xml:id="POwsd256_u_149"> so and then <pause/> there is one to go on this side <pause/><incident voice:desc="participants start packing their things and moving"/> and the two on this side of the <pause/> of the room <pause dur="PT1S"/><incident voice:desc="soft parallel conversation"/> e<c type="lengthening"/>rm <pause dur="PT1S"/> the questions that you should e<c type="lengthening"/>r <pause dur="PT1S"/> the main questions <unclear> we </unclear> may- er maybe <pause/> we're going to discuss is <pause/> on the basis of the<c type="lengthening"/> erm of what <pause/> what you heard <incident voice:desc="somebody clears throat at length"/> in the plenary  this morning <incident voice:desc="sounds of packing and moving end"/><pause/> e<c type="lengthening"/>rm how would you s- <pause dur="PT2S"/> how would you see what <pause/> the youth pact <pause dur="PT1S"/> has achieved so far it's e<c type="lengthening"/>rm <pause/> already more than a year old let's say that the ideas are <unclear> already </unclear> a year and a half old <pause/> e<c type="lengthening"/>rm <pause dur="PT1S"/> and <pause dur="PT2S"/> also in what way this in what way the h- er <pause dur="PT1S"/> did m- did my organization of the <supplied reason="unintelligible"> x </supplied> er <pause/> did my <supplied reason="unintelligible"> xxx </supplied> become involved in the in the youth pact <pause dur="PT1S"/> e<c type="lengthening"/>r so far <pause/> and then er the second question <pause/> and that will be the main one to address what do you <pause/> what do we expect <pause dur="PT1S"/> from e<c type="lengthening"/>r <pause/> from the european youth pact<c function="fall" type="intonation"/><pause/> er that's <unclear> definitely </unclear> the <incident voice:desc="sound of rustling paper starts"/> let's say the answers to the first question <unclear> will be </unclear> quite negative <pause dur="PT1S"/> it's <pause/><supplied reason="unintelligible"> xx </supplied> probably quite clear okay what <pause dur="PT1S"/> e<c type="lengthening"/>rm <pause/> let's say that the first steps have been set and <incident voice:desc="sound of rustling paper ends"/><pause/> apparently there seems to <unclear> be </unclear> some coordination some involved already of different actors <pause/> but <pause/> where do you want to go with this er with this whole process <pause/> e<c type="lengthening"/>rm so what do we expect from the european youth pact and what <pause/> e<c type="lengthening"/>r <pause dur="PT1S"/> er in what way <pause/> would we like to be should youth organizations be involved <pause/> in the <pause/> in the follow-up of the youth pact </u>
            <u who="#POwsd256_SX" xml:id="POwsd256_u_150"> mh<seg n="7" type="overlap" xml:id="POwsd256_ol_76">m </seg></u>
            <u who="#POwsd256_S1" xml:id="POwsd256_u_151"><seg n="7" synch="#POwsd256_ol_76" type="overlap" xml:id="POwsd256_ol_77"> those </seg> are the four questions <incident voice:desc="sound of rustling paper starts"/> erm again four as as yesterday<c function="fall" type="intonation"/><pause/> e<c type="lengthening"/>rm <pause dur="PT1S"/><incident voice:desc="sound of rustling paper ends"/> when it comes to time we hav- we have th- the<c type="lengthening"/> we have to end at six o'clock because we have to go back into er <pause/> working groups then <unclear> and i w- </unclear> i <seg n="8" type="overlap" xml:id="POwsd256_ol_78"> would like </seg> to have <pause/></u>
            <u who="#POwsd256_SX-f" xml:id="POwsd256_u_152"><seg n="8" synch="#POwsd256_ol_78" type="overlap" xml:id="POwsd256_ol_79"> mhm </seg></u>
            <u who="#POwsd256_S1" xml:id="POwsd256_u_153"> half an hour at the end at least to discuss everything <unclear> the </unclear><emph> whole </emph> group so that we can agree on <pause/> common messages <pause/> so i would <pause/> give you around forty-five minutes <pause dur="PT1S"/><shift corresp="#POwsd256_s_32" feature="loud" new="p" xml:id="POwsd256_s_31"/> to discuss it <unclear> in the </unclear> two groups <shift corresp="#POwsd256_s_31" feature="loud" new="neutral" xml:id="POwsd256_s_32"/><pause/> that okay<c function="rise" type="intonation"/></u>
            <u who="#POwsd256_SX-f" xml:id="POwsd256_u_154"> mhm <pause dur="PT1S"/></u>
            <u who="#POwsd256_S1" xml:id="POwsd256_u_155"> okay<c function="fall" type="intonation"/><pause/> go <incident voice:desc="loud background noise, SS start to form smaller groups"/></u>
         </div>
      </body>
   </text>
</TEI>