<TEI xmlns="http://www.tei-c.org/ns/1.0" xmlns:voice="http://www.univie.ac.at/voice/ns/1.0" xmlns:xi="http://www.w3.org/2001/XInclude" version="5" xml:id="POwsd376" xml:lang="eng">
   <teiHeader>
      <fileDesc>
         <titleStmt>
            <title>workshop discussion on the European youth pact with presentation of discussions in subgroups </title>
            <principal>Prof. Barbara Seidlhofer</principal>
            <editor/>
            <funder>Austrian Science Foundation (FWF)</funder>
            <sponsor/>
            <respStmt>
               <resp>Corpus Compilation</resp>
               <orgName>VOICE Project</orgName>
               <persName>Barbara Seidlhofer</persName>
               <persName>Angelika Breiteneder</persName>
               <persName>Marie-Luise Pitzl</persName>
               <persName>Stefan Majewski</persName>
               <persName>Theresa Klimpfinger</persName>
            </respStmt>
         </titleStmt>
         <editionStmt>
		<edition>Version 1.0 XML, <date>May 2011</date></edition>
	  <respStmt>
		<resp>Researchers</resp>
		<name>Barbara Seidlhofer</name> 		
		<name>Angelika Breiteneder</name> 
		<name>Theresa Klimpfinger</name> 
		<name>Stefan Majewski</name> 
		<name>Marie-Luise Pitzl</name> 
	  </respStmt>
	</editionStmt>
         <publicationStmt>
		<publisher>Barbara Seidlhofer, Stefan Majewski, Marie-Luise Pitzl</publisher> 
	  <distributor>VOICE Project, University of Vienna, Austria</distributor> 
	  <address>
		<addrLine>Spitalgasse 2, AAKH Hof 8</addrLine> 
		<addrLine>1090 Vienna</addrLine> 
		<addrLine>Austria</addrLine> 
		<addrLine>Telephone: +43 1 427742446</addrLine> 
	  	<addrLine>Email: voice@univie.ac.at</addrLine> 
		<addrLine>Website: http://www.univie.ac.at/voice</addrLine> 
	  </address>
	  <availability status="free">
	  	<p>
		  The Vienna-Oxford International Corpus of English (VOICE)
		  was created by Barbara Seidlhofer (project director) and
		  Angelika Breiteneder, Theresa Klimpfinger, Stefan Majewski,
		  Marie-Luise Pitzl (project researchers). VOICE 1.0 XML is
		  available for download at the VOICE Project's website <ref target="http://www.univie.ac.at/voice/">http://www.univie.ac.at/voice/</ref>
		  under a Creative Commons
		  Attribution-NonCommercial-ShareAlike 3.0 Unported (CC
		  BY-NC-SA 3.0) License (<ref target="http://creativecommons.org/licenses/by-nc-sa/3.0/">
		  http://creativecommons.org/licenses/by-nc-sa/3.0/
		  </ref>). The original audio files are held at the Department
		  of English, University of Vienna. 23 selected audio files
		  are available as audio streams in the VOICE Online interface
		  at the VOICE Project's website <ref target="http://www.univie.ac.at/voice">http://www.univie.ac.at/voice</ref>.
		</p>
		<p>
		The recommended citation for VOICE 1.0 XML is:
		</p>
		<p>
		<bibl><title>VOICE</title>. <date>2011</date>. <title level="m">The Vienna-Oxford International Corpus of
		English</title> (<edition>version 1.0
		XML</edition>). Director: Barbara Seidlhofer; Researchers:
		Angelika Breiteneder, Theresa Klimpfinger, Stefan Majewski,
		Marie-Luise Pitzl.</bibl>
		</p>
		<p>The short citation for VOICE 1.0 XML is:
		</p>
		<p>
		<bibl><title>VOICE</title>. <date>2011</date>. <title level="m">The Vienna-Oxford International Corpus of
		English</title> (<edition>version 1.0
		XML</edition>).</bibl></p>
		<p>
		  For further information about availability and copyright
		  permissions, please see the README file included in the
		  download package. For further enquiries please contact the
		  VOICE Project at <ref target="mailto:voice@univie.ac.at">voice@univie.ac.at</ref>.
		</p>
	  </availability>
	</publicationStmt>
         <notesStmt>
            <note xml:id="POwsd376_wc">Words: 3407</note>
            <note xml:id="POwsd376_tn_0">This workshop discussion is on the European youth pact and the job situation of young people in Europe. The participants are representatives of different European youth organizations. They present the outcomes of what they discussed in small sub-groups before this event. They know each other from previous discussions, the atmosphere is relaxed and friendly.    </note>
         </notesStmt>
         <sourceDesc>
            <recordingStmt>
               <recording dur="PT00H23M03S" type="audio">
                  <date>2006-06-03</date>
                  <equipment>
                     <p>Portable minidisc recorder with electret condenser stereo microphone</p>
                  </equipment>
                  <respStmt>
                     <resp>recording</resp>
                     <name>R4</name>
                  </respStmt>
               </recording>
            </recordingStmt>
         </sourceDesc>
      </fileDesc>
      <encodingDesc>
         <classDecl>
            <taxonomy>
               <category xml:id="POwsd376_domain">
                  <catDesc>Domain</catDesc>
                  <category sameAs="#ED" xml:id="POwsd376_ED">
                     <catDesc>educational</catDesc>
                  </category>
                  <category sameAs="#LE" xml:id="POwsd376_LE">
                     <catDesc>leisure</catDesc>
                  </category>
                  <category sameAs="#PB" xml:id="POwsd376_PB">
                     <catDesc>professional business</catDesc>
                  </category>
                  <category sameAs="#PO" xml:id="POwsd376_PO">
                     <catDesc>professional organizational</catDesc>
                  </category>
                  <category sameAs="#PR" xml:id="POwsd376_PR">
                     <catDesc>professional research/science</catDesc>
                  </category>
               </category>
               <category xml:id="POwsd376_spet">
                  <catDesc>Speech Event Type</catDesc>
                  <category sameAs="#int" xml:id="POwsd376_int">
                     <catDesc>interview</catDesc>
                  </category>
                  <category sameAs="#prc" xml:id="POwsd376_prc">
                     <catDesc>press conference</catDesc>
                  </category>
                  <category sameAs="#sve" xml:id="POwsd376_sve">
                     <catDesc>service encounter</catDesc>
                  </category>
                  <category sameAs="#sed" xml:id="POwsd376_sed">
                     <catDesc>seminar discussion</catDesc>
                  </category>
                  <category sameAs="#wgd" xml:id="POwsd376_wgd">
                     <catDesc>working group discussion</catDesc>
                  </category>
                  <category sameAs="#wsd" xml:id="POwsd376_wsd">
                     <catDesc>workshop discussion</catDesc>
                  </category>
                  <category sameAs="#mtg" xml:id="POwsd376_mtg">
                     <catDesc>meeting</catDesc>
                  </category>
                  <category sameAs="#pan" xml:id="POwsd376_pan">
                     <catDesc>panel</catDesc>
                  </category>
                  <category sameAs="#qas" xml:id="POwsd376_qas">
                     <catDesc>question-answer session</catDesc>
                  </category>
                  <category sameAs="#con" xml:id="POwsd376_con">
                     <catDesc>conversation</catDesc>
                  </category>
               </category>
            </taxonomy>
         </classDecl>
         <tagsDecl><namespace name="http://www.tei-c.org/ns/1.0">
      <tagUsage gi="TEI" occurs="1"/>
      <tagUsage gi="teiHeader" occurs="1"/>
      <tagUsage gi="fileDesc" occurs="1"/>
      <tagUsage gi="titleStmt" occurs="1"/>
      <tagUsage gi="title" occurs="5"/>
      <tagUsage gi="principal" occurs="1"/>
      <tagUsage gi="editor" occurs="1"/>
      <tagUsage gi="funder" occurs="1"/>
      <tagUsage gi="sponsor" occurs="1"/>
      <tagUsage gi="respStmt" occurs="3"/>
      <tagUsage gi="resp" occurs="3"/>
      <tagUsage gi="orgName" occurs="1"/>
      <tagUsage gi="persName" occurs="5"/>
      <tagUsage gi="editionStmt" occurs="1"/>
      <tagUsage gi="edition" occurs="3"/>
      <tagUsage gi="date" occurs="4"/>
      <tagUsage gi="name" occurs="8"/>
      <tagUsage gi="publicationStmt" occurs="1"/>
      <tagUsage gi="publisher" occurs="1"/>
      <tagUsage gi="distributor" occurs="1"/>
      <tagUsage gi="address" occurs="1"/>
      <tagUsage gi="addrLine" occurs="6"/>
      <tagUsage gi="availability" occurs="1"/>
      <tagUsage gi="p" occurs="7"/>
      <tagUsage gi="ref" occurs="5"/>
      <tagUsage gi="bibl" occurs="2"/>
      <tagUsage gi="notesStmt" occurs="1"/>
      <tagUsage gi="note" occurs="2"/>
      <tagUsage gi="sourceDesc" occurs="1"/>
      <tagUsage gi="recordingStmt" occurs="1"/>
      <tagUsage gi="recording" occurs="1"/>
      <tagUsage gi="equipment" occurs="1"/>
      <tagUsage gi="encodingDesc" occurs="1"/>
      <tagUsage gi="classDecl" occurs="1"/>
      <tagUsage gi="taxonomy" occurs="1"/>
      <tagUsage gi="category" occurs="17"/>
      <tagUsage gi="catDesc" occurs="17"/>
      <tagUsage gi="tagsDecl" occurs="1"/>
      <tagUsage gi="namespace" occurs="2"/>
      <tagUsage gi="tagUsage" occurs="80"/>
      <tagUsage gi="gi" occurs="5"/>
      <tagUsage gi="att" occurs="12"/>
      <tagUsage gi="list" occurs="10"/>
      <tagUsage gi="label" occurs="17"/>
      <tagUsage gi="val" occurs="39"/>
      <tagUsage gi="item" occurs="37"/>
      <tagUsage gi="profileDesc" occurs="1"/>
      <tagUsage gi="textClass" occurs="1"/>
      <tagUsage gi="catRef" occurs="2"/>
      <tagUsage gi="settingDesc" occurs="1"/>
      <tagUsage gi="setting" occurs="1"/>
      <tagUsage gi="locale" occurs="1"/>
      <tagUsage gi="activity" occurs="1"/>
      <tagUsage gi="particDesc" occurs="1"/>
      <tagUsage gi="listPerson" occurs="4"/>
      <tagUsage gi="personGrp" occurs="2"/>
      <tagUsage gi="person" occurs="20"/>
      <tagUsage gi="age" occurs="9"/>
      <tagUsage gi="sex" occurs="9"/>
      <tagUsage gi="occupation" occurs="9"/>
      <tagUsage gi="langKnowledge" occurs="9"/>
      <tagUsage gi="langKnown" occurs="9"/>
      <tagUsage gi="relationGrp" occurs="1"/>
      <tagUsage gi="relation" occurs="2"/>
      <tagUsage gi="revisionDesc" occurs="1"/>
      <tagUsage gi="change" occurs="5"/>
      <tagUsage gi="text" occurs="1"/>
      <tagUsage gi="body" occurs="1"/>
      <tagUsage gi="div" occurs="1"/>
      <tagUsage gi="u" occurs="244">Used to mark a stretch of speech commonly
		preceded and followed by a pause or by a change of speaker. A
		<gi>u</gi> is, however, not required to be bounded by a pause or
		a change of speaker, nor does it represent a turn in a
		conversation analytic sense. At a minimum, a <gi>u</gi> is some
		phonetic production or noise made by a given speaker or a group of speakers.</tagUsage>
      <tagUsage gi="supplied" occurs="52">Used to mark text supplied by the
		transcriber because the original is unintelligible or needed to
		be anonymized. The <att>reason</att> attribute is used to mark:
		<list>
		  <label><val>unintelligible</val></label><item>unintelligible
		  speech</item>
		  <label><val>anonymization</val></label><item>anonymized
		  speech</item>
		</list>
		</tagUsage>
      <tagUsage gi="pause" occurs="355">Used to mark a pause either between or
		within utterances. Used without <att>dur</att> attribute to
		indicate a brief pause up to half a second.
		</tagUsage>
      <tagUsage gi="anchor" occurs="25">Used to mark other-continuation,
		i.e. whenever a speaker continues another speaker's <gi>u</gi>
		without a pause. Other-continuation is to be interpreted
		temporally and does not relate to form or content of the
		speakers' utterances.</tagUsage>
      <tagUsage gi="seg" occurs="143">Used with different <att>type</att> attributes to mark:
		<list>
		  <label><att>type</att><val>overlap</val></label>
		  <item>overlaps</item>
		  <label><att>type</att><val>onomatopoeia</val></label>
		  <item>onomatopoeic sounds</item>
		  <label><att>type</att><val>ipa</val></label>
		  <item>transcriptions in the international phonetic alphabet</item>
		</list>
		</tagUsage>
      <tagUsage gi="unclear" occurs="70">Used to mark speech which cannot be
		transcribed with certainty, because it is difficult to hear or
		understand for the transcriber.</tagUsage>
      <tagUsage gi="vocal" occurs="83">Used to mark laughter and other speaker
		noises and non-verbal feedback.
        <list>
          <label>
            <val>speaker_noise</val>
          </label>
          <item>
            <list>
              <item>
                <val>coughing</val>
              </item>
              <item>
                <val>nods</val>
              </item>
              <item>
                <val>shakes head</val>
              </item>
              <item>
                <val>smacks lips</val>
              </item>
              <item>
                <val>sniffs</val>
              </item>
              <item>
                <val>swallows</val>
              </item>
              <item>
                <val>whistles</val>
              </item>
            </list>
          </item>
          <label>
            <val>wordlike</val>
          </label>
          <item>
            <val>laughing</val>
          </item>
        </list>
        </tagUsage>
      <tagUsage gi="incident" occurs="54">Used to mark contextual information
		relevant to the understanding of the interaction or the
		interaction as such. The <att>voice:desc</att> attribute
		provides a short prose description of the contextual
		event.</tagUsage>
      <tagUsage gi="shift" occurs="126">Used to mark the point at which some
		paralinguistic feature changes. The following attribute values
		are used to mark:
		<list>
          <label>
            <val>voice</val>
          </label>
          <item>voice quality
          <list>
            <item><val>imitating</val></item>
            <item><val>laugh</val></item>
            <item><val>neutral</val></item>
            <item><val>phone</val></item>
            <item><val>reading</val></item>
            <item><val>reading_aloud</val></item>
            <item><val>sigh</val></item>
            <item><val>singing</val></item>
            <item><val>whisp</val></item>
            <item><val>yawning</val></item>
          </list>
          </item>
          <label>
          <val>tempo</val></label>
          <item>speed of utterance
            <list>
              <label><val>a</val></label>
              <item>accelerando</item>
              <label><val>l</val></label>
              <item>lento</item>
              <label><val>neutral</val></label>
              <item>neutral</item>
            </list>
          </item>
          <label>
          <val>loud</val></label>
          <item>loudness
            <list>
              <item><val>f</val></item>
              <item><val>neutral</val></item>
              <item><val>p</val></item>
            </list>
          </item>
		  </list>
		</tagUsage>
      <tagUsage gi="c" occurs="78">Used to mark lengthening of sounds and
		intonation (fall, rise). The following <att>type</att>
		attributes are used to mark:
		<list>
		  <label><val>lengthening</val></label><item>lengthened
		  sounds</item>
		  <label><val>intonation</val></label><item>a significant change in
		  intonation, marked with the following <att>function</att>
		  attribute for:
		  <list>
			<label><val>fall</val></label><item>falling
			intonation</item>
			<label><val>rise</val></label><item>rising intonation</item>
		  </list>
		</item>
		</list>
		Intonation may or may not coincide with
		syntactic boundaries.
		</tagUsage>
      <tagUsage gi="w" occurs="1">
		  Used with the <att>type</att> attribute set to
		  <val>spelt</val> to mark words or word fragments which are
		  spelt out, i.e. words whose constituents are pronounced as
		  individual letters.
		</tagUsage>
      <tagUsage gi="emph" occurs="45">Used to mark speech which is stressed or
		emphasized in a way that goes beyond regular nuclear
		stress.</tagUsage></namespace><namespace name="http://www.univie.ac.at/voice/ns/1.0">
      <tagUsage gi="voice:track" occurs="7">Used to mark the beginning of a new
		audio track used in transcription (usually three minutes in length) and thus refers to the audio recording
		of the transcribed speech event.
		</tagUsage>
      <tagUsage gi="voice:pvc" occurs="4">Used to mark a pronunciation variation
		or coinage as described in <ref target="http://www.univie.ac.at/voice/documents/VOICE_mark-up_conventions_v2-1.pdf">the
			VOICE mark-up conventions [2.1].</ref>the
			VOICE mark-up conventions [2.1]. An existing word corresponding to the PVC may be provided within a <att>comment</att>comment attribute within the <gi>voice:pvc</gi>voice:pvc element. Additional phonetic
			transcription may be provided within a <att>voice:ipa</att>voice:ipa attribute
			within the <gi>voice:pvc</gi>voice:pvc element.</tagUsage></namespace></tagsDecl>
      </encodingDesc>
      <profileDesc>
         <textClass>
            <catRef target="#POwsd376_PO #POwsd376_wsd"/>
            <catRef target="#PO #wsd"/>
         </textClass>
         <settingDesc>
            <setting>
               <name type="country">AT</name>
               <name type="city">Stockerau</name>
               <locale>seminar room at hotel</locale>
               <activity>taking notes on whiteboard</activity>
            </setting>
         </settingDesc>
         <particDesc>
            <listPerson type="main">
               <listPerson type="groups">
                  <personGrp role="speakers" size="9"/>
                  <personGrp role="interactants" size="9"/>
               </listPerson>
               <listPerson type="identified">
                  <person role="chair" sameAs="#P332" xml:id="POwsd376_S1">
                     <age value="2">25-34</age>
                     <sex value="1">male</sex>
                     <occupation>representative of European youth organization</occupation>
                     <langKnowledge>
                        <langKnown level="L1" tag="dut-BE"/>
                     </langKnowledge>
                  </person>
                  <person role="participant" sameAs="#P336" xml:id="POwsd376_S2">
                     <age value="2">25-34</age>
                     <sex value="2">female</sex>
                     <occupation>representative of European youth organization</occupation>
                     <langKnowledge>
                        <langKnown level="L1" tag="pol-PL"/>
                     </langKnowledge>
                  </person>
                  <person role="participant" sameAs="#P337" xml:id="POwsd376_S3">
                     <age value="2">25-34</age>
                     <sex value="1">male</sex>
                     <occupation>representative of European youth organization</occupation>
                     <langKnowledge>
                        <langKnown level="L1" tag="fre-FR"/>
                     </langKnowledge>
                  </person>
                  <person role="participant" sameAs="#P338" xml:id="POwsd376_S4">
                     <age value="2">25-34</age>
                     <sex value="2">female</sex>
                     <occupation>representative of European youth organization</occupation>
                     <langKnowledge>
                        <langKnown level="L1" tag="ger-AT"/>
                     </langKnowledge>
                  </person>
                  <person role="participant" sameAs="#P339" xml:id="POwsd376_S5">
                     <age value="2">25-34</age>
                     <sex value="2">female</sex>
                     <occupation>representative of European youth organization</occupation>
                     <langKnowledge>
                        <langKnown level="L1" tag="eng-GB"/>
                     </langKnowledge>
                  </person>
                  <person role="participant" sameAs="#P343" xml:id="POwsd376_S10">
                     <age value="2">25-34</age>
                     <sex value="1">male</sex>
                     <occupation>representative of European youth organization</occupation>
                     <langKnowledge>
                        <langKnown level="L1" tag="fre"/>
                     </langKnowledge>
                  </person>
                  <person role="participant" sameAs="#P342" xml:id="POwsd376_S8">
                     <age value="2">25-34</age>
                     <sex value="2">female</sex>
                     <occupation>representative of European youth organization</occupation>
                     <langKnowledge>
                        <langKnown level="L1" tag="ger-AT"/>
                     </langKnowledge>
                  </person>
                  <person role="participant" sameAs="#P341" xml:id="POwsd376_S7">
                     <age value="2">25-34</age>
                     <sex value="2">female</sex>
                     <occupation>representative of European youth organization</occupation>
                     <langKnowledge>
                        <langKnown level="L1" tag="dut"/>
                     </langKnowledge>
                  </person>
                  <person role="participant" sameAs="#P340" xml:id="POwsd376_S9">
                     <age value="2">25-34</age>
                     <sex value="2">female</sex>
                     <occupation>representative of European youth organization</occupation>
                     <langKnowledge>
                        <langKnown level="L1" tag="eng-GB"/>
                     </langKnowledge>
                  </person>
               </listPerson>
               <listPerson type="not_identified">
                  <person corresp="#POwsd376_S9" sameAs="#SX" xml:id="POwsd376_SX-9"/>
                  <person corresp="#POwsd376_S3" sameAs="#SX" xml:id="POwsd376_SX-3"/>
                  <person sameAs="#SS" xml:id="POwsd376_SS"/>
                  <person corresp="#POwsd376_S2" sameAs="#SX" xml:id="POwsd376_SX-2"/>
                  <person corresp="#POwsd376_S10" sameAs="#SX" xml:id="POwsd376_SX-10"/>
                  <person corresp="#POwsd376_S1" sameAs="#SX" xml:id="POwsd376_SX-1"/>
                  <person corresp="#POwsd376_S4" sameAs="#SX" xml:id="POwsd376_SX-4"/>
                  <person sameAs="#SX-f" xml:id="POwsd376_SX-f"/>
                  <person sameAs="#SX-m" xml:id="POwsd376_SX-m"/>
                  <person corresp="#POwsd376_S5" sameAs="#SX" xml:id="POwsd376_SX-5"/>
                  <person sameAs="#SX" xml:id="POwsd376_SX"/>
               </listPerson>
               <relationGrp>
                  <relation mutual="#POwsd376_S1 #POwsd376_S10 #POwsd376_S2 #POwsd376_S3 #POwsd376_S4 #POwsd376_S5 #POwsd376_S7 #POwsd376_S8 #POwsd376_S9" name="fairly_symmetrical" type="power"/>
                  <relation mutual="#POwsd376_S1 #POwsd376_S10 #POwsd376_S2 #POwsd376_S3 #POwsd376_S4 #POwsd376_S5 #POwsd376_S7 #POwsd376_S8 #POwsd376_S9" name="predominantly_acquainted" type="acquaintedness"/>
               </relationGrp>
            </listPerson>
         </particDesc>
      </profileDesc>
      <revisionDesc>
         <change when="2009-05-19" who="SM">conversion to XML</change>
         <change when="2009-05-14" who="TK">finalized for publication</change>
         <change when="2008-08-15" who="TK">proof-reading</change>
         <change when="2007-05-04" who="JL">checking</change>
         <change when="2006-12-20" who="LS">transcription</change>
      </revisionDesc>
   </teiHeader>
   <text>
      <body>
         <div type="medium" voice:end="02:03" voice:end_medium_number="1" voice:end_track="8" voice:medium_type="md" voice:start="00:00:00" voice:start_medium_number="1" voice:start_track="1">
            <u who="#POwsd376_S1" xml:id="POwsd376_u_1"><supplied reason="anonymization"> [S5] </supplied><pause dur="PT1S"/> can you or <anchor synch="#POwsd376_oc_1" type="other_continuation" xml:id="POwsd376_oc_0"/></u>
            <u who="#POwsd376_S5" xml:id="POwsd376_u_2"><anchor synch="#POwsd376_oc_0" type="other_continuation" xml:id="POwsd376_oc_1"/> er <anchor synch="#POwsd376_oc_3" type="other_continuation" xml:id="POwsd376_oc_2"/></u>
            <u who="#POwsd376_S1" xml:id="POwsd376_u_3"><supplied reason="unintelligible"> xxx </supplied><seg n="1" type="overlap" xml:id="POwsd376_ol_0"><supplied reason="unintelligible"> x </supplied> from </seg> your <seg n="2" type="overlap" xml:id="POwsd376_ol_1"> group </seg></u>
            <u who="#POwsd376_SX-9" xml:id="POwsd376_u_4"><seg n="1" synch="#POwsd376_ol_0" type="overlap" xml:id="POwsd376_ol_2"><unclear> fight </unclear></seg></u>
            <u who="#POwsd376_SX-9" xml:id="POwsd376_u_5"><seg n="2" synch="#POwsd376_ol_1" type="overlap" xml:id="POwsd376_ol_3"><vocal subtype="wordstart" type="wordlike" voice:desc="laughing" voice:syl="2"/></seg><vocal type="wordlike" voice:desc="laughing" voice:syl="1"/></u>
            <u who="#POwsd376_SX-f" xml:id="POwsd376_u_6"><supplied reason="unintelligible"> xxxx </supplied><pause/></u>
            <u who="#POwsd376_S5" xml:id="POwsd376_u_7"> erm <pause dur="PT1S"/> er i think i'll mainly focus on the <pause/> the last <pause dur="PT2S"/><incident voice:desc="background laughter"/> the last two <pause/> questions becau<seg n="3" type="overlap" xml:id="POwsd376_ol_4">se erm </seg><pause/><incident voice:desc="soft background laughter"/></u>
            <u who="#POwsd376_S1" xml:id="POwsd376_u_8"><seg n="3" synch="#POwsd376_ol_4" type="overlap" xml:id="POwsd376_ol_5"> mhm </seg></u>
            <u who="#POwsd376_S5" xml:id="POwsd376_u_9"> i <unclear> really </unclear> felt like the first two were <pause/> a bit of a warm-up <incident voice:desc="soft parallel conversation starts"/> getting us thinking about it </u>
            <u who="#POwsd376_S1" xml:id="POwsd376_u_10"> it's true it's the <unclear> same reason </unclear><pause/></u>
            <u who="#POwsd376_S5" xml:id="POwsd376_u_11"> yeah </u>
            <u who="#POwsd376_SS" xml:id="POwsd376_u_12"><vocal subtype="wordstart" type="wordlike" voice:desc="laughing" voice:syl="3"/><incident voice:desc="parallel conversation ends"/></u>
            <u who="#POwsd376_S5" xml:id="POwsd376_u_13"><supplied reason="unintelligible"> x </supplied> so free <supplied reason="unintelligible"> x </supplied><shift corresp="#POwsd376_s_2" feature="voice" new="laugh" xml:id="POwsd376_s_1"/> training <pause/><supplied reason="unintelligible"> x </supplied><shift corresp="#POwsd376_s_1" feature="voice" new="neutral" xml:id="POwsd376_s_2"/></u>
            <u who="#POwsd376_SS" xml:id="POwsd376_u_14"><vocal subtype="wordstart" type="wordlike" voice:desc="laughing" voice:syl="12"/><pause/></u>
            <u who="#POwsd376_S5" xml:id="POwsd376_u_15"> erm<c type="lengthening"/><incident voice:desc="soft background laughter"/> so okay we talked a bit <shift corresp="#POwsd376_s_4" feature="tempo" new="a" xml:id="POwsd376_s_3"/> yeah of course about <shift corresp="#POwsd376_s_3" feature="tempo" new="neutral" xml:id="POwsd376_s_4"/> what you expect from the youth pact erm<c type="lengthening"/><pause/> we said that <pause/> yeah of course that youth issues are treated erm as more important than than they are currently and that they are given more weight by both the member states <pause/> erm and the  <w voice:mode="spelt"> e u  </w> institutions erm and that they're erm seen <pause/><vocal type="speaker_noise" voice:desc="smacks lips"/> tha- er youth are not seen as er one <pause/> one issue on their own but <pause/> part of a much broader picture <pause/> and that affects lots of different erm areas<c function="fall" type="intonation"/><pause dur="PT1S"/> erm<c type="lengthening"/><vocal type="speaker_noise" voice:desc="smacks lips"/> we s- talked a <shift corresp="#POwsd376_s_6" feature="voice" new="laugh" xml:id="POwsd376_s_5"/> little bit <shift corresp="#POwsd376_s_5" feature="voice" new="neutral" xml:id="POwsd376_s_6"/> about our visions and that erm the youth pact can help young people to develop their potential erm not only for themselves but also <pause/> erm for wider society and the <pause/> things that young people can do <pause/> erm for their communities and in society <pause/> erm <pause dur="PT2S"/><shift corresp="#POwsd376_s_8" feature="voice" new="reading" xml:id="POwsd376_s_7"/> raising awareness and finding solutions <shift corresp="#POwsd376_s_7" feature="voice" new="neutral" xml:id="POwsd376_s_8"/><pause dur="PT1S"/> er yeah that the youth pact can raise awareness of er of youth issues erm but <unclear> that </unclear> also should be about finding solutions that it shouldn't just be about <pause/><emph> tell</emph>ing people that there's these things that need to be dealt with but actually finding <pause/> some concrete things to do to erm er to get rid of the problems <pause/> er that was excellent english erm <seg n="4" type="overlap" xml:id="POwsd376_ol_6"><c type="lengthening"/></seg></u>
            <u who="#POwsd376_SS" xml:id="POwsd376_u_16"><seg n="4" synch="#POwsd376_ol_6" type="overlap" xml:id="POwsd376_ol_7"><vocal subtype="wordstart" type="wordlike" voice:desc="laughing" voice:syl="2"/></seg><vocal subtype="wordstart" type="wordlike" voice:desc="laughing" voice:syl="4"/></u>
            <u who="#POwsd376_S5" xml:id="POwsd376_u_17"> er <pause/> yeah and so and and also to put social inclusion to <emph> really </emph> put social inclusion on the agenda because it's not <pause/> very much <pause/> erm on at the top of governments' agendas at the moment <vocal subtype="wordstart" type="wordlike" voice:desc="laughing" voice:syl="4"/><shift corresp="#POwsd376_s_10" feature="voice" new="laugh" xml:id="POwsd376_s_9"/> are you laughing at my english <shift corresp="#POwsd376_s_9" feature="voice" new="neutral" xml:id="POwsd376_s_10"/><vocal subtype="wordstart" type="wordlike" voice:desc="laughing" voice:syl="1"/></u>
            <u who="#POwsd376_S8" xml:id="POwsd376_u_18"><vocal subtype="wordstart" type="wordlike" voice:desc="laughing" voice:syl="1"/></u>
            <u who="#POwsd376_S5" xml:id="POwsd376_u_19"> erm <pause/> and finally er we expect that the youth pact will er <pause/> lead to youth organizations being treated erm as serious actors in policy areas <pause/> erm and then yeah we talked much more about how youth organizations can get involved in the implementation of the youth pact <pause/> erm we said all the way through that that youth organizations should be <emph> active </emph> partners erm but shouldn't be the <emph> only </emph> partner erm and that it's really important that this this that <pause/> the work of youth organizations can't replace what needs to be done by governments <pause/><vocal type="speaker_noise" voice:desc="smacks lips"/> erm <pause/> we said that e<c type="lengthening"/>r we should be a resource pool for implementation erm and <pause/> on the same line that we are we are experts or advisers <pause/> erm to <voice:track medium="1" num="02" type="md"/> advise governments on what measures can be put into place <pause/> erm <pause/> er but that is er that was a really important point that this <pause/> kind of expert role or advisory <pause/> role should be really well coordinated <pause/> erm because it's no good if <pause/> er <pause/> lots of <pause/> random things are happening without any erm overall coordination<c function="fall" type="intonation"/><pause/><vocal type="speaker_noise" voice:desc="smacks lips"/> erm <pause/> and that youth organi- erm the the skills of youth organizations <vocal subtype="wordstart" type="wordlike" voice:desc="laughing" voice:syl="1"/><shift corresp="#POwsd376_s_12" feature="voice" new="laugh" xml:id="POwsd376_s_11"/> you're laughing <unclear> on </unclear> my english now <shift corresp="#POwsd376_s_11" feature="voice" new="neutral" xml:id="POwsd376_s_12"/></u>
            <u who="#POwsd376_SS" xml:id="POwsd376_u_20"><vocal subtype="wordstart" type="wordlike" voice:desc="laughing" voice:syl="13"/><seg n="1" type="overlap" xml:id="POwsd376_ol_8"><vocal subtype="wordstart" type="wordlike" voice:desc="laughing" voice:syl="2"/></seg><seg n="2" type="overlap" xml:id="POwsd376_ol_9"><vocal type="wordlike" voice:desc="laughing" voice:syl="6"/></seg><vocal type="wordlike" voice:desc="laughing" voice:syl="15"/><incident voice:desc="soft background murmur"/><pause/></u>
            <u who="#POwsd376_SX-m" xml:id="POwsd376_u_21"><seg n="1" synch="#POwsd376_ol_8" type="overlap" xml:id="POwsd376_ol_10"><supplied reason="unintelligible"> xx </supplied></seg></u>
            <u who="#POwsd376_S5" xml:id="POwsd376_u_22"><seg n="2" synch="#POwsd376_ol_9" type="overlap" xml:id="POwsd376_ol_11"><shift corresp="#POwsd376_s_14" feature="voice" new="laugh" xml:id="POwsd376_s_13"/> brilliant <supplied reason="unintelligible"> xx </supplied><shift corresp="#POwsd376_s_13" feature="voice" new="neutral" xml:id="POwsd376_s_14"/></seg></u>
            <u who="#POwsd376_S8" xml:id="POwsd376_u_23"><seg n="3" type="overlap" xml:id="POwsd376_ol_12"><vocal subtype="wordstart" type="wordlike" voice:desc="laughing" voice:syl="4"/></seg><vocal type="wordlike" voice:desc="laughing" voice:syl="1"/></u>
            <u who="#POwsd376_S5" xml:id="POwsd376_u_24"><seg n="3" synch="#POwsd376_ol_12" type="overlap" xml:id="POwsd376_ol_13"> erm </seg></u>
            <u who="#POwsd376_S5" xml:id="POwsd376_u_25"><vocal subtype="wordstart" type="wordlike" voice:desc="laughing" voice:syl="2"/><shift corresp="#POwsd376_s_16" feature="voice" new="laugh" xml:id="POwsd376_s_15"/><unclear>  but </unclear><shift corresp="#POwsd376_s_15" feature="voice" new="neutral" xml:id="POwsd376_s_16"/><pause/> e<c type="lengthening"/>r that you sh- yeah that we should use the skills of youth organizations and youth <shift corresp="#POwsd376_s_18" feature="voice" new="laugh" xml:id="POwsd376_s_17"/><seg n="4" type="overlap" xml:id="POwsd376_ol_14"> workers hh </seg><shift corresp="#POwsd376_s_17" feature="voice" new="neutral" xml:id="POwsd376_s_18"/> erm because er <shift corresp="#POwsd376_s_20" feature="tempo" new="a" xml:id="POwsd376_s_19"/> and for example <shift corresp="#POwsd376_s_19" feature="tempo" new="neutral" xml:id="POwsd376_s_20"/> they can run projects training courses erm <pause/></u>
            <u who="#POwsd376_S8" xml:id="POwsd376_u_26"><seg n="4" synch="#POwsd376_ol_14" type="overlap" xml:id="POwsd376_ol_15"><vocal subtype="wordstart" type="wordlike" voice:desc="laughing" voice:syl="3"/></seg></u>
            <u who="#POwsd376_S5" xml:id="POwsd376_u_27"> to the e<c type="lengthening"/>rm <vocal subtype="wordstart" type="wordlike" voice:desc="laughing" voice:syl="1"/><seg n="5" type="overlap" xml:id="POwsd376_ol_16"><vocal subtype="wordstart" type="wordlike" voice:desc="laughing" voice:syl="3"/></seg><shift corresp="#POwsd376_s_22" feature="voice" new="laugh" xml:id="POwsd376_s_21"/> oh god does somebody else <shift corresp="#POwsd376_s_21" feature="voice" new="neutral" xml:id="POwsd376_s_22"/><pause/></u>
            <u who="#POwsd376_SS" xml:id="POwsd376_u_28"><seg n="5" synch="#POwsd376_ol_16" type="overlap" xml:id="POwsd376_ol_17"><vocal subtype="wordstart" type="wordlike" voice:desc="laughing" voice:syl="3"/></seg></u>
            <u who="#POwsd376_S5" xml:id="POwsd376_u_29"><shift corresp="#POwsd376_s_24" feature="voice" new="laugh" xml:id="POwsd376_s_23"/><seg n="6" type="overlap" xml:id="POwsd376_ol_18"> who's got better english <supplied reason="unintelligible"> xxx </supplied></seg><shift corresp="#POwsd376_s_23" feature="voice" new="neutral" xml:id="POwsd376_s_24"/></u>
            <u who="#POwsd376_SS" xml:id="POwsd376_u_30"><seg n="6" synch="#POwsd376_ol_18" type="overlap" xml:id="POwsd376_ol_19"><vocal subtype="wordstart" type="wordlike" voice:desc="laughing" voice:syl="9"/></seg><seg n="7" type="overlap" xml:id="POwsd376_ol_20"><vocal type="wordlike" voice:desc="laughing" voice:syl="5"/></seg></u>
            <u who="#POwsd376_SX-f" xml:id="POwsd376_u_31"><seg n="7" synch="#POwsd376_ol_20" type="overlap" xml:id="POwsd376_ol_21"><shift corresp="#POwsd376_s_26" feature="voice" new="laugh" xml:id="POwsd376_s_25"/><unclear> she doesn't </unclear><emph> please </emph><shift corresp="#POwsd376_s_25" feature="voice" new="neutral" xml:id="POwsd376_s_26"/></seg></u>
            <u who="#POwsd376_SS" xml:id="POwsd376_u_32"><vocal subtype="wordstart" type="wordlike" voice:desc="laughing" voice:syl="4"/><seg n="8" type="overlap" xml:id="POwsd376_ol_22"><vocal subtype="wordstart" type="wordlike" voice:desc="laughing" voice:syl="6"/></seg></u>
            <u who="#POwsd376_S5" xml:id="POwsd376_u_33"><seg n="8" synch="#POwsd376_ol_22" type="overlap" xml:id="POwsd376_ol_23"><shift corresp="#POwsd376_s_28" feature="voice" new="laugh" xml:id="POwsd376_s_27"/><unclear> shouldn't shouldn't i </unclear><shift corresp="#POwsd376_s_27" feature="voice" new="neutral" xml:id="POwsd376_s_28"/></seg></u>
            <u who="#POwsd376_SS" xml:id="POwsd376_u_34"><vocal subtype="wordstart" type="wordlike" voice:desc="laughing" voice:syl="4"/></u>
            <u who="#POwsd376_S5" xml:id="POwsd376_u_35"><incident voice:desc="still very soft background laughter"/> erm yeah <supplied reason="unintelligible"> x </supplied> streets level projects erm <pause/> projects linking young people and employers all kinds of different things like that and tha- then that they that shouldn't replace government action <pause/></u>
            <u who="#POwsd376_S8" xml:id="POwsd376_u_36"><shift corresp="#POwsd376_s_30" feature="loud" new="p" xml:id="POwsd376_s_29"/><vocal subtype="wordstart" type="wordlike" voice:desc="laughing" voice:syl="6"/><shift corresp="#POwsd376_s_29" feature="loud" new="neutral" xml:id="POwsd376_s_30"/><incident voice:desc="soft background laughter"/></u>
            <u who="#POwsd376_S1" xml:id="POwsd376_u_37"> okay <pause dur="PT1S"/><incident voice:desc="still soft background laughter"/> thank <seg n="9" type="overlap" xml:id="POwsd376_ol_24"> you </seg></u>
            <u who="#POwsd376_S5" xml:id="POwsd376_u_38"><shift corresp="#POwsd376_s_32" feature="voice" new="laugh" xml:id="POwsd376_s_31"/><seg n="9" synch="#POwsd376_ol_24" type="overlap" xml:id="POwsd376_ol_25"><unclear> shouldn't </unclear></seg><unclear> be </unclear> discriminated against <shift corresp="#POwsd376_s_31" feature="voice" new="neutral" xml:id="POwsd376_s_32"/><vocal subtype="wordstart" type="wordlike" voice:desc="laughing" voice:syl="1"/></u>
            <u who="#POwsd376_SS" xml:id="POwsd376_u_39"><vocal subtype="wordstart" type="wordlike" voice:desc="laughing" voice:syl="4"/><pause/></u>
            <u who="#POwsd376_S2" xml:id="POwsd376_u_40"> it was really <emph> good </emph> you know <shift corresp="#POwsd376_s_34" feature="voice" new="laugh" xml:id="POwsd376_s_33"/> what we worked on <shift corresp="#POwsd376_s_33" feature="voice" new="neutral" xml:id="POwsd376_s_34"/></u>
            <u who="#POwsd376_SS" xml:id="POwsd376_u_41"><vocal subtype="wordstart" type="wordlike" voice:desc="laughing" voice:syl="7"/><seg n="1" type="overlap" xml:id="POwsd376_ol_26"><vocal subtype="wordstart" type="wordlike" voice:desc="laughing" voice:syl="7"/></seg></u>
            <u who="#POwsd376_S5" xml:id="POwsd376_u_42"><shift corresp="#POwsd376_s_36" feature="voice" new="laugh" xml:id="POwsd376_s_35"/><seg n="1" synch="#POwsd376_ol_26" type="overlap" xml:id="POwsd376_ol_27"><unclear> this intentions </unclear> are all gone </seg><shift corresp="#POwsd376_s_35" feature="voice" new="neutral" xml:id="POwsd376_s_36"/></u>
            <u who="#POwsd376_SS" xml:id="POwsd376_u_43"><vocal subtype="wordstart" type="wordlike" voice:desc="laughing" voice:syl="12"/><seg n="2" type="overlap" xml:id="POwsd376_ol_28"><vocal type="wordlike" voice:desc="laughing" voice:syl="6"/></seg></u>
            <u who="#POwsd376_S1" xml:id="POwsd376_u_44"><seg n="2" synch="#POwsd376_ol_28" type="overlap" xml:id="POwsd376_ol_29"><unclear> erm </unclear> thanks erm </seg><pause dur="PT1S"/><incident voice:desc="still soft background laughter"/></u>
            <u who="#POwsd376_S9" xml:id="POwsd376_u_45"><shift corresp="#POwsd376_s_38" feature="voice" new="laugh" xml:id="POwsd376_s_37"/> don't you dare look at me <shift corresp="#POwsd376_s_37" feature="voice" new="neutral" xml:id="POwsd376_s_38"/></u>
            <u who="#POwsd376_SS" xml:id="POwsd376_u_46"><vocal subtype="wordstart" type="wordlike" voice:desc="laughing" voice:syl="6"/><seg n="3" type="overlap" xml:id="POwsd376_ol_30"><vocal type="wordlike" voice:desc="laughing" voice:syl="3"/></seg><seg n="4" type="overlap" xml:id="POwsd376_ol_31"><vocal type="wordlike" voice:desc="laughing" voice:syl="1"/></seg><seg n="5" type="overlap" xml:id="POwsd376_ol_32"><vocal type="wordlike" voice:desc="laughing" voice:syl="4"/></seg></u>
            <u who="#POwsd376_SX-f" xml:id="POwsd376_u_47"><supplied reason="unintelligible"><seg n="3" synch="#POwsd376_ol_30" type="overlap" xml:id="POwsd376_ol_33"> xx</seg><seg n="4" synch="#POwsd376_ol_31" type="overlap" xml:id="POwsd376_ol_34">x </seg></supplied></u>
            <u who="#POwsd376_S5" xml:id="POwsd376_u_48"><shift corresp="#POwsd376_s_40" feature="voice" new="laugh" xml:id="POwsd376_s_39"/><seg n="4" synch="#POwsd376_ol_31" type="overlap" xml:id="POwsd376_ol_35"><unclear> don't </unclear></seg><seg n="5" synch="#POwsd376_ol_32" type="overlap" xml:id="POwsd376_ol_36"><unclear> know </unclear> any better </seg><shift corresp="#POwsd376_s_39" feature="voice" new="neutral" xml:id="POwsd376_s_40"/><vocal subtype="wordstart" type="wordlike" voice:desc="laughing" voice:syl="2"/></u>
            <u who="#POwsd376_SS" xml:id="POwsd376_u_49"><vocal subtype="wordstart" type="wordlike" voice:desc="laughing" voice:syl="2"/></u>
            <u who="#POwsd376_SX-m" xml:id="POwsd376_u_50"><incident voice:desc="still soft background laughter"/> don't worry yeah<c function="rise" type="intonation"/><vocal subtype="wordstart" type="wordlike" voice:desc="laughing" voice:syl="1"/></u>
            <u who="#POwsd376_S1" xml:id="POwsd376_u_51"> okay erm <pause dur="PT2S"/><incident voice:desc="somebody coughs"/> are there any questions for clarification first something that you maybe <pause/></u>
            <u who="#POwsd376_S2" xml:id="POwsd376_u_52"> did you understand <seg n="6" type="overlap" xml:id="POwsd376_ol_37"><supplied reason="unintelligible"> x </supplied></seg></u>
            <u who="#POwsd376_S1" xml:id="POwsd376_u_53"><shift corresp="#POwsd376_s_42" feature="voice" new="laugh" xml:id="POwsd376_s_41"/><seg n="6" synch="#POwsd376_ol_37" type="overlap" xml:id="POwsd376_ol_38"> yeah </seg> what did you mean<c function="rise" type="intonation"/><shift corresp="#POwsd376_s_41" feature="voice" new="neutral" xml:id="POwsd376_s_42"/></u>
            <u who="#POwsd376_SS" xml:id="POwsd376_u_54"><vocal subtype="wordstart" type="wordlike" voice:desc="laughing" voice:syl="6"/><seg n="7" type="overlap" xml:id="POwsd376_ol_39"><vocal type="wordlike" voice:desc="laughing" voice:syl="7"/></seg><seg n="8" type="overlap" xml:id="POwsd376_ol_40"><vocal type="wordlike" voice:desc="laughing" voice:syl="2"/></seg><vocal type="wordlike" voice:desc="laughing" voice:syl="5"/><pause dur="PT1S"/></u>
            <u who="#POwsd376_SX-1" xml:id="POwsd376_u_55"><seg n="7" synch="#POwsd376_ol_39" type="overlap" xml:id="POwsd376_ol_41"> did you get the <supplied reason="unintelligible"> xx </supplied><vocal subtype="wordstart" type="wordlike" voice:desc="laughing" voice:syl="1"/></seg></u>
            <u who="#POwsd376_SS" xml:id="POwsd376_u_56"><seg n="8" synch="#POwsd376_ol_40" type="overlap" xml:id="POwsd376_ol_42"><supplied reason="unintelligible"> xx </supplied></seg></u>
            <u who="#POwsd376_S1" xml:id="POwsd376_u_57"><incident voice:desc="still soft background laughter"/> okay then <pause/> i don't know who is <pause/> who is in <supplied reason="unintelligible"> xxx </supplied> group<c function="rise" type="intonation"/></u>
            <u who="#POwsd376_S10" xml:id="POwsd376_u_58"> you <unclear> want to do </unclear><seg n="9" type="overlap" xml:id="POwsd376_ol_43"><unclear> it again </unclear></seg> you were taking notes maybe <pause/></u>
            <u who="#POwsd376_SX-f" xml:id="POwsd376_u_59"><seg n="9" synch="#POwsd376_ol_43" type="overlap" xml:id="POwsd376_ol_44"><supplied reason="unintelligible"> xxx </supplied></seg></u>
            <u who="#POwsd376_S10" xml:id="POwsd376_u_60"> but a- a- a<seg n="1" type="overlap" xml:id="POwsd376_ol_45">ll </seg></u>
            <u who="#POwsd376_S4" xml:id="POwsd376_u_61"><seg n="1" synch="#POwsd376_ol_45" type="overlap" xml:id="POwsd376_ol_46"> i </seg> don't want to <seg n="2" type="overlap" xml:id="POwsd376_ol_47"> do it <unclear> but </unclear></seg></u>
            <u who="#POwsd376_S10" xml:id="POwsd376_u_62"><seg n="2" synch="#POwsd376_ol_47" type="overlap" xml:id="POwsd376_ol_48"> after all this </seg><emph> mess </emph></u>
            <u who="#POwsd376_SS" xml:id="POwsd376_u_63"><vocal subtype="wordstart" type="wordlike" voice:desc="laughing" voice:syl="9"/></u>
            <u who="#POwsd376_S5" xml:id="POwsd376_u_64"><incident voice:desc="background laughter begins"/> ye<seg n="3" type="overlap" xml:id="POwsd376_ol_49">ah yeah it's been worse </seg></u>
            <u who="#POwsd376_S10" xml:id="POwsd376_u_65"><seg n="3" synch="#POwsd376_ol_49" type="overlap" xml:id="POwsd376_ol_50"> we can do it like we did a </seg> ve- e- <pause/> a very messy work and now you make a great presentation <pause/><unclear> do </unclear> the opposite <pause/><incident voice:desc="parallel conversations start, background laughter continues"/></u>
            <u who="#POwsd376_S4" xml:id="POwsd376_u_66"><unclear> how do you know </unclear><supplied reason="unintelligible"> xxx </supplied> wasn't involved <vocal subtype="wordstart" type="wordlike" voice:desc="laughing" voice:syl="1"/><shift corresp="#POwsd376_s_44" feature="voice" new="laugh" xml:id="POwsd376_s_43"/> much in the discussion <unclear> but </unclear><shift corresp="#POwsd376_s_43" feature="voice" new="neutral" xml:id="POwsd376_s_44"/><pause dur="PT7S"/><incident voice:desc="parallel conversations and background laughter continue"/> but i keep it short and simple <vocal subtype="wordstart" type="wordlike" voice:desc="laughing" voice:syl="1"/><incident voice:desc="parallel conversations and background laughter end"/><pause/> then you <seg n="4" type="overlap" xml:id="POwsd376_ol_51"> could say what </seg> you<c type="lengthening"/> what you think <pause/></u>
            <u who="#POwsd376_S9" xml:id="POwsd376_u_67"><seg n="4" synch="#POwsd376_ol_51" type="overlap" xml:id="POwsd376_ol_52"><supplied reason="unintelligible"> xx </supplied></seg></u>
            <u who="#POwsd376_S4" xml:id="POwsd376_u_68"> about it erm to<c type="lengthening"/> question one we also said it raises raise  the awareness er but only on a basic level <pause/> erm and that the awareness e<c type="lengthening"/>rm <vocal type="speaker_noise" voice:desc="smacks lips"/> is different in every member state <pause/> e<seg n="5" type="overlap" xml:id="POwsd376_ol_53">rm </seg> and <pause/></u>
            <u who="#POwsd376_SX-9" xml:id="POwsd376_u_69"><shift corresp="#POwsd376_s_46" feature="loud" new="p" xml:id="POwsd376_s_45"/><seg n="5" synch="#POwsd376_ol_53" type="overlap" xml:id="POwsd376_ol_54"> mhm </seg><shift corresp="#POwsd376_s_45" feature="loud" new="neutral" xml:id="POwsd376_s_46"/></u>
            <u who="#POwsd376_S4" xml:id="POwsd376_u_70"> that yet not much done is er <pause dur="PT1S"/><incident voice:desc="somebody coughs"/> that not much is done in the practical field <pause/><incident voice:desc="somebody coughs"/> so <pause/> er <voice:track medium="1" num="03" type="md"/> question two <pause dur="PT2S"/><incident voice:desc="sound of somebody typewriting"/><shift corresp="#POwsd376_s_48" feature="loud" new="p" xml:id="POwsd376_s_47"/><unclear> we have an answer </unclear><shift corresp="#POwsd376_s_47" feature="loud" new="neutral" xml:id="POwsd376_s_48"/></u>
            <u who="#POwsd376_S9" xml:id="POwsd376_u_71"> i think we missed that one <incident voice:desc="soft background laughter starts"/></u>
            <u who="#POwsd376_S4" xml:id="POwsd376_u_72"> o<c type="lengthening"/>h <vocal subtype="wordstart" type="wordlike" voice:desc="laughing" voice:syl="2"/> hh <vocal subtype="wordstart" type="wordlike" voice:desc="laughing" voice:syl="1"/> hh <incident voice:desc="background laughter ends"/> we missed that one <pause/> erm er we talked a lot about of <pause/> er a lot about er networks <pause dur="PT1S"/> a<c type="lengthening"/>nd <pause dur="PT1S"/><shift corresp="#POwsd376_s_50" feature="voice" new="singing" xml:id="POwsd376_s_49"/><seg type="onomatopoeia"> hm hm hm </seg><shift corresp="#POwsd376_s_49" feature="voice" new="neutral" xml:id="POwsd376_s_50"/><unclear> why </unclear> do i <pause/><shift corresp="#POwsd376_s_52" feature="voice" new="reading_aloud" xml:id="POwsd376_s_51"/> youth pact should be taken as an  directive <pause dur="PT1S"/> it should be taken as an <pause/> direct- direct- as a dir- directive <pause/> erm and youth organizations should <pause dur="PT1S"/> should deliver that to young people and policy makers<c function="rise" type="intonation"/><shift corresp="#POwsd376_s_51" feature="voice" new="neutral" xml:id="POwsd376_s_52"/><pause dur="PT1S"/></u>
            <u who="#POwsd376_SX-f" xml:id="POwsd376_u_73"> hm </u>
            <u who="#POwsd376_SX-f" xml:id="POwsd376_u_74"><unclear> how </unclear><c function="rise" type="intonation"/></u>
            <u who="#POwsd376_S10" xml:id="POwsd376_u_75"> i think what what what was meant it was like er <pause/> not for the governments to just to to erm see it as recommendation<c function="fall" type="intonation"/><pause/> and okay we need to implement and er <pause/> and to <pause/> to give the more a perspective of a directive like we they n- they need to to implement it they need to have <unclear> deadlines </unclear></u>
            <u who="#POwsd376_SX-f" xml:id="POwsd376_u_76"> m<seg n="6" type="overlap" xml:id="POwsd376_ol_55">hm </seg></u>
            <u who="#POwsd376_S10" xml:id="POwsd376_u_77"><seg n="6" synch="#POwsd376_ol_55" type="overlap" xml:id="POwsd376_ol_56"> and </seg><seg n="7" type="overlap" xml:id="POwsd376_ol_57"> er </seg></u>
            <u who="#POwsd376_SX-f" xml:id="POwsd376_u_78"><shift corresp="#POwsd376_s_54" feature="voice" new="whisp" xml:id="POwsd376_s_53"/><seg n="7" synch="#POwsd376_ol_57" type="overlap" xml:id="POwsd376_ol_58"> sanc</seg>tions <shift corresp="#POwsd376_s_53" feature="voice" new="neutral" xml:id="POwsd376_s_54"/></u>
            <u who="#POwsd376_S10" xml:id="POwsd376_u_79"> even <incident voice:desc="background laughter"/><shift corresp="#POwsd376_s_56" feature="voice" new="laugh" xml:id="POwsd376_s_55"/> some people say <shift corresp="#POwsd376_s_55" feature="voice" new="neutral" xml:id="POwsd376_s_56"/><pause/> sanctions if they don't implement it <incident voice:desc="somebody clears throat"/> in a certain time<c function="fall" type="intonation"/><pause/> so <incident voice:desc="parallel conversation"/> to give er to give a stress a special stress that <pause/><incident voice:desc="soft parallel conversation, soft background laughter"/> this is not something to be done this is something that <emph> needs </emph><incident voice:desc="someone coughs"/> to be done it's urgent <pause/></u>
            <u who="#POwsd376_SX-4" xml:id="POwsd376_u_80"> m<seg n="8" type="overlap" xml:id="POwsd376_ol_59">hm </seg></u>
            <u who="#POwsd376_S10" xml:id="POwsd376_u_81"><seg n="8" synch="#POwsd376_ol_59" type="overlap" xml:id="POwsd376_ol_60"> so </seg><c type="lengthening"/><shift corresp="#POwsd376_s_58" feature="tempo" new="a" xml:id="POwsd376_s_57"/> s- s- s- <shift corresp="#POwsd376_s_57" feature="tempo" new="neutral" xml:id="POwsd376_s_58"/> start working on it </u>
            <u who="#POwsd376_SX-f" xml:id="POwsd376_u_82"><shift corresp="#POwsd376_s_60" feature="loud" new="p" xml:id="POwsd376_s_59"/><seg n="9" type="overlap" xml:id="POwsd376_ol_61"> mhm </seg><shift corresp="#POwsd376_s_59" feature="loud" new="neutral" xml:id="POwsd376_s_60"/></u>
            <u who="#POwsd376_S9" xml:id="POwsd376_u_83"><seg n="9" synch="#POwsd376_ol_61" type="overlap" xml:id="POwsd376_ol_62"> and the </seg> sanctions should be to give money to <incident voice:desc="background laughter starts"/> youth organizations <pause dur="PT2S"/><incident voice:desc="laughter continues"/></u>
            <u who="#POwsd376_S3" xml:id="POwsd376_u_84"> which is a very good <seg n="1" type="overlap" xml:id="POwsd376_ol_63"> idea </seg></u>
            <u who="#POwsd376_S10" xml:id="POwsd376_u_85"><seg n="1" synch="#POwsd376_ol_63" type="overlap" xml:id="POwsd376_ol_64"> this was not </seg> unanimous <vocal subtype="wordstart" type="wordlike" voice:desc="laughing" voice:syl="2"/> decision <pause dur="PT4S"/><incident dur="PT4S" voice:desc="laughter continues "/></u>
            <u who="#POwsd376_S4" xml:id="POwsd376_u_86"> so we spent a lot of time on on funding <pause dur="PT2S"/><incident voice:desc="laughter continues"/> erm question three <pause/> erm <incident voice:desc="background laughter ends"/> we<c type="lengthening"/> erm also formulated the question<c type="lengthening"/> what do we <pause/> what do we expect from our governments<c function="rise" type="intonation"/> regarding from  the youth pact erm <pause dur="PT1S"/> there was this idea <pause/> of the coordination on the <pause/><unclear> level </unclear> and that the youth pact the implementation of the youth pacts should guarantee that youth is involved in every political process and <pause/> and in policy maz- making <pause/> erm the youth pact should be<c type="lengthening"/> connected to concrete <emph> rights </emph><pause/><supplied reason="unintelligible"> x<c function="rise" type="intonation"/></supplied></u>
            <u who="#POwsd376_SX-f" xml:id="POwsd376_u_87"> mhm </u>
            <u who="#POwsd376_S4" xml:id="POwsd376_u_88"> erm because it w- awareness isn't enough <pause/> erm we w- <pause dur="PT2S"/><supplied reason="unintelligible"> xx </supplied><pause dur="PT2S"/></u>
            <u who="#POwsd376_S10" xml:id="POwsd376_u_89"><supplied reason="unintelligible"> xx </supplied> this stress <seg n="2" type="overlap" xml:id="POwsd376_ol_65"> that </seg> sh- this should really </u>
            <u who="#POwsd376_S4" xml:id="POwsd376_u_90"><seg n="2" synch="#POwsd376_ol_65" type="overlap" xml:id="POwsd376_ol_66"> yeah </seg></u>
            <u who="#POwsd376_SX-f" xml:id="POwsd376_u_91"><shift corresp="#POwsd376_s_62" feature="loud" new="p" xml:id="POwsd376_s_61"/> mhm <shift corresp="#POwsd376_s_61" feature="loud" new="neutral" xml:id="POwsd376_s_62"/></u>
            <u who="#POwsd376_S10" xml:id="POwsd376_u_92"> be taken in consideration and <pause/></u>
            <u who="#POwsd376_SX-5" xml:id="POwsd376_u_93"><seg n="3" type="overlap" xml:id="POwsd376_ol_67"> not just be a recommendation </seg></u>
            <u who="#POwsd376_S9" xml:id="POwsd376_u_94"><seg n="3" synch="#POwsd376_ol_67" type="overlap" xml:id="POwsd376_ol_68"><supplied reason="unintelligible"> xx </supplied><pause/> it should be a <emph> right </emph></seg><supplied reason="unintelligible"><seg n="4" type="overlap" xml:id="POwsd376_ol_69"> x </seg><seg n="5" type="overlap" xml:id="POwsd376_ol_70"> x x x x </seg></supplied></u>
            <u who="#POwsd376_S10" xml:id="POwsd376_u_95"><supplied reason="unintelligible"><seg n="4" synch="#POwsd376_ol_69" type="overlap" xml:id="POwsd376_ol_71"> x </seg><seg n="5" synch="#POwsd376_ol_70" type="overlap" xml:id="POwsd376_ol_72"> xxxx </seg> x </supplied></u>
            <u who="#POwsd376_SX-f" xml:id="POwsd376_u_96"><seg n="4" synch="#POwsd376_ol_69" type="overlap" xml:id="POwsd376_ol_73"> yeah </seg></u>
            <u who="#POwsd376_SX-5" xml:id="POwsd376_u_97"> aha </u>
            <u who="#POwsd376_S3" xml:id="POwsd376_u_98"> like <seg n="6" type="overlap" xml:id="POwsd376_ol_74"> er </seg> for example in the constitution you can write about <pause/><incident voice:desc="sound of someone typewriting in the background"/></u>
            <u who="#POwsd376_SX-f" xml:id="POwsd376_u_99"><seg n="6" synch="#POwsd376_ol_74" type="overlap" xml:id="POwsd376_ol_75"><supplied reason="unintelligible"> x </supplied></seg></u>
            <u who="#POwsd376_S3" xml:id="POwsd376_u_100"> an official gathering of young people speaking about young matters <pause/> and they mean them with perspective to the government<c function="fall" type="intonation"/></u>
            <u who="#POwsd376_SX-f" xml:id="POwsd376_u_101"> mhm <pause dur="PT1S"/></u>
            <u who="#POwsd376_S7" xml:id="POwsd376_u_102"> the main thing is that every er you know every political or youth er actor <pause/> should be aware not aware but e<c type="lengthening"/>r should er recognize <anchor synch="#POwsd376_oc_4" type="other_continuation" xml:id="POwsd376_oc_3"/></u>
            <u who="#POwsd376_SX-f" xml:id="POwsd376_u_103"><anchor synch="#POwsd376_oc_3" type="other_continuation" xml:id="POwsd376_oc_4"/> mhm <pause/></u>
            <u who="#POwsd376_S7" xml:id="POwsd376_u_104"> the rights of the youth and er the importance of the youth pact <pause/> in order er to maintain awareness and not <incident voice:desc="someone clears throat"/> on the basis of awareness <shift corresp="#POwsd376_s_64" feature="loud" new="p" xml:id="POwsd376_s_63"/> otherwise it would be <pause/> er <supplied reason="unintelligible"> xx </supplied> more <pause/><unclear> objective i guess </unclear><shift corresp="#POwsd376_s_63" feature="loud" new="neutral" xml:id="POwsd376_s_64"/><pause/><voice:track medium="1" num="04" type="md"/></u>
            <u who="#POwsd376_SX-f" xml:id="POwsd376_u_105"> mh<seg n="7" type="overlap" xml:id="POwsd376_ol_76">m </seg> mhm </u>
            <u who="#POwsd376_S7" xml:id="POwsd376_u_106"><seg n="7" synch="#POwsd376_ol_76" type="overlap" xml:id="POwsd376_ol_77"> no </seg></u>
            <u who="#POwsd376_S7" xml:id="POwsd376_u_107"> no no no <unclear> youth </unclear> pact  </u>
            <u who="#POwsd376_SX-f" xml:id="POwsd376_u_108"><shift corresp="#POwsd376_s_66" feature="loud" new="p" xml:id="POwsd376_s_65"/> yeah <shift corresp="#POwsd376_s_65" feature="loud" new="neutral" xml:id="POwsd376_s_66"/><pause/></u>
            <u who="#POwsd376_S4" xml:id="POwsd376_u_109"> so what would be <vocal subtype="wordstart" type="wordlike" voice:desc="laughing" voice:syl="2"/> hh e<c type="lengthening"/>rm erm that the<c type="lengthening"/> youth pact <pause/> the governments to or <pause/><emph> all </emph> stake holders to find <pause/><emph> new </emph> solutions new ideas er <pause/> something with er innovation <pause/> the measures has to be on youth <pause dur="PT2S"/> and instead of question four <vocal subtype="wordstart" type="wordlike" voice:desc="laughing" voice:syl="1"/><shift corresp="#POwsd376_s_68" feature="voice" new="laugh" xml:id="POwsd376_s_67"/> we were talking about <shift corresp="#POwsd376_s_67" feature="voice" new="neutral" xml:id="POwsd376_s_68"/><pause/> e<c type="lengthening"/>rm <pause/> the function of <incident voice:desc="soft background laughter"/> policy papers more or less  </u>
            <u who="#POwsd376_S9" xml:id="POwsd376_u_110"><unclear> er </unclear><seg n="8" type="overlap" xml:id="POwsd376_ol_78"> but </seg><pause/></u>
            <u who="#POwsd376_S4" xml:id="POwsd376_u_111"><seg n="8" synch="#POwsd376_ol_78" type="overlap" xml:id="POwsd376_ol_79"> and </seg></u>
            <u who="#POwsd376_S9" xml:id="POwsd376_u_112"><shift corresp="#POwsd376_s_70" feature="loud" new="p" xml:id="POwsd376_s_69"/><supplied reason="unintelligible"> xx </supplied><shift corresp="#POwsd376_s_69" feature="loud" new="neutral" xml:id="POwsd376_s_70"/></u>
            <u who="#POwsd376_S4" xml:id="POwsd376_u_113"> how accessible is the youth pact for young people <pause/> what's er which language is used <incident voice:desc="somebody clears throat"/> and <pause/> erm <pause dur="PT1S"/> with <pause/> if you would if you would show the youth pact to different <pause/> young people <pause/> erm you would you would get different interpretations<c function="fall" type="intonation"/></u>
            <u who="#POwsd376_SX-f" xml:id="POwsd376_u_114"><shift corresp="#POwsd376_s_72" feature="loud" new="p" xml:id="POwsd376_s_71"/> mhm <shift corresp="#POwsd376_s_71" feature="loud" new="neutral" xml:id="POwsd376_s_72"/></u>
            <u who="#POwsd376_S10" xml:id="POwsd376_u_115"><unclear> erm </unclear> i think basically it was to to to be<c type="lengthening"/><unclear> have </unclear> this writing in a format that can be accessible to <pause/> to young people in general<c function="fall" type="intonation"/><pause dur="PT1S"/></u>
            <u who="#POwsd376_S3" xml:id="POwsd376_u_116"> or even to the young people we know <unclear><emph> as </emph></unclear> in our position which can be easier<c function="fall" type="intonation"/> each association can write the youth pact in the way you think that <pause/> the young people <pause/> er the organization knows can under<seg n="4" type="overlap" xml:id="POwsd376_ol_80">stand it </seg></u>
            <u who="#POwsd376_S10" xml:id="POwsd376_u_117"><seg n="4" synch="#POwsd376_ol_80" type="overlap" xml:id="POwsd376_ol_81"> that what </seg> we ar<c type="lengthening"/>e talking about we have okay we have this er <pause/> political <emph> state</emph>ment that's the <unclear> new </unclear> in this kind of language and then we can translate it </u>
            <u who="#POwsd376_S3" xml:id="POwsd376_u_118"> yeah  </u>
            <u who="#POwsd376_S10" xml:id="POwsd376_u_119"> to <seg n="5" type="overlap" xml:id="POwsd376_ol_82"><c type="lengthening"/> m</seg>ore accessible language <unclear> er </unclear><pause/></u>
            <u who="#POwsd376_S3" xml:id="POwsd376_u_120"><seg n="5" synch="#POwsd376_ol_82" type="overlap" xml:id="POwsd376_ol_83"> that's it </seg></u>
            <u who="#POwsd376_S9" xml:id="POwsd376_u_121"><incident voice:desc="background laughter starts"/> was that agreement<c function="rise" type="intonation"/><pause/></u>
            <u who="#POwsd376_S3" xml:id="POwsd376_u_122"> er <seg n="6" type="overlap" xml:id="POwsd376_ol_84"> of course </seg></u>
            <u who="#POwsd376_S9" xml:id="POwsd376_u_123"><shift corresp="#POwsd376_s_74" feature="voice" new="laugh" xml:id="POwsd376_s_73"/><seg n="6" synch="#POwsd376_ol_84" type="overlap" xml:id="POwsd376_ol_85"> between you </seg><seg n="7" type="overlap" xml:id="POwsd376_ol_86"> two </seg><shift corresp="#POwsd376_s_73" feature="voice" new="neutral" xml:id="POwsd376_s_74"/></u>
            <u who="#POwsd376_S10" xml:id="POwsd376_u_124"><shift corresp="#POwsd376_s_76" feature="voice" new="laugh" xml:id="POwsd376_s_75"/><seg n="7" synch="#POwsd376_ol_86" type="overlap" xml:id="POwsd376_ol_87"> no </seg><shift corresp="#POwsd376_s_75" feature="voice" new="neutral" xml:id="POwsd376_s_76"/><vocal subtype="wordstart" type="wordlike" voice:desc="laughing" voice:syl="2"/><shift corresp="#POwsd376_s_78" feature="voice" new="laugh" xml:id="POwsd376_s_77"/> this <unclear> was </unclear> is a <emph> point </emph> between w- <shift corresp="#POwsd376_s_77" feature="voice" new="neutral" xml:id="POwsd376_s_78"/><vocal subtype="wordstart" type="wordlike" voice:desc="laughing" voice:syl="2"/><shift corresp="#POwsd376_s_80" feature="voice" new="laugh" xml:id="POwsd376_s_79"/> we were <shift corresp="#POwsd376_s_79" feature="voice" new="neutral" xml:id="POwsd376_s_80"/><supplied reason="unintelligible"> x <seg n="8" type="overlap" xml:id="POwsd376_ol_88"> xxxxxx </seg></supplied></u>
            <u who="#POwsd376_S9" xml:id="POwsd376_u_125"><seg n="8" synch="#POwsd376_ol_88" type="overlap" xml:id="POwsd376_ol_89"> o<c type="lengthening"/>h <vocal subtype="wordstart" type="wordlike" voice:desc="laughing" voice:syl="4"/></seg><vocal type="wordlike" voice:desc="laughing" voice:syl="4"/><incident voice:desc="background laughter ends"/></u>
            <u who="#POwsd376_S3" xml:id="POwsd376_u_126"> but it's all about english again  </u>
            <u who="#POwsd376_SS" xml:id="POwsd376_u_127"><vocal subtype="wordstart" type="wordlike" voice:desc="laughing" voice:syl="5"/></u>
            <u who="#POwsd376_S3" xml:id="POwsd376_u_128"><incident voice:desc="soft background laughter"/> if it was french i would have agr<seg n="9" type="overlap" xml:id="POwsd376_ol_90">eed w</seg>ith you </u>
            <u who="#POwsd376_S9" xml:id="POwsd376_u_129"><seg n="9" synch="#POwsd376_ol_90" type="overlap" xml:id="POwsd376_ol_91"> stop </seg></u>
            <u who="#POwsd376_S9" xml:id="POwsd376_u_130"><seg n="1" type="overlap" xml:id="POwsd376_ol_92"><vocal subtype="wordstart" type="wordlike" voice:desc="laughing" voice:syl="5"/></seg><seg n="2" type="overlap" xml:id="POwsd376_ol_93"><vocal type="wordlike" voice:desc="laughing" voice:syl="5"/></seg></u>
            <u who="#POwsd376_S7" xml:id="POwsd376_u_131"><seg n="1" synch="#POwsd376_ol_92" type="overlap" xml:id="POwsd376_ol_94"> you have to translate it now </seg></u>
            <u who="#POwsd376_S1" xml:id="POwsd376_u_132"><seg n="2" synch="#POwsd376_ol_93" type="overlap" xml:id="POwsd376_ol_95"> okay erm <unclear> another one does have </unclear> any questions </seg> from the from the other group erm <pause/></u>
            <u who="#POwsd376_SX-f" xml:id="POwsd376_u_133"><shift corresp="#POwsd376_s_82" feature="loud" new="p" xml:id="POwsd376_s_81"/><unclear> er comment<c function="rise" type="intonation"/></unclear><supplied reason="unintelligible"> x </supplied><shift corresp="#POwsd376_s_81" feature="loud" new="neutral" xml:id="POwsd376_s_82"/></u>
            <u who="#POwsd376_SX-2" xml:id="POwsd376_u_134"> or comments as yeah and there are questions <pause/> should <pause/></u>
            <u who="#POwsd376_SX-f" xml:id="POwsd376_u_135"> somebody's first <pause/></u>
            <u who="#POwsd376_SX" xml:id="POwsd376_u_136"><shift corresp="#POwsd376_s_84" feature="loud" new="p" xml:id="POwsd376_s_83"/><seg n="3" type="overlap" xml:id="POwsd376_ol_96"> erm </seg><shift corresp="#POwsd376_s_83" feature="loud" new="neutral" xml:id="POwsd376_s_84"/></u>
            <u who="#POwsd376_S1" xml:id="POwsd376_u_137"><seg n="3" synch="#POwsd376_ol_96" type="overlap" xml:id="POwsd376_ol_97"> okay then </seg></u>
            <u who="#POwsd376_S2" xml:id="POwsd376_u_138"> yeah <seg n="4" type="overlap" xml:id="POwsd376_ol_98"> i think </seg> that er <incident voice:desc="soft parallel conversation and laughter"/> we<c type="lengthening"/> we all speak about er about awareness <pause/></u>
            <u who="#POwsd376_S1" xml:id="POwsd376_u_139"><seg n="4" synch="#POwsd376_ol_98" type="overlap" xml:id="POwsd376_ol_99"><supplied reason="unintelligible"> xx </supplied></seg></u>
            <u who="#POwsd376_S2" xml:id="POwsd376_u_140"> e<c type="lengthening"/>r and about <pause/><supplied reason="unintelligible"> xx </supplied> about the implementation<c function="fall" type="intonation"/><pause/> and i think that <pause/> er of course member state choose  how to implement <pause/> but i think that very important is to<c type="lengthening"/> er discuss a- about what <emph> real </emph> implementation is </u>
            <u who="#POwsd376_SX-f" xml:id="POwsd376_u_141"> hm </u>
            <u who="#POwsd376_S2" xml:id="POwsd376_u_142"> what are the<c type="lengthening"/><emph> e</emph>ffects <pause/> so <pause/> this are e- <emph> e</emph>ffects are concrete <pause/><emph> skills </emph> and <pause/> knowledge <pause/> er <emph> giv</emph>en or <emph> ta</emph>ken by young people <pause/> and ability to use them <pause/> erm so i think that as long as we speak about <pause/> awareness <pause/> nothing shall change<c function="fall" type="intonation"/><pause/> e<c type="lengthening"/>r that's one that's one thing<c function="fall" type="intonation"/> er <pause/> the other thing about role of youth organizations <shift corresp="#POwsd376_s_86" feature="tempo" new="a" xml:id="POwsd376_s_85"/> of course we can say that this <shift corresp="#POwsd376_s_85" feature="tempo" new="neutral" xml:id="POwsd376_s_86"/><pause/><emph> should </emph> be <pause/> e<c type="lengthening"/>r duty of <pause/> er governments <pause/> er e- i really don't believe that in poland it will be <pause/> something much more than half a page on the web page of the ministry of youth <pause/><incident voice:desc="soft background laughter"/> and this is <emph> all </emph> what what  h- has been done so far <pause/> a<c type="lengthening"/>nd but er <voice:track medium="1" num="05" type="md"/> youth organizations through being responsible for youth matters <pause/><emph> really </emph> can involve in real implementation<c function="fall" type="intonation"/><pause/> er and <pause/><emph> one </emph> of the solutions that we that we talk about was the <pause dur="PT1S"/> this kind of <emph> crossing </emph><pause/> that <emph> evaluating </emph> the <emph> aims </emph><pause/> e<c type="lengthening"/>r and what er <unclear> of </unclear> aims and what <pause/> er more in more particular way is written in the youth pact <pause/> and comparing that with the aims of organizations <pause/> like <pause/> scouting and guiding associ- er association <pause/> and if there is something in common we <pause/> also can think in between <pause/> erm in <emph> within </emph><emph> our </emph> erm ass- <pause/> our organizations <pause/> how to <pause/><emph> practically </emph> implement er let me give me let let me give a <pause/> small example<c function="fall" type="intonation"/><pause/> like er <pause/><supplied reason="unintelligible"> xx x xx </supplied> association is producing <pause/> er <pause dur="PT1S"/><shift corresp="#POwsd376_s_88" feature="tempo" new="l" xml:id="POwsd376_s_87"/> young <pause/> young major person <shift corresp="#POwsd376_s_87" feature="tempo" new="neutral" xml:id="POwsd376_s_88"/><pause/> who has <supplied reason="unintelligible"> xx </supplied> and who has skills for good <pause/> er for life of good quality <pause/> which also includes professional life and need for <pause/> er learning in in er also in adult er <pause/> life so <pause/> we also can implement the youth pact <pause/> because it er <pause/> assumes preparing for er for labor market <pause/> so we can <emph> choose </emph> er real concrete activities <pause/> that shall <emph> help </emph> to young people for example to <pause/> show them how to p- er prepare a good <pause/> real professional powerpoint  presentation <pause/> so on one hand it's not er <unclear> beside </unclear><pause/> the aim of association <pause/> on the other hand it's part of implementation of this of this document <pause/> so we can really bring it to very practical every day life <pause/> of our organizations<c function="fall" type="intonation"/><pause/> i don't know if i was understood <pause/></u>
            <u who="#POwsd376_SX-f" xml:id="POwsd376_u_143"><vocal subtype="wordstart" type="wordlike" voice:desc="laughing" voice:syl="3"/></u>
            <u who="#POwsd376_SX-f" xml:id="POwsd376_u_144"> yes </u>
            <u who="#POwsd376_SX-f" xml:id="POwsd376_u_145"><vocal subtype="wordstart" type="wordlike" voice:desc="laughing" voice:syl="3"/></u>
            <u who="#POwsd376_SX-f" xml:id="POwsd376_u_146"><supplied reason="unintelligible"> xx<seg n="5" type="overlap" xml:id="POwsd376_ol_100">xxxx<emph>x</emph></seg>xxxx </supplied></u>
            <u who="#POwsd376_S1" xml:id="POwsd376_u_147"><seg n="5" synch="#POwsd376_ol_100" type="overlap" xml:id="POwsd376_ol_101"> no i think that's er </seg></u>
            <u who="#POwsd376_SS" xml:id="POwsd376_u_148"><vocal subtype="wordstart" type="wordlike" voice:desc="laughing" voice:syl="7"/></u>
            <u who="#POwsd376_S1" xml:id="POwsd376_u_149"> i think it's a very important point definitely related to<c type="lengthening"/> to the first question how should youth organizations be involved it's not only about er sending representatives to official mee<seg n="6" type="overlap" xml:id="POwsd376_ol_102">tin</seg><seg n="7" type="overlap" xml:id="POwsd376_ol_103">gs a</seg>nd er </u>
            <u who="#POwsd376_SX-f" xml:id="POwsd376_u_150"><seg n="6" synch="#POwsd376_ol_102" type="overlap" xml:id="POwsd376_ol_104"> hm </seg></u>
            <u who="#POwsd376_SX-f" xml:id="POwsd376_u_151"><seg n="7" synch="#POwsd376_ol_103" type="overlap" xml:id="POwsd376_ol_105"> hm </seg></u>
            <u who="#POwsd376_S2" xml:id="POwsd376_u_152"> which is nice <seg n="8" type="overlap" xml:id="POwsd376_ol_106"><supplied reason="unintelligible"> xxx </supplied></seg></u>
            <u who="#POwsd376_S1" xml:id="POwsd376_u_153"><seg n="8" synch="#POwsd376_ol_106" type="overlap" xml:id="POwsd376_ol_107"> and saying what </seg><unclear> but </unclear><pause/> what role can we play and what do we have to <emph> offer </emph><emph> al</emph>so we cannot just er <pause/> go to meetings say that we want to be involved it's important <incident voice:desc="parallel conversation starts"/> to have something to offer as well </u>
            <u who="#POwsd376_SX-10" xml:id="POwsd376_u_154"> mhm <pause/></u>
            <u who="#POwsd376_S1" xml:id="POwsd376_u_155"> so<c type="lengthening"/></u>
            <u who="#POwsd376_SX-f" xml:id="POwsd376_u_156"> mhm </u>
            <u who="#POwsd376_S10" xml:id="POwsd376_u_157"> i think o- one one point was lost here in this di- <shift corresp="#POwsd376_s_90" feature="voice" new="laugh" xml:id="POwsd376_s_89"/> discussion <shift corresp="#POwsd376_s_89" feature="voice" new="neutral" xml:id="POwsd376_s_90"/> that was about <pause/> okay if governments want e<c type="lengthening"/>r youth and youth organizations to have a<c type="lengthening"/> bigger role <pause/> and to have more responsibility we need to arrange ways <incident voice:desc="parallel conversation stops and something is written on the board"/> not only to recognize that is being done okay <pause/> but to recognize and also give tools and this tools has to be about <pause/> funding <seg n="9" type="overlap" xml:id="POwsd376_ol_108"> and </seg><supplied reason="unintelligible"> xx <emph> x </emph></supplied></u>
            <u who="#POwsd376_S9" xml:id="POwsd376_u_158"><seg n="9" synch="#POwsd376_ol_108" type="overlap" xml:id="POwsd376_ol_109"> yeah </seg></u>
            <u who="#POwsd376_SX-3" xml:id="POwsd376_u_159"> mhm <anchor synch="#POwsd376_oc_6" type="other_continuation" xml:id="POwsd376_oc_5"/></u>
            <u who="#POwsd376_S10" xml:id="POwsd376_u_160"><anchor synch="#POwsd376_oc_5" type="other_continuation" xml:id="POwsd376_oc_6"/> and this about funding was lost <pause/> not just funding for funding but okay if you put more responsibility if you put </u>
            <u who="#POwsd376_SX-f" xml:id="POwsd376_u_161"> mhm <voice:track medium="1" num="06" type="md"/></u>
            <u who="#POwsd376_S10" xml:id="POwsd376_u_162"> if you <emph> want </emph> more projects if you want more things to be <seg n="1" type="overlap" xml:id="POwsd376_ol_110"> done and to co- co- con</seg><seg n="2" type="overlap" xml:id="POwsd376_ol_111">necting </seg><pause/></u>
            <u who="#POwsd376_S5" xml:id="POwsd376_u_163"><seg n="1" synch="#POwsd376_ol_110" type="overlap" xml:id="POwsd376_ol_112"> yeah we said the same thing </seg></u>
            <u who="#POwsd376_SX-f" xml:id="POwsd376_u_164"><seg n="2" synch="#POwsd376_ol_111" type="overlap" xml:id="POwsd376_ol_113"><supplied reason="unintelligible"> x </supplied><unclear> yeah </unclear></seg></u>
            <u who="#POwsd376_S10" xml:id="POwsd376_u_165"> you cannot fon- f- forget the tools to do that in <seg n="3" type="overlap" xml:id="POwsd376_ol_114"> one </seg> one of the ways it' s <pause/></u>
            <u who="#POwsd376_SX-f" xml:id="POwsd376_u_166"><seg n="3" synch="#POwsd376_ol_114" type="overlap" xml:id="POwsd376_ol_115"> hm </seg></u>
            <u who="#POwsd376_SX-f" xml:id="POwsd376_u_167"> and <anchor synch="#POwsd376_oc_8" type="other_continuation" xml:id="POwsd376_oc_7"/></u>
            <u who="#POwsd376_S10" xml:id="POwsd376_u_168"><anchor synch="#POwsd376_oc_7" type="other_continuation" xml:id="POwsd376_oc_8"/> recognition of course <pause/> but also <pause/> practical ways to do it and funding cannot be <unclear> canno- </unclear> cannot be lost and <pause/></u>
            <u who="#POwsd376_S2" xml:id="POwsd376_u_169"> to <unclear> match this to </unclear> our resource </u>
            <u who="#POwsd376_SX-f" xml:id="POwsd376_u_170"><shift corresp="#POwsd376_s_92" feature="loud" new="p" xml:id="POwsd376_s_91"/> yeah <shift corresp="#POwsd376_s_91" feature="loud" new="neutral" xml:id="POwsd376_s_92"/></u>
            <u who="#POwsd376_S2" xml:id="POwsd376_u_171"><seg n="4" type="overlap" xml:id="POwsd376_ol_116"><shift corresp="#POwsd376_s_94" feature="voice" new="laugh" xml:id="POwsd376_s_93"/><unclear> o- </unclear><shift corresp="#POwsd376_s_93" feature="voice" new="neutral" xml:id="POwsd376_s_94"/></seg><vocal subtype="wordstart" type="wordlike" voice:desc="laughing" voice:syl="1"/><pause/></u>
            <u who="#POwsd376_SX-f" xml:id="POwsd376_u_172"><seg n="4" synch="#POwsd376_ol_116" type="overlap" xml:id="POwsd376_ol_117"> mhm </seg></u>
            <u who="#POwsd376_S2" xml:id="POwsd376_u_173"> of knowledge about the youth pact<c function="fall" type="intonation"/><pause/> so it can be <pause/><emph> know</emph>ledge and <pause/> tools <pause/> for <pause/></u>
            <u who="#POwsd376_SX-f" xml:id="POwsd376_u_174"><shift corresp="#POwsd376_s_96" feature="loud" new="p" xml:id="POwsd376_s_95"/> yeah <shift corresp="#POwsd376_s_95" feature="loud" new="neutral" xml:id="POwsd376_s_96"/><anchor synch="#POwsd376_oc_10" type="other_continuation" xml:id="POwsd376_oc_9"/></u>
            <u who="#POwsd376_S2" xml:id="POwsd376_u_175"><anchor synch="#POwsd376_oc_9" type="other_continuation" xml:id="POwsd376_oc_10"/> implementation <pause/></u>
            <u who="#POwsd376_S10" xml:id="POwsd376_u_176"> mhm <unclear> hm </unclear><pause/></u>
            <u who="#POwsd376_S1" xml:id="POwsd376_u_177"><seg n="5" type="overlap" xml:id="POwsd376_ol_118"> yeah </seg></u>
            <u who="#POwsd376_S9" xml:id="POwsd376_u_178"><seg n="5" synch="#POwsd376_ol_118" type="overlap" xml:id="POwsd376_ol_119"> so </seg> i i don't know i've got so confused and forgive me if i'm repeating <pause/><incident voice:desc="soft background laughter"/> something erm but like <pause/> i think it came up about funding <pause/> erm erm don't know <pause/> and how erm and how that's an essential part but a- also not just that is the way that we evaluate how the youth pact <pause/> erm erm applies to young people <pause/> because if we get four years down the line <pause/> and in the youth pact and go well <pause/> five hundred young people <pause/> erm have been erm h- er the youth the y- <unclear> er try and </unclear> put it in english <incident voice:desc="background laughter starts"/> the youth pact <pause/> erm the youth pact has <incident voice:desc="background laughter ends"/> erm <pause/> has benefitted five hundred young people in this country<c function="fall" type="intonation"/><pause/> what we don't want is well statistically we have <pause/> three hundred per cent more young people involved <pause/> because statistics don't change lives <pause/><supplied reason="unintelligible"> x </supplied> well five hundred young people <pause/> have more self-esteem five hundred young people <pause/> have more self-awareness five hundred young people <pause/> feel that <emph> they </emph><pause/><unclear> the </unclear> skills and the <emph> own</emph>ership of their skills to do it <pause/><seg n="6" type="overlap" xml:id="POwsd376_ol_120"> and </seg> as well as all this we need to be <unclear> concentrate </unclear> on the really small things <emph> like </emph> evaluation <pause/></u>
            <u who="#POwsd376_S2" xml:id="POwsd376_u_179"><seg n="6" synch="#POwsd376_ol_120" type="overlap" xml:id="POwsd376_ol_121"> mhm </seg></u>
            <u who="#POwsd376_S9" xml:id="POwsd376_u_180"> making sure that it's not just quantitative <anchor synch="#POwsd376_oc_12" type="other_continuation" xml:id="POwsd376_oc_11"/></u>
            <u who="#POwsd376_S2" xml:id="POwsd376_u_181"><anchor synch="#POwsd376_oc_11" type="other_continuation" xml:id="POwsd376_oc_12"/> yeah <pause/></u>
            <u who="#POwsd376_S9" xml:id="POwsd376_u_182"> and it's qualitative <incident voice:desc="S2 nods"/> it needs to be quali<seg n="7" type="overlap" xml:id="POwsd376_ol_122">ty </seg> of <pause/></u>
            <u who="#POwsd376_SX" xml:id="POwsd376_u_183"><seg n="7" synch="#POwsd376_ol_122" type="overlap" xml:id="POwsd376_ol_123"><unclear> hm </unclear></seg></u>
            <u who="#POwsd376_S9" xml:id="POwsd376_u_184"> of y- o<seg n="8" type="overlap" xml:id="POwsd376_ol_124">f y</seg>outh education youth informal education youth life <pause/></u>
            <u who="#POwsd376_S2" xml:id="POwsd376_u_185"><seg n="8" synch="#POwsd376_ol_124" type="overlap" xml:id="POwsd376_ol_125"> mhm </seg></u>
            <u who="#POwsd376_S9" xml:id="POwsd376_u_186"> not <pause/> how many jobs <shift corresp="#POwsd376_s_98" feature="voice" new="laugh" xml:id="POwsd376_s_97"/><supplied reason="unintelligible"> xx </supplied> you <seg n="9" type="overlap" xml:id="POwsd376_ol_126"> need </seg><shift corresp="#POwsd376_s_97" feature="voice" new="neutral" xml:id="POwsd376_s_98"/><pause/></u>
            <u who="#POwsd376_S2" xml:id="POwsd376_u_187"><seg n="9" synch="#POwsd376_ol_126" type="overlap" xml:id="POwsd376_ol_127"><unclear> mhm </unclear></seg></u>
            <u who="#POwsd376_S9" xml:id="POwsd376_u_188"> is the job that they've got good enough </u>
            <u who="#POwsd376_S2" xml:id="POwsd376_u_189"> mhm yeah </u>
            <u who="#POwsd376_S10" xml:id="POwsd376_u_190"> mhm </u>
            <u who="#POwsd376_S2" xml:id="POwsd376_u_191"> e<c type="lengthening"/>r and s- so the good evaluation tool during an actor competing er implementation process would be important <pause/> and <pause/> er <pause dur="PT2S"/> and i took part in <pause/> can i have a small s- tell a small sto<shift corresp="#POwsd376_s_100" feature="voice" new="laugh" xml:id="POwsd376_s_99"/>ry <shift corresp="#POwsd376_s_99" feature="voice" new="neutral" xml:id="POwsd376_s_100"/><vocal subtype="wordstart" type="wordlike" voice:desc="laughing" voice:syl="1"/></u>
            <u who="#POwsd376_SS" xml:id="POwsd376_u_192"><vocal subtype="wordstart" type="wordlike" voice:desc="laughing" voice:syl="2"/></u>
            <u who="#POwsd376_S2" xml:id="POwsd376_u_193"> it's i took part in an evaluation protocol the world b- er bank in poland concerning <pause/> erm <pause/> support for rural <shift corresp="#POwsd376_s_102" feature="tempo" new="l" xml:id="POwsd376_s_101"/> rural areas <shift corresp="#POwsd376_s_101" feature="tempo" new="neutral" xml:id="POwsd376_s_102"/><pause/> er people living there and <supplied reason="unintelligible"> x </supplied> poor and so on <pause/> and er there were many tools of supporting those people their knowledge their changing minds in approach for small business for example <pause/> a<c type="lengthening"/>nd and also <pause/> erm some money for for the f- er for <pause/> er establishing their own companies <pause/> and the evaluation er was not how many people took part in <voice:pvc> trainings </voice:pvc><pause/> but <emph> how </emph> many of companies <pause/> er established by them still <voice:pvc> alived </voice:pvc> after two years after completing of the projects <pause/> so it showed that if seventy  per cent of small companies <pause/> er coming from this project still <voice:track medium="1" num="07" type="md"/> alive and were <emph> run </emph> by by those people <pause/> it meant that this pro- program was successful </u>
            <u who="#POwsd376_S10" xml:id="POwsd376_u_194"> seventeen <anchor synch="#POwsd376_oc_14" type="other_continuation" xml:id="POwsd376_oc_13"/></u>
            <u who="#POwsd376_SX-f" xml:id="POwsd376_u_195"><anchor synch="#POwsd376_oc_13" type="other_continuation" xml:id="POwsd376_oc_14"/><shift corresp="#POwsd376_s_104" feature="loud" new="p" xml:id="POwsd376_s_103"/> yeah <shift corresp="#POwsd376_s_103" feature="loud" new="neutral" xml:id="POwsd376_s_104"/></u>
            <u who="#POwsd376_S2" xml:id="POwsd376_u_196"> seventy <anchor synch="#POwsd376_oc_16" type="other_continuation" xml:id="POwsd376_oc_15"/></u>
            <u who="#POwsd376_S10" xml:id="POwsd376_u_197"><anchor synch="#POwsd376_oc_15" type="other_continuation" xml:id="POwsd376_oc_16"/> seventy <pause/><supplied reason="unintelligible"> x </supplied><anchor synch="#POwsd376_oc_18" type="other_continuation" xml:id="POwsd376_oc_17"/></u>
            <u who="#POwsd376_S2" xml:id="POwsd376_u_198"><anchor synch="#POwsd376_oc_17" type="other_continuation" xml:id="POwsd376_oc_18"/> it's it's very high<c function="fall" type="intonation"/><pause dur="PT1S"/><incident voice:desc="parallel conversation starts"/> this were no very small small small er companies like <pause/><incident voice:desc="parallel conversation ends"/> you know sewing  o<seg n="1" type="overlap" xml:id="POwsd376_ol_128">r so </seg> about three three thousand <seg n="2" type="overlap" xml:id="POwsd376_ol_129"> dollars </seg></u>
            <u who="#POwsd376_S10" xml:id="POwsd376_u_199"><seg n="1" synch="#POwsd376_ol_128" type="overlap" xml:id="POwsd376_ol_130"> mhm </seg></u>
            <u who="#POwsd376_SX-f" xml:id="POwsd376_u_200"><supplied reason="unintelligible"><seg n="2" synch="#POwsd376_ol_129" type="overlap" xml:id="POwsd376_ol_131"> xx </seg> xx </supplied></u>
            <u who="#POwsd376_S2" xml:id="POwsd376_u_201"> for beginning <seg n="3" type="overlap" xml:id="POwsd376_ol_132"> they re</seg>ceived after er e<c type="lengthening"/>rm showing business plans <pause/> but they were taught how to how to prepare <pause/> real good business plan  </u>
            <u who="#POwsd376_S10" xml:id="POwsd376_u_202"><seg n="3" synch="#POwsd376_ol_132" type="overlap" xml:id="POwsd376_ol_133"> mhm </seg></u>
            <u who="#POwsd376_SS" xml:id="POwsd376_u_203"> mhm </u>
            <u who="#POwsd376_S2" xml:id="POwsd376_u_204"> so it was really effective </u>
            <u who="#POwsd376_SX" xml:id="POwsd376_u_205"> yes </u>
            <u who="#POwsd376_SX-f" xml:id="POwsd376_u_206"><shift corresp="#POwsd376_s_106" feature="loud" new="p" xml:id="POwsd376_s_105"/> yeah <shift corresp="#POwsd376_s_105" feature="loud" new="neutral" xml:id="POwsd376_s_106"/><pause/></u>
            <u who="#POwsd376_S2" xml:id="POwsd376_u_207"> but er but not the half way <pause/> er benchmarks were given <pause/> but the <pause/><unclear> host </unclear><vocal subtype="wordstart" type="wordlike" voice:desc="laughing" voice:syl="1"/><pause dur="PT1S"/> one <pause dur="PT3S"/></u>
            <u who="#POwsd376_SX" xml:id="POwsd376_u_208"> mhm <pause/></u>
            <u who="#POwsd376_S1" xml:id="POwsd376_u_209"> okay erm more er any do you have any other things you want to voice before <pause/><incident voice:desc="coughing in the background "/> if you <supplied reason="unintelligible"> xxxxx </supplied><unclear> the </unclear> opportunity to say anything <pause/></u>
            <u who="#POwsd376_S5" xml:id="POwsd376_u_210"><vocal subtype="wordstart" type="wordlike" voice:desc="laughing" voice:syl="1"/><pause dur="PT3S"/></u>
            <u who="#POwsd376_S1" xml:id="POwsd376_u_211"> no <pause/> okay then <pause dur="PT2S"/> what what i remember is that <unclear> a na- </unclear> that er <pause/> in relation to question four that there's er an important role for youth organizations actually on <pause dur="PT1S"/> not only representing young people and erm <pause/> but also </u>
            <u who="#POwsd376_SX-f" xml:id="POwsd376_u_212"><shift corresp="#POwsd376_s_108" feature="loud" new="p" xml:id="POwsd376_s_107"/> hm <shift corresp="#POwsd376_s_107" feature="loud" new="neutral" xml:id="POwsd376_s_108"/></u>
            <u who="#POwsd376_S1" xml:id="POwsd376_u_213"> let's say contributing to <unclear> achieving </unclear> the aims of the youth pact which is erm <pause dur="PT1S"/> a <voice:pvc> cross-sectoral </voice:pvc> pact that deals with er <unclear> erm with </unclear> education formal education and <voice:pvc> non-formal </voice:pvc> education <supplied reason="unintelligible"> xx </supplied><unclear> mobility </unclear><pause/> deals with social inclusion and getting <pause/> er harder to reach groups <pause/> er <pause/> into the mainstream let's say <pause/> and getting people in into the <supplied reason="unintelligible"> x </supplied> and in achieving those different aims let's say that the different youth organizations can also <pause/> play <unclear> a </unclear> a role in <pause/><unclear> er </unclear> in a in <pause/> helping to achieve them let's say <pause/> er while at the same time it's very important that there is a representative role er because erm <pause/> youth organizations also reach a lot of <unclear> when people can </unclear><pause/> gather <unclear> when they're abused </unclear> and <unclear> just </unclear> represent them <pause/> at local regional national european level <pause/> erm  </u>
            <u who="#POwsd376_SX-f" xml:id="POwsd376_u_214"> mhm </u>
            <u who="#POwsd376_S1" xml:id="POwsd376_u_215"> and also that <unclear> that </unclear> was <anchor synch="#POwsd376_oc_20" type="other_continuation" xml:id="POwsd376_oc_19"/></u>
            <u who="#POwsd376_SX-f" xml:id="POwsd376_u_216"><anchor synch="#POwsd376_oc_19" type="other_continuation" xml:id="POwsd376_oc_20"/> mhm <pause/></u>
            <u who="#POwsd376_S1" xml:id="POwsd376_u_217"><shift corresp="#POwsd376_s_110" feature="loud" new="p" xml:id="POwsd376_s_109"/><unclear> a </unclear> missing point <unclear> there </unclear><shift corresp="#POwsd376_s_109" feature="loud" new="neutral" xml:id="POwsd376_s_110"/><pause/> erm <pause dur="PT2S"/> okay er <supplied reason="anonymization"> [S5] </supplied> do you have <pause dur="PT4S"/> er <anchor synch="#POwsd376_oc_22" type="other_continuation" xml:id="POwsd376_oc_21"/></u>
            <u who="#POwsd376_S2" xml:id="POwsd376_u_218"><anchor synch="#POwsd376_oc_21" type="other_continuation" xml:id="POwsd376_oc_22"/> any problems <vocal subtype="wordstart" type="wordlike" voice:desc="laughing" voice:syl="1"/></u>
            <u who="#POwsd376_SS" xml:id="POwsd376_u_219"><vocal subtype="wordstart" type="wordlike" voice:desc="laughing" voice:syl="3"/></u>
            <u who="#POwsd376_S1" xml:id="POwsd376_u_220"> yeah you will bring <unclear> er </unclear> you will present <unclear> them </unclear><pause/> and then read the<c type="lengthening"/> points of this afternoon <seg n="4" type="overlap" xml:id="POwsd376_ol_134"> and th</seg>en later tonight <pause/></u>
            <u who="#POwsd376_S5" xml:id="POwsd376_u_221"><seg n="4" synch="#POwsd376_ol_134" type="overlap" xml:id="POwsd376_ol_135"> yeah </seg></u>
            <u who="#POwsd376_S1" xml:id="POwsd376_u_222"> so er you will not be drinking <supplied reason="unintelligible"> xxx </supplied></u>
            <u who="#POwsd376_S5" xml:id="POwsd376_u_223"><vocal subtype="wordstart" type="wordlike" voice:desc="laughing" voice:syl="3"/></u>
            <u who="#POwsd376_S9" xml:id="POwsd376_u_224"> bring you one in </u>
            <u who="#POwsd376_SX-m" xml:id="POwsd376_u_225"><shift corresp="#POwsd376_s_112" feature="loud" new="p" xml:id="POwsd376_s_111"/> yeah <shift corresp="#POwsd376_s_111" feature="loud" new="neutral" xml:id="POwsd376_s_112"/></u>
            <u who="#POwsd376_S5" xml:id="POwsd376_u_226"> cheers <vocal subtype="wordstart" type="wordlike" voice:desc="laughing" voice:syl="4"/></u>
            <u who="#POwsd376_S1" xml:id="POwsd376_u_227"> er to work on the on the declaration can you maybe go over the main points that you<c type="lengthening"/> you have<c function="rise" type="intonation"/><pause/></u>
            <u who="#POwsd376_S5" xml:id="POwsd376_u_228"> i can but i mean <pause/> we've just gone over them okay </u>
            <u who="#POwsd376_SS" xml:id="POwsd376_u_229"><vocal subtype="wordstart" type="wordlike" voice:desc="laughing" voice:syl="2"/><seg n="5" type="overlap" xml:id="POwsd376_ol_136"><vocal type="wordlike" voice:desc="laughing" voice:syl="2"/></seg><vocal type="wordlike" voice:desc="laughing" voice:syl="2"/><pause/></u>
            <u who="#POwsd376_S5" xml:id="POwsd376_u_230"><seg n="5" synch="#POwsd376_ol_136" type="overlap" xml:id="POwsd376_ol_137"> erm </seg></u>
            <u who="#POwsd376_S5" xml:id="POwsd376_u_231"> it's a bit <supplied reason="unintelligible" voice:ipa="'pestiv"> xx </supplied> but <pause dur="PT1S"/> erm <pause dur="PT1S"/><vocal type="speaker_noise" voice:desc="smacks lips"/></u>
            <u who="#POwsd376_S1" xml:id="POwsd376_u_232"> it would be th<seg n="6" type="overlap" xml:id="POwsd376_ol_138">e<c type="lengthening"/></seg><voice:track medium="1" num="08" type="md"/> to be sum- the summary <unclear> call </unclear><pause dur="PT1S"/></u>
            <u who="#POwsd376_S5" xml:id="POwsd376_u_233"><seg n="6" synch="#POwsd376_ol_138" type="overlap" xml:id="POwsd376_ol_139"><unclear> really </unclear><c function="rise" type="intonation"/></seg></u>
            <u who="#POwsd376_S5" xml:id="POwsd376_u_234"> yeah but that's difficult with <pause/> without reading and summarizing first <emph> erm </emph><pause dur="PT2S"/><vocal type="speaker_noise" voice:desc="smacks lips"/><shift corresp="#POwsd376_s_114" feature="voice" new="sigh" xml:id="POwsd376_s_113"/> hhh <shift corresp="#POwsd376_s_113" feature="voice" new="neutral" xml:id="POwsd376_s_114"/><pause dur="PT1S"/><shift corresp="#POwsd376_s_116" feature="tempo" new="a" xml:id="POwsd376_s_115"/> okay i- i thought i mean i think you summarized it <shift corresp="#POwsd376_s_118" feature="voice" new="laugh" xml:id="POwsd376_s_117"/> quite <shift corresp="#POwsd376_s_117" feature="voice" new="neutral" xml:id="POwsd376_s_118"/> well anyway <shift corresp="#POwsd376_s_115" feature="tempo" new="neutral" xml:id="POwsd376_s_116"/><vocal subtype="wordstart" type="wordlike" voice:desc="laughing" voice:syl="1"/><shift corresp="#POwsd376_s_120" feature="voice" new="laugh" xml:id="POwsd376_s_119"/> you said <shift corresp="#POwsd376_s_119" feature="voice" new="neutral" xml:id="POwsd376_s_120"/> that youth organizations have e<c type="lengthening"/>r an important role not just to be <pause/> advocates but er er to </u>
            <u who="#POwsd376_S1" xml:id="POwsd376_u_235"><shift corresp="#POwsd376_s_122" feature="loud" new="p" xml:id="POwsd376_s_121"/> mhm <shift corresp="#POwsd376_s_121" feature="loud" new="neutral" xml:id="POwsd376_s_122"/><pause/></u>
            <u who="#POwsd376_S5" xml:id="POwsd376_u_236"> er implement concrete projects and that <pause/> erm<c type="lengthening"/> that <pause dur="PT1S"/> youth organizations have a very important role <pause/> but it can't replace a governmental role <pause/> and that erm <pause dur="PT3S"/> erm <pause dur="PT2S"/> that we can <pause dur="PT1S"/> we can work within our organizations and reach erm quite a large number of young people <pause/> erm <pause/> to to work with them <pause/> to achieve some of the youth pact's aims <pause/> erm <pause/> but that er if more responsibility is given to youth organizations to <pause/> implement the youth pact then </u>
            <u who="#POwsd376_S1" xml:id="POwsd376_u_237"> mhm <anchor synch="#POwsd376_oc_24" type="other_continuation" xml:id="POwsd376_oc_23"/></u>
            <u who="#POwsd376_S5" xml:id="POwsd376_u_238"><anchor synch="#POwsd376_oc_23" type="other_continuation" xml:id="POwsd376_oc_24"/> that requires more resources as well it it has to get hand in hand and it can't just be <pause/> given to youth organizations <pause/> erm and that we should yah look <pause/> carefully er erm <pause/> at the evaluation of of the results and it shouldn't just be quantitative but qualitative as well and show that we are getting erm decent results and sustainable results and not just er assertive figures <pause/> i think those are the kind of main points cos a lot of the points were <seg n="7" type="overlap" xml:id="POwsd376_ol_140"> to do </seg> with the sorts of projects that youth organizations <unclear> can run </unclear><incident voice:desc="S1 and S3 nod"/><pause/></u>
            <u who="#POwsd376_S1" xml:id="POwsd376_u_239"><seg n="7" synch="#POwsd376_ol_140" type="overlap" xml:id="POwsd376_ol_141"> mhm </seg></u>
            <u who="#POwsd376_S1" xml:id="POwsd376_u_240"> mhm okay is<c type="lengthening"/> is anyo- everybody satisfied with <pause/> this would be what er <pause dur="PT1S"/> what <pause/> are the results of this working group<c function="rise" type="intonation"/></u>
            <u who="#POwsd376_SX-f" xml:id="POwsd376_u_241"><shift corresp="#POwsd376_s_124" feature="loud" new="p" xml:id="POwsd376_s_123"/> yah <shift corresp="#POwsd376_s_123" feature="loud" new="neutral" xml:id="POwsd376_s_124"/><pause/></u>
            <u who="#POwsd376_S1" xml:id="POwsd376_u_242"> okay <pause/> in that case e<c type="lengthening"/>rm <pause/> we start again at six o'clock </u>
            <u who="#POwsd376_SX-f" xml:id="POwsd376_u_243"><shift corresp="#POwsd376_s_126" feature="loud" new="p" xml:id="POwsd376_s_125"/> mhm <shift corresp="#POwsd376_s_125" feature="loud" new="neutral" xml:id="POwsd376_s_126"/></u>
            <u who="#POwsd376_S1" xml:id="POwsd376_u_244"> at least according to the program <pause/> e<c type="lengthening"/>r <incident voice:desc="parallel conversations start, people start packing their things"/> yeah i <supplied reason="unintelligible"> xxxx </supplied><pause dur="PT3S"/><incident voice:desc="parallel conversations grow louder"/><supplied reason="unintelligible"> xx </supplied><unclear> plenary </unclear><c function="rise" type="intonation"/><pause/> so you have <unclear> five </unclear><supplied reason="unintelligible"> xxx<c function="rise" type="intonation"/></supplied><incident voice:desc="people talk loudly, laugh, and leave"/></u>
         </div>
      </body>
   </text>
</TEI>