<TEI xmlns="http://www.tei-c.org/ns/1.0" xmlns:voice="http://www.univie.ac.at/voice/ns/1.0" xmlns:xi="http://www.w3.org/2001/XInclude" version="5" xml:id="PRcon531" xml:lang="eng">
   <teiHeader>
      <fileDesc>
         <titleStmt>
            <title>conversation about solving a mathematical problem</title>
            <principal>Prof. Barbara Seidlhofer</principal>
            <editor/>
            <funder>Austrian Science Foundation (FWF)</funder>
            <sponsor/>
            <respStmt>
               <resp>Corpus Compilation</resp>
               <orgName>VOICE Project</orgName>
               <persName>Barbara Seidlhofer</persName>
               <persName>Angelika Breiteneder</persName>
               <persName>Marie-Luise Pitzl</persName>
               <persName>Stefan Majewski</persName>
               <persName>Theresa Klimpfinger</persName>
            </respStmt>
         </titleStmt>
         <editionStmt>
		<edition>Version 1.0 XML, <date>May 2011</date></edition>
	  <respStmt>
		<resp>Researchers</resp>
		<name>Barbara Seidlhofer</name> 		
		<name>Angelika Breiteneder</name> 
		<name>Theresa Klimpfinger</name> 
		<name>Stefan Majewski</name> 
		<name>Marie-Luise Pitzl</name> 
	  </respStmt>
	</editionStmt>
         <publicationStmt>
		<publisher>Barbara Seidlhofer, Stefan Majewski, Marie-Luise Pitzl</publisher> 
	  <distributor>VOICE Project, University of Vienna, Austria</distributor> 
	  <address>
		<addrLine>Spitalgasse 2, AAKH Hof 8</addrLine> 
		<addrLine>1090 Vienna</addrLine> 
		<addrLine>Austria</addrLine> 
		<addrLine>Telephone: +43 1 427742446</addrLine> 
	  	<addrLine>Email: voice@univie.ac.at</addrLine> 
		<addrLine>Website: http://www.univie.ac.at/voice</addrLine> 
	  </address>
	  <availability status="free">
	  	<p>
		  The Vienna-Oxford International Corpus of English (VOICE)
		  was created by Barbara Seidlhofer (project director) and
		  Angelika Breiteneder, Theresa Klimpfinger, Stefan Majewski,
		  Marie-Luise Pitzl (project researchers). VOICE 1.0 XML is
		  available for download at the VOICE Project's website <ref target="http://www.univie.ac.at/voice/">http://www.univie.ac.at/voice/</ref>
		  under a Creative Commons
		  Attribution-NonCommercial-ShareAlike 3.0 Unported (CC
		  BY-NC-SA 3.0) License (<ref target="http://creativecommons.org/licenses/by-nc-sa/3.0/">
		  http://creativecommons.org/licenses/by-nc-sa/3.0/
		  </ref>). The original audio files are held at the Department
		  of English, University of Vienna. 23 selected audio files
		  are available as audio streams in the VOICE Online interface
		  at the VOICE Project's website <ref target="http://www.univie.ac.at/voice">http://www.univie.ac.at/voice</ref>.
		</p>
		<p>
		The recommended citation for VOICE 1.0 XML is:
		</p>
		<p>
		<bibl><title>VOICE</title>. <date>2011</date>. <title level="m">The Vienna-Oxford International Corpus of
		English</title> (<edition>version 1.0
		XML</edition>). Director: Barbara Seidlhofer; Researchers:
		Angelika Breiteneder, Theresa Klimpfinger, Stefan Majewski,
		Marie-Luise Pitzl.</bibl>
		</p>
		<p>The short citation for VOICE 1.0 XML is:
		</p>
		<p>
		<bibl><title>VOICE</title>. <date>2011</date>. <title level="m">The Vienna-Oxford International Corpus of
		English</title> (<edition>version 1.0
		XML</edition>).</bibl></p>
		<p>
		  For further information about availability and copyright
		  permissions, please see the README file included in the
		  download package. For further enquiries please contact the
		  VOICE Project at <ref target="mailto:voice@univie.ac.at">voice@univie.ac.at</ref>.
		</p>
	  </availability>
	</publicationStmt>
         <notesStmt>
            <note xml:id="PRcon531_wc">Words: 680</note>
            <note xml:id="PRcon531_tn_0">This conversation takes place during a break of a mathematics conference. The speakers discuss a mathematical theorem. The speakers are acquainted. </note>
         </notesStmt>
         <sourceDesc>
            <recordingStmt>
               <recording dur="PT00H04M30S" type="audio">
                  <date>2005-10-27</date>
                  <equipment>
                     <p>Portable minidisc recorder with electret condenser stereo microphone</p>
                  </equipment>
                  <respStmt>
                     <resp>recording</resp>
                     <name>R19</name>
                  </respStmt>
               </recording>
            </recordingStmt>
         </sourceDesc>
      </fileDesc>
      <encodingDesc>
         <classDecl>
            <taxonomy>
               <category xml:id="PRcon531_domain">
                  <catDesc>Domain</catDesc>
                  <category sameAs="#ED" xml:id="PRcon531_ED">
                     <catDesc>educational</catDesc>
                  </category>
                  <category sameAs="#LE" xml:id="PRcon531_LE">
                     <catDesc>leisure</catDesc>
                  </category>
                  <category sameAs="#PB" xml:id="PRcon531_PB">
                     <catDesc>professional business</catDesc>
                  </category>
                  <category sameAs="#PO" xml:id="PRcon531_PO">
                     <catDesc>professional organizational</catDesc>
                  </category>
                  <category sameAs="#PR" xml:id="PRcon531_PR">
                     <catDesc>professional research/science</catDesc>
                  </category>
               </category>
               <category xml:id="PRcon531_spet">
                  <catDesc>Speech Event Type</catDesc>
                  <category sameAs="#int" xml:id="PRcon531_int">
                     <catDesc>interview</catDesc>
                  </category>
                  <category sameAs="#prc" xml:id="PRcon531_prc">
                     <catDesc>press conference</catDesc>
                  </category>
                  <category sameAs="#sve" xml:id="PRcon531_sve">
                     <catDesc>service encounter</catDesc>
                  </category>
                  <category sameAs="#sed" xml:id="PRcon531_sed">
                     <catDesc>seminar discussion</catDesc>
                  </category>
                  <category sameAs="#wgd" xml:id="PRcon531_wgd">
                     <catDesc>working group discussion</catDesc>
                  </category>
                  <category sameAs="#wsd" xml:id="PRcon531_wsd">
                     <catDesc>workshop discussion</catDesc>
                  </category>
                  <category sameAs="#mtg" xml:id="PRcon531_mtg">
                     <catDesc>meeting</catDesc>
                  </category>
                  <category sameAs="#pan" xml:id="PRcon531_pan">
                     <catDesc>panel</catDesc>
                  </category>
                  <category sameAs="#qas" xml:id="PRcon531_qas">
                     <catDesc>question-answer session</catDesc>
                  </category>
                  <category sameAs="#con" xml:id="PRcon531_con">
                     <catDesc>conversation</catDesc>
                  </category>
               </category>
            </taxonomy>
         </classDecl>
         <tagsDecl><namespace name="http://www.tei-c.org/ns/1.0">
      <tagUsage gi="TEI" occurs="1"/>
      <tagUsage gi="teiHeader" occurs="1"/>
      <tagUsage gi="fileDesc" occurs="1"/>
      <tagUsage gi="titleStmt" occurs="1"/>
      <tagUsage gi="title" occurs="5"/>
      <tagUsage gi="principal" occurs="1"/>
      <tagUsage gi="editor" occurs="1"/>
      <tagUsage gi="funder" occurs="1"/>
      <tagUsage gi="sponsor" occurs="1"/>
      <tagUsage gi="respStmt" occurs="3"/>
      <tagUsage gi="resp" occurs="3"/>
      <tagUsage gi="orgName" occurs="1"/>
      <tagUsage gi="persName" occurs="5"/>
      <tagUsage gi="editionStmt" occurs="1"/>
      <tagUsage gi="edition" occurs="3"/>
      <tagUsage gi="date" occurs="4"/>
      <tagUsage gi="name" occurs="8"/>
      <tagUsage gi="publicationStmt" occurs="1"/>
      <tagUsage gi="publisher" occurs="1"/>
      <tagUsage gi="distributor" occurs="1"/>
      <tagUsage gi="address" occurs="1"/>
      <tagUsage gi="addrLine" occurs="6"/>
      <tagUsage gi="availability" occurs="1"/>
      <tagUsage gi="p" occurs="7"/>
      <tagUsage gi="ref" occurs="5"/>
      <tagUsage gi="bibl" occurs="2"/>
      <tagUsage gi="notesStmt" occurs="1"/>
      <tagUsage gi="note" occurs="2"/>
      <tagUsage gi="sourceDesc" occurs="1"/>
      <tagUsage gi="recordingStmt" occurs="1"/>
      <tagUsage gi="recording" occurs="1"/>
      <tagUsage gi="equipment" occurs="1"/>
      <tagUsage gi="encodingDesc" occurs="1"/>
      <tagUsage gi="classDecl" occurs="1"/>
      <tagUsage gi="taxonomy" occurs="1"/>
      <tagUsage gi="category" occurs="17"/>
      <tagUsage gi="catDesc" occurs="17"/>
      <tagUsage gi="tagsDecl" occurs="1"/>
      <tagUsage gi="namespace" occurs="2"/>
      <tagUsage gi="tagUsage" occurs="80"/>
      <tagUsage gi="gi" occurs="5"/>
      <tagUsage gi="att" occurs="12"/>
      <tagUsage gi="list" occurs="10"/>
      <tagUsage gi="label" occurs="17"/>
      <tagUsage gi="val" occurs="39"/>
      <tagUsage gi="item" occurs="37"/>
      <tagUsage gi="profileDesc" occurs="1"/>
      <tagUsage gi="textClass" occurs="1"/>
      <tagUsage gi="catRef" occurs="2"/>
      <tagUsage gi="settingDesc" occurs="1"/>
      <tagUsage gi="setting" occurs="1"/>
      <tagUsage gi="locale" occurs="1"/>
      <tagUsage gi="activity" occurs="1"/>
      <tagUsage gi="particDesc" occurs="1"/>
      <tagUsage gi="listPerson" occurs="4"/>
      <tagUsage gi="personGrp" occurs="2"/>
      <tagUsage gi="person" occurs="5"/>
      <tagUsage gi="age" occurs="3"/>
      <tagUsage gi="sex" occurs="3"/>
      <tagUsage gi="occupation" occurs="3"/>
      <tagUsage gi="langKnowledge" occurs="3"/>
      <tagUsage gi="langKnown" occurs="3"/>
      <tagUsage gi="relationGrp" occurs="1"/>
      <tagUsage gi="relation" occurs="2"/>
      <tagUsage gi="revisionDesc" occurs="1"/>
      <tagUsage gi="change" occurs="5"/>
      <tagUsage gi="text" occurs="1"/>
      <tagUsage gi="body" occurs="1"/>
      <tagUsage gi="div" occurs="1"/>
      <tagUsage gi="u" occurs="94">Used to mark a stretch of speech commonly
		preceded and followed by a pause or by a change of speaker. A
		<gi>u</gi> is, however, not required to be bounded by a pause or
		a change of speaker, nor does it represent a turn in a
		conversation analytic sense. At a minimum, a <gi>u</gi> is some
		phonetic production or noise made by a given speaker or a group of speakers.</tagUsage>
      <tagUsage gi="unclear" occurs="5">Used to mark speech which cannot be
		transcribed with certainty, because it is difficult to hear or
		understand for the transcriber.</tagUsage>
      <tagUsage gi="c" occurs="59">Used to mark lengthening of sounds and
		intonation (fall, rise). The following <att>type</att>
		attributes are used to mark:
		<list>
		  <label><val>lengthening</val></label><item>lengthened
		  sounds</item>
		  <label><val>intonation</val></label><item>a significant change in
		  intonation, marked with the following <att>function</att>
		  attribute for:
		  <list>
			<label><val>fall</val></label><item>falling
			intonation</item>
			<label><val>rise</val></label><item>rising intonation</item>
		  </list>
		</item>
		</list>
		Intonation may or may not coincide with
		syntactic boundaries.
		</tagUsage>
      <tagUsage gi="pause" occurs="102">Used to mark a pause either between or
		within utterances. Used without <att>dur</att> attribute to
		indicate a brief pause up to half a second.
		</tagUsage>
      <tagUsage gi="shift" occurs="14">Used to mark the point at which some
		paralinguistic feature changes. The following attribute values
		are used to mark:
		<list>
          <label>
            <val>voice</val>
          </label>
          <item>voice quality
          <list>
            <item><val>imitating</val></item>
            <item><val>laugh</val></item>
            <item><val>neutral</val></item>
            <item><val>phone</val></item>
            <item><val>reading</val></item>
            <item><val>reading_aloud</val></item>
            <item><val>sigh</val></item>
            <item><val>singing</val></item>
            <item><val>whisp</val></item>
            <item><val>yawning</val></item>
          </list>
          </item>
          <label>
          <val>tempo</val></label>
          <item>speed of utterance
            <list>
              <label><val>a</val></label>
              <item>accelerando</item>
              <label><val>l</val></label>
              <item>lento</item>
              <label><val>neutral</val></label>
              <item>neutral</item>
            </list>
          </item>
          <label>
          <val>loud</val></label>
          <item>loudness
            <list>
              <item><val>f</val></item>
              <item><val>neutral</val></item>
              <item><val>p</val></item>
            </list>
          </item>
		  </list>
		</tagUsage>
      <tagUsage gi="supplied" occurs="1">Used to mark text supplied by the
		transcriber because the original is unintelligible or needed to
		be anonymized. The <att>reason</att> attribute is used to mark:
		<list>
		  <label><val>unintelligible</val></label><item>unintelligible
		  speech</item>
		  <label><val>anonymization</val></label><item>anonymized
		  speech</item>
		</list>
		</tagUsage>
      <tagUsage gi="seg" occurs="36">Used with different <att>type</att> attributes to mark:
		<list>
		  <label><att>type</att><val>overlap</val></label>
		  <item>overlaps</item>
		  <label><att>type</att><val>onomatopoeia</val></label>
		  <item>onomatopoeic sounds</item>
		  <label><att>type</att><val>ipa</val></label>
		  <item>transcriptions in the international phonetic alphabet</item>
		</list>
		</tagUsage>
      <tagUsage gi="vocal" occurs="7">Used to mark laughter and other speaker
		noises and non-verbal feedback.
        <list>
          <label>
            <val>speaker_noise</val>
          </label>
          <item>
            <list>
              <item>
                <val>coughing</val>
              </item>
              <item>
                <val>nods</val>
              </item>
              <item>
                <val>shakes head</val>
              </item>
              <item>
                <val>smacks lips</val>
              </item>
              <item>
                <val>sniffs</val>
              </item>
              <item>
                <val>swallows</val>
              </item>
              <item>
                <val>whistles</val>
              </item>
            </list>
          </item>
          <label>
            <val>wordlike</val>
          </label>
          <item>
            <val>laughing</val>
          </item>
        </list>
        </tagUsage>
      <tagUsage gi="anchor" occurs="24">Used to mark other-continuation,
		i.e. whenever a speaker continues another speaker's <gi>u</gi>
		without a pause. Other-continuation is to be interpreted
		temporally and does not relate to form or content of the
		speakers' utterances.</tagUsage>
      <tagUsage gi="emph" occurs="35">Used to mark speech which is stressed or
		emphasized in a way that goes beyond regular nuclear
		stress.</tagUsage>
      <tagUsage gi="w" occurs="13">
		  Used with the <att>type</att> attribute set to
		  <val>spelt</val> to mark words or word fragments which are
		  spelt out, i.e. words whose constituents are pronounced as
		  individual letters.
		</tagUsage>
      <tagUsage gi="incident" occurs="3">Used to mark contextual information
		relevant to the understanding of the interaction or the
		interaction as such. The <att>voice:desc</att> attribute
		provides a short prose description of the contextual
		event.</tagUsage></namespace><namespace name="http://www.univie.ac.at/voice/ns/1.0">
      <tagUsage gi="voice:pvc" occurs="4">Used to mark a pronunciation variation
		or coinage as described in <ref target="http://www.univie.ac.at/voice/documents/VOICE_mark-up_conventions_v2-1.pdf">the
			VOICE mark-up conventions [2.1].</ref>the
			VOICE mark-up conventions [2.1]. An existing word corresponding to the PVC may be provided within a <att>comment</att>comment attribute within the <gi>voice:pvc</gi>voice:pvc element. Additional phonetic
			transcription may be provided within a <att>voice:ipa</att>voice:ipa attribute
			within the <gi>voice:pvc</gi>voice:pvc element.</tagUsage>
      <tagUsage gi="voice:track" occurs="1">Used to mark the beginning of a new
		audio track used in transcription (usually three minutes in length) and thus refers to the audio recording
		of the transcribed speech event.
		</tagUsage></namespace></tagsDecl>
      </encodingDesc>
      <profileDesc>
         <textClass>
            <catRef target="#PRcon531_PR #PRcon531_con"/>
            <catRef target="#PR #con"/>
         </textClass>
         <settingDesc>
            <setting>
               <name type="country">AT</name>
               <name type="city">Vienna</name>
               <locale>room at Vienna University of Technology</locale>
               <activity>drinking coffee</activity>
            </setting>
         </settingDesc>
         <particDesc>
            <listPerson type="main">
               <listPerson type="groups">
                  <personGrp role="speakers" size="3"/>
                  <personGrp role="interactants" size="2"/>
               </listPerson>
               <listPerson type="identified">
                  <person role="participant" sameAs="#P509" xml:id="PRcon531_S2">
                     <age value="2">25-34</age>
                     <sex value="1">male</sex>
                     <occupation>mathematician</occupation>
                     <langKnowledge>
                        <langKnown level="L1" tag="tur-TR"/>
                     </langKnowledge>
                  </person>
                  <person role="participant" sameAs="#P510" xml:id="PRcon531_S8">
                     <age value="3">35-49</age>
                     <sex value="1">male</sex>
                     <occupation>mathematician</occupation>
                     <langKnowledge>
                        <langKnown level="L1" tag="ice-IS"/>
                     </langKnowledge>
                  </person>
                  <person role="researcher" sameAs="#P511" xml:id="PRcon531_S9">
                     <age value="1">17-24</age>
                     <sex value="2">female</sex>
                     <occupation>student</occupation>
                     <langKnowledge>
                        <langKnown level="L1" tag="ger-AT"/>
                     </langKnowledge>
                  </person>
               </listPerson>
               <listPerson type="not_identified">
                  <person corresp="#PRcon531_S8" sameAs="#SX" xml:id="PRcon531_SX-8"/>
                  <person corresp="#PRcon531_S2" sameAs="#SX" xml:id="PRcon531_SX-2"/>
               </listPerson>
               <relationGrp>
                  <relation mutual="#PRcon531_S2 #PRcon531_S8" name="power_relations_unknown" type="power"/>
                  <relation mutual="#PRcon531_S2 #PRcon531_S8" name="acquainted" type="acquaintedness"/>
               </relationGrp>
            </listPerson>
         </particDesc>
      </profileDesc>
      <revisionDesc>
         <change when="2009-05-19" who="SM">conversion to XML</change>
         <change when="2009-05-11" who="AB">finalized for publication</change>
         <change when="2009-02-12" who="TK">proof-reading</change>
         <change when="2008-12-10" who="RO">checking</change>
         <change when="2006-02-03" who="UF">transcription</change>
      </revisionDesc>
   </teiHeader>
   <text>
      <body>
         <div type="medium" voice:end="01:32" voice:end_medium_number="1" voice:end_track="02" voice:medium_type="md" voice:start="00:02" voice:start_medium_number="1" voice:start_track="01">
            <u who="#PRcon531_S2" xml:id="PRcon531_u_1"> it has it has a a <unclear> application </unclear> er to er <voice:pvc> plurisubharmonic </voice:pvc><unclear> holes </unclear><c function="fall" type="intonation"/></u>
            <u who="#PRcon531_S8" xml:id="PRcon531_u_2"> yah yah okay<c function="rise" type="intonation"/><pause/></u>
            <u who="#PRcon531_S9" xml:id="PRcon531_u_3"><shift corresp="#PRcon531_s_2" feature="voice" new="whisp" xml:id="PRcon531_s_1"/><supplied reason="unintelligible"><seg n="8" type="overlap" xml:id="PRcon531_ol_0"> xx </seg></supplied><shift corresp="#PRcon531_s_1" feature="voice" new="neutral" xml:id="PRcon531_s_2"/></u>
            <u who="#PRcon531_SX-2" xml:id="PRcon531_u_4"><seg n="8" synch="#PRcon531_ol_0" type="overlap" xml:id="PRcon531_ol_1"><vocal subtype="wordstart" type="wordlike" voice:desc="laughing" voice:syl="2"/></seg></u>
            <u who="#PRcon531_S2" xml:id="PRcon531_u_5"> wanna just sit there<c function="rise" type="intonation"/><pause/></u>
            <u who="#PRcon531_SX-8" xml:id="PRcon531_u_6"><vocal subtype="wordstart" type="wordlike" voice:desc="laughing" voice:syl="5"/><anchor synch="#PRcon531_oc_1" type="other_continuation" xml:id="PRcon531_oc_0"/></u>
            <u who="#PRcon531_S9" xml:id="PRcon531_u_7"><anchor synch="#PRcon531_oc_0" type="other_continuation" xml:id="PRcon531_oc_1"/> okay <pause dur="PT1S"/></u>
            <u who="#PRcon531_S2" xml:id="PRcon531_u_8"><vocal voice:desc="coughs"/> so there he shows that er the hull condition is actually <pause/> equivalent to have a sequence of hh disks <pause/></u>
            <u who="#PRcon531_S8" xml:id="PRcon531_u_9"> yah </u>
            <u who="#PRcon531_S2" xml:id="PRcon531_u_10"> going to the boundary in c- certain in certain <voice:pvc> topology<c function="fall" type="intonation"/></voice:pvc><pause/></u>
            <u who="#PRcon531_S8" xml:id="PRcon531_u_11"> mhm </u>
            <u who="#PRcon531_S2" xml:id="PRcon531_u_12"> right<c function="rise" type="intonation"/><pause/></u>
            <u who="#PRcon531_S8" xml:id="PRcon531_u_13"> hm<c function="fall" type="intonation"/><anchor synch="#PRcon531_oc_3" type="other_continuation" xml:id="PRcon531_oc_2"/></u>
            <u who="#PRcon531_S2" xml:id="PRcon531_u_14"><anchor synch="#PRcon531_oc_2" type="other_continuation" xml:id="PRcon531_oc_3"/> do you do you do you re<seg n="2" type="overlap" xml:id="PRcon531_ol_2">member<c function="rise" type="intonation"/></seg></u>
            <u who="#PRcon531_S8" xml:id="PRcon531_u_15"><seg n="2" synch="#PRcon531_ol_2" type="overlap" xml:id="PRcon531_ol_3"> i rememb</seg>er the paper but er i i cannot re- recall the re<emph>sults </emph><c function="fall" type="intonation"/><pause/></u>
            <u who="#PRcon531_S2" xml:id="PRcon531_u_16"> yeah that is <pause/><shift corresp="#PRcon531_s_4" feature="tempo" new="a" xml:id="PRcon531_s_3"/> that is what i was gonna <emph> ask </emph><c function="fall" type="intonation"/><shift corresp="#PRcon531_s_3" feature="tempo" new="neutral" xml:id="PRcon531_s_4"/> so <pause/> hh <vocal voice:desc="coughs"/> he says <pause dur="PT1S"/><vocal type="speaker_noise" voice:desc="smacks lips"/><w voice:mode="spelt"> c  </w> is in  <w voice:mode="spelt"> k  </w> hat<c function="fall" type="intonation"/><pause/></u>
            <u who="#PRcon531_S8" xml:id="PRcon531_u_17"> yah </u>
            <u who="#PRcon531_S2" xml:id="PRcon531_u_18"> if <pause/> there is a sequence of disks </u>
            <u who="#PRcon531_S8" xml:id="PRcon531_u_19"> yah <anchor synch="#PRcon531_oc_5" type="other_continuation" xml:id="PRcon531_oc_4"/></u>
            <u who="#PRcon531_S2" xml:id="PRcon531_u_20"><anchor synch="#PRcon531_oc_4" type="other_continuation" xml:id="PRcon531_oc_5"/> where the center goes to  <w voice:mode="spelt"> c  </w><pause/></u>
            <u who="#PRcon531_S8" xml:id="PRcon531_u_21"> yah </u>
            <u who="#PRcon531_S2" xml:id="PRcon531_u_22"> and the <pause/> and the disks converge to<c type="lengthening"/><pause dur="PT1S"/> con- the bound of the disk converge to  <w voice:mode="spelt"> k<c function="rise" type="intonation"/></w><anchor synch="#PRcon531_oc_7" type="other_continuation" xml:id="PRcon531_oc_6"/></u>
            <u who="#PRcon531_S8" xml:id="PRcon531_u_23"><anchor synch="#PRcon531_oc_6" type="other_continuation" xml:id="PRcon531_oc_7"/><emph> m</emph>hm </u>
            <u who="#PRcon531_S2" xml:id="PRcon531_u_24"> in the sense that <pause dur="PT1S"/> if y- if you choose any neighborhood of  <w voice:mode="spelt"> k  </w><pause/> e<c type="lengthening"/>r <emph> most </emph> of the <emph> bound</emph>ary is gonna s- is gonna get into the open set<c function="fall" type="intonation"/><pause/></u>
            <u who="#PRcon531_S8" xml:id="PRcon531_u_25"> yah yah okay<c function="fall" type="intonation"/><pause/> you're thinking about this result yes yes <anchor synch="#PRcon531_oc_9" type="other_continuation" xml:id="PRcon531_oc_8"/></u>
            <u who="#PRcon531_S2" xml:id="PRcon531_u_26"><anchor synch="#PRcon531_oc_8" type="other_continuation" xml:id="PRcon531_oc_9"/> right <seg n="3" type="overlap" xml:id="PRcon531_ol_4"> yah that </seg> is it in what i'm <pause/></u>
            <u who="#PRcon531_S8" xml:id="PRcon531_u_27"><seg n="3" synch="#PRcon531_ol_4" type="overlap" xml:id="PRcon531_ol_5"> that's true </seg></u>
            <u who="#PRcon531_S2" xml:id="PRcon531_u_28"> so erm <pause/> my question is now <pause/> hh <pause dur="PT2S"/> so the <emph> disk </emph> s- goes <pause/> gets closer and closer to the to the boundary <seg n="4" type="overlap" xml:id="PRcon531_ol_6"><voice:pvc> pointwise </voice:pvc></seg></u>
            <u who="#PRcon531_S8" xml:id="PRcon531_u_29"><seg n="4" synch="#PRcon531_ol_6" type="overlap" xml:id="PRcon531_ol_7"> yah yah </seg> yah yah </u>
            <u who="#PRcon531_S2" xml:id="PRcon531_u_30"> inside <seg n="5" type="overlap" xml:id="PRcon531_ol_8"> right<c function="rise" type="intonation"/></seg></u>
            <u who="#PRcon531_S8" xml:id="PRcon531_u_31"><seg n="5" synch="#PRcon531_ol_8" type="overlap" xml:id="PRcon531_ol_9"> yah </seg> yah <pause/></u>
            <u who="#PRcon531_S2" xml:id="PRcon531_u_32"><vocal voice:desc="coughs"/> so d- <pause/> can you sort of <emph> measure </emph><pause/> what ho- what is the portion of the disk <pause/> let's say getting <pause/> how close it is to the to the <pause/><shift corresp="#PRcon531_s_6" feature="loud" new="p" xml:id="PRcon531_s_5"/> boundary<c function="fall" type="intonation"/><shift corresp="#PRcon531_s_5" feature="loud" new="neutral" xml:id="PRcon531_s_6"/><pause dur="PT4S"/></u>
            <u who="#PRcon531_S8" xml:id="PRcon531_u_33"> i doubt that very much<c function="fall" type="intonation"/><pause/><seg n="6" type="overlap" xml:id="PRcon531_ol_10"> i </seg> doubt that erm very much because <pause/></u>
            <u who="#PRcon531_S2" xml:id="PRcon531_u_34"><seg n="6" synch="#PRcon531_ol_10" type="overlap" xml:id="PRcon531_ol_11"> yah </seg></u>
            <u who="#PRcon531_S8" xml:id="PRcon531_u_35"> this method is<c type="lengthening"/> so<c type="lengthening"/> general<c function="fall" type="intonation"/><pause/></u>
            <u who="#PRcon531_S2" xml:id="PRcon531_u_36"> right<c function="fall" type="intonation"/> it is <seg n="9" type="overlap" xml:id="PRcon531_ol_12"> prob</seg>ably very gen- general </u>
            <u who="#PRcon531_S8" xml:id="PRcon531_u_37"><seg n="9" synch="#PRcon531_ol_12" type="overlap" xml:id="PRcon531_ol_13"> no<c function="rise" type="intonation"/></seg></u>
            <u who="#PRcon531_S8" xml:id="PRcon531_u_38"> yah yah yah yah<c function="fall" type="intonation"/></u>
            <u who="#PRcon531_S2" xml:id="PRcon531_u_39"> oow<c function="fall" type="intonation"/></u>
            <u who="#PRcon531_S8" xml:id="PRcon531_u_40"> yes <pause dur="PT3S"/> erm <pause/></u>
            <u who="#PRcon531_S2" xml:id="PRcon531_u_41"> hh <pause dur="PT2S"/> hhh because <pause/><incident voice:desc="S8 drinks coffee"/> less existence of a disk in the in the boundary does <anchor synch="#PRcon531_oc_11" type="other_continuation" xml:id="PRcon531_oc_10"/></u>
            <u who="#PRcon531_S8" xml:id="PRcon531_u_42"><anchor synch="#PRcon531_oc_10" type="other_continuation" xml:id="PRcon531_oc_11"/> yah<c function="fall" type="intonation"/><seg n="10" type="overlap" xml:id="PRcon531_ol_14"> yes<c function="fall" type="intonation"/></seg></u>
            <u who="#PRcon531_S2" xml:id="PRcon531_u_43"><seg n="10" synch="#PRcon531_ol_14" type="overlap" xml:id="PRcon531_ol_15"><emph> some</emph></seg>thing<c function="fall" type="intonation"/></u>
            <u who="#PRcon531_S8" xml:id="PRcon531_u_44"> er becau- er the<c type="lengthening"/> because the <emph> size </emph> of the disk <pause/> in a part of the disk <pause/></u>
            <u who="#PRcon531_S2" xml:id="PRcon531_u_45"> right the <anchor synch="#PRcon531_oc_13" type="other_continuation" xml:id="PRcon531_oc_12"/></u>
            <u who="#PRcon531_S8" xml:id="PRcon531_u_46"><anchor synch="#PRcon531_oc_12" type="other_continuation" xml:id="PRcon531_oc_13"/> circle<c function="fall" type="intonation"/><pause/></u>
            <u who="#PRcon531_S2" xml:id="PRcon531_u_47"> right <anchor synch="#PRcon531_oc_15" type="other_continuation" xml:id="PRcon531_oc_14"/></u>
            <u who="#PRcon531_S8" xml:id="PRcon531_u_48"><anchor synch="#PRcon531_oc_14" type="other_continuation" xml:id="PRcon531_oc_15"/> actually<c function="fall" type="intonation"/></u>
            <u who="#PRcon531_S2" xml:id="PRcon531_u_49"> mhm <anchor synch="#PRcon531_oc_17" type="other_continuation" xml:id="PRcon531_oc_16"/></u>
            <u who="#PRcon531_S8" xml:id="PRcon531_u_50"><anchor synch="#PRcon531_oc_16" type="other_continuation" xml:id="PRcon531_oc_17"/> mapped <pause/> into the domain <pause/></u>
            <u who="#PRcon531_S2" xml:id="PRcon531_u_51"> hh and the <emph> circle </emph> gets closer and closer to  <w voice:mode="spelt"> K<c function="fall" type="intonation"/></w><pause/></u>
            <u who="#PRcon531_S8" xml:id="PRcon531_u_52"> yah yah yah so so so for each neighborhood and <seg n="7" type="overlap" xml:id="PRcon531_ol_16"> each er </seg><emph> ep</emph>silon </u>
            <u who="#PRcon531_S2" xml:id="PRcon531_u_53"><seg n="7" synch="#PRcon531_ol_16" type="overlap" xml:id="PRcon531_ol_17"> right yah </seg> all of them <anchor synch="#PRcon531_oc_19" type="other_continuation" xml:id="PRcon531_oc_18"/></u>
            <u who="#PRcon531_S8" xml:id="PRcon531_u_54"><anchor synch="#PRcon531_oc_18" type="other_continuation" xml:id="PRcon531_oc_19"/> epsilon  </u>
            <u who="#PRcon531_S2" xml:id="PRcon531_u_55"> mhm <pause/></u>
            <u who="#PRcon531_S8" xml:id="PRcon531_u_56"> you can find <pause/> a disk <emph> mapping </emph><pause/> e<c type="lengthening"/>r and in the <pause/> point in the <unclear> hull </unclear></u>
            <u who="#PRcon531_S2" xml:id="PRcon531_u_57"> mhm </u>
            <u who="#PRcon531_S8" xml:id="PRcon531_u_58"> map- this mapping <emph> center </emph> to the <pause/><seg n="1" type="overlap" xml:id="PRcon531_ol_18"> the point </seg></u>
            <u who="#PRcon531_S2" xml:id="PRcon531_u_59"><seg n="1" synch="#PRcon531_ol_18" type="overlap" xml:id="PRcon531_ol_19"> the center goes to </seg><w voice:mode="spelt"> c  </w> right <pause/><seg n="2" type="overlap" xml:id="PRcon531_ol_20"> then the bound</seg>ary <pause/></u>
            <u who="#PRcon531_S8" xml:id="PRcon531_u_60"><seg n="2" synch="#PRcon531_ol_20" type="overlap" xml:id="PRcon531_ol_21"> bu- but this </seg></u>
            <u who="#PRcon531_S8" xml:id="PRcon531_u_61"> the the m- almost all the circle </u>
            <u who="#PRcon531_S2" xml:id="PRcon531_u_62"><shift corresp="#PRcon531_s_8" feature="tempo" new="a" xml:id="PRcon531_s_7"/> almost all the circle in terms of <shift corresp="#PRcon531_s_7" feature="tempo" new="neutral" xml:id="PRcon531_s_8"/><emph> measure </emph><c function="fall" type="intonation"/><seg n="3" type="overlap" xml:id="PRcon531_ol_22"> like </seg></u>
            <u who="#PRcon531_S8" xml:id="PRcon531_u_63"><seg n="3" synch="#PRcon531_ol_22" type="overlap" xml:id="PRcon531_ol_23"> yah </seg> in <anchor synch="#PRcon531_oc_21" type="other_continuation" xml:id="PRcon531_oc_20"/></u>
            <u who="#PRcon531_S2" xml:id="PRcon531_u_64"><anchor synch="#PRcon531_oc_20" type="other_continuation" xml:id="PRcon531_oc_21"/> measure one minus <pause/><w voice:mode="spelt"> y  </w><anchor synch="#PRcon531_oc_23" type="other_continuation" xml:id="PRcon531_oc_22"/></u>
            <u who="#PRcon531_S8" xml:id="PRcon531_u_65"><anchor synch="#PRcon531_oc_22" type="other_continuation" xml:id="PRcon531_oc_23"/> yeah<c function="fall" type="intonation"/></u>
            <u who="#PRcon531_S2" xml:id="PRcon531_u_66"> of it<c function="fall" type="intonation"/> goes <pause/> hh <seg n="5" type="overlap" xml:id="PRcon531_ol_24"> inside </seg> the <emph> open </emph> set <pause/></u>
            <u who="#PRcon531_S8" xml:id="PRcon531_u_67"><seg n="5" synch="#PRcon531_ol_24" type="overlap" xml:id="PRcon531_ol_25"> into </seg></u>
            <u who="#PRcon531_S8" xml:id="PRcon531_u_68"> i- into the <pause/><seg n="6" type="overlap" xml:id="PRcon531_ol_26"> open set yeah<c function="rise" type="intonation"/></seg><pause dur="PT2S"/></u>
            <u who="#PRcon531_S2" xml:id="PRcon531_u_69"><seg n="6" synch="#PRcon531_ol_26" type="overlap" xml:id="PRcon531_ol_27"> y- <unclear> you're </unclear> right </seg></u>
            <u who="#PRcon531_S8" xml:id="PRcon531_u_70"> i think it's er e<c type="lengthening"/>r completely impossible to <seg n="7" type="overlap" xml:id="PRcon531_ol_28"> expect </seg><pause/></u>
            <u who="#PRcon531_S2" xml:id="PRcon531_u_71"><seg n="7" synch="#PRcon531_ol_28" type="overlap" xml:id="PRcon531_ol_29"> oow<c function="fall" type="intonation"/></seg></u>
            <u who="#PRcon531_S8" xml:id="PRcon531_u_72"> anything of of <pause/><emph> mea</emph>suring <pause dur="PT2S"/> that <pause dur="PT2S"/> you're thinking about the <emph> dis</emph>tance<c function="fall" type="intonation"/><pause/></u>
            <u who="#PRcon531_S2" xml:id="PRcon531_u_73"> right<c function="fall" type="intonation"/> so i wanna see let's say i put a <pause/><emph> band </emph> round the around the boundary<c function="fall" type="intonation"/><pause/></u>
            <u who="#PRcon531_S8" xml:id="PRcon531_u_74"><shift corresp="#PRcon531_s_10" feature="loud" new="p" xml:id="PRcon531_s_9"/> yah <shift corresp="#PRcon531_s_9" feature="loud" new="neutral" xml:id="PRcon531_s_10"/></u>
            <u who="#PRcon531_S2" xml:id="PRcon531_u_75"> so i wanna see hh <pause dur="PT1S"/> how <voice:track medium="1" num="2" type="md"/> much of the disk is inside that band<c function="fall" type="intonation"/><pause dur="PT11S"/><incident dur="PT11S" voice:desc="parallel conversations can be heard in the background "/><vocal voice:desc="coughs"/><pause dur="PT5S"/><incident dur="PT5S" voice:desc="parallel conversations in background continue "/></u>
            <u who="#PRcon531_S8" xml:id="PRcon531_u_76"> i doubt very much that you could do <shift corresp="#PRcon531_s_12" feature="loud" new="p" xml:id="PRcon531_s_11"/><emph> any</emph>thing <shift corresp="#PRcon531_s_11" feature="loud" new="neutral" xml:id="PRcon531_s_12"/><pause dur="PT2S"/></u>
            <u who="#PRcon531_S2" xml:id="PRcon531_u_77"> hm<c type="lengthening"/><c function="fall" type="intonation"/><pause dur="PT2S"/></u>
            <u who="#PRcon531_S8" xml:id="PRcon531_u_78"> are you s- somehow trying to <pause dur="PT1S"/> give a re<emph>lation </emph> between the <emph> ep</emph>silon and the<c type="lengthening"/><emph> neigh</emph>borhood<c function="fall" type="intonation"/><pause/> is that your point <seg n="8" type="overlap" xml:id="PRcon531_ol_30"> hull condition </seg><pause/></u>
            <u who="#PRcon531_S2" xml:id="PRcon531_u_79"><seg n="8" synch="#PRcon531_ol_30" type="overlap" xml:id="PRcon531_ol_31"> yeah </seg> well hh <pause/> no not not really <emph> ep</emph>silon<c function="fall" type="intonation"/> epsilon is okay i don't care about the <pause/> epsilon i <seg n="9" type="overlap" xml:id="PRcon531_ol_32"> what </seg> i <emph> want </emph> is that  <w voice:mode="spelt"> c  </w><w voice:mode="spelt"> c  </w> goes to the <pause/></u>
            <u who="#PRcon531_S8" xml:id="PRcon531_u_80"><seg n="9" synch="#PRcon531_ol_32" type="overlap" xml:id="PRcon531_ol_33"> hm </seg></u>
            <u who="#PRcon531_S2" xml:id="PRcon531_u_81"><w voice:mode="spelt">  c  </w> go- <pause/> the <emph> center </emph> goes to  <w voice:mode="spelt"> C<c function="fall" type="intonation"/></w><pause/></u>
            <u who="#PRcon531_S8" xml:id="PRcon531_u_82"> yah <pause/></u>
            <u who="#PRcon531_S2" xml:id="PRcon531_u_83"> er <pause/> so it gets very close but also i want <emph> other </emph> points round <emph> zero </emph><c function="fall" type="intonation"/><pause/> how much of <emph> those </emph><c function="fall" type="intonation"/><pause/> will be <emph> still </emph> close to the to not to  <w voice:mode="spelt"> c  </w> ne- necessary  but to the <pause/><emph> bound</emph>ary<c function="fall" type="intonation"/><pause dur="PT3S"/> because that <emph> means </emph><pause dur="PT1S"/> let's say we have a strong <voice:pvc> pseudo-convex </voice:pvc> domain<c function="fall" type="intonation"/><pause/></u>
            <u who="#PRcon531_S8" xml:id="PRcon531_u_84"> mhm<c function="rise" type="intonation"/><pause/></u>
            <u who="#PRcon531_S2" xml:id="PRcon531_u_85"> we know that there is no <unclear> discontinued </unclear><emph> bound</emph>ary<c function="fall" type="intonation"/><pause/> but also if you get closer to the boundary you can a have a disk of certain size<c function="fall" type="intonation"/><pause/></u>
            <u who="#PRcon531_S8" xml:id="PRcon531_u_86"> yah yah yah <pause/></u>
            <u who="#PRcon531_S2" xml:id="PRcon531_u_87"> so i i'm trying to find a relation <pause/> between the boundary of ge- <pause/> geometry and the disks <pause/> the <emph> best </emph> would be to see <pause/> if th- the if that disk actually sits inside the boundary but sometimes it's not<c function="rise" type="intonation"/><pause/><seg n="10" type="overlap" xml:id="PRcon531_ol_34"> o</seg>kay<c function="rise" type="intonation"/><pause/></u>
            <u who="#PRcon531_S8" xml:id="PRcon531_u_88"><seg n="10" synch="#PRcon531_ol_34" type="overlap" xml:id="PRcon531_ol_35"> yah </seg></u>
            <u who="#PRcon531_S2" xml:id="PRcon531_u_89"> but this term says <pause/> you can get <emph> close </emph><c function="fall" type="intonation"/><pause/></u>
            <u who="#PRcon531_S8" xml:id="PRcon531_u_90"> yah <pause/> yah </u>
            <u who="#PRcon531_S2" xml:id="PRcon531_u_91"> but so i wanna know <emph> how </emph> close you can get <pause/></u>
            <u who="#PRcon531_S8" xml:id="PRcon531_u_92"> yah yah <pause/><shift corresp="#PRcon531_s_14" feature="loud" new="p" xml:id="PRcon531_s_13"/> let's stop <shift corresp="#PRcon531_s_13" feature="loud" new="neutral" xml:id="PRcon531_s_14"/><pause/></u>
            <u who="#PRcon531_S2" xml:id="PRcon531_u_93"> yeah <pause dur="PT2S"/></u>
            <u who="#PRcon531_S8" xml:id="PRcon531_u_94"> ooph </u>
         </div>
      </body>
   </text>
</TEI>