<TEI xmlns="http://www.tei-c.org/ns/1.0" xmlns:voice="http://www.univie.ac.at/voice/ns/1.0" xmlns:xi="http://www.w3.org/2001/XInclude" version="5" xml:id="PRcon550" xml:lang="eng">
   <teiHeader>
      <fileDesc>
         <titleStmt>
            <title>conversation about organizational matters and timing concerning the post of a visiting professor</title>
            <principal>Prof. Barbara Seidlhofer</principal>
            <editor/>
            <funder>Austrian Science Foundation (FWF)</funder>
            <sponsor/>
            <respStmt>
               <resp>Corpus Compilation</resp>
               <orgName>VOICE Project</orgName>
               <persName>Barbara Seidlhofer</persName>
               <persName>Angelika Breiteneder</persName>
               <persName>Marie-Luise Pitzl</persName>
               <persName>Stefan Majewski</persName>
               <persName>Theresa Klimpfinger</persName>
            </respStmt>
         </titleStmt>
         <editionStmt>
		<edition>Version 1.0 XML, <date>May 2011</date></edition>
	  <respStmt>
		<resp>Researchers</resp>
		<name>Barbara Seidlhofer</name> 		
		<name>Angelika Breiteneder</name> 
		<name>Theresa Klimpfinger</name> 
		<name>Stefan Majewski</name> 
		<name>Marie-Luise Pitzl</name> 
	  </respStmt>
	</editionStmt>
         <publicationStmt>
		<publisher>Barbara Seidlhofer, Stefan Majewski, Marie-Luise Pitzl</publisher> 
	  <distributor>VOICE Project, University of Vienna, Austria</distributor> 
	  <address>
		<addrLine>Spitalgasse 2, AAKH Hof 8</addrLine> 
		<addrLine>1090 Vienna</addrLine> 
		<addrLine>Austria</addrLine> 
		<addrLine>Telephone: +43 1 427742446</addrLine> 
	  	<addrLine>Email: voice@univie.ac.at</addrLine> 
		<addrLine>Website: http://www.univie.ac.at/voice</addrLine> 
	  </address>
	  <availability status="free">
	  	<p>
		  The Vienna-Oxford International Corpus of English (VOICE)
		  was created by Barbara Seidlhofer (project director) and
		  Angelika Breiteneder, Theresa Klimpfinger, Stefan Majewski,
		  Marie-Luise Pitzl (project researchers). VOICE 1.0 XML is
		  available for download at the VOICE Project's website <ref target="http://www.univie.ac.at/voice/">http://www.univie.ac.at/voice/</ref>
		  under a Creative Commons
		  Attribution-NonCommercial-ShareAlike 3.0 Unported (CC
		  BY-NC-SA 3.0) License (<ref target="http://creativecommons.org/licenses/by-nc-sa/3.0/">
		  http://creativecommons.org/licenses/by-nc-sa/3.0/
		  </ref>). The original audio files are held at the Department
		  of English, University of Vienna. 23 selected audio files
		  are available as audio streams in the VOICE Online interface
		  at the VOICE Project's website <ref target="http://www.univie.ac.at/voice">http://www.univie.ac.at/voice</ref>.
		</p>
		<p>
		The recommended citation for VOICE 1.0 XML is:
		</p>
		<p>
		<bibl><title>VOICE</title>. <date>2011</date>. <title level="m">The Vienna-Oxford International Corpus of
		English</title> (<edition>version 1.0
		XML</edition>). Director: Barbara Seidlhofer; Researchers:
		Angelika Breiteneder, Theresa Klimpfinger, Stefan Majewski,
		Marie-Luise Pitzl.</bibl>
		</p>
		<p>The short citation for VOICE 1.0 XML is:
		</p>
		<p>
		<bibl><title>VOICE</title>. <date>2011</date>. <title level="m">The Vienna-Oxford International Corpus of
		English</title> (<edition>version 1.0
		XML</edition>).</bibl></p>
		<p>
		  For further information about availability and copyright
		  permissions, please see the README file included in the
		  download package. For further enquiries please contact the
		  VOICE Project at <ref target="mailto:voice@univie.ac.at">voice@univie.ac.at</ref>.
		</p>
	  </availability>
	</publicationStmt>
         <notesStmt>
            <note xml:id="PRcon550_wc">Words: 873</note>
            <note xml:id="PRcon550_tn_0">This conversation involves two professors who talk about a third one who is a potential visiting professor at S1's research institute. They mainly talk about administrative issues concerning the application procedure and the timeframe. </note>
         </notesStmt>
         <sourceDesc>
            <recordingStmt>
               <recording dur="PT00H03M55S" type="audio">
                  <date>2005-10-27</date>
                  <equipment>
                     <p>Portable minidisc recorder with electret condenser stereo microphone</p>
                  </equipment>
                  <respStmt>
                     <resp>recording</resp>
                     <name>R19</name>
                  </respStmt>
               </recording>
            </recordingStmt>
         </sourceDesc>
      </fileDesc>
      <encodingDesc>
         <classDecl>
            <taxonomy>
               <category xml:id="PRcon550_domain">
                  <catDesc>Domain</catDesc>
                  <category sameAs="#ED" xml:id="PRcon550_ED">
                     <catDesc>educational</catDesc>
                  </category>
                  <category sameAs="#LE" xml:id="PRcon550_LE">
                     <catDesc>leisure</catDesc>
                  </category>
                  <category sameAs="#PB" xml:id="PRcon550_PB">
                     <catDesc>professional business</catDesc>
                  </category>
                  <category sameAs="#PO" xml:id="PRcon550_PO">
                     <catDesc>professional organizational</catDesc>
                  </category>
                  <category sameAs="#PR" xml:id="PRcon550_PR">
                     <catDesc>professional research/science</catDesc>
                  </category>
               </category>
               <category xml:id="PRcon550_spet">
                  <catDesc>Speech Event Type</catDesc>
                  <category sameAs="#int" xml:id="PRcon550_int">
                     <catDesc>interview</catDesc>
                  </category>
                  <category sameAs="#prc" xml:id="PRcon550_prc">
                     <catDesc>press conference</catDesc>
                  </category>
                  <category sameAs="#sve" xml:id="PRcon550_sve">
                     <catDesc>service encounter</catDesc>
                  </category>
                  <category sameAs="#sed" xml:id="PRcon550_sed">
                     <catDesc>seminar discussion</catDesc>
                  </category>
                  <category sameAs="#wgd" xml:id="PRcon550_wgd">
                     <catDesc>working group discussion</catDesc>
                  </category>
                  <category sameAs="#wsd" xml:id="PRcon550_wsd">
                     <catDesc>workshop discussion</catDesc>
                  </category>
                  <category sameAs="#mtg" xml:id="PRcon550_mtg">
                     <catDesc>meeting</catDesc>
                  </category>
                  <category sameAs="#pan" xml:id="PRcon550_pan">
                     <catDesc>panel</catDesc>
                  </category>
                  <category sameAs="#qas" xml:id="PRcon550_qas">
                     <catDesc>question-answer session</catDesc>
                  </category>
                  <category sameAs="#con" xml:id="PRcon550_con">
                     <catDesc>conversation</catDesc>
                  </category>
               </category>
            </taxonomy>
         </classDecl>
         <tagsDecl><namespace name="http://www.tei-c.org/ns/1.0">
      <tagUsage gi="TEI" occurs="1"/>
      <tagUsage gi="teiHeader" occurs="1"/>
      <tagUsage gi="fileDesc" occurs="1"/>
      <tagUsage gi="titleStmt" occurs="1"/>
      <tagUsage gi="title" occurs="5"/>
      <tagUsage gi="principal" occurs="1"/>
      <tagUsage gi="editor" occurs="1"/>
      <tagUsage gi="funder" occurs="1"/>
      <tagUsage gi="sponsor" occurs="1"/>
      <tagUsage gi="respStmt" occurs="3"/>
      <tagUsage gi="resp" occurs="3"/>
      <tagUsage gi="orgName" occurs="1"/>
      <tagUsage gi="persName" occurs="5"/>
      <tagUsage gi="editionStmt" occurs="1"/>
      <tagUsage gi="edition" occurs="3"/>
      <tagUsage gi="date" occurs="4"/>
      <tagUsage gi="name" occurs="8"/>
      <tagUsage gi="publicationStmt" occurs="1"/>
      <tagUsage gi="publisher" occurs="1"/>
      <tagUsage gi="distributor" occurs="1"/>
      <tagUsage gi="address" occurs="1"/>
      <tagUsage gi="addrLine" occurs="6"/>
      <tagUsage gi="availability" occurs="1"/>
      <tagUsage gi="p" occurs="7"/>
      <tagUsage gi="ref" occurs="4"/>
      <tagUsage gi="bibl" occurs="2"/>
      <tagUsage gi="notesStmt" occurs="1"/>
      <tagUsage gi="note" occurs="2"/>
      <tagUsage gi="sourceDesc" occurs="1"/>
      <tagUsage gi="recordingStmt" occurs="1"/>
      <tagUsage gi="recording" occurs="1"/>
      <tagUsage gi="equipment" occurs="1"/>
      <tagUsage gi="encodingDesc" occurs="1"/>
      <tagUsage gi="classDecl" occurs="1"/>
      <tagUsage gi="taxonomy" occurs="1"/>
      <tagUsage gi="category" occurs="17"/>
      <tagUsage gi="catDesc" occurs="17"/>
      <tagUsage gi="tagsDecl" occurs="1"/>
      <tagUsage gi="namespace" occurs="2"/>
      <tagUsage gi="tagUsage" occurs="78"/>
      <tagUsage gi="gi" occurs="3"/>
      <tagUsage gi="att" occurs="10"/>
      <tagUsage gi="list" occurs="8"/>
      <tagUsage gi="label" occurs="15"/>
      <tagUsage gi="val" occurs="29"/>
      <tagUsage gi="item" occurs="28"/>
      <tagUsage gi="profileDesc" occurs="1"/>
      <tagUsage gi="textClass" occurs="1"/>
      <tagUsage gi="catRef" occurs="2"/>
      <tagUsage gi="settingDesc" occurs="1"/>
      <tagUsage gi="setting" occurs="1"/>
      <tagUsage gi="locale" occurs="1"/>
      <tagUsage gi="activity" occurs="1"/>
      <tagUsage gi="particDesc" occurs="1"/>
      <tagUsage gi="listPerson" occurs="3"/>
      <tagUsage gi="personGrp" occurs="2"/>
      <tagUsage gi="person" occurs="2"/>
      <tagUsage gi="age" occurs="2"/>
      <tagUsage gi="sex" occurs="2"/>
      <tagUsage gi="occupation" occurs="2"/>
      <tagUsage gi="langKnowledge" occurs="2"/>
      <tagUsage gi="langKnown" occurs="2"/>
      <tagUsage gi="relationGrp" occurs="1"/>
      <tagUsage gi="relation" occurs="2"/>
      <tagUsage gi="revisionDesc" occurs="1"/>
      <tagUsage gi="change" occurs="5"/>
      <tagUsage gi="text" occurs="1"/>
      <tagUsage gi="body" occurs="1"/>
      <tagUsage gi="div" occurs="1"/>
      <tagUsage gi="u" occurs="84">Used to mark a stretch of speech commonly
		preceded and followed by a pause or by a change of speaker. A
		<gi>u</gi> is, however, not required to be bounded by a pause or
		a change of speaker, nor does it represent a turn in a
		conversation analytic sense. At a minimum, a <gi>u</gi> is some
		phonetic production or noise made by a given speaker or a group of speakers.</tagUsage>
      <tagUsage gi="incident" occurs="2">Used to mark contextual information
		relevant to the understanding of the interaction or the
		interaction as such. The <att>voice:desc</att> attribute
		provides a short prose description of the contextual
		event.</tagUsage>
      <tagUsage gi="seg" occurs="94">Used with different <att>type</att> attributes to mark:
		<list>
		  <label><att>type</att><val>overlap</val></label>
		  <item>overlaps</item>
		  <label><att>type</att><val>onomatopoeia</val></label>
		  <item>onomatopoeic sounds</item>
		  <label><att>type</att><val>ipa</val></label>
		  <item>transcriptions in the international phonetic alphabet</item>
		</list>
		</tagUsage>
      <tagUsage gi="c" occurs="19">Used to mark lengthening of sounds and
		intonation (fall, rise). The following <att>type</att>
		attributes are used to mark:
		<list>
		  <label><val>lengthening</val></label><item>lengthened
		  sounds</item>
		  <label><val>intonation</val></label><item>a significant change in
		  intonation, marked with the following <att>function</att>
		  attribute for:
		  <list>
			<label><val>fall</val></label><item>falling
			intonation</item>
			<label><val>rise</val></label><item>rising intonation</item>
		  </list>
		</item>
		</list>
		Intonation may or may not coincide with
		syntactic boundaries.
		</tagUsage>
      <tagUsage gi="supplied" occurs="31">Used to mark text supplied by the
		transcriber because the original is unintelligible or needed to
		be anonymized. The <att>reason</att> attribute is used to mark:
		<list>
		  <label><val>unintelligible</val></label><item>unintelligible
		  speech</item>
		  <label><val>anonymization</val></label><item>anonymized
		  speech</item>
		</list>
		</tagUsage>
      <tagUsage gi="unclear" occurs="30">Used to mark speech which cannot be
		transcribed with certainty, because it is difficult to hear or
		understand for the transcriber.</tagUsage>
      <tagUsage gi="pause" occurs="51">Used to mark a pause either between or
		within utterances. Used without <att>dur</att> attribute to
		indicate a brief pause up to half a second.
		</tagUsage>
      <tagUsage gi="anchor" occurs="4">Used to mark other-continuation,
		i.e. whenever a speaker continues another speaker's <gi>u</gi>
		without a pause. Other-continuation is to be interpreted
		temporally and does not relate to form or content of the
		speakers' utterances.</tagUsage>
      <tagUsage gi="w" occurs="1">
		  Used with the <att>type</att> attribute set to
		  <val>spelt</val> to mark words or word fragments which are
		  spelt out, i.e. words whose constituents are pronounced as
		  individual letters.
		</tagUsage>
      <tagUsage gi="shift" occurs="10">Used to mark the point at which some
		paralinguistic feature changes. The following attribute values
		are used to mark:
		<list>
          <label>
            <val>voice</val>
          </label>
          <item>voice quality
          <list>
            <item><val>imitating</val></item>
            <item><val>laugh</val></item>
            <item><val>neutral</val></item>
            <item><val>phone</val></item>
            <item><val>reading</val></item>
            <item><val>reading_aloud</val></item>
            <item><val>sigh</val></item>
            <item><val>singing</val></item>
            <item><val>whisp</val></item>
            <item><val>yawning</val></item>
          </list>
          </item>
          <label>
          <val>tempo</val></label>
          <item>speed of utterance
            <list>
              <label><val>a</val></label>
              <item>accelerando</item>
              <label><val>l</val></label>
              <item>lento</item>
              <label><val>neutral</val></label>
              <item>neutral</item>
            </list>
          </item>
          <label>
          <val>loud</val></label>
          <item>loudness
            <list>
              <item><val>f</val></item>
              <item><val>neutral</val></item>
              <item><val>p</val></item>
            </list>
          </item>
		  </list>
		</tagUsage>
      <tagUsage gi="emph" occurs="3">Used to mark speech which is stressed or
		emphasized in a way that goes beyond regular nuclear
		stress.</tagUsage></namespace><namespace name="http://www.univie.ac.at/voice/ns/1.0">
      <tagUsage gi="voice:track" occurs="1">Used to mark the beginning of a new
		audio track used in transcription (usually three minutes in length) and thus refers to the audio recording
		of the transcribed speech event.
		</tagUsage></namespace></tagsDecl>
      </encodingDesc>
      <profileDesc>
         <textClass>
            <catRef target="#PRcon550_PR #PRcon550_con"/>
            <catRef target="#PR #con"/>
         </textClass>
         <settingDesc>
            <setting>
               <name type="country">AT</name>
               <name type="city">Vienna</name>
               <locale>room at Vienna University of Technology</locale>
               <activity>none</activity>
            </setting>
         </settingDesc>
         <particDesc>
            <listPerson type="main">
               <listPerson type="groups">
                  <personGrp role="speakers" size="2"/>
                  <personGrp role="interactants" size="2"/>
               </listPerson>
               <listPerson type="identified">
                  <person role="participant" sameAs="#P658" xml:id="PRcon550_S1">
                     <age value="0">unknown</age>
                     <sex value="2">female</sex>
                     <occupation>mathematician</occupation>
                     <langKnowledge>
                        <langKnown level="L1" tag="fre"/>
                     </langKnowledge>
                  </person>
                  <person role="participant" sameAs="#P659" xml:id="PRcon550_S2">
                     <age value="0">unknown</age>
                     <sex value="1">male</sex>
                     <occupation>mathematician</occupation>
                     <langKnowledge>
                        <langKnown level="L1" tag="slv-SI"/>
                     </langKnowledge>
                  </person>
               </listPerson>
               <relationGrp>
                  <relation mutual="#PRcon550_S1 #PRcon550_S2" name="fairly_symmetrical" type="power"/>
                  <relation mutual="#PRcon550_S1 #PRcon550_S2" name="acquainted" type="acquaintedness"/>
               </relationGrp>
            </listPerson>
         </particDesc>
      </profileDesc>
      <revisionDesc>
         <change when="2009-05-19" who="SM">conversion to XML</change>
         <change when="2009-05-11" who="AB">finalized for publication</change>
         <change when="2009-02-27" who="AB">proof-reading</change>
         <change when="2007-12-20" who="JL">checking</change>
         <change when="2007-11-30" who="LO">transcription</change>
      </revisionDesc>
   </teiHeader>
   <text>
      <body>
         <div type="medium" voice:end="00:55" voice:end_medium_number="1" voice:end_track="2" voice:medium_type="md" voice:start="00:00" voice:start_medium_number="1" voice:start_track="1">
            <u who="#PRcon550_S1" xml:id="PRcon550_u_1"><incident voice:desc="conversation already in progress"/> but e<seg n="1" type="overlap" xml:id="PRcon550_ol_0"><c type="lengthening"/>r </seg><supplied reason="anonymization"> [first name2] </supplied> tried to<c type="lengthening"/> send something <unclear> er </unclear> send something to the chief of depart<seg n="2" type="overlap" xml:id="PRcon550_ol_1">ment </seg><pause/></u>
            <u who="#PRcon550_S2" xml:id="PRcon550_u_2"><seg n="1" synch="#PRcon550_ol_0" type="overlap" xml:id="PRcon550_ol_2"> uhu </seg></u>
            <u who="#PRcon550_S2" xml:id="PRcon550_u_3"><seg n="2" synch="#PRcon550_ol_1" type="overlap" xml:id="PRcon550_ol_3"> uhu </seg></u>
            <u who="#PRcon550_S1" xml:id="PRcon550_u_4"> er <supplied reason="unintelligible"> xx </supplied> department in the <supplied reason="anonymization"> [org1] </supplied> an<seg n="3" type="overlap" xml:id="PRcon550_ol_4">d e</seg>r <pause/></u>
            <u who="#PRcon550_S2" xml:id="PRcon550_u_5"><seg n="3" synch="#PRcon550_ol_4" type="overlap" xml:id="PRcon550_ol_5"> yes </seg></u>
            <u who="#PRcon550_S1" xml:id="PRcon550_u_6"> things are to <unclear> be once </unclear><supplied reason="unintelligible"> x </supplied><unclear> position </unclear><pause/> it's <unclear> er t- t- </unclear><pause dur="PT2S"/> it was quite new e<c type="lengthening"/>r <unclear> how </unclear> to apply this ti- er that time <pause/><unclear> you want </unclear> us to ask for everything at the sam<c type="lengthening"/>e time e<seg n="4" type="overlap" xml:id="PRcon550_ol_6">r </seg><pause/></u>
            <u who="#PRcon550_S2" xml:id="PRcon550_u_7"><seg n="4" synch="#PRcon550_ol_6" type="overlap" xml:id="PRcon550_ol_7"> u</seg>hu </u>
            <u who="#PRcon550_S1" xml:id="PRcon550_u_8"><unclear> this </unclear> er <supplied reason="unintelligible"> x </supplied> position e<c type="lengthening"/>r the postdoctoral <supplied reason="unintelligible"> xx </supplied> it was a new a<seg n="12" type="overlap" xml:id="PRcon550_ol_8">nd also </seg><supplied reason="unintelligible"> xxx </supplied><pause/></u>
            <u who="#PRcon550_S2" xml:id="PRcon550_u_9"><seg n="12" synch="#PRcon550_ol_8" type="overlap" xml:id="PRcon550_ol_9"> okay </seg></u>
            <u who="#PRcon550_S1" xml:id="PRcon550_u_10"> so we were a little bit late but he tried to do something <pause/> and i think we will know in<c type="lengthening"/><unclear> er </unclear> so er in one month o<c type="lengthening"/>r <seg n="13" type="overlap" xml:id="PRcon550_ol_10"><supplied reason="unintelligible"> xxx </supplied></seg></u>
            <u who="#PRcon550_S2" xml:id="PRcon550_u_11"><seg n="13" synch="#PRcon550_ol_10" type="overlap" xml:id="PRcon550_ol_11"> do <unclear> we </unclear> do </seg> you need anything from me <pause/></u>
            <u who="#PRcon550_S1" xml:id="PRcon550_u_12"> no no <anchor synch="#PRcon550_oc_1" type="other_continuation" xml:id="PRcon550_oc_0"/></u>
            <u who="#PRcon550_S2" xml:id="PRcon550_u_13"><anchor synch="#PRcon550_oc_0" type="other_continuation" xml:id="PRcon550_oc_1"/> no </u>
            <u who="#PRcon550_S1" xml:id="PRcon550_u_14"> no <seg n="4" type="overlap" xml:id="PRcon550_ol_12"> er i </seg> i adds  you<c type="lengthening"/>r your <unclear> s- </unclear> your <unclear> s- </unclear><w voice:mode="spelt"><unclear> p s </unclear></w> file y- <seg n="5" type="overlap" xml:id="PRcon550_ol_13"> on your </seg><unclear> s- </unclear> yes the previous one<seg n="6" type="overlap" xml:id="PRcon550_ol_14">s it was not <pause/> quite up to date but e<c type="lengthening"/>r </seg><pause/></u>
            <u who="#PRcon550_S2" xml:id="PRcon550_u_15"><seg n="4" synch="#PRcon550_ol_12" type="overlap" xml:id="PRcon550_ol_15"> no </seg></u>
            <u who="#PRcon550_S2" xml:id="PRcon550_u_16"><seg n="5" synch="#PRcon550_ol_13" type="overlap" xml:id="PRcon550_ol_16"> previous </seg></u>
            <u who="#PRcon550_S2" xml:id="PRcon550_u_17"><seg n="6" synch="#PRcon550_ol_14" type="overlap" xml:id="PRcon550_ol_17"> yeah that's fine so that's fine <shift corresp="#PRcon550_s_2" feature="loud" new="p" xml:id="PRcon550_s_1"/> it's fine no no but it's okay <shift corresp="#PRcon550_s_1" feature="loud" new="neutral" xml:id="PRcon550_s_2"/></seg></u>
            <u who="#PRcon550_S2" xml:id="PRcon550_u_18"> er because as i told you in the message what happened was <pause/> my original plan and we dis<seg n="7" type="overlap" xml:id="PRcon550_ol_18">cussed this </seg> was for <pause/></u>
            <u who="#PRcon550_S1" xml:id="PRcon550_u_19"><seg n="7" synch="#PRcon550_ol_18" type="overlap" xml:id="PRcon550_ol_19"> yes </seg></u>
            <u who="#PRcon550_S2" xml:id="PRcon550_u_20"> spring <pause/></u>
            <u who="#PRcon550_S1" xml:id="PRcon550_u_21"> yes <seg n="8" type="overlap" xml:id="PRcon550_ol_20"><shift corresp="#PRcon550_s_4" feature="loud" new="p" xml:id="PRcon550_s_3"/> so <shift corresp="#PRcon550_s_3" feature="loud" new="neutral" xml:id="PRcon550_s_4"/></seg></u>
            <u who="#PRcon550_S2" xml:id="PRcon550_u_22"><seg n="8" synch="#PRcon550_ol_20" type="overlap" xml:id="PRcon550_ol_21"> and of </seg> course if it doesn't work for the fall we can still think of the spring <seg n="9" type="overlap" xml:id="PRcon550_ol_22"> there's no question about it but <pause/> but </seg></u>
            <u who="#PRcon550_S1" xml:id="PRcon550_u_23"><seg n="9" synch="#PRcon550_ol_22" type="overlap" xml:id="PRcon550_ol_23"> yes so in this i- i- in this that case it will </seg> be in one year the <shift corresp="#PRcon550_s_6" feature="voice" new="laugh" xml:id="PRcon550_s_5"/> application <shift corresp="#PRcon550_s_5" feature="voice" new="neutral" xml:id="PRcon550_s_6"/> will be <pause/></u>
            <u who="#PRcon550_S2" xml:id="PRcon550_u_24"> y<c type="lengthening"/>es for the<c type="lengthening"/><seg n="2" type="overlap" xml:id="PRcon550_ol_24"> spring of two thousand seven yes <pause/> but the </seg> thing is that my erm <pause/></u>
            <u who="#PRcon550_S1" xml:id="PRcon550_u_25"><seg n="2" synch="#PRcon550_ol_24" type="overlap" xml:id="PRcon550_ol_25"> for two thous- thousand se- seven it will be </seg></u>
            <u who="#PRcon550_S2" xml:id="PRcon550_u_26"> so later after i talked with you i talked with people in rome actu<seg n="3" type="overlap" xml:id="PRcon550_ol_26">ally </seg> with <supplied reason="anonymization"> [first name1] </supplied><pause dur="PT1S"/></u>
            <u who="#PRcon550_S1" xml:id="PRcon550_u_27"><seg n="3" synch="#PRcon550_ol_26" type="overlap" xml:id="PRcon550_ol_27"> yes </seg></u>
            <u who="#PRcon550_S2" xml:id="PRcon550_u_28"> and then <supplied reason="anonymization"> [first name1] </supplied> was als- of course <pause/> he said i'm quite interested if you could come we also have they also have such money for </u>
            <u who="#PRcon550_S1" xml:id="PRcon550_u_29"> mhm </u>
            <u who="#PRcon550_S2" xml:id="PRcon550_u_30"> one can apply <unclear> at </unclear> this italian agency for <pause/> two month <pause/></u>
            <u who="#PRcon550_S1" xml:id="PRcon550_u_31"> yeah <seg n="5" type="overlap" xml:id="PRcon550_ol_28"> yes i app</seg>lied for two t- er whe<seg n="6" type="overlap" xml:id="PRcon550_ol_29">n i </seg> was there two years ago i<seg n="7" type="overlap" xml:id="PRcon550_ol_30">t was </seg></u>
            <u who="#PRcon550_S2" xml:id="PRcon550_u_32"><seg n="5" synch="#PRcon550_ol_28" type="overlap" xml:id="PRcon550_ol_31"> for example </seg></u>
            <u who="#PRcon550_S2" xml:id="PRcon550_u_33"><seg n="6" synch="#PRcon550_ol_29" type="overlap" xml:id="PRcon550_ol_32"> yes </seg></u>
            <u who="#PRcon550_S2" xml:id="PRcon550_u_34"><seg n="7" synch="#PRcon550_ol_30" type="overlap" xml:id="PRcon550_ol_33"> and then </seg> in fact er in that case he said if you also come and teach a little graduate course you get two <unclear> hundred </unclear> and more so a- <pause/><emph> but </emph><pause/> in that case it's absolutely over for two thousand six so it is er <pause dur="PT1S"/> okay <seg n="8" type="overlap" xml:id="PRcon550_ol_34"> so then </seg> my <pause/></u>
            <u who="#PRcon550_S1" xml:id="PRcon550_u_35"><seg n="8" synch="#PRcon550_ol_34" type="overlap" xml:id="PRcon550_ol_35"> okay </seg></u>
            <u who="#PRcon550_S2" xml:id="PRcon550_u_36"> problem is that it would be a little too difficult maybe to fit <pause/><unclear> although </unclear> possibly i could <pause/></u>
            <u who="#PRcon550_S1" xml:id="PRcon550_u_37"> yes </u>
            <u who="#PRcon550_S2" xml:id="PRcon550_u_38"> both visits in <pause/> two thousand seven <pause/> possibly i <seg n="1" type="overlap" xml:id="PRcon550_ol_36"> could because </seg> let's say two month  er in your <seg n="2" type="overlap" xml:id="PRcon550_ol_37"> place </seg> and two month  in rome it would <seg n="3" type="overlap" xml:id="PRcon550_ol_38"> still work out </seg> it's possible but it would be more <pause/></u>
            <u who="#PRcon550_S1" xml:id="PRcon550_u_39"><seg n="1" synch="#PRcon550_ol_36" type="overlap" xml:id="PRcon550_ol_39"> yes </seg></u>
            <u who="#PRcon550_S1" xml:id="PRcon550_u_40"><seg n="2" synch="#PRcon550_ol_37" type="overlap" xml:id="PRcon550_ol_40"> yes </seg></u>
            <u who="#PRcon550_S1" xml:id="PRcon550_u_41"><seg n="3" synch="#PRcon550_ol_38" type="overlap" xml:id="PRcon550_ol_41"> yes it's possible </seg> yes </u>
            <u who="#PRcon550_S2" xml:id="PRcon550_u_42"><seg n="4" type="overlap" xml:id="PRcon550_ol_42"> pleasant to spread </seg> it over <pause/></u>
            <u who="#PRcon550_S1" xml:id="PRcon550_u_43"><seg n="4" synch="#PRcon550_ol_42" type="overlap" xml:id="PRcon550_ol_43"><supplied reason="unintelligible"> x </supplied> yes </seg></u>
            <u who="#PRcon550_S1" xml:id="PRcon550_u_44"> yes i <seg n="13" type="overlap" xml:id="PRcon550_ol_44"> i i understand so </seg><pause/></u>
            <u who="#PRcon550_S2" xml:id="PRcon550_u_45"><seg n="13" synch="#PRcon550_ol_44" type="overlap" xml:id="PRcon550_ol_45"> to the <supplied reason="unintelligible"> x </supplied> to the <supplied reason="unintelligible"> x </supplied></seg></u>
            <u who="#PRcon550_S1" xml:id="PRcon550_u_46"> we did <pause/> ever<seg n="4" synch="#PRcon550_ol_42" type="overlap" xml:id="PRcon550_ol_46">ything we could <emph> do </emph></seg></u>
            <u who="#PRcon550_S2" xml:id="PRcon550_u_47"><seg n="4" synch="#PRcon550_ol_42" type="overlap" xml:id="PRcon550_ol_47"> you did er <supplied reason="unintelligible"> xx </supplied> good </seg> good thank you very much <pause/> i appre<seg n="6" type="overlap" xml:id="PRcon550_ol_48">ciate <unclear> it </unclear></seg></u>
            <u who="#PRcon550_S1" xml:id="PRcon550_u_48"><seg n="6" synch="#PRcon550_ol_48" type="overlap" xml:id="PRcon550_ol_49"> and e</seg><c type="lengthening"/>r <seg n="7" type="overlap" xml:id="PRcon550_ol_50"> wait and </seg> see </u>
            <u who="#PRcon550_S2" xml:id="PRcon550_u_49"><seg n="7" synch="#PRcon550_ol_50" type="overlap" xml:id="PRcon550_ol_51"> and we'll wait </seg></u>
            <u who="#PRcon550_S2" xml:id="PRcon550_u_50"> we'll wait and see <seg n="8" type="overlap" xml:id="PRcon550_ol_52"> yes </seg></u>
            <u who="#PRcon550_S1" xml:id="PRcon550_u_51"><seg n="8" synch="#PRcon550_ol_52" type="overlap" xml:id="PRcon550_ol_53"> yes </seg> i think the<c type="lengthening"/><pause/> i i don't know er i am not sure that it's er <supplied reason="unintelligible"> xx </supplied> the national committee <supplied reason="unintelligible"> x </supplied> takes a decision because it does not <unclear> have </unclear> the number of position maybe <supplied reason="unintelligible"> xxx </supplied><unclear> people </unclear><pause/> the national committee <pause/> was la- last week so i have <seg n="9" type="overlap" xml:id="PRcon550_ol_54"> no </seg><supplied reason="unintelligible"> xx </supplied> and <unclear> er </unclear> last friday <unclear> of </unclear> what happens </u>
            <u who="#PRcon550_S2" xml:id="PRcon550_u_52"><seg n="9" synch="#PRcon550_ol_54" type="overlap" xml:id="PRcon550_ol_55"> okay </seg></u>
            <u who="#PRcon550_S2" xml:id="PRcon550_u_53"> okay </u>
            <u who="#PRcon550_S1" xml:id="PRcon550_u_54"> and we will know a little bit later <pause/> in any case before chris- erm <shift corresp="#PRcon550_s_8" feature="tempo" new="a" xml:id="PRcon550_s_7"/> before <shift corresp="#PRcon550_s_7" feature="tempo" new="neutral" xml:id="PRcon550_s_8"/><seg n="1" type="overlap" xml:id="PRcon550_ol_56"> christmas because er it's also <supplied reason="unintelligible"> xx x xxx </supplied></seg></u>
            <u who="#PRcon550_S2" xml:id="PRcon550_u_55"><seg n="1" synch="#PRcon550_ol_56" type="overlap" xml:id="PRcon550_ol_57"> before christmas <supplied reason="unintelligible"> xx </supplied><pause/> okay <pause/> so in any case </seg> i'm going to tell er <supplied reason="anonymization"> [first name3] </supplied><pause/> that it's okay that i will also apply in italy <pause/> and then i can er e<c type="lengthening"/>r we'll just see how to work this <seg n="3" type="overlap" xml:id="PRcon550_ol_58"> out </seg> if it works out for the fall <seg n="4" type="overlap" xml:id="PRcon550_ol_59"><unclear> erm </unclear> for you it's per</seg>fect </u>
            <u who="#PRcon550_S1" xml:id="PRcon550_u_56"><seg n="3" synch="#PRcon550_ol_58" type="overlap" xml:id="PRcon550_ol_60"> yes </seg></u>
            <u who="#PRcon550_S1" xml:id="PRcon550_u_57"><seg n="4" synch="#PRcon550_ol_59" type="overlap" xml:id="PRcon550_ol_61"> yes it's okay </seg></u>
            <u who="#PRcon550_S1" xml:id="PRcon550_u_58"> yes </u>
            <u who="#PRcon550_S2" xml:id="PRcon550_u_59"> if it doesn't it's still okay <seg n="5" type="overlap" xml:id="PRcon550_ol_62"> because then i simply squeeze </seg></u>
            <u who="#PRcon550_S1" xml:id="PRcon550_u_60"><seg n="5" synch="#PRcon550_ol_62" type="overlap" xml:id="PRcon550_ol_63"><unclear> okay </unclear> it's still okay then the next </seg> applica<seg n="6" type="overlap" xml:id="PRcon550_ol_64">tion will be if it's </seg> the same er er as <unclear> this </unclear><voice:track medium="1" num="2" type="md"/><seg n="7" type="overlap" xml:id="PRcon550_ol_65"><supplied reason="unintelligible"> xxx </supplied> it's </seg></u>
            <u who="#PRcon550_S2" xml:id="PRcon550_u_61"><seg n="6" synch="#PRcon550_ol_64" type="overlap" xml:id="PRcon550_ol_66"><unclear> then </unclear> the next <pause/> yes </seg></u>
            <u who="#PRcon550_S2" xml:id="PRcon550_u_62"><seg n="7" synch="#PRcon550_ol_65" type="overlap" xml:id="PRcon550_ol_67"><unclear> we </unclear> will will pay </seg> attention <seg n="8" type="overlap" xml:id="PRcon550_ol_68"> yes </seg> so then <seg n="9" type="overlap" xml:id="PRcon550_ol_69"> i can </seg><pause/></u>
            <u who="#PRcon550_S1" xml:id="PRcon550_u_63"><seg n="8" synch="#PRcon550_ol_68" type="overlap" xml:id="PRcon550_ol_70"> yes </seg></u>
            <u who="#PRcon550_S1" xml:id="PRcon550_u_64"><seg n="9" synch="#PRcon550_ol_69" type="overlap" xml:id="PRcon550_ol_71"> no </seg></u>
            <u who="#PRcon550_S2" xml:id="PRcon550_u_65"><seg n="1" type="overlap" xml:id="PRcon550_ol_72"> do something </seg> else in the fall i ca<seg n="2" type="overlap" xml:id="PRcon550_ol_73">n m</seg>aybe organize for my<seg n="3" type="overlap" xml:id="PRcon550_ol_74">self </seg> some american tour <seg n="4" type="overlap" xml:id="PRcon550_ol_75"> or </seg> you know <emph> some</emph>thing so <pause dur="PT1S"/></u>
            <u who="#PRcon550_S1" xml:id="PRcon550_u_66"><seg n="1" synch="#PRcon550_ol_72" type="overlap" xml:id="PRcon550_ol_76"> it <supplied reason="unintelligible"> xx </supplied></seg></u>
            <u who="#PRcon550_S1" xml:id="PRcon550_u_67"><seg n="2" synch="#PRcon550_ol_73" type="overlap" xml:id="PRcon550_ol_77"><shift corresp="#PRcon550_s_10" feature="loud" new="p" xml:id="PRcon550_s_9"/> yeah <shift corresp="#PRcon550_s_9" feature="loud" new="neutral" xml:id="PRcon550_s_10"/></seg></u>
            <u who="#PRcon550_S1" xml:id="PRcon550_u_68"><seg n="3" synch="#PRcon550_ol_74" type="overlap" xml:id="PRcon550_ol_78"> yes </seg></u>
            <u who="#PRcon550_S1" xml:id="PRcon550_u_69"><seg n="4" synch="#PRcon550_ol_75" type="overlap" xml:id="PRcon550_ol_79"> yeah </seg></u>
            <u who="#PRcon550_S1" xml:id="PRcon550_u_70"> oh i- i- i- it er i- it happens that e<c type="lengthening"/>r <supplied reason="anonymization"> [first name2] </supplied> did not send the information about er <supplied reason="unintelligible"> x </supplied> position<c function="rise" type="intonation"/><pause/> and so er from your message he thought always it was two thousan- two<c type="lengthening"/> thousand and seven<unclear>s </unclear><seg n="5" type="overlap" xml:id="PRcon550_ol_80"><supplied reason="unintelligible"> xx </supplied></seg></u>
            <u who="#PRcon550_S2" xml:id="PRcon550_u_71"><seg n="5" synch="#PRcon550_ol_80" type="overlap" xml:id="PRcon550_ol_81"> it was </seg> it was <seg n="6" type="overlap" xml:id="PRcon550_ol_82"> but it was <supplied reason="unintelligible"> x </supplied> just my </seg> later question </u>
            <u who="#PRcon550_S1" xml:id="PRcon550_u_72"><seg n="6" synch="#PRcon550_ol_82" type="overlap" xml:id="PRcon550_ol_83"> yeah it was yes </seg></u>
            <u who="#PRcon550_S1" xml:id="PRcon550_u_73"> yes and then i i suddenly notice i have no news it's er from this <supplied reason="unintelligible"> x </supplied> position but e<c type="lengthening"/>r so <pause/> i <unclear> did </unclear><seg n="7" type="overlap" xml:id="PRcon550_ol_84"> never got </seg> the information so <seg n="8" type="overlap" xml:id="PRcon550_ol_85"> as soon </seg> as i notice there there was <supplied reason="unintelligible"> xxxxx </supplied><unclear> something </unclear> so <pause/></u>
            <u who="#PRcon550_S2" xml:id="PRcon550_u_74"><seg n="7" synch="#PRcon550_ol_84" type="overlap" xml:id="PRcon550_ol_86"> okay </seg></u>
            <u who="#PRcon550_S2" xml:id="PRcon550_u_75"><seg n="8" synch="#PRcon550_ol_85" type="overlap" xml:id="PRcon550_ol_87"> okay </seg></u>
            <u who="#PRcon550_S1" xml:id="PRcon550_u_76"> er <supplied reason="anonymization"> [first name2] </supplied><seg n="9" type="overlap" xml:id="PRcon550_ol_88"> tried </seg> to<c type="lengthening"/></u>
            <u who="#PRcon550_S2" xml:id="PRcon550_u_77"><seg n="9" synch="#PRcon550_ol_88" type="overlap" xml:id="PRcon550_ol_89"> okay </seg></u>
            <u who="#PRcon550_S2" xml:id="PRcon550_u_78"> fine so er the point is just to wait now and hear <anchor synch="#PRcon550_oc_3" type="other_continuation" xml:id="PRcon550_oc_2"/></u>
            <u who="#PRcon550_S1" xml:id="PRcon550_u_79"><anchor synch="#PRcon550_oc_2" type="other_continuation" xml:id="PRcon550_oc_3"/> ye<seg n="1" type="overlap" xml:id="PRcon550_ol_90">s yes </seg></u>
            <u who="#PRcon550_S2" xml:id="PRcon550_u_80"><seg n="1" synch="#PRcon550_ol_90" type="overlap" xml:id="PRcon550_ol_91"><supplied reason="unintelligible"> xx </supplied> chris</seg>tmas time and that's it </u>
            <u who="#PRcon550_S1" xml:id="PRcon550_u_81"> yes ex<seg n="2" type="overlap" xml:id="PRcon550_ol_92">actly </seg></u>
            <u who="#PRcon550_S2" xml:id="PRcon550_u_82"><seg n="2" synch="#PRcon550_ol_92" type="overlap" xml:id="PRcon550_ol_93"> okay </seg> fine thank you thank you that's that's all for now yes </u>
            <u who="#PRcon550_S1" xml:id="PRcon550_u_83"> yes </u>
            <u who="#PRcon550_S2" xml:id="PRcon550_u_84"> all right <pause/> er <pause/> well actually let's go <incident voice:desc="starts walking away"/><unclear> i will have some coffee </unclear></u>
         </div>
      </body>
   </text>
</TEI>