<TEI xmlns="http://www.tei-c.org/ns/1.0" xmlns:voice="http://www.univie.ac.at/voice/ns/1.0" xmlns:xi="http://www.w3.org/2001/XInclude" version="5" xml:id="PRint602" xml:lang="eng">
   <teiHeader>
      <fileDesc>
         <titleStmt>
            <title>interview about conference experience and impressions of city</title>
            <principal>Prof. Barbara Seidlhofer</principal>
            <editor/>
            <funder>Austrian Science Foundation (FWF)</funder>
            <sponsor/>
            <respStmt>
               <resp>Corpus Compilation</resp>
               <orgName>VOICE Project</orgName>
               <persName>Barbara Seidlhofer</persName>
               <persName>Angelika Breiteneder</persName>
               <persName>Marie-Luise Pitzl</persName>
               <persName>Stefan Majewski</persName>
               <persName>Theresa Klimpfinger</persName>
            </respStmt>
         </titleStmt>
         <editionStmt>
		<edition>Version 1.0 XML, <date>May 2011</date></edition>
	  <respStmt>
		<resp>Researchers</resp>
		<name>Barbara Seidlhofer</name> 		
		<name>Angelika Breiteneder</name> 
		<name>Theresa Klimpfinger</name> 
		<name>Stefan Majewski</name> 
		<name>Marie-Luise Pitzl</name> 
	  </respStmt>
	</editionStmt>
         <publicationStmt>
		<publisher>Barbara Seidlhofer, Stefan Majewski, Marie-Luise Pitzl</publisher> 
	  <distributor>VOICE Project, University of Vienna, Austria</distributor> 
	  <address>
		<addrLine>Spitalgasse 2, AAKH Hof 8</addrLine> 
		<addrLine>1090 Vienna</addrLine> 
		<addrLine>Austria</addrLine> 
		<addrLine>Telephone: +43 1 427742446</addrLine> 
	  	<addrLine>Email: voice@univie.ac.at</addrLine> 
		<addrLine>Website: http://www.univie.ac.at/voice</addrLine> 
	  </address>
	  <availability status="free">
	  	<p>
		  The Vienna-Oxford International Corpus of English (VOICE)
		  was created by Barbara Seidlhofer (project director) and
		  Angelika Breiteneder, Theresa Klimpfinger, Stefan Majewski,
		  Marie-Luise Pitzl (project researchers). VOICE 1.0 XML is
		  available for download at the VOICE Project's website <ref target="http://www.univie.ac.at/voice/">http://www.univie.ac.at/voice/</ref>
		  under a Creative Commons
		  Attribution-NonCommercial-ShareAlike 3.0 Unported (CC
		  BY-NC-SA 3.0) License (<ref target="http://creativecommons.org/licenses/by-nc-sa/3.0/">
		  http://creativecommons.org/licenses/by-nc-sa/3.0/
		  </ref>). The original audio files are held at the Department
		  of English, University of Vienna. 23 selected audio files
		  are available as audio streams in the VOICE Online interface
		  at the VOICE Project's website <ref target="http://www.univie.ac.at/voice">http://www.univie.ac.at/voice</ref>.
		</p>
		<p>
		The recommended citation for VOICE 1.0 XML is:
		</p>
		<p>
		<bibl><title>VOICE</title>. <date>2011</date>. <title level="m">The Vienna-Oxford International Corpus of
		English</title> (<edition>version 1.0
		XML</edition>). Director: Barbara Seidlhofer; Researchers:
		Angelika Breiteneder, Theresa Klimpfinger, Stefan Majewski,
		Marie-Luise Pitzl.</bibl>
		</p>
		<p>The short citation for VOICE 1.0 XML is:
		</p>
		<p>
		<bibl><title>VOICE</title>. <date>2011</date>. <title level="m">The Vienna-Oxford International Corpus of
		English</title> (<edition>version 1.0
		XML</edition>).</bibl></p>
		<p>
		  For further information about availability and copyright
		  permissions, please see the README file included in the
		  download package. For further enquiries please contact the
		  VOICE Project at <ref target="mailto:voice@univie.ac.at">voice@univie.ac.at</ref>.
		</p>
	  </availability>
	</publicationStmt>
         <notesStmt>
            <note xml:id="PRint602_wc">Words: 252</note>
            <note xml:id="PRint602_tn_0">This interview takes place during the lunch break of an international conference on object-related, real-time distributed computing to ask one conference participant about the conference and his impressions of Vienna. Being the interviewer, S1 is clearly guiding the conversations as she asks the questions and her interlocutor answers. There is quite a lot of background noise on the recording as the other participants are walking around to get their lunch from the buffet.  </note>
         </notesStmt>
         <sourceDesc>
            <recordingStmt>
               <recording dur="PT00H01M10S" type="audio">
                  <date>2004-05-12</date>
                  <equipment>
                     <p>Portable minidisc recorder with electret condenser stereo microphone</p>
                  </equipment>
                  <respStmt>
                     <resp>recording</resp>
                     <name>R9</name>
                  </respStmt>
               </recording>
            </recordingStmt>
         </sourceDesc>
      </fileDesc>
      <encodingDesc>
         <classDecl>
            <taxonomy>
               <category xml:id="PRint602_domain">
                  <catDesc>Domain</catDesc>
                  <category sameAs="#ED" xml:id="PRint602_ED">
                     <catDesc>educational</catDesc>
                  </category>
                  <category sameAs="#LE" xml:id="PRint602_LE">
                     <catDesc>leisure</catDesc>
                  </category>
                  <category sameAs="#PB" xml:id="PRint602_PB">
                     <catDesc>professional business</catDesc>
                  </category>
                  <category sameAs="#PO" xml:id="PRint602_PO">
                     <catDesc>professional organizational</catDesc>
                  </category>
                  <category sameAs="#PR" xml:id="PRint602_PR">
                     <catDesc>professional research/science</catDesc>
                  </category>
               </category>
               <category xml:id="PRint602_spet">
                  <catDesc>Speech Event Type</catDesc>
                  <category sameAs="#int" xml:id="PRint602_int">
                     <catDesc>interview</catDesc>
                  </category>
                  <category sameAs="#prc" xml:id="PRint602_prc">
                     <catDesc>press conference</catDesc>
                  </category>
                  <category sameAs="#sve" xml:id="PRint602_sve">
                     <catDesc>service encounter</catDesc>
                  </category>
                  <category sameAs="#sed" xml:id="PRint602_sed">
                     <catDesc>seminar discussion</catDesc>
                  </category>
                  <category sameAs="#wgd" xml:id="PRint602_wgd">
                     <catDesc>working group discussion</catDesc>
                  </category>
                  <category sameAs="#wsd" xml:id="PRint602_wsd">
                     <catDesc>workshop discussion</catDesc>
                  </category>
                  <category sameAs="#mtg" xml:id="PRint602_mtg">
                     <catDesc>meeting</catDesc>
                  </category>
                  <category sameAs="#pan" xml:id="PRint602_pan">
                     <catDesc>panel</catDesc>
                  </category>
                  <category sameAs="#qas" xml:id="PRint602_qas">
                     <catDesc>question-answer session</catDesc>
                  </category>
                  <category sameAs="#con" xml:id="PRint602_con">
                     <catDesc>conversation</catDesc>
                  </category>
               </category>
            </taxonomy>
         </classDecl>
         <tagsDecl><namespace name="http://www.tei-c.org/ns/1.0">
      <tagUsage gi="TEI" occurs="1"/>
      <tagUsage gi="teiHeader" occurs="1"/>
      <tagUsage gi="fileDesc" occurs="1"/>
      <tagUsage gi="titleStmt" occurs="1"/>
      <tagUsage gi="title" occurs="5"/>
      <tagUsage gi="principal" occurs="1"/>
      <tagUsage gi="editor" occurs="1"/>
      <tagUsage gi="funder" occurs="1"/>
      <tagUsage gi="sponsor" occurs="1"/>
      <tagUsage gi="respStmt" occurs="3"/>
      <tagUsage gi="resp" occurs="3"/>
      <tagUsage gi="orgName" occurs="1"/>
      <tagUsage gi="persName" occurs="5"/>
      <tagUsage gi="editionStmt" occurs="1"/>
      <tagUsage gi="edition" occurs="3"/>
      <tagUsage gi="date" occurs="4"/>
      <tagUsage gi="name" occurs="8"/>
      <tagUsage gi="publicationStmt" occurs="1"/>
      <tagUsage gi="publisher" occurs="1"/>
      <tagUsage gi="distributor" occurs="1"/>
      <tagUsage gi="address" occurs="1"/>
      <tagUsage gi="addrLine" occurs="6"/>
      <tagUsage gi="availability" occurs="1"/>
      <tagUsage gi="p" occurs="7"/>
      <tagUsage gi="ref" occurs="5"/>
      <tagUsage gi="bibl" occurs="2"/>
      <tagUsage gi="notesStmt" occurs="1"/>
      <tagUsage gi="note" occurs="2"/>
      <tagUsage gi="sourceDesc" occurs="1"/>
      <tagUsage gi="recordingStmt" occurs="1"/>
      <tagUsage gi="recording" occurs="1"/>
      <tagUsage gi="equipment" occurs="1"/>
      <tagUsage gi="encodingDesc" occurs="1"/>
      <tagUsage gi="classDecl" occurs="1"/>
      <tagUsage gi="taxonomy" occurs="1"/>
      <tagUsage gi="category" occurs="17"/>
      <tagUsage gi="catDesc" occurs="17"/>
      <tagUsage gi="tagsDecl" occurs="1"/>
      <tagUsage gi="namespace" occurs="2"/>
      <tagUsage gi="tagUsage" occurs="79"/>
      <tagUsage gi="gi" occurs="5"/>
      <tagUsage gi="att" occurs="11"/>
      <tagUsage gi="list" occurs="10"/>
      <tagUsage gi="label" occurs="17"/>
      <tagUsage gi="val" occurs="38"/>
      <tagUsage gi="item" occurs="37"/>
      <tagUsage gi="profileDesc" occurs="1"/>
      <tagUsage gi="textClass" occurs="1"/>
      <tagUsage gi="catRef" occurs="2"/>
      <tagUsage gi="settingDesc" occurs="1"/>
      <tagUsage gi="setting" occurs="1"/>
      <tagUsage gi="locale" occurs="1"/>
      <tagUsage gi="activity" occurs="1"/>
      <tagUsage gi="particDesc" occurs="1"/>
      <tagUsage gi="listPerson" occurs="3"/>
      <tagUsage gi="personGrp" occurs="2"/>
      <tagUsage gi="person" occurs="2"/>
      <tagUsage gi="age" occurs="2"/>
      <tagUsage gi="sex" occurs="2"/>
      <tagUsage gi="occupation" occurs="2"/>
      <tagUsage gi="langKnowledge" occurs="2"/>
      <tagUsage gi="langKnown" occurs="2"/>
      <tagUsage gi="relationGrp" occurs="1"/>
      <tagUsage gi="relation" occurs="2"/>
      <tagUsage gi="revisionDesc" occurs="1"/>
      <tagUsage gi="change" occurs="5"/>
      <tagUsage gi="text" occurs="1"/>
      <tagUsage gi="body" occurs="1"/>
      <tagUsage gi="div" occurs="1"/>
      <tagUsage gi="u" occurs="41">Used to mark a stretch of speech commonly
		preceded and followed by a pause or by a change of speaker. A
		<gi>u</gi> is, however, not required to be bounded by a pause or
		a change of speaker, nor does it represent a turn in a
		conversation analytic sense. At a minimum, a <gi>u</gi> is some
		phonetic production or noise made by a given speaker or a group of speakers.</tagUsage>
      <tagUsage gi="anchor" occurs="4">Used to mark other-continuation,
		i.e. whenever a speaker continues another speaker's <gi>u</gi>
		without a pause. Other-continuation is to be interpreted
		temporally and does not relate to form or content of the
		speakers' utterances.</tagUsage>
      <tagUsage gi="seg" occurs="30">Used with different <att>type</att> attributes to mark:
		<list>
		  <label><att>type</att><val>overlap</val></label>
		  <item>overlaps</item>
		  <label><att>type</att><val>onomatopoeia</val></label>
		  <item>onomatopoeic sounds</item>
		  <label><att>type</att><val>ipa</val></label>
		  <item>transcriptions in the international phonetic alphabet</item>
		</list>
		</tagUsage>
      <tagUsage gi="unclear" occurs="5">Used to mark speech which cannot be
		transcribed with certainty, because it is difficult to hear or
		understand for the transcriber.</tagUsage>
      <tagUsage gi="c" occurs="12">Used to mark lengthening of sounds and
		intonation (fall, rise). The following <att>type</att>
		attributes are used to mark:
		<list>
		  <label><val>lengthening</val></label><item>lengthened
		  sounds</item>
		  <label><val>intonation</val></label><item>a significant change in
		  intonation, marked with the following <att>function</att>
		  attribute for:
		  <list>
			<label><val>fall</val></label><item>falling
			intonation</item>
			<label><val>rise</val></label><item>rising intonation</item>
		  </list>
		</item>
		</list>
		Intonation may or may not coincide with
		syntactic boundaries.
		</tagUsage>
      <tagUsage gi="pause" occurs="16">Used to mark a pause either between or
		within utterances. Used without <att>dur</att> attribute to
		indicate a brief pause up to half a second.
		</tagUsage>
      <tagUsage gi="incident" occurs="1">Used to mark contextual information
		relevant to the understanding of the interaction or the
		interaction as such. The <att>voice:desc</att> attribute
		provides a short prose description of the contextual
		event.</tagUsage>
      <tagUsage gi="shift" occurs="10">Used to mark the point at which some
		paralinguistic feature changes. The following attribute values
		are used to mark:
		<list>
          <label>
            <val>voice</val>
          </label>
          <item>voice quality
          <list>
            <item><val>imitating</val></item>
            <item><val>laugh</val></item>
            <item><val>neutral</val></item>
            <item><val>phone</val></item>
            <item><val>reading</val></item>
            <item><val>reading_aloud</val></item>
            <item><val>sigh</val></item>
            <item><val>singing</val></item>
            <item><val>whisp</val></item>
            <item><val>yawning</val></item>
          </list>
          </item>
          <label>
          <val>tempo</val></label>
          <item>speed of utterance
            <list>
              <label><val>a</val></label>
              <item>accelerando</item>
              <label><val>l</val></label>
              <item>lento</item>
              <label><val>neutral</val></label>
              <item>neutral</item>
            </list>
          </item>
          <label>
          <val>loud</val></label>
          <item>loudness
            <list>
              <item><val>f</val></item>
              <item><val>neutral</val></item>
              <item><val>p</val></item>
            </list>
          </item>
		  </list>
		</tagUsage>
      <tagUsage gi="supplied" occurs="1">Used to mark text supplied by the
		transcriber because the original is unintelligible or needed to
		be anonymized. The <att>reason</att> attribute is used to mark:
		<list>
		  <label><val>unintelligible</val></label><item>unintelligible
		  speech</item>
		  <label><val>anonymization</val></label><item>anonymized
		  speech</item>
		</list>
		</tagUsage>
      <tagUsage gi="emph" occurs="4">Used to mark speech which is stressed or
		emphasized in a way that goes beyond regular nuclear
		stress.</tagUsage>
      <tagUsage gi="vocal" occurs="1">Used to mark laughter and other speaker
		noises and non-verbal feedback.
        <list>
          <label>
            <val>speaker_noise</val>
          </label>
          <item>
            <list>
              <item>
                <val>coughing</val>
              </item>
              <item>
                <val>nods</val>
              </item>
              <item>
                <val>shakes head</val>
              </item>
              <item>
                <val>smacks lips</val>
              </item>
              <item>
                <val>sniffs</val>
              </item>
              <item>
                <val>swallows</val>
              </item>
              <item>
                <val>whistles</val>
              </item>
            </list>
          </item>
          <label>
            <val>wordlike</val>
          </label>
          <item>
            <val>laughing</val>
          </item>
        </list>
        </tagUsage></namespace><namespace name="http://www.univie.ac.at/voice/ns/1.0">
      <tagUsage gi="voice:pvc" occurs="1">Used to mark a pronunciation variation
		or coinage as described in <ref target="http://www.univie.ac.at/voice/documents/VOICE_mark-up_conventions_v2-1.pdf">the
			VOICE mark-up conventions [2.1].</ref>the
			VOICE mark-up conventions [2.1]. An existing word corresponding to the PVC may be provided within a <att>comment</att>comment attribute within the <gi>voice:pvc</gi>voice:pvc element. Additional phonetic
			transcription may be provided within a <att>voice:ipa</att>voice:ipa attribute
			within the <gi>voice:pvc</gi>voice:pvc element.</tagUsage>
      <tagUsage gi="voice:track" occurs="1">Used to mark the beginning of a new
		audio track used in transcription (usually three minutes in length) and thus refers to the audio recording
		of the transcribed speech event.
		</tagUsage></namespace></tagsDecl>
      </encodingDesc>
      <profileDesc>
         <textClass>
            <catRef target="#PRint602_PR #PRint602_int"/>
            <catRef target="#PR #int"/>
         </textClass>
         <settingDesc>
            <setting>
               <name type="country">AT</name>
               <name type="city">Vienna</name>
               <locale>cafeteria at university</locale>
               <activity>none</activity>
            </setting>
         </settingDesc>
         <particDesc>
            <listPerson type="main">
               <listPerson type="groups">
                  <personGrp role="speakers" size="2"/>
                  <personGrp role="interactants" size="2"/>
               </listPerson>
               <listPerson type="identified">
                  <person role="interviewee" sameAs="#P232" xml:id="PRint602_S3">
                     <age value="3">35-49</age>
                     <sex value="1">male</sex>
                     <occupation>scientist</occupation>
                     <langKnowledge>
                        <langKnown level="L1" tag="kor"/>
                     </langKnowledge>
                  </person>
                  <person role="interviewer" sameAs="#P52" xml:id="PRint602_S1">
                     <age value="1">17-24</age>
                     <sex value="2">female</sex>
                     <occupation>student</occupation>
                     <langKnowledge>
                        <langKnown level="L1" tag="ger-IT"/>
                     </langKnowledge>
                  </person>
               </listPerson>
               <relationGrp>
                  <relation mutual="#PRint602_S1 #PRint602_S3" name="fairly_symmetrical" type="power"/>
                  <relation mutual="#PRint602_S1 #PRint602_S3" name="unacquainted" type="acquaintedness"/>
               </relationGrp>
            </listPerson>
         </particDesc>
      </profileDesc>
      <revisionDesc>
         <change when="2009-05-19" who="SM">conversion to XML</change>
         <change when="2009-05-11" who="AB">finalized for publication</change>
         <change when="2009-02-05" who="TK">proof-reading</change>
         <change when="2007-01-17" who="AB">checking</change>
         <change when="2006-03-24" who="JH">transcription</change>
      </revisionDesc>
   </teiHeader>
   <text>
      <body>
         <div type="medium" voice:end="01:05" voice:end_medium_number="1" voice:end_track="2" voice:medium_type="md" voice:start="02:55" voice:start_medium_number="1" voice:start_track="1">
            <u who="#PRint602_S1" xml:id="PRint602_u_1"> hello excuse me i'm from vienna university </u>
            <u who="#PRint602_S3" xml:id="PRint602_u_2"> mhm <anchor synch="#PRint602_oc_1" type="other_continuation" xml:id="PRint602_oc_0"/></u>
            <u who="#PRint602_S1" xml:id="PRint602_u_3"><anchor synch="#PRint602_oc_0" type="other_continuation" xml:id="PRint602_oc_1"/> and we are doing a project on <voice:pvc> intercultural </voice:pvc> communication <seg n="7" type="overlap" xml:id="PRint602_ol_0"> and we</seg>'re here <voice:track medium="1" num="2" type="md"/><unclear> at </unclear> this meeting  </u>
            <u who="#PRint602_S3" xml:id="PRint602_u_4"><seg n="7" synch="#PRint602_ol_0" type="overlap" xml:id="PRint602_ol_1"> aha </seg></u>
            <u who="#PRint602_S3" xml:id="PRint602_u_5"> m<seg n="1" type="overlap" xml:id="PRint602_ol_2">hm </seg></u>
            <u who="#PRint602_S1" xml:id="PRint602_u_6"><seg n="1" synch="#PRint602_ol_2" type="overlap" xml:id="PRint602_ol_3"> to<c type="lengthening"/></seg> talk to people from different er first <seg n="2" type="overlap" xml:id="PRint602_ol_4"> languages </seg> different countries yes </u>
            <u who="#PRint602_S3" xml:id="PRint602_u_7"><seg n="2" synch="#PRint602_ol_4" type="overlap" xml:id="PRint602_ol_5"> countries </seg></u>
            <u who="#PRint602_S3" xml:id="PRint602_u_8"> mhm </u>
            <u who="#PRint602_S1" xml:id="PRint602_u_9"> i was wondering if i could very briefly hh talk to you<c type="lengthening"/> ask you where you are from and what a- what are y- what you are doing here <pause/> and so on <pause/><incident voice:desc="there is a lot of background noise as people are walking around getting their lunch from a buffet"/></u>
            <u who="#PRint602_S3" xml:id="PRint602_u_10"> o<c type="lengthening"/>h i'm from korea </u>
            <u who="#PRint602_S1" xml:id="PRint602_u_11"> from korea<c function="fall" type="intonation"/><shift corresp="#PRint602_s_2" feature="loud" new="p" xml:id="PRint602_s_1"/><seg n="3" type="overlap" xml:id="PRint602_ol_6"> okay </seg><shift corresp="#PRint602_s_1" feature="loud" new="neutral" xml:id="PRint602_s_2"/></u>
            <u who="#PRint602_S3" xml:id="PRint602_u_12"><seg n="3" synch="#PRint602_ol_6" type="overlap" xml:id="PRint602_ol_7"> yah </seg> and er <pause/> i came here to join the conference you know er <supplied reason="anonymization"> [org1] </supplied><seg n="4" type="overlap" xml:id="PRint602_ol_8"> two<c type="lengthening"/> two thous</seg>and four <pause/></u>
            <u who="#PRint602_S1" xml:id="PRint602_u_13"><seg n="4" synch="#PRint602_ol_8" type="overlap" xml:id="PRint602_ol_9"><shift corresp="#PRint602_s_4" feature="loud" new="p" xml:id="PRint602_s_3"/> yes <pause/> mhm <shift corresp="#PRint602_s_3" feature="loud" new="neutral" xml:id="PRint602_s_4"/></seg></u>
            <u who="#PRint602_S1" xml:id="PRint602_u_14"> okay <seg n="5" type="overlap" xml:id="PRint602_ol_10"> and </seg><pause/></u>
            <u who="#PRint602_S3" xml:id="PRint602_u_15"><seg n="5" synch="#PRint602_ol_10" type="overlap" xml:id="PRint602_ol_11"> yeah </seg></u>
            <u who="#PRint602_S1" xml:id="PRint602_u_16"> did you erm already pre<emph>sent </emph> something or are you just a listener <seg n="6" type="overlap" xml:id="PRint602_ol_12"> to this </seg><pause/></u>
            <u who="#PRint602_S3" xml:id="PRint602_u_17"><seg n="6" synch="#PRint602_ol_12" type="overlap" xml:id="PRint602_ol_13"> erm er </seg></u>
            <u who="#PRint602_S3" xml:id="PRint602_u_18"> er i'm a sess- a session chair  </u>
            <u who="#PRint602_S1" xml:id="PRint602_u_19"> okay <seg n="7" type="overlap" xml:id="PRint602_ol_14"> you are a session </seg> chair  </u>
            <u who="#PRint602_S3" xml:id="PRint602_u_20"><seg n="7" synch="#PRint602_ol_14" type="overlap" xml:id="PRint602_ol_15"> yah yah </seg></u>
            <u who="#PRint602_S3" xml:id="PRint602_u_21"> yah </u>
            <u who="#PRint602_S1" xml:id="PRint602_u_22"> and do you think it's a successful meeting<c function="rise" type="intonation"/></u>
            <u who="#PRint602_S3" xml:id="PRint602_u_23"> yes <seg n="3" type="overlap" xml:id="PRint602_ol_16"> it's good </seg> yeah  </u>
            <u who="#PRint602_S1" xml:id="PRint602_u_24"><seg n="3" synch="#PRint602_ol_16" type="overlap" xml:id="PRint602_ol_17"> yes </seg></u>
            <u who="#PRint602_S1" xml:id="PRint602_u_25"> it's a good at<seg n="4" type="overlap" xml:id="PRint602_ol_18">mosphere </seg></u>
            <u who="#PRint602_S3" xml:id="PRint602_u_26"><seg n="4" synch="#PRint602_ol_18" type="overlap" xml:id="PRint602_ol_19"> there're very </seg> famous <unclear> all </unclear><unclear> new </unclear> scholars and er students came here </u>
            <u who="#PRint602_S1" xml:id="PRint602_u_27"> mhm </u>
            <u who="#PRint602_S3" xml:id="PRint602_u_28"> and er <pause/> every year i<c type="lengthening"/> i join this conference <pause/> every year<c function="fall" type="intonation"/> and especially i took <unclear> er </unclear> this year <pause/><unclear> the<c type="lengthening"/></unclear><emph> vie</emph>nna is very a beautiful city </u>
            <u who="#PRint602_S1" xml:id="PRint602_u_29"> yes <anchor synch="#PRint602_oc_3" type="other_continuation" xml:id="PRint602_oc_2"/></u>
            <u who="#PRint602_S3" xml:id="PRint602_u_30"><anchor synch="#PRint602_oc_2" type="other_continuation" xml:id="PRint602_oc_3"/> and er wonderful <pause/><seg n="5" type="overlap" xml:id="PRint602_ol_20"> people </seg></u>
            <u who="#PRint602_S1" xml:id="PRint602_u_31"><seg n="5" synch="#PRint602_ol_20" type="overlap" xml:id="PRint602_ol_21"> is this </seg> your first time in vienna<c function="rise" type="intonation"/></u>
            <u who="#PRint602_S3" xml:id="PRint602_u_32"><emph> yes </emph><c function="fall" type="intonation"/></u>
            <u who="#PRint602_S1" xml:id="PRint602_u_33"> yes </u>
            <u who="#PRint602_S3" xml:id="PRint602_u_34"> mhm </u>
            <u who="#PRint602_S1" xml:id="PRint602_u_35"> and you like it <pause/></u>
            <u who="#PRint602_S3" xml:id="PRint602_u_36"> oh er it's it's very good <pause/> the the er <pause/> very fresh <emph> air </emph><seg n="6" type="overlap" xml:id="PRint602_ol_22"> and </seg> kind people <pause/></u>
            <u who="#PRint602_S1" xml:id="PRint602_u_37"><seg n="6" synch="#PRint602_ol_22" type="overlap" xml:id="PRint602_ol_23"><shift corresp="#PRint602_s_6" feature="loud" new="p" xml:id="PRint602_s_5"/> mhm <shift corresp="#PRint602_s_5" feature="loud" new="neutral" xml:id="PRint602_s_6"/></seg></u>
            <u who="#PRint602_S3" xml:id="PRint602_u_38"> and e<c type="lengthening"/>r good foods <pause/><seg n="7" type="overlap" xml:id="PRint602_ol_24"><vocal subtype="wordstart" type="wordlike" voice:desc="laughing" voice:syl="4"/></seg></u>
            <u who="#PRint602_S1" xml:id="PRint602_u_39"><seg n="7" synch="#PRint602_ol_24" type="overlap" xml:id="PRint602_ol_25"><shift corresp="#PRint602_s_8" feature="loud" new="p" xml:id="PRint602_s_7"/> good food <shift corresp="#PRint602_s_7" feature="loud" new="neutral" xml:id="PRint602_s_8"/> okay so </seg> enjoy your food thank you <seg n="2" type="overlap" xml:id="PRint602_ol_26"> very much </seg></u>
            <u who="#PRint602_S3" xml:id="PRint602_u_40"><seg n="2" synch="#PRint602_ol_26" type="overlap" xml:id="PRint602_ol_27"> okay </seg> thank <seg n="3" type="overlap" xml:id="PRint602_ol_28"> you </seg></u>
            <u who="#PRint602_S1" xml:id="PRint602_u_41"><shift corresp="#PRint602_s_10" feature="loud" new="p" xml:id="PRint602_s_9"/><seg n="3" synch="#PRint602_ol_28" type="overlap" xml:id="PRint602_ol_29"> bye </seg> bye <shift corresp="#PRint602_s_9" feature="loud" new="neutral" xml:id="PRint602_s_10"/></u>
         </div>
      </body>
   </text>
</TEI>