<TEI xmlns="http://www.tei-c.org/ns/1.0" xmlns:voice="http://www.univie.ac.at/voice/ns/1.0" xmlns:xi="http://www.w3.org/2001/XInclude" version="5" xml:id="PRint603" xml:lang="eng">
   <teiHeader>
      <fileDesc>
         <titleStmt>
            <title>interview about paper at conference and impressions of city</title>
            <principal>Prof. Barbara Seidlhofer</principal>
            <editor/>
            <funder>Austrian Science Foundation (FWF)</funder>
            <sponsor/>
            <respStmt>
               <resp>Corpus Compilation</resp>
               <orgName>VOICE Project</orgName>
               <persName>Barbara Seidlhofer</persName>
               <persName>Angelika Breiteneder</persName>
               <persName>Marie-Luise Pitzl</persName>
               <persName>Stefan Majewski</persName>
               <persName>Theresa Klimpfinger</persName>
            </respStmt>
         </titleStmt>
         <editionStmt>
		<edition>Version 1.0 XML, <date>May 2011</date></edition>
	  <respStmt>
		<resp>Researchers</resp>
		<name>Barbara Seidlhofer</name> 		
		<name>Angelika Breiteneder</name> 
		<name>Theresa Klimpfinger</name> 
		<name>Stefan Majewski</name> 
		<name>Marie-Luise Pitzl</name> 
	  </respStmt>
	</editionStmt>
         <publicationStmt>
		<publisher>Barbara Seidlhofer, Stefan Majewski, Marie-Luise Pitzl</publisher> 
	  <distributor>VOICE Project, University of Vienna, Austria</distributor> 
	  <address>
		<addrLine>Spitalgasse 2, AAKH Hof 8</addrLine> 
		<addrLine>1090 Vienna</addrLine> 
		<addrLine>Austria</addrLine> 
		<addrLine>Telephone: +43 1 427742446</addrLine> 
	  	<addrLine>Email: voice@univie.ac.at</addrLine> 
		<addrLine>Website: http://www.univie.ac.at/voice</addrLine> 
	  </address>
	  <availability status="free">
	  	<p>
		  The Vienna-Oxford International Corpus of English (VOICE)
		  was created by Barbara Seidlhofer (project director) and
		  Angelika Breiteneder, Theresa Klimpfinger, Stefan Majewski,
		  Marie-Luise Pitzl (project researchers). VOICE 1.0 XML is
		  available for download at the VOICE Project's website <ref target="http://www.univie.ac.at/voice/">http://www.univie.ac.at/voice/</ref>
		  under a Creative Commons
		  Attribution-NonCommercial-ShareAlike 3.0 Unported (CC
		  BY-NC-SA 3.0) License (<ref target="http://creativecommons.org/licenses/by-nc-sa/3.0/">
		  http://creativecommons.org/licenses/by-nc-sa/3.0/
		  </ref>). The original audio files are held at the Department
		  of English, University of Vienna. 23 selected audio files
		  are available as audio streams in the VOICE Online interface
		  at the VOICE Project's website <ref target="http://www.univie.ac.at/voice">http://www.univie.ac.at/voice</ref>.
		</p>
		<p>
		The recommended citation for VOICE 1.0 XML is:
		</p>
		<p>
		<bibl><title>VOICE</title>. <date>2011</date>. <title level="m">The Vienna-Oxford International Corpus of
		English</title> (<edition>version 1.0
		XML</edition>). Director: Barbara Seidlhofer; Researchers:
		Angelika Breiteneder, Theresa Klimpfinger, Stefan Majewski,
		Marie-Luise Pitzl.</bibl>
		</p>
		<p>The short citation for VOICE 1.0 XML is:
		</p>
		<p>
		<bibl><title>VOICE</title>. <date>2011</date>. <title level="m">The Vienna-Oxford International Corpus of
		English</title> (<edition>version 1.0
		XML</edition>).</bibl></p>
		<p>
		  For further information about availability and copyright
		  permissions, please see the README file included in the
		  download package. For further enquiries please contact the
		  VOICE Project at <ref target="mailto:voice@univie.ac.at">voice@univie.ac.at</ref>.
		</p>
	  </availability>
	</publicationStmt>
         <notesStmt>
            <note xml:id="PRint603_wc">Words: 352</note>
            <note xml:id="PRint603_tn_0">This interview takes place during the lunch break of an international conference on object-related, real-time distributed computing to ask one conference participant about his paper at the conference and his impressions of Vienna. Being the interviewer, S1 is clearly guiding the conversations as she asks the questions and her interlocutor answers. There is quite a lot of background noise on the recording as the other participants are walking around to get their lunch from the buffet. </note>
         </notesStmt>
         <sourceDesc>
            <recordingStmt>
               <recording dur="PT00H02M03S" type="audio">
                  <date>2004-05-12</date>
                  <equipment>
                     <p>Portable minidisc recorder with electret condenser stereo microphone</p>
                  </equipment>
                  <respStmt>
                     <resp>recording</resp>
                     <name>R9</name>
                  </respStmt>
               </recording>
            </recordingStmt>
         </sourceDesc>
      </fileDesc>
      <encodingDesc>
         <classDecl>
            <taxonomy>
               <category xml:id="PRint603_domain">
                  <catDesc>Domain</catDesc>
                  <category sameAs="#ED" xml:id="PRint603_ED">
                     <catDesc>educational</catDesc>
                  </category>
                  <category sameAs="#LE" xml:id="PRint603_LE">
                     <catDesc>leisure</catDesc>
                  </category>
                  <category sameAs="#PB" xml:id="PRint603_PB">
                     <catDesc>professional business</catDesc>
                  </category>
                  <category sameAs="#PO" xml:id="PRint603_PO">
                     <catDesc>professional organizational</catDesc>
                  </category>
                  <category sameAs="#PR" xml:id="PRint603_PR">
                     <catDesc>professional research/science</catDesc>
                  </category>
               </category>
               <category xml:id="PRint603_spet">
                  <catDesc>Speech Event Type</catDesc>
                  <category sameAs="#int" xml:id="PRint603_int">
                     <catDesc>interview</catDesc>
                  </category>
                  <category sameAs="#prc" xml:id="PRint603_prc">
                     <catDesc>press conference</catDesc>
                  </category>
                  <category sameAs="#sve" xml:id="PRint603_sve">
                     <catDesc>service encounter</catDesc>
                  </category>
                  <category sameAs="#sed" xml:id="PRint603_sed">
                     <catDesc>seminar discussion</catDesc>
                  </category>
                  <category sameAs="#wgd" xml:id="PRint603_wgd">
                     <catDesc>working group discussion</catDesc>
                  </category>
                  <category sameAs="#wsd" xml:id="PRint603_wsd">
                     <catDesc>workshop discussion</catDesc>
                  </category>
                  <category sameAs="#mtg" xml:id="PRint603_mtg">
                     <catDesc>meeting</catDesc>
                  </category>
                  <category sameAs="#pan" xml:id="PRint603_pan">
                     <catDesc>panel</catDesc>
                  </category>
                  <category sameAs="#qas" xml:id="PRint603_qas">
                     <catDesc>question-answer session</catDesc>
                  </category>
                  <category sameAs="#con" xml:id="PRint603_con">
                     <catDesc>conversation</catDesc>
                  </category>
               </category>
            </taxonomy>
         </classDecl>
         <tagsDecl><namespace name="http://www.tei-c.org/ns/1.0">
      <tagUsage gi="TEI" occurs="1"/>
      <tagUsage gi="teiHeader" occurs="1"/>
      <tagUsage gi="fileDesc" occurs="1"/>
      <tagUsage gi="titleStmt" occurs="1"/>
      <tagUsage gi="title" occurs="5"/>
      <tagUsage gi="principal" occurs="1"/>
      <tagUsage gi="editor" occurs="1"/>
      <tagUsage gi="funder" occurs="1"/>
      <tagUsage gi="sponsor" occurs="1"/>
      <tagUsage gi="respStmt" occurs="3"/>
      <tagUsage gi="resp" occurs="3"/>
      <tagUsage gi="orgName" occurs="1"/>
      <tagUsage gi="persName" occurs="5"/>
      <tagUsage gi="editionStmt" occurs="1"/>
      <tagUsage gi="edition" occurs="3"/>
      <tagUsage gi="date" occurs="4"/>
      <tagUsage gi="name" occurs="8"/>
      <tagUsage gi="publicationStmt" occurs="1"/>
      <tagUsage gi="publisher" occurs="1"/>
      <tagUsage gi="distributor" occurs="1"/>
      <tagUsage gi="address" occurs="1"/>
      <tagUsage gi="addrLine" occurs="6"/>
      <tagUsage gi="availability" occurs="1"/>
      <tagUsage gi="p" occurs="7"/>
      <tagUsage gi="ref" occurs="5"/>
      <tagUsage gi="bibl" occurs="2"/>
      <tagUsage gi="notesStmt" occurs="1"/>
      <tagUsage gi="note" occurs="2"/>
      <tagUsage gi="sourceDesc" occurs="1"/>
      <tagUsage gi="recordingStmt" occurs="1"/>
      <tagUsage gi="recording" occurs="1"/>
      <tagUsage gi="equipment" occurs="1"/>
      <tagUsage gi="encodingDesc" occurs="1"/>
      <tagUsage gi="classDecl" occurs="1"/>
      <tagUsage gi="taxonomy" occurs="1"/>
      <tagUsage gi="category" occurs="17"/>
      <tagUsage gi="catDesc" occurs="17"/>
      <tagUsage gi="tagsDecl" occurs="1"/>
      <tagUsage gi="namespace" occurs="2"/>
      <tagUsage gi="tagUsage" occurs="78"/>
      <tagUsage gi="gi" occurs="5"/>
      <tagUsage gi="att" occurs="10"/>
      <tagUsage gi="list" occurs="10"/>
      <tagUsage gi="label" occurs="17"/>
      <tagUsage gi="val" occurs="38"/>
      <tagUsage gi="item" occurs="37"/>
      <tagUsage gi="profileDesc" occurs="1"/>
      <tagUsage gi="textClass" occurs="1"/>
      <tagUsage gi="catRef" occurs="2"/>
      <tagUsage gi="settingDesc" occurs="1"/>
      <tagUsage gi="setting" occurs="1"/>
      <tagUsage gi="locale" occurs="1"/>
      <tagUsage gi="activity" occurs="1"/>
      <tagUsage gi="particDesc" occurs="1"/>
      <tagUsage gi="listPerson" occurs="3"/>
      <tagUsage gi="personGrp" occurs="2"/>
      <tagUsage gi="person" occurs="2"/>
      <tagUsage gi="age" occurs="2"/>
      <tagUsage gi="sex" occurs="2"/>
      <tagUsage gi="occupation" occurs="2"/>
      <tagUsage gi="langKnowledge" occurs="2"/>
      <tagUsage gi="langKnown" occurs="2"/>
      <tagUsage gi="relationGrp" occurs="1"/>
      <tagUsage gi="relation" occurs="2"/>
      <tagUsage gi="revisionDesc" occurs="1"/>
      <tagUsage gi="change" occurs="5"/>
      <tagUsage gi="text" occurs="1"/>
      <tagUsage gi="body" occurs="1"/>
      <tagUsage gi="div" occurs="1"/>
      <tagUsage gi="u" occurs="65">Used to mark a stretch of speech commonly
		preceded and followed by a pause or by a change of speaker. A
		<gi>u</gi> is, however, not required to be bounded by a pause or
		a change of speaker, nor does it represent a turn in a
		conversation analytic sense. At a minimum, a <gi>u</gi> is some
		phonetic production or noise made by a given speaker or a group of speakers.</tagUsage>
      <tagUsage gi="seg" occurs="26">Used with different <att>type</att> attributes to mark:
		<list>
		  <label><att>type</att><val>overlap</val></label>
		  <item>overlaps</item>
		  <label><att>type</att><val>onomatopoeia</val></label>
		  <item>onomatopoeic sounds</item>
		  <label><att>type</att><val>ipa</val></label>
		  <item>transcriptions in the international phonetic alphabet</item>
		</list>
		</tagUsage>
      <tagUsage gi="c" occurs="20">Used to mark lengthening of sounds and
		intonation (fall, rise). The following <att>type</att>
		attributes are used to mark:
		<list>
		  <label><val>lengthening</val></label><item>lengthened
		  sounds</item>
		  <label><val>intonation</val></label><item>a significant change in
		  intonation, marked with the following <att>function</att>
		  attribute for:
		  <list>
			<label><val>fall</val></label><item>falling
			intonation</item>
			<label><val>rise</val></label><item>rising intonation</item>
		  </list>
		</item>
		</list>
		Intonation may or may not coincide with
		syntactic boundaries.
		</tagUsage>
      <tagUsage gi="pause" occurs="41">Used to mark a pause either between or
		within utterances. Used without <att>dur</att> attribute to
		indicate a brief pause up to half a second.
		</tagUsage>
      <tagUsage gi="shift" occurs="12">Used to mark the point at which some
		paralinguistic feature changes. The following attribute values
		are used to mark:
		<list>
          <label>
            <val>voice</val>
          </label>
          <item>voice quality
          <list>
            <item><val>imitating</val></item>
            <item><val>laugh</val></item>
            <item><val>neutral</val></item>
            <item><val>phone</val></item>
            <item><val>reading</val></item>
            <item><val>reading_aloud</val></item>
            <item><val>sigh</val></item>
            <item><val>singing</val></item>
            <item><val>whisp</val></item>
            <item><val>yawning</val></item>
          </list>
          </item>
          <label>
          <val>tempo</val></label>
          <item>speed of utterance
            <list>
              <label><val>a</val></label>
              <item>accelerando</item>
              <label><val>l</val></label>
              <item>lento</item>
              <label><val>neutral</val></label>
              <item>neutral</item>
            </list>
          </item>
          <label>
          <val>loud</val></label>
          <item>loudness
            <list>
              <item><val>f</val></item>
              <item><val>neutral</val></item>
              <item><val>p</val></item>
            </list>
          </item>
		  </list>
		</tagUsage>
      <tagUsage gi="anchor" occurs="10">Used to mark other-continuation,
		i.e. whenever a speaker continues another speaker's <gi>u</gi>
		without a pause. Other-continuation is to be interpreted
		temporally and does not relate to form or content of the
		speakers' utterances.</tagUsage>
      <tagUsage gi="unclear" occurs="6">Used to mark speech which cannot be
		transcribed with certainty, because it is difficult to hear or
		understand for the transcriber.</tagUsage>
      <tagUsage gi="supplied" occurs="2">Used to mark text supplied by the
		transcriber because the original is unintelligible or needed to
		be anonymized. The <att>reason</att> attribute is used to mark:
		<list>
		  <label><val>unintelligible</val></label><item>unintelligible
		  speech</item>
		  <label><val>anonymization</val></label><item>anonymized
		  speech</item>
		</list>
		</tagUsage>
      <tagUsage gi="emph" occurs="4">Used to mark speech which is stressed or
		emphasized in a way that goes beyond regular nuclear
		stress.</tagUsage>
      <tagUsage gi="vocal" occurs="1">Used to mark laughter and other speaker
		noises and non-verbal feedback.
        <list>
          <label>
            <val>speaker_noise</val>
          </label>
          <item>
            <list>
              <item>
                <val>coughing</val>
              </item>
              <item>
                <val>nods</val>
              </item>
              <item>
                <val>shakes head</val>
              </item>
              <item>
                <val>smacks lips</val>
              </item>
              <item>
                <val>sniffs</val>
              </item>
              <item>
                <val>swallows</val>
              </item>
              <item>
                <val>whistles</val>
              </item>
            </list>
          </item>
          <label>
            <val>wordlike</val>
          </label>
          <item>
            <val>laughing</val>
          </item>
        </list>
        </tagUsage></namespace><namespace name="http://www.univie.ac.at/voice/ns/1.0">
      <tagUsage gi="voice:pvc" occurs="3">Used to mark a pronunciation variation
		or coinage as described in <ref target="http://www.univie.ac.at/voice/documents/VOICE_mark-up_conventions_v2-1.pdf">the
			VOICE mark-up conventions [2.1].</ref>the
			VOICE mark-up conventions [2.1]. An existing word corresponding to the PVC may be provided within a <att>comment</att>comment attribute within the <gi>voice:pvc</gi>voice:pvc element. Additional phonetic
			transcription may be provided within a <att>voice:ipa</att>voice:ipa attribute
			within the <gi>voice:pvc</gi>voice:pvc element.</tagUsage>
      <tagUsage gi="voice:track" occurs="1">Used to mark the beginning of a new
		audio track used in transcription (usually three minutes in length) and thus refers to the audio recording
		of the transcribed speech event.
		</tagUsage></namespace></tagsDecl>
      </encodingDesc>
      <profileDesc>
         <textClass>
            <catRef target="#PRint603_PR #PRint603_int"/>
            <catRef target="#PR #int"/>
         </textClass>
         <settingDesc>
            <setting>
               <name type="country">AT</name>
               <name type="city">Vienna</name>
               <locale>cafeteria at university</locale>
               <activity>none</activity>
            </setting>
         </settingDesc>
         <particDesc>
            <listPerson type="main">
               <listPerson type="groups">
                  <personGrp role="speakers" size="2"/>
                  <personGrp role="interactants" size="2"/>
               </listPerson>
               <listPerson type="identified">
                  <person role="interviewee" sameAs="#P233" xml:id="PRint603_S4">
                     <age value="3">35-49</age>
                     <sex value="1">male</sex>
                     <occupation>scientist</occupation>
                     <langKnowledge>
                        <langKnown level="L1" tag="kor"/>
                     </langKnowledge>
                  </person>
                  <person role="interviewer" sameAs="#P52" xml:id="PRint603_S1">
                     <age value="1">17-24</age>
                     <sex value="2">female</sex>
                     <occupation>student</occupation>
                     <langKnowledge>
                        <langKnown level="L1" tag="ger-IT"/>
                     </langKnowledge>
                  </person>
               </listPerson>
               <relationGrp>
                  <relation mutual="#PRint603_S1 #PRint603_S4" name="fairly_symmetrical" type="power"/>
                  <relation mutual="#PRint603_S1 #PRint603_S4" name="unacquainted" type="acquaintedness"/>
               </relationGrp>
            </listPerson>
         </particDesc>
      </profileDesc>
      <revisionDesc>
         <change when="2009-05-19" who="SM">conversion to XML</change>
         <change when="2009-05-11" who="AB">finalized for publication</change>
         <change when="2009-02-05" who="TK">proof-reading</change>
         <change when="2007-01-17" who="AB">checking</change>
         <change when="2006-03-24" who="JH">transcription</change>
      </revisionDesc>
   </teiHeader>
   <text>
      <body>
         <div type="medium" voice:end="00:09" voice:end_medium_number="1" voice:end_track="3" voice:medium_type="md" voice:start="01:06" voice:start_medium_number="1" voice:start_track="2">
            <u who="#PRint603_S1" xml:id="PRint603_u_1"> hello may i talk to you <seg n="4" type="overlap" xml:id="PRint603_ol_0"> i'm </seg> from vienna university and we're doing a project on <voice:pvc> intercultural </voice:pvc> communication<c function="fall" type="intonation"/> and we're here my colleague and i are here on this meeting to<c type="lengthening"/> interview people <pause/></u>
            <u who="#PRint603_S4" xml:id="PRint603_u_2"><seg n="4" synch="#PRint603_ol_0" type="overlap" xml:id="PRint603_ol_1"><shift corresp="#PRint603_s_2" feature="loud" new="p" xml:id="PRint603_s_1"/> hello <shift corresp="#PRint603_s_1" feature="loud" new="neutral" xml:id="PRint603_s_2"/></seg></u>
            <u who="#PRint603_S1" xml:id="PRint603_u_3"> to ask you where you are from wha- what you are doing here so could you <pause/> perhaps briefly tell us something about <seg n="8" type="overlap" xml:id="PRint603_ol_2"> yourself if you don't </seg> mind  </u>
            <u who="#PRint603_S4" xml:id="PRint603_u_4"><seg n="8" synch="#PRint603_ol_2" type="overlap" xml:id="PRint603_ol_3"> hh hh </seg></u>
            <u who="#PRint603_S4" xml:id="PRint603_u_5"> i'm from south korea </u>
            <u who="#PRint603_S1" xml:id="PRint603_u_6"> yes </u>
            <u who="#PRint603_S4" xml:id="PRint603_u_7"> and i'm<c type="lengthening"/><pause dur="PT1S"/> come from because of <pause/> present <pause/> for the <seg n="5" type="overlap" xml:id="PRint603_ol_4"> conference </seg></u>
            <u who="#PRint603_S1" xml:id="PRint603_u_8"><seg n="5" synch="#PRint603_ol_4" type="overlap" xml:id="PRint603_ol_5"> you are a presenter </seg></u>
            <u who="#PRint603_S4" xml:id="PRint603_u_9"> yeah <anchor synch="#PRint603_oc_1" type="other_continuation" xml:id="PRint603_oc_0"/></u>
            <u who="#PRint603_S1" xml:id="PRint603_u_10"><anchor synch="#PRint603_oc_0" type="other_continuation" xml:id="PRint603_oc_1"/> mhm <pause dur="PT1S"/> when is your presentation<c function="fall" type="intonation"/><pause/></u>
            <u who="#PRint603_S4" xml:id="PRint603_u_11"><unclear> you know </unclear><supplied reason="unintelligible"> x </supplied> i finished it </u>
            <u who="#PRint603_S1" xml:id="PRint603_u_12"> a<c type="lengthening"/>h y- <seg n="6" type="overlap" xml:id="PRint603_ol_6"> yesterday it was yesterday </seg></u>
            <u who="#PRint603_S4" xml:id="PRint603_u_13"><seg n="6" synch="#PRint603_ol_6" type="overlap" xml:id="PRint603_ol_7"> yeah yeah yes- </seg></u>
            <u who="#PRint603_S1" xml:id="PRint603_u_14"> ah <anchor synch="#PRint603_oc_3" type="other_continuation" xml:id="PRint603_oc_2"/></u>
            <u who="#PRint603_S4" xml:id="PRint603_u_15"><anchor synch="#PRint603_oc_2" type="other_continuation" xml:id="PRint603_oc_3"/> yesterday </u>
            <u who="#PRint603_S1" xml:id="PRint603_u_16"> a<c type="lengthening"/>nd was it okay<c function="rise" type="intonation"/> for you<c function="rise" type="intonation"/><pause/></u>
            <u who="#PRint603_S4" xml:id="PRint603_u_17"><emph> yes </emph></u>
            <u who="#PRint603_S1" xml:id="PRint603_u_18"> successful<c function="rise" type="intonation"/><pause dur="PT1S"/></u>
            <u who="#PRint603_S4" xml:id="PRint603_u_19"> i don't know  </u>
            <u who="#PRint603_S1" xml:id="PRint603_u_20"> you didn't get any feedback yet <pause/> from from other listeners <pause/></u>
            <u who="#PRint603_S4" xml:id="PRint603_u_21"><emph> no </emph><pause dur="PT1S"/> i mean they never <pause/> ask any questions or <pause/><vocal subtype="wordstart" type="wordlike" voice:desc="laughing" voice:syl="1"/><seg n="7" type="overlap" xml:id="PRint603_ol_8"> i don't know </seg></u>
            <u who="#PRint603_S1" xml:id="PRint603_u_22"><seg n="7" synch="#PRint603_ol_8" type="overlap" xml:id="PRint603_ol_9"> so it's </seg> erm<c type="lengthening"/> you don't get feedback immediately but perhaps later on <pause/> or is is there <emph> no </emph> feedback at all  </u>
            <u who="#PRint603_S4" xml:id="PRint603_u_23"> no <anchor synch="#PRint603_oc_5" type="other_continuation" xml:id="PRint603_oc_4"/></u>
            <u who="#PRint603_S1" xml:id="PRint603_u_24"><anchor synch="#PRint603_oc_4" type="other_continuation" xml:id="PRint603_oc_5"/> on the presenta<seg n="1" type="overlap" xml:id="PRint603_ol_10">tion </seg></u>
            <u who="#PRint603_S4" xml:id="PRint603_u_25"><seg n="1" synch="#PRint603_ol_10" type="overlap" xml:id="PRint603_ol_11"> is </seg> er <pause/></u>
            <u who="#PRint603_S4" xml:id="PRint603_u_26"> i already <pause/> proceeding <pause/> on that <pause/></u>
            <u who="#PRint603_S1" xml:id="PRint603_u_27"> okay </u>
            <u who="#PRint603_S4" xml:id="PRint603_u_28"> and <pause dur="PT1S"/> at that time just a few peoples <pause/> sitting on seats so  </u>
            <u who="#PRint603_S1" xml:id="PRint603_u_29"> so there was<c type="lengthening"/> no real feed<seg n="3" type="overlap" xml:id="PRint603_ol_12">back </seg> i see <pause/></u>
            <u who="#PRint603_S4" xml:id="PRint603_u_30"><seg n="3" synch="#PRint603_ol_12" type="overlap" xml:id="PRint603_ol_13"> yeah </seg></u>
            <u who="#PRint603_S1" xml:id="PRint603_u_31"> and er is th- is this your first time in vienna<c function="rise" type="intonation"/></u>
            <u who="#PRint603_S4" xml:id="PRint603_u_32"> no </u>
            <u who="#PRint603_S1" xml:id="PRint603_u_33"> no<c function="rise" type="intonation"/></u>
            <u who="#PRint603_S4" xml:id="PRint603_u_34"> no it's third time </u>
            <u who="#PRint603_S1" xml:id="PRint603_u_35"> third time <anchor synch="#PRint603_oc_7" type="other_continuation" xml:id="PRint603_oc_6"/></u>
            <u who="#PRint603_S4" xml:id="PRint603_u_36"><anchor synch="#PRint603_oc_6" type="other_continuation" xml:id="PRint603_oc_7"/> yeah <anchor synch="#PRint603_oc_9" type="other_continuation" xml:id="PRint603_oc_8"/></u>
            <u who="#PRint603_S1" xml:id="PRint603_u_37"><anchor synch="#PRint603_oc_8" type="other_continuation" xml:id="PRint603_oc_9"/> mhm <pause/> and er were you here <pause/> in your holidays earlier on </u>
            <u who="#PRint603_S4" xml:id="PRint603_u_38"> yeah holiday  </u>
            <u who="#PRint603_S1" xml:id="PRint603_u_39"><shift corresp="#PRint603_s_4" feature="loud" new="p" xml:id="PRint603_s_3"/> holi<seg n="4" type="overlap" xml:id="PRint603_ol_14">day </seg><shift corresp="#PRint603_s_3" feature="loud" new="neutral" xml:id="PRint603_s_4"/></u>
            <u who="#PRint603_S4" xml:id="PRint603_u_40"><seg n="4" synch="#PRint603_ol_14" type="overlap" xml:id="PRint603_ol_15"> and </seg><supplied reason="unintelligible"> xx </supplied><unclear> trip </unclear> and <pause/> go to the opera and <seg n="5" type="overlap" xml:id="PRint603_ol_16"> something </seg><shift corresp="#PRint603_s_6" feature="loud" new="p" xml:id="PRint603_s_5"/> like that <shift corresp="#PRint603_s_5" feature="loud" new="neutral" xml:id="PRint603_s_6"/></u>
            <u who="#PRint603_S1" xml:id="PRint603_u_41"><seg n="5" synch="#PRint603_ol_16" type="overlap" xml:id="PRint603_ol_17"> all right </seg></u>
            <u who="#PRint603_S1" xml:id="PRint603_u_42"> do you like classical music<c function="rise" type="intonation"/><pause/></u>
            <u who="#PRint603_S4" xml:id="PRint603_u_43"> sorry<c function="rise" type="intonation"/></u>
            <u who="#PRint603_S1" xml:id="PRint603_u_44"> you like also cla<seg n="6" type="overlap" xml:id="PRint603_ol_18">ssical music </seg> okay <pause/></u>
            <u who="#PRint603_S4" xml:id="PRint603_u_45"><seg n="6" synch="#PRint603_ol_18" type="overlap" xml:id="PRint603_ol_19"> yeah yeah </seg></u>
            <u who="#PRint603_S4" xml:id="PRint603_u_46"><seg n="8" type="overlap" xml:id="PRint603_ol_20"> and </seg><pause/></u>
            <u who="#PRint603_S1" xml:id="PRint603_u_47"><seg n="8" synch="#PRint603_ol_20" type="overlap" xml:id="PRint603_ol_21"><shift corresp="#PRint603_s_8" feature="loud" new="p" xml:id="PRint603_s_7"/> thank <shift corresp="#PRint603_s_7" feature="loud" new="neutral" xml:id="PRint603_s_8"/></seg></u>
            <u who="#PRint603_S4" xml:id="PRint603_u_48"> i like <pause dur="PT1S"/> who's <unclear> he </unclear><pause dur="PT1S"/> ke- <pause dur="PT2S"/> ko- komit- <pause dur="PT1S"/><voice:pvc voice:ipa="ˈkrɪmpˌtən"><emph> krimpton </emph></voice:pvc><pause/></u>
            <u who="#PRint603_S1" xml:id="PRint603_u_49"><voice:pvc voice:ipa="ˈkrɪmpˌtən"> krimpton<c function="rise" type="intonation"/></voice:pvc><pause dur="PT1S"/></u>
            <u who="#PRint603_S4" xml:id="PRint603_u_50"> yeah <pause/></u>
            <u who="#PRint603_S1" xml:id="PRint603_u_51"> erm <pause/> what exactly do you mean by that<c function="rise" type="intonation"/><pause/></u>
            <u who="#PRint603_S4" xml:id="PRint603_u_52"> painter <pause dur="PT1S"/> painter <pause/> don't you know </u>
            <u who="#PRint603_S1" xml:id="PRint603_u_53"> ah painters </u>
            <u who="#PRint603_S4" xml:id="PRint603_u_54"> yeah  </u>
            <u who="#PRint603_S1" xml:id="PRint603_u_55"> a<c type="lengthening"/>h art you like art <pause dur="PT1S"/></u>
            <u who="#PRint603_S4" xml:id="PRint603_u_56"><unclear> no </unclear> i like it  </u>
            <u who="#PRint603_S1" xml:id="PRint603_u_57"> you <seg n="7" type="overlap" xml:id="PRint603_ol_22"> go </seg> also to the museum </u>
            <u who="#PRint603_S4" xml:id="PRint603_u_58"><seg n="7" synch="#PRint603_ol_22" type="overlap" xml:id="PRint603_ol_23"> so </seg></u>
            <u who="#PRint603_S4" xml:id="PRint603_u_59"> ye<c type="lengthening"/>ah </u>
            <u who="#PRint603_S1" xml:id="PRint603_u_60"> yes <pause/> and <unclear> do you think </unclear><voice:track medium="1" num="3" type="md"/> vienna is a good place for arts and for classical music </u>
            <u who="#PRint603_S4" xml:id="PRint603_u_61"> yes yes quite a good place  </u>
            <u who="#PRint603_S1" xml:id="PRint603_u_62"> okay </u>
            <u who="#PRint603_S4" xml:id="PRint603_u_63"><shift corresp="#PRint603_s_10" feature="loud" new="p" xml:id="PRint603_s_9"/> yeah <shift corresp="#PRint603_s_9" feature="loud" new="neutral" xml:id="PRint603_s_10"/></u>
            <u who="#PRint603_S1" xml:id="PRint603_u_64"> so enjoy your time in vienna <seg n="1" type="overlap" xml:id="PRint603_ol_24"> and thank you for your </seg> conversation<c function="fall" type="intonation"/> bye bye </u>
            <u who="#PRint603_S4" xml:id="PRint603_u_65"><seg n="1" synch="#PRint603_ol_24" type="overlap" xml:id="PRint603_ol_25"><shift corresp="#PRint603_s_12" feature="loud" new="p" xml:id="PRint603_s_11"/> yeah <unclear> all right </unclear><shift corresp="#PRint603_s_11" feature="loud" new="neutral" xml:id="PRint603_s_12"/></seg></u>
         </div>
      </body>
   </text>
</TEI>