<TEI xmlns="http://www.tei-c.org/ns/1.0" xmlns:voice="http://www.univie.ac.at/voice/ns/1.0" xmlns:xi="http://www.w3.org/2001/XInclude" version="5" xml:id="PRint33" xml:lang="eng">
   <teiHeader>
      <fileDesc>
         <titleStmt>
            <title>interview about the first impressions of the conference and the venue</title>
            <principal>Prof. Barbara Seidlhofer</principal>
            <editor/>
            <funder>Austrian Science Foundation (FWF)</funder>
            <sponsor/>
            <respStmt>
               <resp>Corpus Compilation</resp>
               <orgName>VOICE Project</orgName>
               <persName>Barbara Seidlhofer</persName>
               <persName>Angelika Breiteneder</persName>
               <persName>Marie-Luise Pitzl</persName>
               <persName>Stefan Majewski</persName>
               <persName>Theresa Klimpfinger</persName>
            </respStmt>
         </titleStmt>
         <editionStmt>
		<edition>Version 1.0 XML, <date>May 2011</date></edition>
	  <respStmt>
		<resp>Researchers</resp>
		<name>Barbara Seidlhofer</name> 		
		<name>Angelika Breiteneder</name> 
		<name>Theresa Klimpfinger</name> 
		<name>Stefan Majewski</name> 
		<name>Marie-Luise Pitzl</name> 
	  </respStmt>
	</editionStmt>
         <publicationStmt>
		<publisher>Barbara Seidlhofer, Stefan Majewski, Marie-Luise Pitzl</publisher> 
	  <distributor>VOICE Project, University of Vienna, Austria</distributor> 
	  <address>
		<addrLine>Spitalgasse 2, AAKH Hof 8</addrLine> 
		<addrLine>1090 Vienna</addrLine> 
		<addrLine>Austria</addrLine> 
		<addrLine>Telephone: +43 1 427742446</addrLine> 
	  	<addrLine>Email: voice@univie.ac.at</addrLine> 
		<addrLine>Website: http://www.univie.ac.at/voice</addrLine> 
	  </address>
	  <availability status="free">
	  	<p>
		  The Vienna-Oxford International Corpus of English (VOICE)
		  was created by Barbara Seidlhofer (project director) and
		  Angelika Breiteneder, Theresa Klimpfinger, Stefan Majewski,
		  Marie-Luise Pitzl (project researchers). VOICE 1.0 XML is
		  available for download at the VOICE Project's website <ref target="http://www.univie.ac.at/voice/">http://www.univie.ac.at/voice/</ref>
		  under a Creative Commons
		  Attribution-NonCommercial-ShareAlike 3.0 Unported (CC
		  BY-NC-SA 3.0) License (<ref target="http://creativecommons.org/licenses/by-nc-sa/3.0/">
		  http://creativecommons.org/licenses/by-nc-sa/3.0/
		  </ref>). The original audio files are held at the Department
		  of English, University of Vienna. 23 selected audio files
		  are available as audio streams in the VOICE Online interface
		  at the VOICE Project's website <ref target="http://www.univie.ac.at/voice">http://www.univie.ac.at/voice</ref>.
		</p>
		<p>
		The recommended citation for VOICE 1.0 XML is:
		</p>
		<p>
		<bibl><title>VOICE</title>. <date>2011</date>. <title level="m">The Vienna-Oxford International Corpus of
		English</title> (<edition>version 1.0
		XML</edition>). Director: Barbara Seidlhofer; Researchers:
		Angelika Breiteneder, Theresa Klimpfinger, Stefan Majewski,
		Marie-Luise Pitzl.</bibl>
		</p>
		<p>The short citation for VOICE 1.0 XML is:
		</p>
		<p>
		<bibl><title>VOICE</title>. <date>2011</date>. <title level="m">The Vienna-Oxford International Corpus of
		English</title> (<edition>version 1.0
		XML</edition>).</bibl></p>
		<p>
		  For further information about availability and copyright
		  permissions, please see the README file included in the
		  download package. For further enquiries please contact the
		  VOICE Project at <ref target="mailto:voice@univie.ac.at">voice@univie.ac.at</ref>.
		</p>
	  </availability>
	</publicationStmt>
         <notesStmt>
            <note xml:id="PRint33_wc">Words: 506</note>
            <note xml:id="PRint33_tn_0">This interview takes place during the lunch break of an international conference on object-related, real-time distributed computing. S1 asks one conference participant about his conference experience and his impression of Vienna. Being the interviewer, S1 is clearly guiding the conversations as she asks the questions and her interlocutor answers. There is quite a lot of background noise on the recording as the other participants are walking around to get their lunch from the buffet.  </note>
         </notesStmt>
         <sourceDesc>
            <recordingStmt>
               <recording dur="PT00H02M52S" type="audio">
                  <date>2004-05-12</date>
                  <equipment>
                     <p>Portable minidisc recorder with electret condenser stereo microphone</p>
                  </equipment>
                  <respStmt>
                     <resp>recording</resp>
                     <name>R9</name>
                  </respStmt>
               </recording>
            </recordingStmt>
         </sourceDesc>
      </fileDesc>
      <encodingDesc>
         <classDecl>
            <taxonomy>
               <category xml:id="PRint33_domain">
                  <catDesc>Domain</catDesc>
                  <category sameAs="#ED" xml:id="PRint33_ED">
                     <catDesc>educational</catDesc>
                  </category>
                  <category sameAs="#LE" xml:id="PRint33_LE">
                     <catDesc>leisure</catDesc>
                  </category>
                  <category sameAs="#PB" xml:id="PRint33_PB">
                     <catDesc>professional business</catDesc>
                  </category>
                  <category sameAs="#PO" xml:id="PRint33_PO">
                     <catDesc>professional organizational</catDesc>
                  </category>
                  <category sameAs="#PR" xml:id="PRint33_PR">
                     <catDesc>professional research/science</catDesc>
                  </category>
               </category>
               <category xml:id="PRint33_spet">
                  <catDesc>Speech Event Type</catDesc>
                  <category sameAs="#int" xml:id="PRint33_int">
                     <catDesc>interview</catDesc>
                  </category>
                  <category sameAs="#prc" xml:id="PRint33_prc">
                     <catDesc>press conference</catDesc>
                  </category>
                  <category sameAs="#sve" xml:id="PRint33_sve">
                     <catDesc>service encounter</catDesc>
                  </category>
                  <category sameAs="#sed" xml:id="PRint33_sed">
                     <catDesc>seminar discussion</catDesc>
                  </category>
                  <category sameAs="#wgd" xml:id="PRint33_wgd">
                     <catDesc>working group discussion</catDesc>
                  </category>
                  <category sameAs="#wsd" xml:id="PRint33_wsd">
                     <catDesc>workshop discussion</catDesc>
                  </category>
                  <category sameAs="#mtg" xml:id="PRint33_mtg">
                     <catDesc>meeting</catDesc>
                  </category>
                  <category sameAs="#pan" xml:id="PRint33_pan">
                     <catDesc>panel</catDesc>
                  </category>
                  <category sameAs="#qas" xml:id="PRint33_qas">
                     <catDesc>question-answer session</catDesc>
                  </category>
                  <category sameAs="#con" xml:id="PRint33_con">
                     <catDesc>conversation</catDesc>
                  </category>
               </category>
            </taxonomy>
         </classDecl>
         <tagsDecl><namespace name="http://www.tei-c.org/ns/1.0">
      <tagUsage gi="TEI" occurs="1"/>
      <tagUsage gi="teiHeader" occurs="1"/>
      <tagUsage gi="fileDesc" occurs="1"/>
      <tagUsage gi="titleStmt" occurs="1"/>
      <tagUsage gi="title" occurs="5"/>
      <tagUsage gi="principal" occurs="1"/>
      <tagUsage gi="editor" occurs="1"/>
      <tagUsage gi="funder" occurs="1"/>
      <tagUsage gi="sponsor" occurs="1"/>
      <tagUsage gi="respStmt" occurs="3"/>
      <tagUsage gi="resp" occurs="3"/>
      <tagUsage gi="orgName" occurs="1"/>
      <tagUsage gi="persName" occurs="5"/>
      <tagUsage gi="editionStmt" occurs="1"/>
      <tagUsage gi="edition" occurs="3"/>
      <tagUsage gi="date" occurs="4"/>
      <tagUsage gi="name" occurs="8"/>
      <tagUsage gi="publicationStmt" occurs="1"/>
      <tagUsage gi="publisher" occurs="1"/>
      <tagUsage gi="distributor" occurs="1"/>
      <tagUsage gi="address" occurs="1"/>
      <tagUsage gi="addrLine" occurs="6"/>
      <tagUsage gi="availability" occurs="1"/>
      <tagUsage gi="p" occurs="7"/>
      <tagUsage gi="ref" occurs="5"/>
      <tagUsage gi="bibl" occurs="2"/>
      <tagUsage gi="notesStmt" occurs="1"/>
      <tagUsage gi="note" occurs="2"/>
      <tagUsage gi="sourceDesc" occurs="1"/>
      <tagUsage gi="recordingStmt" occurs="1"/>
      <tagUsage gi="recording" occurs="1"/>
      <tagUsage gi="equipment" occurs="1"/>
      <tagUsage gi="encodingDesc" occurs="1"/>
      <tagUsage gi="classDecl" occurs="1"/>
      <tagUsage gi="taxonomy" occurs="1"/>
      <tagUsage gi="category" occurs="17"/>
      <tagUsage gi="catDesc" occurs="17"/>
      <tagUsage gi="tagsDecl" occurs="1"/>
      <tagUsage gi="namespace" occurs="2"/>
      <tagUsage gi="tagUsage" occurs="78"/>
      <tagUsage gi="gi" occurs="5"/>
      <tagUsage gi="att" occurs="10"/>
      <tagUsage gi="list" occurs="10"/>
      <tagUsage gi="label" occurs="17"/>
      <tagUsage gi="val" occurs="38"/>
      <tagUsage gi="item" occurs="37"/>
      <tagUsage gi="profileDesc" occurs="1"/>
      <tagUsage gi="textClass" occurs="1"/>
      <tagUsage gi="catRef" occurs="2"/>
      <tagUsage gi="settingDesc" occurs="1"/>
      <tagUsage gi="setting" occurs="1"/>
      <tagUsage gi="locale" occurs="1"/>
      <tagUsage gi="activity" occurs="1"/>
      <tagUsage gi="particDesc" occurs="1"/>
      <tagUsage gi="listPerson" occurs="3"/>
      <tagUsage gi="personGrp" occurs="2"/>
      <tagUsage gi="person" occurs="2"/>
      <tagUsage gi="age" occurs="2"/>
      <tagUsage gi="sex" occurs="2"/>
      <tagUsage gi="occupation" occurs="2"/>
      <tagUsage gi="langKnowledge" occurs="2"/>
      <tagUsage gi="langKnown" occurs="2"/>
      <tagUsage gi="relationGrp" occurs="1"/>
      <tagUsage gi="relation" occurs="2"/>
      <tagUsage gi="revisionDesc" occurs="1"/>
      <tagUsage gi="change" occurs="5"/>
      <tagUsage gi="text" occurs="1"/>
      <tagUsage gi="body" occurs="1"/>
      <tagUsage gi="div" occurs="1"/>
      <tagUsage gi="u" occurs="76">Used to mark a stretch of speech commonly
		preceded and followed by a pause or by a change of speaker. A
		<gi>u</gi> is, however, not required to be bounded by a pause or
		a change of speaker, nor does it represent a turn in a
		conversation analytic sense. At a minimum, a <gi>u</gi> is some
		phonetic production or noise made by a given speaker or a group of speakers.</tagUsage>
      <tagUsage gi="c" occurs="44">Used to mark lengthening of sounds and
		intonation (fall, rise). The following <att>type</att>
		attributes are used to mark:
		<list>
		  <label><val>lengthening</val></label><item>lengthened
		  sounds</item>
		  <label><val>intonation</val></label><item>a significant change in
		  intonation, marked with the following <att>function</att>
		  attribute for:
		  <list>
			<label><val>fall</val></label><item>falling
			intonation</item>
			<label><val>rise</val></label><item>rising intonation</item>
		  </list>
		</item>
		</list>
		Intonation may or may not coincide with
		syntactic boundaries.
		</tagUsage>
      <tagUsage gi="pause" occurs="43">Used to mark a pause either between or
		within utterances. Used without <att>dur</att> attribute to
		indicate a brief pause up to half a second.
		</tagUsage>
      <tagUsage gi="seg" occurs="30">Used with different <att>type</att> attributes to mark:
		<list>
		  <label><att>type</att><val>overlap</val></label>
		  <item>overlaps</item>
		  <label><att>type</att><val>onomatopoeia</val></label>
		  <item>onomatopoeic sounds</item>
		  <label><att>type</att><val>ipa</val></label>
		  <item>transcriptions in the international phonetic alphabet</item>
		</list>
		</tagUsage>
      <tagUsage gi="shift" occurs="34">Used to mark the point at which some
		paralinguistic feature changes. The following attribute values
		are used to mark:
		<list>
          <label>
            <val>voice</val>
          </label>
          <item>voice quality
          <list>
            <item><val>imitating</val></item>
            <item><val>laugh</val></item>
            <item><val>neutral</val></item>
            <item><val>phone</val></item>
            <item><val>reading</val></item>
            <item><val>reading_aloud</val></item>
            <item><val>sigh</val></item>
            <item><val>singing</val></item>
            <item><val>whisp</val></item>
            <item><val>yawning</val></item>
          </list>
          </item>
          <label>
          <val>tempo</val></label>
          <item>speed of utterance
            <list>
              <label><val>a</val></label>
              <item>accelerando</item>
              <label><val>l</val></label>
              <item>lento</item>
              <label><val>neutral</val></label>
              <item>neutral</item>
            </list>
          </item>
          <label>
          <val>loud</val></label>
          <item>loudness
            <list>
              <item><val>f</val></item>
              <item><val>neutral</val></item>
              <item><val>p</val></item>
            </list>
          </item>
		  </list>
		</tagUsage>
      <tagUsage gi="anchor" occurs="20">Used to mark other-continuation,
		i.e. whenever a speaker continues another speaker's <gi>u</gi>
		without a pause. Other-continuation is to be interpreted
		temporally and does not relate to form or content of the
		speakers' utterances.</tagUsage>
      <tagUsage gi="vocal" occurs="6">Used to mark laughter and other speaker
		noises and non-verbal feedback.
        <list>
          <label>
            <val>speaker_noise</val>
          </label>
          <item>
            <list>
              <item>
                <val>coughing</val>
              </item>
              <item>
                <val>nods</val>
              </item>
              <item>
                <val>shakes head</val>
              </item>
              <item>
                <val>smacks lips</val>
              </item>
              <item>
                <val>sniffs</val>
              </item>
              <item>
                <val>swallows</val>
              </item>
              <item>
                <val>whistles</val>
              </item>
            </list>
          </item>
          <label>
            <val>wordlike</val>
          </label>
          <item>
            <val>laughing</val>
          </item>
        </list>
        </tagUsage>
      <tagUsage gi="supplied" occurs="5">Used to mark text supplied by the
		transcriber because the original is unintelligible or needed to
		be anonymized. The <att>reason</att> attribute is used to mark:
		<list>
		  <label><val>unintelligible</val></label><item>unintelligible
		  speech</item>
		  <label><val>anonymization</val></label><item>anonymized
		  speech</item>
		</list>
		</tagUsage>
      <tagUsage gi="unclear" occurs="6">Used to mark speech which cannot be
		transcribed with certainty, because it is difficult to hear or
		understand for the transcriber.</tagUsage>
      <tagUsage gi="emph" occurs="7">Used to mark speech which is stressed or
		emphasized in a way that goes beyond regular nuclear
		stress.</tagUsage></namespace><namespace name="http://www.univie.ac.at/voice/ns/1.0">
      <tagUsage gi="voice:track" occurs="1">Used to mark the beginning of a new
		audio track used in transcription (usually three minutes in length) and thus refers to the audio recording
		of the transcribed speech event.
		</tagUsage>
      <tagUsage gi="voice:pvc" occurs="1">Used to mark a pronunciation variation
		or coinage as described in <ref target="http://www.univie.ac.at/voice/documents/VOICE_mark-up_conventions_v2-1.pdf">the
			VOICE mark-up conventions [2.1].</ref>the
			VOICE mark-up conventions [2.1]. An existing word corresponding to the PVC may be provided within a <att>comment</att>comment attribute within the <gi>voice:pvc</gi>voice:pvc element. Additional phonetic
			transcription may be provided within a <att>voice:ipa</att>voice:ipa attribute
			within the <gi>voice:pvc</gi>voice:pvc element.</tagUsage></namespace></tagsDecl>
      </encodingDesc>
      <profileDesc>
         <textClass>
            <catRef target="#PRint33_PR #PRint33_int"/>
            <catRef target="#PR #int"/>
         </textClass>
         <settingDesc>
            <setting>
               <name type="country">AT</name>
               <name type="city">Vienna</name>
               <locale>cafeteria at university</locale>
               <activity>none</activity>
            </setting>
         </settingDesc>
         <particDesc>
            <listPerson type="main">
               <listPerson type="groups">
                  <personGrp role="speakers" size="2"/>
                  <personGrp role="interactants" size="2"/>
               </listPerson>
               <listPerson type="identified">
                  <person role="interviewer" sameAs="#P52" xml:id="PRint33_S1">
                     <age value="1">17-24</age>
                     <sex value="2">female</sex>
                     <occupation>student</occupation>
                     <langKnowledge>
                        <langKnown level="L1" tag="ger-IT"/>
                     </langKnowledge>
                  </person>
                  <person role="interviewee" sameAs="#P231" xml:id="PRint33_S2">
                     <age value="3">35-49</age>
                     <sex value="1">male</sex>
                     <occupation>scientist</occupation>
                     <langKnowledge>
                        <langKnown level="L1" tag="kor"/>
                     </langKnowledge>
                  </person>
               </listPerson>
               <relationGrp>
                  <relation mutual="#PRint33_S1 #PRint33_S2" name="fairly_symmetrical" type="power"/>
                  <relation mutual="#PRint33_S1 #PRint33_S2" name="unacquainted" type="acquaintedness"/>
               </relationGrp>
            </listPerson>
         </particDesc>
      </profileDesc>
      <revisionDesc>
         <change when="2009-05-19" who="SM">conversion to XML</change>
         <change when="2009-05-11" who="AB">finalized for publication</change>
         <change when="2009-02-05" who="TK">proof-reading</change>
         <change when="2007-01-17" who="AB">checking</change>
         <change when="2006-03-24" who="JH">transcription</change>
      </revisionDesc>
   </teiHeader>
   <text>
      <body>
         <div type="medium" voice:end="02:52" voice:end_medium_number="1" voice:end_track="1" voice:medium_type="md" voice:start="00:00" voice:start_medium_number="1" voice:start_track="1">
            <u who="#PRint33_S1" xml:id="PRint33_u_1"><voice:track medium="1" num="1" type="md"/> excuse me<c function="rise" type="intonation"/><pause/><seg n="1" type="overlap" xml:id="PRint33_ol_0"> er hel</seg>lo i'm from vienna university and we are working on a project on <voice:pvc> intercultural </voice:pvc> communication<c function="fall" type="intonation"/></u>
            <u who="#PRint33_S2" xml:id="PRint33_u_2"><seg n="1" synch="#PRint33_ol_0" type="overlap" xml:id="PRint33_ol_1"> yah </seg></u>
            <u who="#PRint33_S2" xml:id="PRint33_u_3"><shift corresp="#PRint33_s_2" feature="loud" new="p" xml:id="PRint33_s_1"/> yeah <shift corresp="#PRint33_s_1" feature="loud" new="neutral" xml:id="PRint33_s_2"/><anchor synch="#PRint33_oc_1" type="other_continuation" xml:id="PRint33_oc_0"/></u>
            <u who="#PRint33_S1" xml:id="PRint33_u_4"><anchor synch="#PRint33_oc_0" type="other_continuation" xml:id="PRint33_oc_1"/> and we are here to collect data from<c type="lengthening"/> speakers of different mother tongues<c function="fall" type="intonation"/><pause/> so i was wondering if you have very short <pause/> er amount of time for me  if i could talk to you a little bit where you are from and what are you doing here<c function="rise" type="intonation"/><pause dur="PT2S"/></u>
            <u who="#PRint33_S2" xml:id="PRint33_u_5"> why i'm doing here<c function="rise" type="intonation"/></u>
            <u who="#PRint33_S1" xml:id="PRint33_u_6"> yes where are you from and and erm <shift corresp="#PRint33_s_4" feature="loud" new="p" xml:id="PRint33_s_3"/><vocal type="speaker_noise" voice:desc="smacks lips"/><shift corresp="#PRint33_s_3" feature="loud" new="neutral" xml:id="PRint33_s_4"/> are you giving a presentation at this meeting or why are you here what are you doing at this meeting<c function="fall" type="intonation"/><pause/></u>
            <u who="#PRint33_S2" xml:id="PRint33_u_7"> e<c type="lengthening"/>r i'm from kom- korea<c function="rise" type="intonation"/> a<c type="lengthening"/><seg n="2" type="overlap" xml:id="PRint33_ol_2">nd i </seg> presenting about  e<c type="lengthening"/>r <pause/></u>
            <u who="#PRint33_S1" xml:id="PRint33_u_8"><seg n="2" synch="#PRint33_ol_2" type="overlap" xml:id="PRint33_ol_3"> yes </seg></u>
            <u who="#PRint33_S2" xml:id="PRint33_u_9"> th- <pause/> the title and the papers <pause/></u>
            <u who="#PRint33_S1" xml:id="PRint33_u_10"> mhm <anchor synch="#PRint33_oc_3" type="other_continuation" xml:id="PRint33_oc_2"/></u>
            <u who="#PRint33_S2" xml:id="PRint33_u_11"><anchor synch="#PRint33_oc_2" type="other_continuation" xml:id="PRint33_oc_3"/> i<c type="lengthening"/>s on the <supplied reason="unintelligible"> xxx </supplied> architecture <pause/></u>
            <u who="#PRint33_S1" xml:id="PRint33_u_12"> architecture  </u>
            <u who="#PRint33_S2" xml:id="PRint33_u_13"> yeah <anchor synch="#PRint33_oc_5" type="other_continuation" xml:id="PRint33_oc_4"/></u>
            <u who="#PRint33_S1" xml:id="PRint33_u_14"><anchor synch="#PRint33_oc_4" type="other_continuation" xml:id="PRint33_oc_5"/> ye<c type="lengthening"/>s okay </u>
            <u who="#PRint33_S2" xml:id="PRint33_u_15"> so<c type="lengthening"/><pause/> i just come  here i want e<c type="lengthening"/>r <pause dur="PT1S"/> to show my ideal<c function="fall" type="intonation"/><seg n="3" type="overlap" xml:id="PRint33_ol_4"> and er </seg> we have our <supplied reason="unintelligible"> xxxxx </supplied> environment <pause/></u>
            <u who="#PRint33_S1" xml:id="PRint33_u_16"><seg n="3" synch="#PRint33_ol_4" type="overlap" xml:id="PRint33_ol_5"><shift corresp="#PRint33_s_6" feature="loud" new="p" xml:id="PRint33_s_5"/> mhm <shift corresp="#PRint33_s_5" feature="loud" new="neutral" xml:id="PRint33_s_6"/></seg></u>
            <u who="#PRint33_S2" xml:id="PRint33_u_17"> and we<c type="lengthening"/> will use our small device<c function="fall" type="intonation"/> er we just our <pause/> a test <unclear> part </unclear> architecture <pause/> so i<c type="lengthening"/><pause/> redesigned our architecture fo<c type="lengthening"/>r small device </u>
            <u who="#PRint33_S1" xml:id="PRint33_u_18"> okay you design it <anchor synch="#PRint33_oc_7" type="other_continuation" xml:id="PRint33_oc_6"/></u>
            <u who="#PRint33_S2" xml:id="PRint33_u_19"><anchor synch="#PRint33_oc_6" type="other_continuation" xml:id="PRint33_oc_7"/> yeah </u>
            <u who="#PRint33_S1" xml:id="PRint33_u_20"> mhm<c function="fall" type="intonation"/> and when was your presentation<c function="rise" type="intonation"/> or<c function="rise" type="intonation"/></u>
            <u who="#PRint33_S2" xml:id="PRint33_u_21"> yesterday </u>
            <u who="#PRint33_S1" xml:id="PRint33_u_22"><emph> ye</emph>sterday </u>
            <u who="#PRint33_S2" xml:id="PRint33_u_23"> yeah <anchor synch="#PRint33_oc_9" type="other_continuation" xml:id="PRint33_oc_8"/></u>
            <u who="#PRint33_S1" xml:id="PRint33_u_24"><anchor synch="#PRint33_oc_8" type="other_continuation" xml:id="PRint33_oc_9"/> and it went well<c function="rise" type="intonation"/><pause/></u>
            <u who="#PRint33_S2" xml:id="PRint33_u_25"><supplied reason="unintelligible"> xx </supplied><pause/><shift corresp="#PRint33_s_8" feature="voice" new="laugh" xml:id="PRint33_s_7"/> i think yes <shift corresp="#PRint33_s_7" feature="voice" new="neutral" xml:id="PRint33_s_8"/></u>
            <u who="#PRint33_S1" xml:id="PRint33_u_26"><shift corresp="#PRint33_s_10" feature="loud" new="p" xml:id="PRint33_s_9"/> yes and <shift corresp="#PRint33_s_9" feature="loud" new="neutral" xml:id="PRint33_s_10"/> were there also a discussion about your topic about your presentation or erm did you get any feedback already<c function="rise" type="intonation"/><pause/></u>
            <u who="#PRint33_S2" xml:id="PRint33_u_27"> no<c function="fall" type="intonation"/></u>
            <u who="#PRint33_S1" xml:id="PRint33_u_28"> not yet </u>
            <u who="#PRint33_S2" xml:id="PRint33_u_29"> yeah <pause/></u>
            <u who="#PRint33_S1" xml:id="PRint33_u_30"><shift corresp="#PRint33_s_12" feature="loud" new="p" xml:id="PRint33_s_11"/> but erm <shift corresp="#PRint33_s_11" feature="loud" new="neutral" xml:id="PRint33_s_12"/> do you think it's e<c type="lengthening"/>r it's er it's a good place to meet here in vienna for <pause/> different scientists <pause dur="PT1S"/></u>
            <u who="#PRint33_S2" xml:id="PRint33_u_31"> i think <shift corresp="#PRint33_s_14" feature="tempo" new="l" xml:id="PRint33_s_13"/> i don't kno<c type="lengthening"/>w <shift corresp="#PRint33_s_13" feature="tempo" new="neutral" xml:id="PRint33_s_14"/><pause/> er it's quite good place but <pause dur="PT1S"/> it's <supplied reason="unintelligible"> xx </supplied> problem is <shift corresp="#PRint33_s_16" feature="voice" new="laugh" xml:id="PRint33_s_15"/><supplied reason="unintelligible"> x </supplied><shift corresp="#PRint33_s_15" feature="voice" new="neutral" xml:id="PRint33_s_16"/> language </u>
            <u who="#PRint33_S1" xml:id="PRint33_u_32"> the lang<seg n="4" type="overlap" xml:id="PRint33_ol_6">uage </seg></u>
            <u who="#PRint33_S2" xml:id="PRint33_u_33"><seg n="4" synch="#PRint33_ol_6" type="overlap" xml:id="PRint33_ol_7"> yeah </seg> yeah  </u>
            <u who="#PRint33_S1" xml:id="PRint33_u_34"> but er i th- i think most people speak english and <anchor synch="#PRint33_oc_11" type="other_continuation" xml:id="PRint33_oc_10"/></u>
            <u who="#PRint33_S2" xml:id="PRint33_u_35"><anchor synch="#PRint33_oc_10" type="other_continuation" xml:id="PRint33_oc_11"/> yeah </u>
            <u who="#PRint33_S1" xml:id="PRint33_u_36"> so<c type="lengthening"/> it is not a big problem because you also <seg n="5" type="overlap" xml:id="PRint33_ol_8"> speak english </seg></u>
            <u who="#PRint33_S2" xml:id="PRint33_u_37"><seg n="5" synch="#PRint33_ol_8" type="overlap" xml:id="PRint33_ol_9"> yeah that in<c type="lengthening"/></seg><pause/> in conference er is okay but it's <emph> out</emph><seg n="6" type="overlap" xml:id="PRint33_ol_10">side <unclear> always </unclear></seg></u>
            <u who="#PRint33_S1" xml:id="PRint33_u_38"><seg n="6" synch="#PRint33_ol_10" type="overlap" xml:id="PRint33_ol_11"> outside </seg><shift corresp="#PRint33_s_18" feature="loud" new="p" xml:id="PRint33_s_17"/> all right <shift corresp="#PRint33_s_17" feature="loud" new="neutral" xml:id="PRint33_s_18"/></u>
            <u who="#PRint33_S2" xml:id="PRint33_u_39"> i can't read any sign in a <unclear> meeting </unclear><anchor synch="#PRint33_oc_13" type="other_continuation" xml:id="PRint33_oc_12"/></u>
            <u who="#PRint33_S1" xml:id="PRint33_u_40"><anchor synch="#PRint33_oc_12" type="other_continuation" xml:id="PRint33_oc_13"/> ye<c type="lengthening"/>s that's a problem  </u>
            <u who="#PRint33_S2" xml:id="PRint33_u_41"> m<seg n="8" type="overlap" xml:id="PRint33_ol_12">hm </seg><pause/></u>
            <u who="#PRint33_S1" xml:id="PRint33_u_42"><seg n="8" synch="#PRint33_ol_12" type="overlap" xml:id="PRint33_ol_13"> mhm </seg></u>
            <u who="#PRint33_S2" xml:id="PRint33_u_43"> so <pause/><seg n="7" type="overlap" xml:id="PRint33_ol_14"> how about </seg></u>
            <u who="#PRint33_S1" xml:id="PRint33_u_44"><seg n="7" synch="#PRint33_ol_14" type="overlap" xml:id="PRint33_ol_15"> but when </seg> you speak to people to viennese people for example to go to a shop or if you<c type="lengthening"/> talk to somebody on the street do you think that erm the<c type="lengthening"/>y <pause/> they are cooperative and the<c type="lengthening"/>y er <pause/> they <emph> can </emph> speak english and <seg n="1" type="overlap" xml:id="PRint33_ol_16"> they are able </seg> to help you  </u>
            <u who="#PRint33_S2" xml:id="PRint33_u_45"><seg n="1" synch="#PRint33_ol_16" type="overlap" xml:id="PRint33_ol_17"> erm yeah </seg></u>
            <u who="#PRint33_S2" xml:id="PRint33_u_46"> yeah they can <seg n="3" type="overlap" xml:id="PRint33_ol_18"> speak </seg> english well  </u>
            <u who="#PRint33_S1" xml:id="PRint33_u_47"><seg n="3" synch="#PRint33_ol_18" type="overlap" xml:id="PRint33_ol_19"> yes </seg></u>
            <u who="#PRint33_S1" xml:id="PRint33_u_48"> okay<c function="fall" type="intonation"/><pause/> and is this your first time in vienna<c function="rise" type="intonation"/></u>
            <u who="#PRint33_S2" xml:id="PRint33_u_49"> ye<c type="lengthening"/>ah <pause/> it's first time  </u>
            <u who="#PRint33_S1" xml:id="PRint33_u_50"> and you like it<c function="rise" type="intonation"/><pause/></u>
            <u who="#PRint33_S2" xml:id="PRint33_u_51"> ye<c type="lengthening"/>ah i like it <pause/><shift corresp="#PRint33_s_20" feature="loud" new="p" xml:id="PRint33_s_19"/> i like it <shift corresp="#PRint33_s_19" feature="loud" new="neutral" xml:id="PRint33_s_20"/> it's quite a beautiful place  </u>
            <u who="#PRint33_S1" xml:id="PRint33_u_52"> mhm <anchor synch="#PRint33_oc_15" type="other_continuation" xml:id="PRint33_oc_14"/></u>
            <u who="#PRint33_S2" xml:id="PRint33_u_53"><anchor synch="#PRint33_oc_14" type="other_continuation" xml:id="PRint33_oc_15"/> a<c type="lengthening"/>nd er <pause dur="PT1S"/><vocal type="speaker_noise" voice:desc="smacks lips"/><shift corresp="#PRint33_s_22" feature="tempo" new="l" xml:id="PRint33_s_21"/> i think it's <shift corresp="#PRint33_s_21" feature="tempo" new="neutral" xml:id="PRint33_s_22"/> quite <emph> small </emph><pause/></u>
            <u who="#PRint33_S1" xml:id="PRint33_u_54"> it's <emph> small </emph><anchor synch="#PRint33_oc_17" type="other_continuation" xml:id="PRint33_oc_16"/></u>
            <u who="#PRint33_S2" xml:id="PRint33_u_55"><anchor synch="#PRint33_oc_16" type="other_continuation" xml:id="PRint33_oc_17"/> ye<c type="lengthening"/>ah <pause/> have you been to london <seg n="4" type="overlap" xml:id="PRint33_ol_20"> o<c type="lengthening"/>r </seg><emph> paris </emph><pause/></u>
            <u who="#PRint33_S1" xml:id="PRint33_u_56"><seg n="4" synch="#PRint33_ol_20" type="overlap" xml:id="PRint33_ol_21"><shift corresp="#PRint33_s_24" feature="loud" new="p" xml:id="PRint33_s_23"/> yes <shift corresp="#PRint33_s_23" feature="loud" new="neutral" xml:id="PRint33_s_24"/></seg></u>
            <u who="#PRint33_S2" xml:id="PRint33_u_57"><unclear> cos </unclear><unclear> there </unclear> are big <pause/> city </u>
            <u who="#PRint33_S1" xml:id="PRint33_u_58"> yes <pause/></u>
            <u who="#PRint33_S2" xml:id="PRint33_u_59"><unclear> er </unclear> is<c type="lengthening"/> quite small </u>
            <u who="#PRint33_S1" xml:id="PRint33_u_60"> and <seg n="8" type="overlap" xml:id="PRint33_ol_22"> they </seg> also say that vienna is like a<c type="lengthening"/> a big <emph> vi</emph>llage  </u>
            <u who="#PRint33_S2" xml:id="PRint33_u_61"><seg n="8" synch="#PRint33_ol_22" type="overlap" xml:id="PRint33_ol_23"> but </seg></u>
            <u who="#PRint33_S2" xml:id="PRint33_u_62"><shift corresp="#PRint33_s_26" feature="voice" new="laugh" xml:id="PRint33_s_25"/> yeah <shift corresp="#PRint33_s_25" feature="voice" new="neutral" xml:id="PRint33_s_26"/><seg n="5" type="overlap" xml:id="PRint33_ol_24"><vocal subtype="wordstart" type="wordlike" voice:desc="laughing" voice:syl="1"/></seg></u>
            <u who="#PRint33_S1" xml:id="PRint33_u_63"><seg n="5" synch="#PRint33_ol_24" type="overlap" xml:id="PRint33_ol_25"> it's </seg> more like a village  </u>
            <u who="#PRint33_S2" xml:id="PRint33_u_64"><shift corresp="#PRint33_s_28" feature="voice" new="laugh" xml:id="PRint33_s_27"/> yeah <shift corresp="#PRint33_s_27" feature="voice" new="neutral" xml:id="PRint33_s_28"/></u>
            <u who="#PRint33_S1" xml:id="PRint33_u_65"> yes </u>
            <u who="#PRint33_S2" xml:id="PRint33_u_66"><vocal subtype="wordstart" type="wordlike" voice:desc="laughing" voice:syl="1"/><pause/><shift corresp="#PRint33_s_30" feature="loud" new="p" xml:id="PRint33_s_29"/>  yeah <shift corresp="#PRint33_s_29" feature="loud" new="neutral" xml:id="PRint33_s_30"/></u>
            <u who="#PRint33_S1" xml:id="PRint33_u_67"> and what do you prefer like vienna or erm <pause/> london </u>
            <u who="#PRint33_S2" xml:id="PRint33_u_68"> i think is vienna is better <pause/></u>
            <u who="#PRint33_S1" xml:id="PRint33_u_69"><shift corresp="#PRint33_s_32" feature="loud" new="p" xml:id="PRint33_s_31"/> it's <shift corresp="#PRint33_s_31" feature="loud" new="neutral" xml:id="PRint33_s_32"/></u>
            <u who="#PRint33_S2" xml:id="PRint33_u_70"> yeah <anchor synch="#PRint33_oc_19" type="other_continuation" xml:id="PRint33_oc_18"/></u>
            <u who="#PRint33_S1" xml:id="PRint33_u_71"><anchor synch="#PRint33_oc_18" type="other_continuation" xml:id="PRint33_oc_19"/> better to live </u>
            <u who="#PRint33_S2" xml:id="PRint33_u_72"> yeah <pause/><seg n="9" type="overlap" xml:id="PRint33_ol_26"> okay </seg><pause/></u>
            <u who="#PRint33_S1" xml:id="PRint33_u_73"><seg n="9" synch="#PRint33_ol_26" type="overlap" xml:id="PRint33_ol_27"> okay </seg></u>
            <u who="#PRint33_S1" xml:id="PRint33_u_74"> hh thank you for your conversation <vocal subtype="wordstart" type="wordlike" voice:desc="laughing" voice:syl="1"/></u>
            <u who="#PRint33_S2" xml:id="PRint33_u_75"><vocal subtype="wordstart" type="wordlike" voice:desc="laughing" voice:syl="1"/><seg n="6" type="overlap" xml:id="PRint33_ol_28">  thank you </seg></u>
            <u who="#PRint33_S1" xml:id="PRint33_u_76"><seg n="6" synch="#PRint33_ol_28" type="overlap" xml:id="PRint33_ol_29"><shift corresp="#PRint33_s_34" feature="loud" new="p" xml:id="PRint33_s_33"/> bye <shift corresp="#PRint33_s_33" feature="loud" new="neutral" xml:id="PRint33_s_34"/></seg></u>
         </div>
      </body>
   </text>
</TEI>