<TEI xmlns="http://www.tei-c.org/ns/1.0" xmlns:voice="http://www.univie.ac.at/voice/ns/1.0" xmlns:xi="http://www.w3.org/2001/XInclude" version="5" xml:id="PRqas409" xml:lang="eng">
   <teiHeader>
      <fileDesc>
         <titleStmt>
            <title>question-answer session on Maastricht criteria and European Monetary Union</title>
            <principal>Prof. Barbara Seidlhofer</principal>
            <editor/>
            <funder>Austrian Science Foundation (FWF)</funder>
            <sponsor/>
            <respStmt>
               <resp>Corpus Compilation</resp>
               <orgName>VOICE Project</orgName>
               <persName>Barbara Seidlhofer</persName>
               <persName>Angelika Breiteneder</persName>
               <persName>Marie-Luise Pitzl</persName>
               <persName>Stefan Majewski</persName>
               <persName>Theresa Klimpfinger</persName>
            </respStmt>
         </titleStmt>
         <editionStmt>
		<edition>Version 1.0 XML, <date>May 2011</date></edition>
	  <respStmt>
		<resp>Researchers</resp>
		<name>Barbara Seidlhofer</name> 		
		<name>Angelika Breiteneder</name> 
		<name>Theresa Klimpfinger</name> 
		<name>Stefan Majewski</name> 
		<name>Marie-Luise Pitzl</name> 
	  </respStmt>
	</editionStmt>
         <publicationStmt>
		<publisher>Barbara Seidlhofer, Stefan Majewski, Marie-Luise Pitzl</publisher> 
	  <distributor>VOICE Project, University of Vienna, Austria</distributor> 
	  <address>
		<addrLine>Spitalgasse 2, AAKH Hof 8</addrLine> 
		<addrLine>1090 Vienna</addrLine> 
		<addrLine>Austria</addrLine> 
		<addrLine>Telephone: +43 1 427742446</addrLine> 
	  	<addrLine>Email: voice@univie.ac.at</addrLine> 
		<addrLine>Website: http://www.univie.ac.at/voice</addrLine> 
	  </address>
	  <availability status="free">
	  	<p>
		  The Vienna-Oxford International Corpus of English (VOICE)
		  was created by Barbara Seidlhofer (project director) and
		  Angelika Breiteneder, Theresa Klimpfinger, Stefan Majewski,
		  Marie-Luise Pitzl (project researchers). VOICE 1.0 XML is
		  available for download at the VOICE Project's website <ref target="http://www.univie.ac.at/voice/">http://www.univie.ac.at/voice/</ref>
		  under a Creative Commons
		  Attribution-NonCommercial-ShareAlike 3.0 Unported (CC
		  BY-NC-SA 3.0) License (<ref target="http://creativecommons.org/licenses/by-nc-sa/3.0/">
		  http://creativecommons.org/licenses/by-nc-sa/3.0/
		  </ref>). The original audio files are held at the Department
		  of English, University of Vienna. 23 selected audio files
		  are available as audio streams in the VOICE Online interface
		  at the VOICE Project's website <ref target="http://www.univie.ac.at/voice">http://www.univie.ac.at/voice</ref>.
		</p>
		<p>
		The recommended citation for VOICE 1.0 XML is:
		</p>
		<p>
		<bibl><title>VOICE</title>. <date>2011</date>. <title level="m">The Vienna-Oxford International Corpus of
		English</title> (<edition>version 1.0
		XML</edition>). Director: Barbara Seidlhofer; Researchers:
		Angelika Breiteneder, Theresa Klimpfinger, Stefan Majewski,
		Marie-Luise Pitzl.</bibl>
		</p>
		<p>The short citation for VOICE 1.0 XML is:
		</p>
		<p>
		<bibl><title>VOICE</title>. <date>2011</date>. <title level="m">The Vienna-Oxford International Corpus of
		English</title> (<edition>version 1.0
		XML</edition>).</bibl></p>
		<p>
		  For further information about availability and copyright
		  permissions, please see the README file included in the
		  download package. For further enquiries please contact the
		  VOICE Project at <ref target="mailto:voice@univie.ac.at">voice@univie.ac.at</ref>.
		</p>
	  </availability>
	</publicationStmt>
         <notesStmt>
            <note xml:id="PRqas409_wc">Words: 1613</note>
            <note xml:id="PRqas409_tn_0">This question-answer session is part of a symposium on the development of financial markets in Central and Eastern European countries. The session focuses particularly on the Maastricht criteria and the European Monetary Union (EMU) as a common currency area. There is a chairperson (S1) who directs the discussion, and two panellists (S3 and S4), who are representatives from Slovakia and the Czech Republic. There are questions from the audience which are answered by the two panellists. The participants are generally not acquainted with each and have only met on the same day or at this session. </note>
         </notesStmt>
         <sourceDesc>
            <recordingStmt>
               <recording dur="PT00H10M53S" type="audio">
                  <date>2004-11-19</date>
                  <equipment>
                     <p>Portable minidisc recorder with electret condenser stereo microphone</p>
                  </equipment>
                  <respStmt>
                     <resp>recording</resp>
                     <name>R3</name>
                  </respStmt>
               </recording>
            </recordingStmt>
         </sourceDesc>
      </fileDesc>
      <encodingDesc>
         <classDecl>
            <taxonomy>
               <category xml:id="PRqas409_domain">
                  <catDesc>Domain</catDesc>
                  <category sameAs="#ED" xml:id="PRqas409_ED">
                     <catDesc>educational</catDesc>
                  </category>
                  <category sameAs="#LE" xml:id="PRqas409_LE">
                     <catDesc>leisure</catDesc>
                  </category>
                  <category sameAs="#PB" xml:id="PRqas409_PB">
                     <catDesc>professional business</catDesc>
                  </category>
                  <category sameAs="#PO" xml:id="PRqas409_PO">
                     <catDesc>professional organizational</catDesc>
                  </category>
                  <category sameAs="#PR" xml:id="PRqas409_PR">
                     <catDesc>professional research/science</catDesc>
                  </category>
               </category>
               <category xml:id="PRqas409_spet">
                  <catDesc>Speech Event Type</catDesc>
                  <category sameAs="#int" xml:id="PRqas409_int">
                     <catDesc>interview</catDesc>
                  </category>
                  <category sameAs="#prc" xml:id="PRqas409_prc">
                     <catDesc>press conference</catDesc>
                  </category>
                  <category sameAs="#sve" xml:id="PRqas409_sve">
                     <catDesc>service encounter</catDesc>
                  </category>
                  <category sameAs="#sed" xml:id="PRqas409_sed">
                     <catDesc>seminar discussion</catDesc>
                  </category>
                  <category sameAs="#wgd" xml:id="PRqas409_wgd">
                     <catDesc>working group discussion</catDesc>
                  </category>
                  <category sameAs="#wsd" xml:id="PRqas409_wsd">
                     <catDesc>workshop discussion</catDesc>
                  </category>
                  <category sameAs="#mtg" xml:id="PRqas409_mtg">
                     <catDesc>meeting</catDesc>
                  </category>
                  <category sameAs="#pan" xml:id="PRqas409_pan">
                     <catDesc>panel</catDesc>
                  </category>
                  <category sameAs="#qas" xml:id="PRqas409_qas">
                     <catDesc>question-answer session</catDesc>
                  </category>
                  <category sameAs="#con" xml:id="PRqas409_con">
                     <catDesc>conversation</catDesc>
                  </category>
               </category>
            </taxonomy>
         </classDecl>
         <tagsDecl><namespace name="http://www.tei-c.org/ns/1.0">
      <tagUsage gi="TEI" occurs="1"/>
      <tagUsage gi="teiHeader" occurs="1"/>
      <tagUsage gi="fileDesc" occurs="1"/>
      <tagUsage gi="titleStmt" occurs="1"/>
      <tagUsage gi="title" occurs="5"/>
      <tagUsage gi="principal" occurs="1"/>
      <tagUsage gi="editor" occurs="1"/>
      <tagUsage gi="funder" occurs="1"/>
      <tagUsage gi="sponsor" occurs="1"/>
      <tagUsage gi="respStmt" occurs="3"/>
      <tagUsage gi="resp" occurs="3"/>
      <tagUsage gi="orgName" occurs="1"/>
      <tagUsage gi="persName" occurs="5"/>
      <tagUsage gi="editionStmt" occurs="1"/>
      <tagUsage gi="edition" occurs="3"/>
      <tagUsage gi="date" occurs="4"/>
      <tagUsage gi="name" occurs="8"/>
      <tagUsage gi="publicationStmt" occurs="1"/>
      <tagUsage gi="publisher" occurs="1"/>
      <tagUsage gi="distributor" occurs="1"/>
      <tagUsage gi="address" occurs="1"/>
      <tagUsage gi="addrLine" occurs="6"/>
      <tagUsage gi="availability" occurs="1"/>
      <tagUsage gi="p" occurs="7"/>
      <tagUsage gi="ref" occurs="4"/>
      <tagUsage gi="bibl" occurs="2"/>
      <tagUsage gi="notesStmt" occurs="1"/>
      <tagUsage gi="note" occurs="2"/>
      <tagUsage gi="sourceDesc" occurs="1"/>
      <tagUsage gi="recordingStmt" occurs="1"/>
      <tagUsage gi="recording" occurs="1"/>
      <tagUsage gi="equipment" occurs="1"/>
      <tagUsage gi="encodingDesc" occurs="1"/>
      <tagUsage gi="classDecl" occurs="1"/>
      <tagUsage gi="taxonomy" occurs="1"/>
      <tagUsage gi="category" occurs="17"/>
      <tagUsage gi="catDesc" occurs="17"/>
      <tagUsage gi="tagsDecl" occurs="1"/>
      <tagUsage gi="namespace" occurs="2"/>
      <tagUsage gi="tagUsage" occurs="78"/>
      <tagUsage gi="gi" occurs="3"/>
      <tagUsage gi="att" occurs="9"/>
      <tagUsage gi="list" occurs="10"/>
      <tagUsage gi="label" occurs="17"/>
      <tagUsage gi="val" occurs="39"/>
      <tagUsage gi="item" occurs="37"/>
      <tagUsage gi="profileDesc" occurs="1"/>
      <tagUsage gi="textClass" occurs="1"/>
      <tagUsage gi="catRef" occurs="2"/>
      <tagUsage gi="settingDesc" occurs="1"/>
      <tagUsage gi="setting" occurs="1"/>
      <tagUsage gi="locale" occurs="1"/>
      <tagUsage gi="activity" occurs="1"/>
      <tagUsage gi="particDesc" occurs="1"/>
      <tagUsage gi="listPerson" occurs="4"/>
      <tagUsage gi="personGrp" occurs="3"/>
      <tagUsage gi="person" occurs="9"/>
      <tagUsage gi="age" occurs="6"/>
      <tagUsage gi="sex" occurs="6"/>
      <tagUsage gi="occupation" occurs="3"/>
      <tagUsage gi="langKnowledge" occurs="6"/>
      <tagUsage gi="langKnown" occurs="6"/>
      <tagUsage gi="relationGrp" occurs="1"/>
      <tagUsage gi="relation" occurs="2"/>
      <tagUsage gi="revisionDesc" occurs="1"/>
      <tagUsage gi="change" occurs="5"/>
      <tagUsage gi="text" occurs="1"/>
      <tagUsage gi="body" occurs="1"/>
      <tagUsage gi="div" occurs="1"/>
      <tagUsage gi="u" occurs="19">Used to mark a stretch of speech commonly
		preceded and followed by a pause or by a change of speaker. A
		<gi>u</gi> is, however, not required to be bounded by a pause or
		a change of speaker, nor does it represent a turn in a
		conversation analytic sense. At a minimum, a <gi>u</gi> is some
		phonetic production or noise made by a given speaker or a group of speakers.</tagUsage>
      <tagUsage gi="c" occurs="66">Used to mark lengthening of sounds and
		intonation (fall, rise). The following <att>type</att>
		attributes are used to mark:
		<list>
		  <label><val>lengthening</val></label><item>lengthened
		  sounds</item>
		  <label><val>intonation</val></label><item>a significant change in
		  intonation, marked with the following <att>function</att>
		  attribute for:
		  <list>
			<label><val>fall</val></label><item>falling
			intonation</item>
			<label><val>rise</val></label><item>rising intonation</item>
		  </list>
		</item>
		</list>
		Intonation may or may not coincide with
		syntactic boundaries.
		</tagUsage>
      <tagUsage gi="pause" occurs="207">Used to mark a pause either between or
		within utterances. Used without <att>dur</att> attribute to
		indicate a brief pause up to half a second.
		</tagUsage>
      <tagUsage gi="emph" occurs="81">Used to mark speech which is stressed or
		emphasized in a way that goes beyond regular nuclear
		stress.</tagUsage>
      <tagUsage gi="shift" occurs="32">Used to mark the point at which some
		paralinguistic feature changes. The following attribute values
		are used to mark:
		<list>
          <label>
            <val>voice</val>
          </label>
          <item>voice quality
          <list>
            <item><val>imitating</val></item>
            <item><val>laugh</val></item>
            <item><val>neutral</val></item>
            <item><val>phone</val></item>
            <item><val>reading</val></item>
            <item><val>reading_aloud</val></item>
            <item><val>sigh</val></item>
            <item><val>singing</val></item>
            <item><val>whisp</val></item>
            <item><val>yawning</val></item>
          </list>
          </item>
          <label>
          <val>tempo</val></label>
          <item>speed of utterance
            <list>
              <label><val>a</val></label>
              <item>accelerando</item>
              <label><val>l</val></label>
              <item>lento</item>
              <label><val>neutral</val></label>
              <item>neutral</item>
            </list>
          </item>
          <label>
          <val>loud</val></label>
          <item>loudness
            <list>
              <item><val>f</val></item>
              <item><val>neutral</val></item>
              <item><val>p</val></item>
            </list>
          </item>
		  </list>
		</tagUsage>
      <tagUsage gi="seg" occurs="6">Used with different <att>type</att> attributes to mark:
		<list>
		  <label><att>type</att><val>overlap</val></label>
		  <item>overlaps</item>
		  <label><att>type</att><val>onomatopoeia</val></label>
		  <item>onomatopoeic sounds</item>
		  <label><att>type</att><val>ipa</val></label>
		  <item>transcriptions in the international phonetic alphabet</item>
		</list>
		</tagUsage>
      <tagUsage gi="supplied" occurs="4">Used to mark text supplied by the
		transcriber because the original is unintelligible or needed to
		be anonymized. The <att>reason</att> attribute is used to mark:
		<list>
		  <label><val>unintelligible</val></label><item>unintelligible
		  speech</item>
		  <label><val>anonymization</val></label><item>anonymized
		  speech</item>
		</list>
		</tagUsage>
      <tagUsage gi="unclear" occurs="12">Used to mark speech which cannot be
		transcribed with certainty, because it is difficult to hear or
		understand for the transcriber.</tagUsage>
      <tagUsage gi="vocal" occurs="6">Used to mark laughter and other speaker
		noises and non-verbal feedback.
        <list>
          <label>
            <val>speaker_noise</val>
          </label>
          <item>
            <list>
              <item>
                <val>coughing</val>
              </item>
              <item>
                <val>nods</val>
              </item>
              <item>
                <val>shakes head</val>
              </item>
              <item>
                <val>smacks lips</val>
              </item>
              <item>
                <val>sniffs</val>
              </item>
              <item>
                <val>swallows</val>
              </item>
              <item>
                <val>whistles</val>
              </item>
            </list>
          </item>
          <label>
            <val>wordlike</val>
          </label>
          <item>
            <val>laughing</val>
          </item>
        </list>
        </tagUsage>
      <tagUsage gi="w" occurs="9">
		  Used with the <att>type</att> attribute set to
		  <val>spelt</val> to mark words or word fragments which are
		  spelt out, i.e. words whose constituents are pronounced as
		  individual letters.
		</tagUsage>
      <tagUsage gi="anchor" occurs="4">Used to mark other-continuation,
		i.e. whenever a speaker continues another speaker's <gi>u</gi>
		without a pause. Other-continuation is to be interpreted
		temporally and does not relate to form or content of the
		speakers' utterances.</tagUsage></namespace><namespace name="http://www.univie.ac.at/voice/ns/1.0">
      <tagUsage gi="voice:track" occurs="3">Used to mark the beginning of a new
		audio track used in transcription (usually three minutes in length) and thus refers to the audio recording
		of the transcribed speech event.
		</tagUsage></namespace></tagsDecl>
      </encodingDesc>
      <profileDesc>
         <textClass>
            <catRef target="#PRqas409_PR #PRqas409_qas"/>
            <catRef target="#PR #qas"/>
         </textClass>
         <settingDesc>
            <setting>
               <name type="country">AT</name>
               <name type="city">Vienna</name>
               <locale>seminar room at university</locale>
               <activity>looking at diagram on powerpoint slide</activity>
            </setting>
         </settingDesc>
         <particDesc>
            <listPerson type="main">
               <listPerson type="groups">
                  <personGrp role="speakers" size="6"/>
                  <personGrp role="interactants" size="6"/>
                  <personGrp role="audience" size="30"/>
               </listPerson>
               <listPerson type="identified">
                  <person role="chair" sameAs="#P395" xml:id="PRqas409_S1">
                     <age value="2">25-34</age>
                     <sex value="1">male</sex>
                     <occupation>journalist</occupation>
                     <langKnowledge>
                        <langKnown level="L1" tag="ger-AT"/>
                     </langKnowledge>
                  </person>
                  <person role="audience" sameAs="#P694" xml:id="PRqas409_S2">
                     <age value="2">25-34</age>
                     <sex value="1">male</sex>
                     <langKnowledge>
                        <langKnown level="L1" tag="slo-SK"/>
                     </langKnowledge>
                  </person>
                  <person role="presenter" sameAs="#P695" xml:id="PRqas409_S3">
                     <age value="2">25-34</age>
                     <sex value="1">male</sex>
                     <occupation>university lecturer in economics</occupation>
                     <langKnowledge>
                        <langKnown level="L1" tag="slo-SK"/>
                     </langKnowledge>
                  </person>
                  <person role="presenter" sameAs="#P696" xml:id="PRqas409_S4">
                     <age value="2">25-34</age>
                     <sex value="1">male</sex>
                     <occupation>university lecturer in economics</occupation>
                     <langKnowledge>
                        <langKnown level="L1" tag="cze-CZ"/>
                     </langKnowledge>
                  </person>
                  <person role="audience" sameAs="#P697" xml:id="PRqas409_S5">
                     <age value="2">25-34</age>
                     <sex value="1">male</sex>
                     <langKnowledge>
                        <langKnown level="L1" tag="und"/>
                     </langKnowledge>
                  </person>
                  <person role="audience" sameAs="#P698" xml:id="PRqas409_S6">
                     <age value="2">25-34</age>
                     <sex value="2">female</sex>
                     <langKnowledge>
                        <langKnown level="L1" tag="ger-AT"/>
                     </langKnowledge>
                  </person>
               </listPerson>
               <listPerson type="not_identified">
                  <person corresp="#PRqas409_S6" sameAs="#SX" xml:id="PRqas409_SX-6"/>
                  <person sameAs="#SX-m" xml:id="PRqas409_SX-m"/>
                  <person sameAs="#SS" xml:id="PRqas409_SS"/>
               </listPerson>
               <relationGrp>
                  <relation mutual="#PRqas409_S1 #PRqas409_S2 #PRqas409_S3 #PRqas409_S4 #PRqas409_S5 #PRqas409_S6" name="fairly_asymmetrical" type="power"/>
                  <relation mutual="#PRqas409_S1 #PRqas409_S2 #PRqas409_S3 #PRqas409_S4 #PRqas409_S5 #PRqas409_S6" name="predominantly_unacquainted" type="acquaintedness"/>
               </relationGrp>
            </listPerson>
         </particDesc>
      </profileDesc>
      <revisionDesc>
         <change when="2009-05-19" who="SM">conversion to XML</change>
         <change when="2009-05-12" who="AB">finalized for publication</change>
         <change when="2009-01-20" who="MLP">proof-reading</change>
         <change when="2009-01-12" who="RO">checking</change>
         <change when="2007-12-08" who="JH">transcription</change>
      </revisionDesc>
   </teiHeader>
   <text>
      <body>
         <div type="medium" voice:end="01:53" voice:end_medium_number="1" voice:end_track="4" voice:medium_type="md" voice:start="00:00" voice:start_medium_number="1" voice:start_track="01">
            <u who="#PRqas409_S1" xml:id="PRqas409_u_1"> er we have time for a short discussion now e<c type="lengthening"/>rm <pause dur="PT1S"/> we <emph> will </emph> have to finish er <pause/> punctually at <emph> one </emph> so erm <pause/> we will have to <pause/><shift corresp="#PRqas409_s_2" feature="tempo" new="a" xml:id="PRqas409_s_1"/> sort of <shift corresp="#PRqas409_s_1" feature="tempo" new="neutral" xml:id="PRqas409_s_2"/><pause/> cut some time with the discussion<c function="rise" type="intonation"/><pause/> erm <pause/> hence i er <emph> ask </emph> you to to pose your questions <pause/> again <pause/> quite er <pause/> shortly and concisely<c function="fall" type="intonation"/><pause dur="PT2S"/> okay are there any questions<c function="fall" type="intonation"/><pause dur="PT1S"/></u>
            <u who="#PRqas409_S2" xml:id="PRqas409_u_2"> may<seg n="2" type="overlap" xml:id="PRqas409_ol_0">be <pause/> i </seg> i can ask <pause/></u>
            <u who="#PRqas409_S1" xml:id="PRqas409_u_3"><shift corresp="#PRqas409_s_4" feature="loud" new="p" xml:id="PRqas409_s_3"/><seg n="2" synch="#PRqas409_ol_0" type="overlap" xml:id="PRqas409_ol_1"> please mhm<c function="rise" type="intonation"/></seg><shift corresp="#PRqas409_s_3" feature="loud" new="neutral" xml:id="PRqas409_s_4"/></u>
            <u who="#PRqas409_S2" xml:id="PRqas409_u_4"> o- one question to mister <supplied reason="anonymization"> [S3/last] </supplied><c function="rise" type="intonation"/><pause/> er you asked whether the central europe is an <pause/> optimal currency area <pause/> i like to ask you a a <pause/> a question <supplied reason="unintelligible"> xx </supplied><unclear> to the </unclear><pause/> er <unclear> euro zone </unclear> is a optimal currency area <pause/> and <pause/> er especially to speak about the<c type="lengthening"/><vocal subtype="wordstart" type="wordlike" voice:desc="laughing" voice:syl="1"/><pause/> er <pause/> the defici<unclear>t </unclear> maastricht criteria which<c type="lengthening"/> should be three per cent of the <pause/> er gross domestic product<c function="rise" type="intonation"/><pause/> my question is <pause dur="PT1S"/> er <pause dur="PT1S"/> ho- how does it look with the <emph> to</emph>tal debts of the of the countries especially <pause/> i heard that there are big debts <pause/> of of the countries in <pause dur="PT2S"/> i- in in the <emph> pen</emph>sion reforms<c function="fall" type="intonation"/><pause/> for example <emph> france </emph> should should have announced two hundred <emph> per </emph> cent of the  <w voice:mode="spelt"> a g  </w> er gross domestic product<c function="rise" type="intonation"/><pause/> an <emph> in</emph>ternal debt<c function="rise" type="intonation"/><pause dur="PT1S"/> e<c type="lengthening"/>r <pause dur="PT1S"/> erm <pause/> because of the <pause/> of the <emph> pen</emph>sions<c function="fall" type="intonation"/><pause/> and <pause/> these governments are not that <emph> fast </emph> to solve these problem<c function="fall" type="intonation"/><pause/> so that <emph> this </emph> couldn't cause some <emph> pro</emph>blems in the future<c function="rise" type="intonation"/><pause dur="PT1S"/><emph> if </emph> all these countries would be connected by one <pause/> one currency<c function="fall" type="intonation"/><pause/></u>
            <u who="#PRqas409_S3" xml:id="PRqas409_u_5"> yah <pause/> er <vocal voice:desc="clears throat"/> thank you for the question<c function="rise" type="intonation"/><pause/> well the first thing is whether <pause/> the other countries are er <pause/><emph> inside </emph> er  <w voice:mode="spelt"> e m u r  </w><pause/><shift corresp="#PRqas409_s_6" feature="tempo" new="a" xml:id="PRqas409_s_5"/> optimal currency area <shift corresp="#PRqas409_s_5" feature="tempo" new="neutral" xml:id="PRqas409_s_6"/> this could <pause/> to some <pause/> extend e<c type="lengthening"/>r <pause/><emph> ans</emph>wer this <pause/> when you look e<c type="lengthening"/>r to e<c type="lengthening"/>r <pause/> er <emph> some </emph> of the <emph> small </emph> countries <pause/> er you er apart from <emph> greece </emph><pause/> er you see them in this er right hand si- upper right hand side er <pause/> er right hand side er corner<c function="rise" type="intonation"/><pause/> the big countries of course so by definition since they <pause/> e<c type="lengthening"/>r com<emph>pose </emph><pause/> a big part of  <w voice:mode="spelt"> e m u  </w><pause/> er they <emph> are </emph> er optimal currency area because it's <pause/> the average  <w voice:mode="spelt"> e m u  </w><pause/> is er more or less er similar to <pause/> er these countries er have a dramatic impact on what <pause/> what average  <w voice:mode="spelt"> e m u  </w> country is <pause/> so countries like portugal er spain <pause/> er austria <pause/> er seem to define <pause/> e<c type="lengthening"/>r in terms of their response to er <unclear> shocks </unclear><c function="rise" type="intonation"/><pause/> it's similar to <pause/> to er <pause/> other countries<c function="rise" type="intonation"/><pause/> er in terms of the<c type="lengthening"/><pause/> er re<emph>forms </emph><pause/> er <pause/> and you mentioned er specifically <emph> pen</emph>sion reform <pause/> i- it's a bit er <pause/><emph> sad </emph> that er <pause/> er when you f- for example <voice:track medium="1" num="2" type="md"/> when you do pension reform you <emph> have </emph> a <emph> de</emph>ficit er <pause/> for <pause/> ten <emph> twenty </emph> years of tran<emph>si</emph>tory def- deficit <pause/> that <emph> is </emph> counted <emph> as </emph> a deficit<c function="rise" type="intonation"/><pause/> er yo- er and <pause/> is er then increasing <pause/> or is er <pause dur="PT1S"/> making the fiscal space <emph> smaller </emph><pause/> for the <emph> coun</emph>tries that want to re<emph>form </emph> the pension <pause/> er so if for example germany or france is very close to three per cent of  <w voice:mode="spelt"> g d p  </w> in terms of fiscal deficit levels <pause/> they cannot af<emph>ford </emph><pause/> to reform <emph> pen</emph>sions<c function="rise" type="intonation"/><emph> un</emph>less they <emph> cut </emph> size of the other expenditures <pause/> so this is politically very then difficult to <emph> do </emph><c function="rise" type="intonation"/><pause/> and <pause/> in fact this maastricht criterion could er <pause/><emph> not </emph> provide good er motivations for the policy makers to do this <pause/> e<c type="lengthening"/>r <pause/> so the<c type="lengthening"/> maastricht criteria in <emph> general </emph><pause dur="PT1S"/> f- forces countries not to <emph> spend </emph> too much <pause/> but it doesn't er force them motivate them to implement specific reforms <shift corresp="#PRqas409_s_8" feature="loud" new="p" xml:id="PRqas409_s_7"/> like a pension or tax reform and so on <shift corresp="#PRqas409_s_7" feature="loud" new="neutral" xml:id="PRqas409_s_8"/> it just provides a very crude <pause/> maximum er <pause/> er maximum er <pause/> er level of fiscal deficit to  <w voice:mode="spelt"> g d p  </w> but doesn't in this case is- ac- actually er <pause/> er erm does the opposite thing is that <shift corresp="#PRqas409_s_10" feature="tempo" new="l" xml:id="PRqas409_s_9"/> since these <shift corresp="#PRqas409_s_9" feature="tempo" new="neutral" xml:id="PRqas409_s_10"/><pause/> expenditures are <unclear> calculated </unclear> as expenditures it demotivates those countries to <emph> im</emph>plement those reforms<c function="fall" type="intonation"/><anchor synch="#PRqas409_oc_1" type="other_continuation" xml:id="PRqas409_oc_0"/></u>
            <u who="#PRqas409_SX-6" xml:id="PRqas409_u_6"><anchor synch="#PRqas409_oc_0" type="other_continuation" xml:id="PRqas409_oc_1"/><vocal voice:desc="clears throat"/></u>
            <u who="#PRqas409_S4" xml:id="PRqas409_u_7"> if i can say one thing er more er what i think from the experience from czech republic i think that <pause/> the debate is really too much concentrated on the maastricht <emph> cri</emph>teria itself  and er the things like <pause/> er <pause/> well the the re<emph>form </emph> of the er er the reform of the pension systems and the very needed reform on the <emph> la</emph>bor market er are little behind<c function="fall" type="intonation"/> just and er <pause/> e<c type="lengthening"/>r this er wha- what i think er well er concerning the <emph> fis</emph>cal policy it is very <pause/> important to have as you said er <pause/> enough <emph> space </emph><c function="fall" type="intonation"/> er for <unclear> an </unclear><shift corresp="#PRqas409_s_12" feature="loud" new="p" xml:id="PRqas409_s_11"/> fiscal policy <shift corresp="#PRqas409_s_11" feature="loud" new="neutral" xml:id="PRqas409_s_12"/> and er er three per cent is just er one number and er <pause/> er <pause/> well i think maastricht cria- criteria too much simplify some things<c function="fall" type="intonation"/><pause dur="PT2S"/></u>
            <u who="#PRqas409_S1" xml:id="PRqas409_u_8"><shift corresp="#PRqas409_s_14" feature="loud" new="p" xml:id="PRqas409_s_13"/> mhm <pause/><vocal type="speaker_noise" voice:desc="smacks lips"/><pause dur="PT1S"/> please <shift corresp="#PRqas409_s_13" feature="loud" new="neutral" xml:id="PRqas409_s_14"/><anchor synch="#PRqas409_oc_3" type="other_continuation" xml:id="PRqas409_oc_2"/></u>
            <u who="#PRqas409_S5" xml:id="PRqas409_u_9"><anchor synch="#PRqas409_oc_2" type="other_continuation" xml:id="PRqas409_oc_3"/> yah one question <pause/> how would you actually encourage <pause/> the different countries to <pause dur="PT1S"/> implement those reforms <pause dur="PT1S"/> i mean h- what kind of laws would you introduce or <pause/> what kind of other  other med- er mechanism <pause dur="PT2S"/></u>
            <u who="#PRqas409_S3" xml:id="PRqas409_u_10"> hh well <vocal voice:desc="clears throat"/> it's more sort of a <pause dur="PT3S"/> a politically <seg n="1" type="overlap" xml:id="PRqas409_ol_2"> pol- </seg> political economic question<c function="rise" type="intonation"/><pause/></u>
            <u who="#PRqas409_SX-m" xml:id="PRqas409_u_11"><seg n="1" synch="#PRqas409_ol_2" type="overlap" xml:id="PRqas409_ol_3"><shift corresp="#PRqas409_s_16" feature="loud" new="p" xml:id="PRqas409_s_15"/> hm <shift corresp="#PRqas409_s_15" feature="loud" new="neutral" xml:id="PRqas409_s_16"/></seg></u>
            <u who="#PRqas409_S3" xml:id="PRqas409_u_12"> what er <pause dur="PT2S"/><emph> seems </emph> to be the most optimal  way out of implement reforms<c function="rise" type="intonation"/><pause dur="PT1S"/> is <emph> first </emph> you have to have to some extend a smart government as initial condition <pause/> but then you should <pause/><emph> im</emph>plement reforms <pause/> as soon as possible <voice:track medium="1" num="3" type="md"/> and concentrate then <pause/> in the first one or two years<c function="fall" type="intonation"/><pause/> of the <pause/> er election cycle and of which is the ruling <unclear> for </unclear> f- for your <emph> turn </emph><pause/> er because then you are hoping that the voters will see the first <pause/><emph> fruits </emph><pause/> of those re<emph>forms </emph><pause/> an- and will not vote you <emph> out </emph><c function="fall" type="intonation"/><pause/> after the fou- four years <pause/> we have an example a- er in hu- hungary czech republic is that sometimes <pause/> er the governments <pause/> were not doing much in the fi- in the first two years and only <emph> la</emph>ter were pushed either by <pause/> financial markets like in holland or in <emph> hung</emph>ary <pause/> e<c type="lengthening"/>r to implement reforms at <unclear> a </unclear><emph> later </emph> stage of their <unclear> economy </unclear> cycle<c function="rise" type="intonation"/><pause/> which means that basically n- next time they will be voted out <pause/> and then there is this <pause/> er general wisdom that er it doesn't pay to implement reforms because the voters will turn a blank eye <pause/> on <emph> you </emph><c function="fall" type="intonation"/><pause/> but er maybe the <pause/> sequence if on the of the reforms were not was not <emph> opt</emph>imal that er <pause/> even though it might be difficult <shift corresp="#PRqas409_s_18" feature="tempo" new="l" xml:id="PRqas409_s_17"/> er for <pause/> er for <shift corresp="#PRqas409_s_17" feature="tempo" new="neutral" xml:id="PRqas409_s_18"/><pause/> people for households <pause/> to ha- all these reforms <emph> con</emph>centrated in very short term <pause/> er from political economic point of view probably makes sense<c function="fall" type="intonation"/><pause dur="PT1S"/> i don't think you should in legislation you can er do much to<c type="lengthening"/><pause/></u>
            <u who="#PRqas409_S4" xml:id="PRqas409_u_13"> it- it's not only the question of legislation but a question of timing the reforms in well not now we'll have this in czech republic is that we are probably going to wait for <pause/> the pension reforms ne- next three or four years because it's the<c type="lengthening"/> well <emph> last </emph><emph> two </emph> years now for er the current government and they're not going to be brave enough to <pause/> er er to implement a a reform we need so <pause dur="PT1S"/><shift corresp="#PRqas409_s_20" feature="loud" new="p" xml:id="PRqas409_s_19"/> it's an <unclear> old </unclear><supplied reason="unintelligible"> x </supplied><shift corresp="#PRqas409_s_19" feature="loud" new="neutral" xml:id="PRqas409_s_20"/><pause dur="PT1S"/></u>
            <u who="#PRqas409_S6" xml:id="PRqas409_u_14"> erm <pause/> i would like to know did the <pause/> crisis of the stability pact have an <pause/> impact on the attitude of your countries towards erm the  <w voice:mode="spelt"> e m u<c function="rise" type="intonation"/></w><pause dur="PT1S"/></u>
            <u who="#PRqas409_S4" xml:id="PRqas409_u_15"><shift corresp="#PRqas409_s_22" feature="loud" new="p" xml:id="PRqas409_s_21"/> mhm <shift corresp="#PRqas409_s_21" feature="loud" new="neutral" xml:id="PRqas409_s_22"/><pause dur="PT1S"/> well er <pause/> i guess not so much we have to meet er the <emph> maast</emph>richt criteria to get into the euro zone but er <pause/> well probably in the public discussion er er the <pause/> er er the limited number of three per cent of  <w voice:mode="spelt"> g d p  </w> doesn't er doesn't sound so strong er as it used to but <pause/> e<c type="lengthening"/>r i would say <pause/> well there're also there're er debates on the reform of the er stability improve pact but er <pause/> er still e<c type="lengthening"/>r <pause/> well <emph> we </emph> have <shift corresp="#PRqas409_s_24" feature="tempo" new="a" xml:id="PRqas409_s_23"/> czech in czech republic <shift corresp="#PRqas409_s_23" feature="tempo" new="neutral" xml:id="PRqas409_s_24"/><pause/> er very big problems with public deficits<c function="fall" type="intonation"/> and well nearly everyone er knows that this is a crucial problem<c function="fall" type="intonation"/> and <pause/> er the debates about the reform of the stability improve pact are <pause/> erm beside i bes- are beside that<c function="fall" type="intonation"/> so it's <pause/> it doesn't influence so much <pause/></u>
            <u who="#PRqas409_S3" xml:id="PRqas409_u_16"> for slovakia maybe in terms of the <pause/> attitude or views of the more <pause/> conservatives right wing <voice:track medium="1" num="4" type="md"/><unclear> parties </unclear><pause/> it has a detrimental er <emph> im</emph>pact on er <pause/> on er <pause/> their view of er <pause/> on on on their <pause/> support <pause/> for the single <shift corresp="#PRqas409_s_26" feature="loud" new="f" xml:id="PRqas409_s_25"/> currency <shift corresp="#PRqas409_s_25" feature="loud" new="neutral" xml:id="PRqas409_s_26"/> because the situation when er <pause/> er the biggest er economies er are not getting <emph> fined </emph><pause/> but smaller economies <emph> might </emph> be fined of course that doesn't er create a er er <pause/> a good er <pause/> environment er for sm- small countries like er er czech republic or slo<emph>vakia </emph> so if anything it er has a negative <emph> im</emph>pact of course if the er discussion would be more theor<emph>e</emph>tically based <pause/> and not based just on the fact that <shift corresp="#PRqas409_s_28" feature="loud" new="p" xml:id="PRqas409_s_27"/> you know <shift corresp="#PRqas409_s_27" feature="loud" new="neutral" xml:id="PRqas409_s_28"/> french german cannot <emph> make </emph> it <pause/> er so er the<c type="lengthening"/><pause/> maastricht c- criteria would be sort of a <emph> struc</emph>tural fiscal deficit and <shift corresp="#PRqas409_s_30" feature="tempo" new="a" xml:id="PRqas409_s_29"/><unclear> opposed to the </unclear><supplied reason="unintelligible"> xx </supplied><shift corresp="#PRqas409_s_29" feature="tempo" new="neutral" xml:id="PRqas409_s_30"/> fiscal deficit <pause/> it could be more under<emph>stand</emph>able <pause/> maybe the <pause/> current defi<emph>ni</emph>tion of the maastricht criteria is not the <emph> best </emph> one <pause/> but if it is it's based <pause/> just on the fact that some of the big countries cannot <emph> make </emph> it <pause/><shift corresp="#PRqas409_s_32" feature="loud" new="p" xml:id="PRqas409_s_31"/> that of course doesn't create er er <pause/> a good environment for <pause/> er some of the <pause/> support in er <seg n="2" type="overlap" xml:id="PRqas409_ol_4"> in our </seg> countries<c function="fall" type="intonation"/><shift corresp="#PRqas409_s_31" feature="loud" new="neutral" xml:id="PRqas409_s_32"/><pause dur="PT2S"/></u>
            <u who="#PRqas409_SX-m" xml:id="PRqas409_u_17"><seg n="2" synch="#PRqas409_ol_4" type="overlap" xml:id="PRqas409_ol_5"> mhm </seg></u>
            <u who="#PRqas409_S1" xml:id="PRqas409_u_18"> any further questions<c function="rise" type="intonation"/><pause dur="PT2S"/> okay there're <emph> no </emph> questions i would like to thank <emph> you </emph> hh er for coming here <pause/> e<c type="lengthening"/>rm for presenting your findings<c function="rise" type="intonation"/> i would like to thank <emph> you </emph> for your for your cooperation for your questions <pause/> for your interest<c function="fall" type="intonation"/><pause/> e<c type="lengthening"/>rm i wish you a great lunch break now<c function="rise" type="intonation"/> er i don't know if you're going into any of the er workshops in the <emph> af</emph>ternoon<c function="rise" type="intonation"/><pause/> i will be i will be er mostly in workshop eight<c function="rise" type="intonation"/><pause/> so er for me it's going to be a <emph> short </emph> lunch break <pause/> i hope it's more enjoyable for <emph> you </emph><c function="rise" type="intonation"/> and er i hope you have a good time at the rest of the conference<c function="rise" type="intonation"/><pause/> and er see you around sometime<c function="fall" type="intonation"/><pause/> bye-bye <pause/></u>
            <u who="#PRqas409_SS" xml:id="PRqas409_u_19"><vocal dur="PT1S" iterated="true" voice:desc="applauds"/></u>
         </div>
      </body>
   </text>
</TEI>