<TEI xmlns="http://www.tei-c.org/ns/1.0" xmlns:voice="http://www.univie.ac.at/voice/ns/1.0" xmlns:xi="http://www.w3.org/2001/XInclude" version="5" xml:id="PRqas18" xml:lang="eng">
   <teiHeader>
      <fileDesc>
         <titleStmt>
            <title>question-answer session on issues involved in the organization of bi- and multilingual universities</title>
            <principal>Prof. Barbara Seidlhofer</principal>
            <editor/>
            <funder>Austrian Science Foundation (FWF)</funder>
            <sponsor/>
            <respStmt>
               <resp>Corpus Compilation</resp>
               <orgName>VOICE Project</orgName>
               <persName>Barbara Seidlhofer</persName>
               <persName>Angelika Breiteneder</persName>
               <persName>Marie-Luise Pitzl</persName>
               <persName>Stefan Majewski</persName>
               <persName>Theresa Klimpfinger</persName>
            </respStmt>
         </titleStmt>
         <editionStmt>
		<edition>Version 1.0 XML, <date>May 2011</date></edition>
	  <respStmt>
		<resp>Researchers</resp>
		<name>Barbara Seidlhofer</name> 		
		<name>Angelika Breiteneder</name> 
		<name>Theresa Klimpfinger</name> 
		<name>Stefan Majewski</name> 
		<name>Marie-Luise Pitzl</name> 
	  </respStmt>
	</editionStmt>
         <publicationStmt>
		<publisher>Barbara Seidlhofer, Stefan Majewski, Marie-Luise Pitzl</publisher> 
	  <distributor>VOICE Project, University of Vienna, Austria</distributor> 
	  <address>
		<addrLine>Spitalgasse 2, AAKH Hof 8</addrLine> 
		<addrLine>1090 Vienna</addrLine> 
		<addrLine>Austria</addrLine> 
		<addrLine>Telephone: +43 1 427742446</addrLine> 
	  	<addrLine>Email: voice@univie.ac.at</addrLine> 
		<addrLine>Website: http://www.univie.ac.at/voice</addrLine> 
	  </address>
	  <availability status="free">
	  	<p>
		  The Vienna-Oxford International Corpus of English (VOICE)
		  was created by Barbara Seidlhofer (project director) and
		  Angelika Breiteneder, Theresa Klimpfinger, Stefan Majewski,
		  Marie-Luise Pitzl (project researchers). VOICE 1.0 XML is
		  available for download at the VOICE Project's website <ref target="http://www.univie.ac.at/voice/">http://www.univie.ac.at/voice/</ref>
		  under a Creative Commons
		  Attribution-NonCommercial-ShareAlike 3.0 Unported (CC
		  BY-NC-SA 3.0) License (<ref target="http://creativecommons.org/licenses/by-nc-sa/3.0/">
		  http://creativecommons.org/licenses/by-nc-sa/3.0/
		  </ref>). The original audio files are held at the Department
		  of English, University of Vienna. 23 selected audio files
		  are available as audio streams in the VOICE Online interface
		  at the VOICE Project's website <ref target="http://www.univie.ac.at/voice">http://www.univie.ac.at/voice</ref>.
		</p>
		<p>
		The recommended citation for VOICE 1.0 XML is:
		</p>
		<p>
		<bibl><title>VOICE</title>. <date>2011</date>. <title level="m">The Vienna-Oxford International Corpus of
		English</title> (<edition>version 1.0
		XML</edition>). Director: Barbara Seidlhofer; Researchers:
		Angelika Breiteneder, Theresa Klimpfinger, Stefan Majewski,
		Marie-Luise Pitzl.</bibl>
		</p>
		<p>The short citation for VOICE 1.0 XML is:
		</p>
		<p>
		<bibl><title>VOICE</title>. <date>2011</date>. <title level="m">The Vienna-Oxford International Corpus of
		English</title> (<edition>version 1.0
		XML</edition>).</bibl></p>
		<p>
		  For further information about availability and copyright
		  permissions, please see the README file included in the
		  download package. For further enquiries please contact the
		  VOICE Project at <ref target="mailto:voice@univie.ac.at">voice@univie.ac.at</ref>.
		</p>
	  </availability>
	</publicationStmt>
         <notesStmt>
            <note xml:id="PRqas18_wc">Words: 3023</note>
            <note xml:id="PRqas18_tn_0">This question-answer session takes place in the framework of a conference on bi- and multilingual universities. This particular session is about quality assurance of international and intercultural programs. S2 is the main speaker, presenting a program developed at her home university in Norway. She talks about her experience as a teacher. The audience seems involved as there is frequent minimal feedback. Members of the audience also respond immediately to S2's inquiries about technical issues. S2 is introduced by S1, the chair of the session, who then also coordinates the question-answer part. In this part, S5 asks a question. Finally, S1 steps in and closes the discussion. </note>
         </notesStmt>
         <sourceDesc>
            <recordingStmt>
               <recording dur="PT00H31M10S" type="audio">
                  <date>2005-09-02</date>
                  <equipment>
                     <p>Portable minidisc recorder with electret condenser stereo microphone</p>
                  </equipment>
                  <respStmt>
                     <resp>recording</resp>
                     <name>R8</name>
                  </respStmt>
               </recording>
            </recordingStmt>
         </sourceDesc>
      </fileDesc>
      <encodingDesc>
         <classDecl>
            <taxonomy>
               <category xml:id="PRqas18_domain">
                  <catDesc>Domain</catDesc>
                  <category sameAs="#ED" xml:id="PRqas18_ED">
                     <catDesc>educational</catDesc>
                  </category>
                  <category sameAs="#LE" xml:id="PRqas18_LE">
                     <catDesc>leisure</catDesc>
                  </category>
                  <category sameAs="#PB" xml:id="PRqas18_PB">
                     <catDesc>professional business</catDesc>
                  </category>
                  <category sameAs="#PO" xml:id="PRqas18_PO">
                     <catDesc>professional organizational</catDesc>
                  </category>
                  <category sameAs="#PR" xml:id="PRqas18_PR">
                     <catDesc>professional research/science</catDesc>
                  </category>
               </category>
               <category xml:id="PRqas18_spet">
                  <catDesc>Speech Event Type</catDesc>
                  <category sameAs="#int" xml:id="PRqas18_int">
                     <catDesc>interview</catDesc>
                  </category>
                  <category sameAs="#prc" xml:id="PRqas18_prc">
                     <catDesc>press conference</catDesc>
                  </category>
                  <category sameAs="#sve" xml:id="PRqas18_sve">
                     <catDesc>service encounter</catDesc>
                  </category>
                  <category sameAs="#sed" xml:id="PRqas18_sed">
                     <catDesc>seminar discussion</catDesc>
                  </category>
                  <category sameAs="#wgd" xml:id="PRqas18_wgd">
                     <catDesc>working group discussion</catDesc>
                  </category>
                  <category sameAs="#wsd" xml:id="PRqas18_wsd">
                     <catDesc>workshop discussion</catDesc>
                  </category>
                  <category sameAs="#mtg" xml:id="PRqas18_mtg">
                     <catDesc>meeting</catDesc>
                  </category>
                  <category sameAs="#pan" xml:id="PRqas18_pan">
                     <catDesc>panel</catDesc>
                  </category>
                  <category sameAs="#qas" xml:id="PRqas18_qas">
                     <catDesc>question-answer session</catDesc>
                  </category>
                  <category sameAs="#con" xml:id="PRqas18_con">
                     <catDesc>conversation</catDesc>
                  </category>
               </category>
            </taxonomy>
         </classDecl>
         <tagsDecl><namespace name="http://www.tei-c.org/ns/1.0">
      <tagUsage gi="TEI" occurs="1"/>
      <tagUsage gi="teiHeader" occurs="1"/>
      <tagUsage gi="fileDesc" occurs="1"/>
      <tagUsage gi="titleStmt" occurs="1"/>
      <tagUsage gi="title" occurs="5"/>
      <tagUsage gi="principal" occurs="1"/>
      <tagUsage gi="editor" occurs="1"/>
      <tagUsage gi="funder" occurs="1"/>
      <tagUsage gi="sponsor" occurs="1"/>
      <tagUsage gi="respStmt" occurs="3"/>
      <tagUsage gi="resp" occurs="3"/>
      <tagUsage gi="orgName" occurs="1"/>
      <tagUsage gi="persName" occurs="5"/>
      <tagUsage gi="editionStmt" occurs="1"/>
      <tagUsage gi="edition" occurs="3"/>
      <tagUsage gi="date" occurs="4"/>
      <tagUsage gi="name" occurs="8"/>
      <tagUsage gi="publicationStmt" occurs="1"/>
      <tagUsage gi="publisher" occurs="1"/>
      <tagUsage gi="distributor" occurs="1"/>
      <tagUsage gi="address" occurs="1"/>
      <tagUsage gi="addrLine" occurs="6"/>
      <tagUsage gi="availability" occurs="1"/>
      <tagUsage gi="p" occurs="7"/>
      <tagUsage gi="ref" occurs="5"/>
      <tagUsage gi="bibl" occurs="2"/>
      <tagUsage gi="notesStmt" occurs="1"/>
      <tagUsage gi="note" occurs="2"/>
      <tagUsage gi="sourceDesc" occurs="1"/>
      <tagUsage gi="recordingStmt" occurs="1"/>
      <tagUsage gi="recording" occurs="1"/>
      <tagUsage gi="equipment" occurs="1"/>
      <tagUsage gi="encodingDesc" occurs="1"/>
      <tagUsage gi="classDecl" occurs="1"/>
      <tagUsage gi="taxonomy" occurs="1"/>
      <tagUsage gi="category" occurs="17"/>
      <tagUsage gi="catDesc" occurs="17"/>
      <tagUsage gi="tagsDecl" occurs="1"/>
      <tagUsage gi="namespace" occurs="2"/>
      <tagUsage gi="tagUsage" occurs="82"/>
      <tagUsage gi="gi" occurs="5"/>
      <tagUsage gi="att" occurs="16"/>
      <tagUsage gi="list" occurs="12"/>
      <tagUsage gi="label" occurs="22"/>
      <tagUsage gi="val" occurs="43"/>
      <tagUsage gi="item" occurs="42"/>
      <tagUsage gi="profileDesc" occurs="1"/>
      <tagUsage gi="textClass" occurs="1"/>
      <tagUsage gi="catRef" occurs="2"/>
      <tagUsage gi="settingDesc" occurs="1"/>
      <tagUsage gi="setting" occurs="1"/>
      <tagUsage gi="locale" occurs="1"/>
      <tagUsage gi="activity" occurs="1"/>
      <tagUsage gi="particDesc" occurs="1"/>
      <tagUsage gi="listPerson" occurs="4"/>
      <tagUsage gi="personGrp" occurs="3"/>
      <tagUsage gi="person" occurs="12"/>
      <tagUsage gi="age" occurs="5"/>
      <tagUsage gi="sex" occurs="5"/>
      <tagUsage gi="langKnowledge" occurs="5"/>
      <tagUsage gi="langKnown" occurs="5"/>
      <tagUsage gi="occupation" occurs="1"/>
      <tagUsage gi="relationGrp" occurs="1"/>
      <tagUsage gi="relation" occurs="2"/>
      <tagUsage gi="revisionDesc" occurs="1"/>
      <tagUsage gi="change" occurs="5"/>
      <tagUsage gi="text" occurs="1"/>
      <tagUsage gi="body" occurs="1"/>
      <tagUsage gi="div" occurs="2"/>
      <tagUsage gi="u" occurs="185">Used to mark a stretch of speech commonly
		preceded and followed by a pause or by a change of speaker. A
		<gi>u</gi> is, however, not required to be bounded by a pause or
		a change of speaker, nor does it represent a turn in a
		conversation analytic sense. At a minimum, a <gi>u</gi> is some
		phonetic production or noise made by a given speaker or a group of speakers.</tagUsage>
      <tagUsage gi="emph" occurs="150">Used to mark speech which is stressed or
		emphasized in a way that goes beyond regular nuclear
		stress.</tagUsage>
      <tagUsage gi="pause" occurs="370">Used to mark a pause either between or
		within utterances. Used without <att>dur</att> attribute to
		indicate a brief pause up to half a second.
		</tagUsage>
      <tagUsage gi="c" occurs="359">Used to mark lengthening of sounds and
		intonation (fall, rise). The following <att>type</att>
		attributes are used to mark:
		<list>
		  <label><val>lengthening</val></label><item>lengthened
		  sounds</item>
		  <label><val>intonation</val></label><item>a significant change in
		  intonation, marked with the following <att>function</att>
		  attribute for:
		  <list>
			<label><val>fall</val></label><item>falling
			intonation</item>
			<label><val>rise</val></label><item>rising intonation</item>
		  </list>
		</item>
		</list>
		Intonation may or may not coincide with
		syntactic boundaries.
		</tagUsage>
      <tagUsage gi="seg" occurs="64">Used with different <att>type</att> attributes to mark:
		<list>
		  <label><att>type</att><val>overlap</val></label>
		  <item>overlaps</item>
		  <label><att>type</att><val>onomatopoeia</val></label>
		  <item>onomatopoeic sounds</item>
		  <label><att>type</att><val>ipa</val></label>
		  <item>transcriptions in the international phonetic alphabet</item>
		</list>
		</tagUsage>
      <tagUsage gi="vocal" occurs="28">Used to mark laughter and other speaker
		noises and non-verbal feedback.
        <list>
          <label>
            <val>speaker_noise</val>
          </label>
          <item>
            <list>
              <item>
                <val>coughing</val>
              </item>
              <item>
                <val>nods</val>
              </item>
              <item>
                <val>shakes head</val>
              </item>
              <item>
                <val>smacks lips</val>
              </item>
              <item>
                <val>sniffs</val>
              </item>
              <item>
                <val>swallows</val>
              </item>
              <item>
                <val>whistles</val>
              </item>
            </list>
          </item>
          <label>
            <val>wordlike</val>
          </label>
          <item>
            <val>laughing</val>
          </item>
        </list>
        </tagUsage>
      <tagUsage gi="supplied" occurs="19">Used to mark text supplied by the
		transcriber because the original is unintelligible or needed to
		be anonymized. The <att>reason</att> attribute is used to mark:
		<list>
		  <label><val>unintelligible</val></label><item>unintelligible
		  speech</item>
		  <label><val>anonymization</val></label><item>anonymized
		  speech</item>
		</list>
		</tagUsage>
      <tagUsage gi="anchor" occurs="48">Used to mark other-continuation,
		i.e. whenever a speaker continues another speaker's <gi>u</gi>
		without a pause. Other-continuation is to be interpreted
		temporally and does not relate to form or content of the
		speakers' utterances.</tagUsage>
      <tagUsage gi="unclear" occurs="31">Used to mark speech which cannot be
		transcribed with certainty, because it is difficult to hear or
		understand for the transcriber.</tagUsage>
      <tagUsage gi="shift" occurs="152">Used to mark the point at which some
		paralinguistic feature changes. The following attribute values
		are used to mark:
		<list>
          <label>
            <val>voice</val>
          </label>
          <item>voice quality
          <list>
            <item><val>imitating</val></item>
            <item><val>laugh</val></item>
            <item><val>neutral</val></item>
            <item><val>phone</val></item>
            <item><val>reading</val></item>
            <item><val>reading_aloud</val></item>
            <item><val>sigh</val></item>
            <item><val>singing</val></item>
            <item><val>whisp</val></item>
            <item><val>yawning</val></item>
          </list>
          </item>
          <label>
          <val>tempo</val></label>
          <item>speed of utterance
            <list>
              <label><val>a</val></label>
              <item>accelerando</item>
              <label><val>l</val></label>
              <item>lento</item>
              <label><val>neutral</val></label>
              <item>neutral</item>
            </list>
          </item>
          <label>
          <val>loud</val></label>
          <item>loudness
            <list>
              <item><val>f</val></item>
              <item><val>neutral</val></item>
              <item><val>p</val></item>
            </list>
          </item>
		  </list>
		</tagUsage>
      <tagUsage gi="gap" occurs="1">Used to mark points where a short portion of
		speech has not been recorded or has been left untranscribed,
		whether for editorial reasons, as part of the sampling practice,
		or because the material is inaudible or comprises sensitive
		content. The following <att>reason</att> attributes are used to
		mark:
		<list>
		  <label><val>not_recorded</val></label><item>Not recorded
		  speech</item>
		  <label><val>not_transcribed</val></label><item>Not transcribed
		  speech</item>
		</list>
		Further information on the reason for a gap is provided within
		the <att>voice:desc</att> attribute.
		</tagUsage>
      <tagUsage gi="incident" occurs="3">Used to mark contextual information
		relevant to the understanding of the interaction or the
		interaction as such. The <att>voice:desc</att> attribute
		provides a short prose description of the contextual
		event.</tagUsage>
      <tagUsage gi="foreign" occurs="2">Used to mark a word or phrase as
		belonging to some language other than English. The following
		values for the <att>type</att> attribute are used to mark:
		<list>
		  <label><val>L1</val></label><item>the speaker's first
		  language</item>
		  <label><val>LN</val></label><item>a language other than the
		  speaker's first language</item>
		  <label><val>LQ</val></label><item>a language where it cannot
		  be ascertained whether it is the speaker's first or other
		  language.</item>
		</list>
		Whenever possible, the 
		<att>voice:translation</att> attribute provides a rough translation of the
		non-English speech into English.
		</tagUsage></namespace><namespace name="http://www.univie.ac.at/voice/ns/1.0">
      <tagUsage gi="voice:track" occurs="7">Used to mark the beginning of a new
		audio track used in transcription (usually three minutes in length) and thus refers to the audio recording
		of the transcribed speech event.
		</tagUsage>
      <tagUsage gi="voice:to" occurs="1">Used to mark speech directed towards a
		particular speaker. The <att>who</att>who attribute indicates the
		addressed speaker.</tagUsage>
      <tagUsage gi="voice:pvc" occurs="5">Used to mark a pronunciation variation
		or coinage as described in <ref target="http://www.univie.ac.at/voice/documents/VOICE_mark-up_conventions_v2-1.pdf">the
			VOICE mark-up conventions [2.1].</ref>the
			VOICE mark-up conventions [2.1]. An existing word corresponding to the PVC may be provided within a <att>comment</att>comment attribute within the <gi>voice:pvc</gi>voice:pvc element. Additional phonetic
			transcription may be provided within a <att>voice:ipa</att>voice:ipa attribute
			within the <gi>voice:pvc</gi>voice:pvc element.</tagUsage></namespace></tagsDecl>
      </encodingDesc>
      <profileDesc>
         <textClass>
            <catRef target="#PRqas18_PR #PRqas18_qas"/>
            <catRef target="#PR #qas"/>
         </textClass>
         <settingDesc>
            <setting>
               <name type="country">FI</name>
               <name type="city">Helsinki</name>
               <locale>seminar room at university</locale>
               <activity>none</activity>
            </setting>
         </settingDesc>
         <particDesc>
            <listPerson type="main">
               <listPerson type="groups">
                  <personGrp role="speakers" size="5"/>
                  <personGrp role="interactants" size="5"/>
                  <personGrp role="audience" size="unknown"/>
               </listPerson>
               <listPerson type="identified">
                  <person role="chair" sameAs="#P704" xml:id="PRqas18_S1">
                     <age value="0">unknown</age>
                     <sex value="1">male</sex>
                     <langKnowledge>
                        <langKnown level="L1" tag="dut"/>
                     </langKnowledge>
                  </person>
                  <person role="presenter" sameAs="#P705" xml:id="PRqas18_S2">
                     <age value="3">35-49</age>
                     <sex value="2">female</sex>
                     <occupation>teacher of language and linguistics</occupation>
                     <langKnowledge>
                        <langKnown level="L1" tag="nor-NO"/>
                     </langKnowledge>
                  </person>
                  <person role="coordinator" sameAs="#P706" xml:id="PRqas18_S3">
                     <age value="2">25-34</age>
                     <sex value="2">female</sex>
                     <langKnowledge>
                        <langKnown level="L1" tag="fin-FI"/>
                     </langKnowledge>
                  </person>
                  <person role="audience" sameAs="#P707" xml:id="PRqas18_S4">
                     <age value="2">25-34</age>
                     <sex value="1">male</sex>
                     <langKnowledge>
                        <langKnown level="L1" tag="fin-FI"/>
                     </langKnowledge>
                  </person>
                  <person role="audience" sameAs="#P708" xml:id="PRqas18_S5">
                     <age value="4">50+</age>
                     <sex value="1">male</sex>
                     <langKnowledge>
                        <langKnown level="L1" tag="und"/>
                     </langKnowledge>
                  </person>
               </listPerson>
               <listPerson type="not_identified">
                  <person corresp="#PRqas18_S1" sameAs="#SX" xml:id="PRqas18_SX-1"/>
                  <person sameAs="#SX-f" xml:id="PRqas18_SX-f"/>
                  <person sameAs="#SX-m" xml:id="PRqas18_SX-m"/>
                  <person corresp="#PRqas18_S5" sameAs="#SX" xml:id="PRqas18_SX-5"/>
                  <person sameAs="#SS" xml:id="PRqas18_SS"/>
                  <person corresp="#PRqas18_S2" sameAs="#SX" xml:id="PRqas18_SX-2"/>
                  <person sameAs="#SX" xml:id="PRqas18_SX"/>
               </listPerson>
               <relationGrp>
                  <relation mutual="#PRqas18_S1 #PRqas18_S2 #PRqas18_S3 #PRqas18_S4 #PRqas18_S5" name="power_relations_unknown" type="power"/>
                  <relation mutual="#PRqas18_S1 #PRqas18_S2 #PRqas18_S3 #PRqas18_S4 #PRqas18_S5" name="acquaintedness_unknown" type="acquaintedness"/>
               </relationGrp>
            </listPerson>
         </particDesc>
      </profileDesc>
      <revisionDesc>
         <change when="2009-05-19" who="SM">conversion to XML</change>
         <change when="2009-05-12" who="AB">finalized for publication</change>
         <change when="2009-01-13" who="TK">proof-reading</change>
         <change when="2008-11-23" who="CH">checking</change>
         <change when="2008-01-06" who="AW">transcription</change>
      </revisionDesc>
   </teiHeader>
   <text>
      <body>
         <div type="medium" voice:end="01:27" voice:end_medium_number="1" voice:end_track="2" voice:medium_type="md" voice:start="00:00" voice:start_medium_number="1" voice:start_track="1">
            <u who="#PRqas18_S1" xml:id="PRqas18_u_1"><emph> may </emph> i introduce <pause/> to you <pause/> our first speaker<c function="rise" type="intonation"/> i have to admit that we <emph> just </emph> met <pause/> e<c type="lengthening"/>r twenty <pause/> seconds before here <seg n="7" type="overlap" xml:id="PRqas18_ol_0"> and </seg></u>
            <u who="#PRqas18_SX-2" xml:id="PRqas18_u_2"><seg n="7" synch="#PRqas18_ol_0" type="overlap" xml:id="PRqas18_ol_1"><vocal subtype="wordstart" type="wordlike" voice:desc="laughing" voice:syl="1"/></seg><vocal type="wordlike" voice:desc="laughing" voice:syl="2"/><pause/></u>
            <u who="#PRqas18_S1" xml:id="PRqas18_u_3"> er i was able to<c type="lengthening"/><pause/> ask two things<c function="fall" type="intonation"/> where is <supplied reason="anonymization"> [place1] </supplied> college<c function="fall" type="intonation"/></u>
            <u who="#PRqas18_SX-f" xml:id="PRqas18_u_4"><vocal subtype="wordstart" type="wordlike" voice:desc="laughing" voice:syl="4"/><anchor synch="#PRqas18_oc_1" type="other_continuation" xml:id="PRqas18_oc_0"/></u>
            <u who="#PRqas18_S1" xml:id="PRqas18_u_5"><anchor synch="#PRqas18_oc_0" type="other_continuation" xml:id="PRqas18_oc_1"/> e<c type="lengthening"/>r <pause/> we have the <emph> disadvantage </emph> of having <pause/><emph> na</emph>tionalities on <unclear> our </unclear> er er <pause/> names<c function="rise" type="intonation"/> but er it's not always <unclear> hard for us </unclear> because you <pause/><emph> very </emph> often <unclear> need </unclear> two countries you know<c function="rise" type="intonation"/> country of background and the country where you are <emph> working </emph> or maybe a third one<c function="rise" type="intonation"/><pause/><unclear> but er i know </unclear> towns<c function="fall" type="intonation"/> and <supplied reason="anonymization"> [place1] </supplied> college is not a <pause/> very famous because it's in a very <pause/><emph> small </emph> city<c function="rise" type="intonation"/> if you understand it it's er on the <emph> west </emph> coast of <pause/> norway may i in- <pause/><emph> invite </emph> you to come and we'll have <pause/><emph> slides </emph> which makes it easier for us to <pause/> discuss as well <pause/> on<c type="lengthening"/> t his <unclear> feeling </unclear><c function="fall" type="intonation"/> thank you very much<c function="fall" type="intonation"/><pause dur="PT3S"/></u>
            <u who="#PRqas18_S2" xml:id="PRqas18_u_6"><shift corresp="#PRqas18_s_2" feature="loud" new="p" xml:id="PRqas18_s_1"/><unclear> but if you want we could </unclear><pause/><unclear> up there<c function="rise" type="intonation"/></unclear><shift corresp="#PRqas18_s_1" feature="loud" new="neutral" xml:id="PRqas18_s_2"/></u>
            <u who="#PRqas18_S1" xml:id="PRqas18_u_7"><shift corresp="#PRqas18_s_4" feature="loud" new="p" xml:id="PRqas18_s_3"/> that's the easiest thing i think<c function="fall" type="intonation"/> did you <supplied reason="unintelligible"> xxx<c function="rise" type="intonation"/></supplied><pause/> for your slides then<c function="rise" type="intonation"/><shift corresp="#PRqas18_s_3" feature="loud" new="neutral" xml:id="PRqas18_s_4"/><pause/></u>
            <u who="#PRqas18_S2" xml:id="PRqas18_u_8"><shift corresp="#PRqas18_s_6" feature="loud" new="p" xml:id="PRqas18_s_5"/> erm i have no slides because they're on <emph> one </emph><shift corresp="#PRqas18_s_5" feature="loud" new="neutral" xml:id="PRqas18_s_6"/></u>
            <u who="#PRqas18_S1" xml:id="PRqas18_u_9"><shift corresp="#PRqas18_s_8" feature="loud" new="p" xml:id="PRqas18_s_7"/><unclear> uhu </unclear><c function="rise" type="intonation"/><shift corresp="#PRqas18_s_7" feature="loud" new="neutral" xml:id="PRqas18_s_8"/></u>
            <u who="#PRqas18_S2" xml:id="PRqas18_u_10"> good morning<c function="rise" type="intonation"/> i come from norway e<c type="lengthening"/>r and my name is <supplied reason="anonymization"> [S2] </supplied><supplied reason="anonymization"> [S2/last] </supplied> and i teach foreign students<c function="fall" type="intonation"/><pause/> they stay in norway for up to six years<c function="fall" type="intonation"/><pause/> but the first year they <pause/> stay with us<c function="rise" type="intonation"/><pause/> and learn norwegian and culture<c function="rise" type="intonation"/><pause/> and <emph> if </emph> they succeed their exams <pause/> they study they study further <pause/><emph> in </emph> norwegian<c function="fall" type="intonation"/><pause dur="PT1S"/> they take their degrees in norwegian<c function="fall" type="intonation"/> the <emph> language </emph><c function="fall" type="intonation"/><pause dur="PT1S"/> erm<c type="lengthening"/><pause dur="PT2S"/> so far seventy-six <pause/> er different <pause/> cultures or or countries has been represented <pause/><emph> in </emph> my college <pause dur="PT1S"/> over these fifteen years<c function="fall" type="intonation"/><pause dur="PT1S"/> erm<c type="lengthening"/><pause/> in order to study well i think a student <emph> need </emph> to feel comfortable<c function="fall" type="intonation"/><pause/> and to feel comfortable<c function="rise" type="intonation"/><vocal voice:desc="clears throat"/> if a foreign student need  to know something about <vocal voice:desc="clears throat"/> excuse me the the culture<c function="rise" type="intonation"/><pause/> the codes<c function="rise" type="intonation"/><pause/> er the signals they see around them<c function="fall" type="intonation"/><pause/> therefore the first week when they come to us <pause/> direct  from the <supplied reason="unintelligible"> x </supplied> we give them a a a course of eight hours<c function="rise" type="intonation"/><pause/> in erm<c type="lengthening"/> e<c type="lengthening"/>r cultural codes patterns <pause/> er traditions<c function="rise" type="intonation"/> that we think they <pause/><emph> adjust </emph> much more erm<c type="lengthening"/><pause/> much <emph> better </emph><pause/> and much faster when we give them this <pause/> er er outlines of the of the society<c function="fall" type="intonation"/><pause dur="PT1S"/> erm <pause/> foreign students are very polite and they want of course to be polite in a new country<c function="fall" type="intonation"/><pause/> politeness is not a matter that of wrong and right but of expectations<c function="rise" type="intonation"/><pause/> and when we come to another culture<c function="rise" type="intonation"/><voice:track medium="1" num="02" type="md"/> we look for <shift corresp="#PRqas18_s_10" feature="tempo" new="l" xml:id="PRqas18_s_9"/> the same <shift corresp="#PRqas18_s_9" feature="tempo" new="neutral" xml:id="PRqas18_s_10"/><pause dur="PT1S"/><emph> codes </emph> of <pause/> politeness<c function="rise" type="intonation"/><pause/> as we have known in our <pause/> own culture<c function="fall" type="intonation"/><pause dur="PT1S"/> and <emph> when </emph> we do not see the same signals<c function="rise" type="intonation"/> of politeness <pause/><emph> as </emph> at home in our own culture <pause/> we tend to think <pause/><emph> this </emph> society <pause/> is not polite not friendly<c function="rise" type="intonation"/></u>
            <u who="#PRqas18_SX-f" xml:id="PRqas18_u_11"><shift corresp="#PRqas18_s_12" feature="loud" new="p" xml:id="PRqas18_s_11"/> mhm <shift corresp="#PRqas18_s_11" feature="loud" new="neutral" xml:id="PRqas18_s_12"/></u>
            <u who="#PRqas18_S2" xml:id="PRqas18_u_12"><emph> and </emph> there is very often <pause/> signs of frustration among the students<c function="fall" type="intonation"/><pause/> they <emph> do </emph> not f- they don't do not feel at home<c function="fall" type="intonation"/> they they feel strangers<c function="fall" type="intonation"/><pause/> because they don't really see <pause/> er they don't really er understand what they see around you<c function="fall" type="intonation"/><pause/> or around them<c function="fall" type="intonation"/><pause/> so for example when they go to a discotheque <pause/> i- in in <supplied reason="anonymization"> [place1] </supplied> together with er norwegian students <pause/> they have a nice evening together<c function="rise" type="intonation"/><pause/><vocal type="speaker_noise" voice:desc="smacks lips"/> and then the next day<c function="rise" type="intonation"/><pause/> they meet each other<c function="rise" type="intonation"/> at the university and the foreigners they prepare to stop to have a little chat <pause/> but the norwegian er students they just say hi and pass<c function="rise" type="intonation"/><pause dur="PT1S"/></u>
            <u who="#PRqas18_SX-f" xml:id="PRqas18_u_13"><shift corresp="#PRqas18_s_14" feature="loud" new="p" xml:id="PRqas18_s_13"/> mhm <shift corresp="#PRqas18_s_13" feature="loud" new="neutral" xml:id="PRqas18_s_14"/></u>
            <u who="#PRqas18_S2" xml:id="PRqas18_u_14"> and the foreign students feel so bad<c function="fall" type="intonation"/> oh it's <emph> because </emph> i'm a foreigner<c function="fall" type="intonation"/><pause/> they don't like me<c function="fall" type="intonation"/><pause/> and this is a <emph> cold </emph> indifferent society<c function="fall" type="intonation"/> they conclude <emph> very </emph> fast with that<c function="fall" type="intonation"/></u>
            <u who="#PRqas18_SX-f" xml:id="PRqas18_u_15"><shift corresp="#PRqas18_s_16" feature="loud" new="p" xml:id="PRqas18_s_15"/> mhm <shift corresp="#PRqas18_s_15" feature="loud" new="neutral" xml:id="PRqas18_s_16"/></u>
         </div>
         <gap dur="PT00H08M47S" reason="not_transcribed" voice:desc="mon; S2 continues with presentation about cultural differences"/>
         <div type="medium" voice:end="01:10" voice:end_medium_number="1" voice:end_track="11" voice:medium_type="md" voice:start="01:14" voice:start_medium_number="1" voice:start_track="5">
            <u who="#PRqas18_S2" xml:id="PRqas18_u_16"> e<c type="lengthening"/>rm an ex<c type="lengthening"/>ample would be a<c type="lengthening"/>n <pause/> student from a country far away<c function="rise" type="intonation"/> he <emph> wanted </emph> to be rude and impolite because he was so angry<c function="fall" type="intonation"/><pause/> he was about to take his driving <emph> li</emph>cence<c function="rise" type="intonation"/><pause/> and then he didn't succeed<c function="rise" type="intonation"/><pause/> and erm <pause dur="PT1S"/> the norwegian officer that had decided so <pause/> came and <unclear> come </unclear> up to him and said you didn't succeed<c function="fall" type="intonation"/><pause/> and <emph> this </emph> foreign student was <emph> so </emph><emph> angry </emph><pause/> and <emph> he </emph> said <pause/> what he would have said <pause/> to a man in his own culture<c function="fall" type="intonation"/> the most <emph> bad </emph> thing he could think of<c function="fall" type="intonation"/><pause/> i have had sex with your sister<c function="rise" type="intonation"/></u>
            <u who="#PRqas18_SS" xml:id="PRqas18_u_17"><vocal subtype="wordstart" type="wordlike" voice:desc="laughing" voice:syl="12"/></u>
            <u who="#PRqas18_S2" xml:id="PRqas18_u_18"> the norwegian officer looked at him and said <pause/><shift corresp="#PRqas18_s_18" feature="voice" new="imitating" xml:id="PRqas18_s_17"/> oh<c function="rise" type="intonation"/> did you know my sister<c function="rise" type="intonation"/><shift corresp="#PRqas18_s_17" feature="voice" new="neutral" xml:id="PRqas18_s_18"/></u>
            <u who="#PRqas18_SS" xml:id="PRqas18_u_19"><vocal subtype="wordstart" type="wordlike" voice:desc="laughing" voice:syl="14"/></u>
            <u who="#PRqas18_S2" xml:id="PRqas18_u_20"> so<c function="fall" type="intonation"/> it's difficult to be <pause dur="PT1S"/></u>
            <u who="#PRqas18_SX-f" xml:id="PRqas18_u_21"><vocal subtype="wordstart" type="wordlike" voice:desc="laughing" voice:syl="2"/></u>
            <u who="#PRqas18_S2" xml:id="PRqas18_u_22"> to be angry<c function="fall" type="intonation"/> to be to say something very ins- insulting in another culture<c function="fall" type="intonation"/><pause dur="PT1S"/> e<c type="lengthening"/>rm the student's role and the teacher's role differs very much from culture to culture<c function="fall" type="intonation"/><pause/> in the b- beginning you are not aware of this<c function="fall" type="intonation"/><pause/> but very much <emph> so </emph><c function="rise" type="intonation"/><pause/> and <emph> i </emph> think it's <emph> so </emph> important to explain to each other what we <emph> expect </emph> from each other<c function="fall" type="intonation"/></u>
            <u who="#PRqas18_SX-f" xml:id="PRqas18_u_23"><shift corresp="#PRqas18_s_20" feature="loud" new="p" xml:id="PRqas18_s_19"/> mhm <shift corresp="#PRqas18_s_19" feature="loud" new="neutral" xml:id="PRqas18_s_20"/></u>
            <u who="#PRqas18_S2" xml:id="PRqas18_u_24"> hh and i tell my students <emph> very </emph> clearly what is my job<c function="rise" type="intonation"/> what am i supposed to do<c function="rise" type="intonation"/><pause/><shift corresp="#PRqas18_s_22" feature="tempo" new="l" xml:id="PRqas18_s_21"/> what <emph> do </emph> i do<c function="rise" type="intonation"/> what can i do<c function="rise" type="intonation"/><shift corresp="#PRqas18_s_21" feature="tempo" new="neutral" xml:id="PRqas18_s_22"/> and what do i not want to do<c function="fall" type="intonation"/><pause dur="PT1S"/> i do <emph> not </emph> be- because we open up norwegian teachers open up <voice:track medium="1" num="06" type="md"/> and say <pause dur="PT1S"/> er let us have your questions come to my office i will help you and then students may <pause/> think it it's about everything<c function="fall" type="intonation"/><pause/> i tell them i do not want er telephone ca<c type="lengthening"/>lls in the evenings about grammar<c function="fall" type="intonation"/></u>
            <u who="#PRqas18_SS" xml:id="PRqas18_u_25"> hm <vocal subtype="wordstart" type="wordlike" voice:desc="laughing" voice:syl="2"/></u>
            <u who="#PRqas18_S2" xml:id="PRqas18_u_26"> things like <seg n="8" type="overlap" xml:id="PRqas18_ol_2"> that<c function="fall" type="intonation"/></seg></u>
            <u who="#PRqas18_SX-f" xml:id="PRqas18_u_27"><seg n="8" synch="#PRqas18_ol_2" type="overlap" xml:id="PRqas18_ol_3"><vocal subtype="wordstart" type="wordlike" voice:desc="laughing" voice:syl="1"/></seg><vocal type="wordlike" voice:desc="laughing" voice:syl="1"/></u>
            <u who="#PRqas18_S2" xml:id="PRqas18_u_28"> there are limits to what <pause/> our service is<c function="fall" type="intonation"/><pause dur="PT1S"/></u>
            <u who="#PRqas18_SX-f" xml:id="PRqas18_u_29"><shift corresp="#PRqas18_s_24" feature="loud" new="p" xml:id="PRqas18_s_23"/> mhm <shift corresp="#PRqas18_s_23" feature="loud" new="neutral" xml:id="PRqas18_s_24"/><pause/></u>
            <u who="#PRqas18_SX-f" xml:id="PRqas18_u_30"><shift corresp="#PRqas18_s_26" feature="loud" new="p" xml:id="PRqas18_s_25"/> mhm <shift corresp="#PRqas18_s_25" feature="loud" new="neutral" xml:id="PRqas18_s_26"/><anchor synch="#PRqas18_oc_3" type="other_continuation" xml:id="PRqas18_oc_2"/></u>
            <u who="#PRqas18_S2" xml:id="PRqas18_u_31"><anchor synch="#PRqas18_oc_2" type="other_continuation" xml:id="PRqas18_oc_3"/> e<c type="lengthening"/>rm <pause dur="PT2S"/> generally when i feel that <pause/> a student is <pause/> strange<c function="fall" type="intonation"/><pause/> and very <pause/> a stranger to me<c function="fall" type="intonation"/><pause/><emph> i </emph> know that <emph> i </emph><pause dur="PT1S"/> give this person the same feeling<c function="fall" type="intonation"/> i think it's <emph> very </emph> important to be aware of that<c function="fall" type="intonation"/><pause dur="PT1S"/> we have a  mutual <pause/> strange feelings to each other<c function="fall" type="intonation"/> and <emph> then </emph> i explain more<c function="fall" type="intonation"/><pause/> not only <emph> what </emph> we are going to do <pause/><emph> how </emph> we are going to do <pause/> but also <emph> why </emph> we are going to do it<c function="fall" type="intonation"/><pause/> i have been a foreign student in three other countries<c function="fall" type="intonation"/><pause/> and sometimes it was a <emph> mystery </emph> to me<c function="fall" type="intonation"/><pause/> what is the purpose here<c function="fall" type="intonation"/><pause/></u>
            <u who="#PRqas18_SX-f" xml:id="PRqas18_u_32"><shift corresp="#PRqas18_s_28" feature="loud" new="p" xml:id="PRqas18_s_27"/> mhm <shift corresp="#PRqas18_s_27" feature="loud" new="neutral" xml:id="PRqas18_s_28"/></u>
            <u who="#PRqas18_S2" xml:id="PRqas18_u_33"> and <emph> in </emph> our culture we don't think about that<c function="fall" type="intonation"/> what is the purpose of this exercise or this kind of exam<c function="fall" type="intonation"/><pause/> it's er it's so <pause/><emph> implied </emph> in us<c function="fall" type="intonation"/> and in norwegian stu<seg n="9" type="overlap" xml:id="PRqas18_ol_4">dents<c function="fall" type="intonation"/></seg> but not in foreign students<c function="fall" type="intonation"/><pause/></u>
            <u who="#PRqas18_SX-f" xml:id="PRqas18_u_34"><seg n="9" synch="#PRqas18_ol_4" type="overlap" xml:id="PRqas18_ol_5"><shift corresp="#PRqas18_s_30" feature="loud" new="p" xml:id="PRqas18_s_29"/> mhm <shift corresp="#PRqas18_s_29" feature="loud" new="neutral" xml:id="PRqas18_s_30"/></seg></u>
            <u who="#PRqas18_S2" xml:id="PRqas18_u_35"> so <emph> what </emph> is the aim here<c function="fall" type="intonation"/><emph> what </emph> is the purpose<c function="fall" type="intonation"/><pause/> i think it's good for ourselves to focus on that<c function="fall" type="intonation"/> too<c function="fall" type="intonation"/><pause dur="PT1S"/> hh <pause/> well erm my problem is that <emph> i </emph> have a <pause dur="PT2S"/><voice:to who="#PRqas18_S1"><shift corresp="#PRqas18_s_32" feature="loud" new="p" xml:id="PRqas18_s_31"/><unclear> time is </unclear><shift corresp="#PRqas18_s_31" feature="loud" new="neutral" xml:id="PRqas18_s_32"/></voice:to></u>
            <u who="#PRqas18_S1" xml:id="PRqas18_u_36"><shift corresp="#PRqas18_s_34" feature="loud" new="p" xml:id="PRqas18_s_33"/> five minutes<c function="rise" type="intonation"/><shift corresp="#PRqas18_s_33" feature="loud" new="neutral" xml:id="PRqas18_s_34"/></u>
            <u who="#PRqas18_S2" xml:id="PRqas18_u_37"><shift corresp="#PRqas18_s_36" feature="loud" new="p" xml:id="PRqas18_s_35"/> five minutes<c function="fall" type="intonation"/><seg n="4" type="overlap" xml:id="PRqas18_ol_6"> okay </seg><shift corresp="#PRqas18_s_35" feature="loud" new="neutral" xml:id="PRqas18_s_36"/><pause/></u>
            <u who="#PRqas18_S1" xml:id="PRqas18_u_38"><seg n="4" synch="#PRqas18_ol_6" type="overlap" xml:id="PRqas18_ol_7"> mhm </seg></u>
            <u who="#PRqas18_S2" xml:id="PRqas18_u_39"> erm<c type="lengthening"/><pause/> i have erm very good students <pause/> six hundred applicants for twenty-five places<c function="rise" type="intonation"/><pause/> so it's the <emph> cream </emph> on of the cream  at my er university<c function="rise" type="intonation"/><pause/> it's very good but they are <emph> so </emph><c type="lengthening"/> afraid of ma<c type="lengthening"/>king mistakes<c function="fall" type="intonation"/><pause/></u>
            <u who="#PRqas18_SX-f" xml:id="PRqas18_u_40"><shift corresp="#PRqas18_s_38" feature="loud" new="p" xml:id="PRqas18_s_37"/> yeah <shift corresp="#PRqas18_s_37" feature="loud" new="neutral" xml:id="PRqas18_s_38"/></u>
            <u who="#PRqas18_S2" xml:id="PRqas18_u_41"> and to learn a new language <emph> is </emph><shift corresp="#PRqas18_s_40" feature="tempo" new="l" xml:id="PRqas18_s_39"/> to <emph> make </emph><shift corresp="#PRqas18_s_39" feature="tempo" new="neutral" xml:id="PRqas18_s_40"/><pause/> good mistakes<c function="fall" type="intonation"/> it's <emph> very </emph> important<c function="fall" type="intonation"/> to make mistakes<c function="fall" type="intonation"/><pause/> if not you don't know it's a mistake<c function="rise" type="intonation"/><pause/></u>
            <u who="#PRqas18_SX" xml:id="PRqas18_u_42"><shift corresp="#PRqas18_s_42" feature="loud" new="p" xml:id="PRqas18_s_41"/> mhm <shift corresp="#PRqas18_s_41" feature="loud" new="neutral" xml:id="PRqas18_s_42"/> so to <pause dur="PT1S"/><emph> be </emph> er er acquainted with each other to get to <seg n="5" type="overlap" xml:id="PRqas18_ol_8"> know </seg> each other i think is very important <pause/></u>
            <u who="#PRqas18_SX-f" xml:id="PRqas18_u_43"><seg n="5" synch="#PRqas18_ol_8" type="overlap" xml:id="PRqas18_ol_9"><shift corresp="#PRqas18_s_44" feature="loud" new="p" xml:id="PRqas18_s_43"/> mhm <shift corresp="#PRqas18_s_43" feature="loud" new="neutral" xml:id="PRqas18_s_44"/></seg></u>
            <u who="#PRqas18_S2" xml:id="PRqas18_u_44"> to<c type="lengthening"/> erm what we do we have a grill party  the first week we go for a bus ride together and have a lunch<c function="rise" type="intonation"/><pause/> and <emph> then </emph> i have an <emph> o</emph>bligatory conversation in the office for fifteen minutes<c function="rise" type="intonation"/><pause/> where <pause/> i do not ask what you expect from me as a teacher because i do not get answer<c function="fall" type="intonation"/> they <pause/> they are not quite prepared for that<c function="fall" type="intonation"/><pause/> but i ask about how <emph> how </emph> was the methods <pause/> when you learnt another language<c function="rise" type="intonation"/><pause/> your second language <pause/> er how was the teacher<c function="rise" type="intonation"/> and then i get a picture of what they expect <voice:track medium="1" num="07" type="md"/> from a good teacher<c function="fall" type="intonation"/><pause dur="PT1S"/> to erm <pause dur="PT1S"/> e<c type="lengthening"/>r <pause/> to be a student in norway <shift corresp="#PRqas18_s_46" feature="tempo" new="l" xml:id="PRqas18_s_45"/><emph> is </emph> to <emph> evaluate </emph><c function="fall" type="intonation"/><shift corresp="#PRqas18_s_45" feature="tempo" new="neutral" xml:id="PRqas18_s_46"/> you <emph> have </emph> to evaluate<c function="fall" type="intonation"/> all the time<c function="fall" type="intonation"/><pause/> the teacher the way of communication the books <pause/> e<c type="lengthening"/>rm the exams <emph> anything </emph> you have to evaluate<c function="fall" type="intonation"/><pause/> and <pause/> some of the students are <emph> so </emph> polite <pause/> they hesitate very much to erm <pause/><vocal type="speaker_noise" voice:desc="smacks lips"/></u>
            <u who="#PRqas18_SX-f" xml:id="PRqas18_u_45"><shift corresp="#PRqas18_s_48" feature="loud" new="p" xml:id="PRqas18_s_47"/> mhm <shift corresp="#PRqas18_s_47" feature="loud" new="neutral" xml:id="PRqas18_s_48"/><anchor synch="#PRqas18_oc_5" type="other_continuation" xml:id="PRqas18_oc_4"/></u>
            <u who="#PRqas18_S2" xml:id="PRqas18_u_46"><anchor synch="#PRqas18_oc_4" type="other_continuation" xml:id="PRqas18_oc_5"/> to tell their <pause/> opinions<c function="rise" type="intonation"/><pause/> and again in november the frustration is on top<c function="fall" type="intonation"/><pause/> i notice that<c function="fall" type="intonation"/> every year<c function="fall" type="intonation"/> frustration is on top after three months<c function="fall" type="intonation"/><pause/> then we have another obligatory erm conversation er in the office<c function="rise" type="intonation"/><pause/> and i have a list of questions there<c function="rise" type="intonation"/><pause dur="PT1S"/> that we don't have time to use but <pause/> but erm <pause/><emph> one </emph> moment there is erm <pause/> is obligatory<c function="fall" type="intonation"/><pause/><shift corresp="#PRqas18_s_50" feature="tempo" new="l" xml:id="PRqas18_s_49"/> what would <emph> you </emph><c function="rise" type="intonation"/><shift corresp="#PRqas18_s_49" feature="tempo" new="neutral" xml:id="PRqas18_s_50"/><pause/> like to change<c function="fall" type="intonation"/> everybody has <pause/> at least <shift corresp="#PRqas18_s_52" feature="tempo" new="l" xml:id="PRqas18_s_51"/><emph> one </emph> point<c function="fall" type="intonation"/><shift corresp="#PRqas18_s_51" feature="tempo" new="neutral" xml:id="PRqas18_s_52"/><pause/><emph> one </emph> thing they would like to change i <pause/> i <emph> have </emph> to get especial  asian students<c function="fall" type="intonation"/><pause/><emph> used </emph> to this evaluation form<c function="fall" type="intonation"/><pause/> because e<c type="lengthening"/>rm to be a a a student in norway you have to<c function="fall" type="intonation"/><pause dur="PT2S"/> and also <pause/> to be a student <pause/> means <pause/> to <emph> have </emph> the opinions of your own<c function="fall" type="intonation"/><pause/> to <emph> disagree </emph><c function="fall" type="intonation"/><pause/> and to make students confident that <emph> this </emph> means for the exams also <pause/> you get a better mark <pause/><shift corresp="#PRqas18_s_54" feature="tempo" new="l" xml:id="PRqas18_s_53"/><emph> if </emph><emph> you </emph> can have an argumentation<c function="rise" type="intonation"/><shift corresp="#PRqas18_s_53" feature="tempo" new="neutral" xml:id="PRqas18_s_54"/><pause/><emph> against </emph> the books <pause/> that is different from the teachers' er opinions <pause/></u>
            <u who="#PRqas18_SX-f" xml:id="PRqas18_u_47"><shift corresp="#PRqas18_s_56" feature="loud" new="p" xml:id="PRqas18_s_55"/> mhm <shift corresp="#PRqas18_s_55" feature="loud" new="neutral" xml:id="PRqas18_s_56"/></u>
            <u who="#PRqas18_S2" xml:id="PRqas18_u_48"> it's <emph> brilliant </emph><c function="fall" type="intonation"/> it's <emph> so </emph><emph> good </emph><c function="fall" type="intonation"/><pause/> you will have a good mark<c function="fall" type="intonation"/><pause/> it takes time for the foreign students to be confident on that<c function="fall" type="intonation"/><pause/><unclear> they </unclear> work<c function="rise" type="intonation"/> it takes a year<c function="fall" type="intonation"/> to be confident on that<c function="fall" type="intonation"/><pause/> except for one thing<c function="fall" type="intonation"/><pause/> i do not hide away in my feminist use when i teach<c function="fall" type="intonation"/><pause/></u>
            <u who="#PRqas18_SX-f" xml:id="PRqas18_u_49"><shift corresp="#PRqas18_s_58" feature="loud" new="p" xml:id="PRqas18_s_57"/><emph> m</emph>hm <shift corresp="#PRqas18_s_57" feature="loud" new="neutral" xml:id="PRqas18_s_58"/><pause/></u>
            <u who="#PRqas18_S2" xml:id="PRqas18_u_50"> and after some <pause/> time<c function="rise" type="intonation"/><pause/> they <emph> get </emph> that<c function="fall" type="intonation"/><pause dur="PT1S"/> because foreign students tend to def<c type="lengthening"/>ine <pause/> what is a lawyer <pause/> a lawyer is a <emph> ma</emph><c type="lengthening"/><emph>n </emph><c function="rise" type="intonation"/> who<c type="lengthening"/><c function="rise" type="intonation"/><pause/> do  this and that<c function="fall" type="intonation"/><pause/> what is a pilot a pilot<c function="fall" type="intonation"/> is a <emph> ma</emph><c type="lengthening"/><emph>n </emph><c function="rise" type="intonation"/><pause/></u>
            <u who="#PRqas18_SX-f" xml:id="PRqas18_u_51"><vocal subtype="wordstart" type="wordlike" voice:desc="laughing" voice:syl="1"/><anchor synch="#PRqas18_oc_7" type="other_continuation" xml:id="PRqas18_oc_6"/></u>
            <u who="#PRqas18_S2" xml:id="PRqas18_u_52"><anchor synch="#PRqas18_oc_6" type="other_continuation" xml:id="PRqas18_oc_7"/> and i keep saying only a man<c function="rise" type="intonation"/><pause dur="PT1S"/> and they add oh yes<c function="fall" type="intonation"/> a woman<c function="fall" type="intonation"/> also<c function="fall" type="intonation"/><pause/> and the<c type="lengthening"/>n in nor- norway any- anything could be a woman<c function="fall" type="intonation"/> a a bishop could be a woman<c function="fall" type="intonation"/> in norway<c function="fall" type="intonation"/></u>
            <u who="#PRqas18_SX" xml:id="PRqas18_u_53"><seg n="6" type="overlap" xml:id="PRqas18_ol_10"><shift corresp="#PRqas18_s_60" feature="loud" new="p" xml:id="PRqas18_s_59"/> mhm <shift corresp="#PRqas18_s_59" feature="loud" new="neutral" xml:id="PRqas18_s_60"/></seg></u>
            <u who="#PRqas18_S2" xml:id="PRqas18_u_54"><seg n="6" synch="#PRqas18_ol_10" type="overlap" xml:id="PRqas18_ol_11"> so </seg> we go on with this <pause/> not only a man but also a woman <pause dur="PT1S"/> and erm <pause/> e<c type="lengthening"/>r then after two months a student wrote in his essay and i think he wanted <voice:track medium="1" num="8" type="md"/> to tease me<c function="fall" type="intonation"/><pause/></u>
            <u who="#PRqas18_SX-f" xml:id="PRqas18_u_55"><vocal subtype="wordstart" type="wordlike" voice:desc="laughing" voice:syl="2"/><pause/></u>
            <u who="#PRqas18_S2" xml:id="PRqas18_u_56"> when a ship owner comes <pause/> to a ship yard <pause dur="PT1S"/><shift corresp="#PRqas18_s_62" feature="tempo" new="l" xml:id="PRqas18_s_61"/><emph> she </emph><c function="rise" type="intonation"/> slash <emph> he </emph><c function="rise" type="intonation"/><shift corresp="#PRqas18_s_61" feature="tempo" new="neutral" xml:id="PRqas18_s_62"/><pause/> must discuss <shift corresp="#PRqas18_s_64" feature="tempo" new="l" xml:id="PRqas18_s_63"/><emph> her </emph><c function="rise" type="intonation"/> slash <emph> his </emph><shift corresp="#PRqas18_s_63" feature="tempo" new="neutral" xml:id="PRqas18_s_64"/><pause/> order with the architect<c function="fall" type="intonation"/><pause/> she<c function="rise" type="intonation"/><pause/> he<c function="rise" type="intonation"/><pause/> asks her<c function="rise" type="intonation"/><pause/> him<c function="rise" type="intonation"/><pause/> about the measures of the boat <pause dur="PT1S"/> i don't quite remember but i'd think i gave him a good mark<c function="fall" type="intonation"/></u>
            <u who="#PRqas18_SS" xml:id="PRqas18_u_57"><vocal subtype="wordstart" type="wordlike" voice:desc="laughing" voice:syl="5"/><pause/></u>
            <u who="#PRqas18_S2" xml:id="PRqas18_u_58"><incident voice:desc="S2 turns away"/> and if i have time to show them <pause dur="PT1S"/></u>
            <u who="#PRqas18_SX-1" xml:id="PRqas18_u_59"><seg n="7" type="overlap" xml:id="PRqas18_ol_12"><unclear> you just just </unclear></seg><seg n="8" type="overlap" xml:id="PRqas18_ol_13"><unclear> go to </unclear></seg> this<c function="rise" type="intonation"/><pause dur="PT2S"/><incident dur="PT2S" voice:desc="S1 and S2 rearrange something "/></u>
            <u who="#PRqas18_SX-f" xml:id="PRqas18_u_60"><seg n="7" synch="#PRqas18_ol_12" type="overlap" xml:id="PRqas18_ol_14"><supplied reason="unintelligible"> xxx </supplied></seg></u>
            <u who="#PRqas18_S2" xml:id="PRqas18_u_61"><seg n="8" synch="#PRqas18_ol_13" type="overlap" xml:id="PRqas18_ol_15"><unclear> you see </unclear></seg></u>
            <u who="#PRqas18_SX-f" xml:id="PRqas18_u_62"><supplied reason="unintelligible"> xxx </supplied></u>
            <u who="#PRqas18_S2" xml:id="PRqas18_u_63"><unclear> we could press </unclear></u>
            <u who="#PRqas18_SS" xml:id="PRqas18_u_64"><supplied reason="unintelligible"> xxxxxxx </supplied></u>
            <u who="#PRqas18_SX-m" xml:id="PRqas18_u_65"><shift corresp="#PRqas18_s_66" feature="loud" new="p" xml:id="PRqas18_s_65"/><unclear> it's easier </unclear><shift corresp="#PRqas18_s_65" feature="loud" new="neutral" xml:id="PRqas18_s_66"/><anchor synch="#PRqas18_oc_9" type="other_continuation" xml:id="PRqas18_oc_8"/></u>
            <u who="#PRqas18_S2" xml:id="PRqas18_u_66"><anchor synch="#PRqas18_oc_8" type="other_continuation" xml:id="PRqas18_oc_9"/> yeah<c function="fall" type="intonation"/> and here is erm </u>
            <u who="#PRqas18_SX-m" xml:id="PRqas18_u_67"><shift corresp="#PRqas18_s_68" feature="loud" new="p" xml:id="PRqas18_s_67"/><supplied reason="unintelligible"> xxxx </supplied><shift corresp="#PRqas18_s_67" feature="loud" new="neutral" xml:id="PRqas18_s_68"/></u>
            <u who="#PRqas18_S2" xml:id="PRqas18_u_68"> what erm </u>
            <u who="#PRqas18_SX-m" xml:id="PRqas18_u_69"><shift corresp="#PRqas18_s_70" feature="loud" new="p" xml:id="PRqas18_s_69"/><supplied reason="unintelligible"> x </supplied><shift corresp="#PRqas18_s_69" feature="loud" new="neutral" xml:id="PRqas18_s_70"/><pause/></u>
            <u who="#PRqas18_S2" xml:id="PRqas18_u_70"> they prepare <pause/> the this obli<emph>ga</emph>tory<c function="fall" type="intonation"/><pause/> they prepare the obligatory conversation <pause/> and <pause/> we <emph> do </emph> not have time to talk with about everything only what is a problem<c function="fall" type="intonation"/><pause/> so it's a very n- it's a little negative<c function="fall" type="intonation"/><pause/> but they <emph> have </emph> to have opinions about what to change<c function="fall" type="intonation"/><pause/> and then abou<c type="lengthening"/>t er the teachers' way of teaching <pause/> hm<c type="lengthening"/><pause dur="PT1S"/> well the first the well-being<c function="rise" type="intonation"/><pause/> do you like it here<c function="rise" type="intonation"/> in the group and where you live an<c type="lengthening"/>d erm<c type="lengthening"/><c type="lengthening"/><pause/> in in this place<c function="rise" type="intonation"/><pause/> and the<c type="lengthening"/>n <pause dur="PT1S"/> the way of <pause/> the way we come over it<c function="rise" type="intonation"/> student and teachers<c function="rise" type="intonation"/><pause/> is it difficult to communicate with the teachers do you feel understood misunderstood <pause/> do you understand what the teachers say<c function="rise" type="intonation"/><pause/> what do you think about the way you are treated<c function="fall" type="intonation"/><pause dur="PT1S"/> and then this evaluation part of <emph> teaching </emph><pause/> and be critical and constructive<c function="fall" type="intonation"/> and it takes time before students <pause/> feel confident to do so but <pause/> e<c type="lengthening"/>rm  what <unclear> it is </unclear> like about the communication<c function="rise" type="intonation"/> or the way of teaching<c function="rise" type="intonation"/> what would you like to change and that is obligatory<c function="fall" type="intonation"/> everybody has to say something <emph> there </emph><c function="fall" type="intonation"/><pause dur="PT1S"/> are you offered good enough explanation when you ask for help would you like to have more informa- <emph> what </emph> would you like to have more information about <pause/> do the teachers proceed too fast or too slow<c function="rise" type="intonation"/><pause/> what is your major challenge in learning norwegian<c function="fall" type="intonation"/><pause dur="PT1S"/> and then<c function="rise" type="intonation"/><pause/> i tell the student <pause/> and we <pause/> we have to be frank and honest with each other<c function="fall" type="intonation"/><pause/> i tell the student <pause/> m- my opinion of the <emph> student </emph> not the not the <emph> person </emph><pause/> but <pause/> the student part of this person<c function="fall" type="intonation"/><pause/> an<c type="lengthening"/>d if er the p- er the progress is er is good enough<c function="fall" type="intonation"/><pause dur="PT1S"/> and then <pause/> if there are other topics they would <pause/> like to talk about<c function="fall" type="intonation"/><voice:track medium="1" num="09" type="md"/><pause dur="PT3S"/> yeah<c function="fall" type="intonation"/> thank you<c function="fall" type="intonation"/><pause/></u>
            <u who="#PRqas18_SX-f" xml:id="PRqas18_u_71"><shift corresp="#PRqas18_s_72" feature="loud" new="p" xml:id="PRqas18_s_71"/> mhm <shift corresp="#PRqas18_s_71" feature="loud" new="neutral" xml:id="PRqas18_s_72"/><anchor synch="#PRqas18_oc_11" type="other_continuation" xml:id="PRqas18_oc_10"/></u>
            <u who="#PRqas18_SS" xml:id="PRqas18_u_72"><anchor synch="#PRqas18_oc_10" type="other_continuation" xml:id="PRqas18_oc_11"/><vocal dur="PT5S" iterated="true" voice:desc="applauds"/><pause dur="PT5S"/></u>
            <u who="#PRqas18_S1" xml:id="PRqas18_u_73"> thank you <supplied reason="anonymization"> [S2] </supplied> e<c type="lengthening"/>r i understand your students call you er <supplied reason="anonymization"> [S2] </supplied><c function="rise" type="intonation"/> er <pause/></u>
            <u who="#PRqas18_S2" xml:id="PRqas18_u_74"> yes<c function="fall" type="intonation"/></u>
            <u who="#PRqas18_S1" xml:id="PRqas18_u_75"> yeah <anchor synch="#PRqas18_oc_13" type="other_continuation" xml:id="PRqas18_oc_12"/></u>
            <u who="#PRqas18_S2" xml:id="PRqas18_u_76"><anchor synch="#PRqas18_oc_12" type="other_continuation" xml:id="PRqas18_oc_13"/> first name <pause/> yeah <anchor synch="#PRqas18_oc_15" type="other_continuation" xml:id="PRqas18_oc_14"/></u>
            <u who="#PRqas18_SX-f" xml:id="PRqas18_u_77"><anchor synch="#PRqas18_oc_14" type="other_continuation" xml:id="PRqas18_oc_15"/><shift corresp="#PRqas18_s_74" feature="loud" new="p" xml:id="PRqas18_s_73"/> mhm <shift corresp="#PRqas18_s_73" feature="loud" new="neutral" xml:id="PRqas18_s_74"/></u>
            <u who="#PRqas18_S1" xml:id="PRqas18_u_78"> okay<c function="rise" type="intonation"/> which is quite shocking for a number of them i think<c function="rise" type="intonation"/></u>
            <u who="#PRqas18_SS" xml:id="PRqas18_u_79"><seg n="9" type="overlap" xml:id="PRqas18_ol_16"><vocal subtype="wordstart" type="wordlike" voice:desc="laughing" voice:syl="4"/></seg></u>
            <u who="#PRqas18_S2" xml:id="PRqas18_u_80"><seg n="9" synch="#PRqas18_ol_16" type="overlap" xml:id="PRqas18_ol_17"> i know <pause/> yes </seg></u>
            <u who="#PRqas18_S1" xml:id="PRqas18_u_81"> thank you for this overview of well <pause/> exp- <unclear> had your </unclear> experience of the teacher<c function="fall" type="intonation"/><pause/> e<c type="lengthening"/>r i i'm <pause/> really<c type="lengthening"/> impressed by the <voice:pvc> intercultural </voice:pvc> awareness<c function="fall" type="intonation"/> you<c type="lengthening"/> expressed with this long list </u>
            <u who="#PRqas18_SX-f" xml:id="PRqas18_u_82"><shift corresp="#PRqas18_s_76" feature="loud" new="p" xml:id="PRqas18_s_75"/> mhm <shift corresp="#PRqas18_s_75" feature="loud" new="neutral" xml:id="PRqas18_s_76"/><anchor synch="#PRqas18_oc_17" type="other_continuation" xml:id="PRqas18_oc_16"/></u>
            <u who="#PRqas18_S1" xml:id="PRqas18_u_83"><anchor synch="#PRqas18_oc_16" type="other_continuation" xml:id="PRqas18_oc_17"/> of examples<c function="fall" type="intonation"/><pause/> and the <emph> hu</emph><c type="lengthening"/><emph>man </emph> environment it is so typical for er northern countries<c function="rise" type="intonation"/> and to <pause/><unclear> how </unclear> to <pause/> create this <seg n="1" type="overlap" xml:id="PRqas18_ol_18"> and </seg><pause/></u>
            <u who="#PRqas18_SX-f" xml:id="PRqas18_u_84"><seg n="1" synch="#PRqas18_ol_18" type="overlap" xml:id="PRqas18_ol_19"> mhm </seg></u>
            <u who="#PRqas18_S1" xml:id="PRqas18_u_85"> er <pause/> maybe just er two questions e<c type="lengthening"/>r from my side<c function="rise" type="intonation"/> e<c type="lengthening"/><c type="lengthening"/>r th- er there is this er <emph> very </emph> beautiful series a german series er on <pause/> language and culture with the name <emph> culture </emph><emph> shock </emph><c function="fall" type="intonation"/><foreign type="LN" voice:translation="culture shock" xml:lang="ger"> kulturschock </foreign></u>
            <u who="#PRqas18_SX-f" xml:id="PRqas18_u_86"><shift corresp="#PRqas18_s_78" feature="loud" new="p" xml:id="PRqas18_s_77"/> mhm <shift corresp="#PRqas18_s_77" feature="loud" new="neutral" xml:id="PRqas18_s_78"/><anchor synch="#PRqas18_oc_19" type="other_continuation" xml:id="PRqas18_oc_18"/></u>
            <u who="#PRqas18_S1" xml:id="PRqas18_u_87"><anchor synch="#PRqas18_oc_18" type="other_continuation" xml:id="PRqas18_oc_19"/> and there is <emph> no </emph> book on norway yet<c function="fall" type="intonation"/></u>
            <u who="#PRqas18_SX-f" xml:id="PRqas18_u_88"><shift corresp="#PRqas18_s_80" feature="loud" new="p" xml:id="PRqas18_s_79"/> yeah <shift corresp="#PRqas18_s_79" feature="loud" new="neutral" xml:id="PRqas18_s_80"/></u>
            <u who="#PRqas18_S1" xml:id="PRqas18_u_89"> maybe that's just a suggestion as you have the experience to <pause/></u>
            <u who="#PRqas18_SX-f" xml:id="PRqas18_u_90"><shift corresp="#PRqas18_s_82" feature="loud" new="p" xml:id="PRqas18_s_81"/> yeah <shift corresp="#PRqas18_s_81" feature="loud" new="neutral" xml:id="PRqas18_s_82"/><anchor synch="#PRqas18_oc_21" type="other_continuation" xml:id="PRqas18_oc_20"/></u>
            <u who="#PRqas18_S1" xml:id="PRqas18_u_91"><anchor synch="#PRqas18_oc_20" type="other_continuation" xml:id="PRqas18_oc_21"/> put all your examples together<c function="rise" type="intonation"/></u>
            <u who="#PRqas18_SX-f" xml:id="PRqas18_u_92"><shift corresp="#PRqas18_s_84" feature="loud" new="p" xml:id="PRqas18_s_83"/> hm <shift corresp="#PRqas18_s_83" feature="loud" new="neutral" xml:id="PRqas18_s_84"/><anchor synch="#PRqas18_oc_23" type="other_continuation" xml:id="PRqas18_oc_22"/></u>
            <u who="#PRqas18_S1" xml:id="PRqas18_u_93"><anchor synch="#PRqas18_oc_22" type="other_continuation" xml:id="PRqas18_oc_23"/> e<c type="lengthening"/>r <vocal voice:desc="coughs"/> in in in in such a context<c function="rise" type="intonation"/> or </u>
            <u who="#PRqas18_SX-f" xml:id="PRqas18_u_94"><shift corresp="#PRqas18_s_86" feature="loud" new="p" xml:id="PRqas18_s_85"/> yeah <shift corresp="#PRqas18_s_85" feature="loud" new="neutral" xml:id="PRqas18_s_86"/><anchor synch="#PRqas18_oc_25" type="other_continuation" xml:id="PRqas18_oc_24"/></u>
            <u who="#PRqas18_S1" xml:id="PRqas18_u_95"><anchor synch="#PRqas18_oc_24" type="other_continuation" xml:id="PRqas18_oc_25"/> er <pause/> can you just give us <emph> one </emph> indication on the <emph> number </emph> of hours you are teaching the language and the<c type="lengthening"/><pause/> er percentage of the cultural things in it<c function="fall" type="intonation"/> just to to <pause/> to to have the <emph> framework </emph> of <pause/> where you work in with your students<c function="fall" type="intonation"/><pause/></u>
            <u who="#PRqas18_S2" xml:id="PRqas18_u_96"> e<c type="lengthening"/>rm <pause/><shift corresp="#PRqas18_s_88" feature="loud" new="p" xml:id="PRqas18_s_87"/><unclear> is it on<c function="rise" type="intonation"/></unclear><shift corresp="#PRqas18_s_87" feature="loud" new="neutral" xml:id="PRqas18_s_88"/><pause/></u>
            <u who="#PRqas18_S3" xml:id="PRqas18_u_97"> it <shift corresp="#PRqas18_s_90" feature="voice" new="laugh" xml:id="PRqas18_s_89"/> should be <shift corresp="#PRqas18_s_89" feature="voice" new="neutral" xml:id="PRqas18_s_90"/></u>
            <u who="#PRqas18_S2" xml:id="PRqas18_u_98"> should be<c function="rise" type="intonation"/><pause/><incident voice:desc="S2 tips finger on microphone"/></u>
            <u who="#PRqas18_SX-f" xml:id="PRqas18_u_99"><shift corresp="#PRqas18_s_92" feature="loud" new="p" xml:id="PRqas18_s_91"/> yeah<c function="fall" type="intonation"/><shift corresp="#PRqas18_s_91" feature="loud" new="neutral" xml:id="PRqas18_s_92"/></u>
            <u who="#PRqas18_SX-m" xml:id="PRqas18_u_100"><shift corresp="#PRqas18_s_94" feature="loud" new="p" xml:id="PRqas18_s_93"/><unclear> it is </unclear><shift corresp="#PRqas18_s_93" feature="loud" new="neutral" xml:id="PRqas18_s_94"/></u>
            <u who="#PRqas18_SX-f" xml:id="PRqas18_u_101"><shift corresp="#PRqas18_s_96" feature="loud" new="p" xml:id="PRqas18_s_95"/> yeah<c function="fall" type="intonation"/><shift corresp="#PRqas18_s_95" feature="loud" new="neutral" xml:id="PRqas18_s_96"/><pause/></u>
            <u who="#PRqas18_S2" xml:id="PRqas18_u_102"> e<c type="lengthening"/>rm <pause/> as i said erm<c type="lengthening"/> the first week i think is very important<c function="fall" type="intonation"/><pause/></u>
            <u who="#PRqas18_SX-f" xml:id="PRqas18_u_103"><shift corresp="#PRqas18_s_98" feature="loud" new="p" xml:id="PRqas18_s_97"/> mhm<c function="rise" type="intonation"/><shift corresp="#PRqas18_s_97" feature="loud" new="neutral" xml:id="PRqas18_s_98"/></u>
            <u who="#PRqas18_S2" xml:id="PRqas18_u_104"> erm just briefly to give <unclear> there are some </unclear><pause dur="PT1S"/><emph> major </emph> examples of erm what they believe they <seg n="2" type="overlap" xml:id="PRqas18_ol_20"><unclear> resume </unclear></seg> because they have <seg n="5" type="overlap" xml:id="PRqas18_ol_21"> this </seg></u>
            <u who="#PRqas18_S1" xml:id="PRqas18_u_105"><seg n="2" synch="#PRqas18_ol_20" type="overlap" xml:id="PRqas18_ol_22"> mhm </seg></u>
            <u who="#PRqas18_S1" xml:id="PRqas18_u_106"><seg n="5" synch="#PRqas18_ol_21" type="overlap" xml:id="PRqas18_ol_23"> how </seg> many weeks do you teach<c function="rise" type="intonation"/> er how <emph> many </emph> weeks is the course<c function="rise" type="intonation"/></u>
            <u who="#PRqas18_S2" xml:id="PRqas18_u_107"> the course is er ten months <pause/></u>
            <u who="#PRqas18_S1" xml:id="PRqas18_u_108"> okay and <pause/> the <voice:pvc> intercultural </voice:pvc> thing is especially in the <emph> first </emph> week<c function="fall" type="intonation"/><pause/><seg n="3" type="overlap" xml:id="PRqas18_ol_24"> and </seg></u>
            <u who="#PRqas18_S2" xml:id="PRqas18_u_109"><seg n="3" synch="#PRqas18_ol_24" type="overlap" xml:id="PRqas18_ol_25"> no </seg> no of course<c function="fall" type="intonation"/> they they <emph> learn </emph> about norwegian society and the la<c type="lengthening"/>ws the history <pause/> but <emph> in </emph> norwegian then<c function="fall" type="intonation"/><pause/></u>
            <u who="#PRqas18_S1" xml:id="PRqas18_u_110"> hm<c function="fall" type="intonation"/><pause/> so it is a <emph> ye</emph><c type="lengthening"/><emph>ar </emph> course<c function="fall" type="intonation"/> more or less <anchor synch="#PRqas18_oc_27" type="other_continuation" xml:id="PRqas18_oc_26"/></u>
            <u who="#PRqas18_S2" xml:id="PRqas18_u_111"><anchor synch="#PRqas18_oc_26" type="other_continuation" xml:id="PRqas18_oc_27"/> yeah<c function="fall" type="intonation"/> but <anchor synch="#PRqas18_oc_29" type="other_continuation" xml:id="PRqas18_oc_28"/></u>
            <u who="#PRqas18_SX-f" xml:id="PRqas18_u_112"><anchor synch="#PRqas18_oc_28" type="other_continuation" xml:id="PRqas18_oc_29"/><shift corresp="#PRqas18_s_100" feature="loud" new="p" xml:id="PRqas18_s_99"/> mhm <shift corresp="#PRqas18_s_99" feature="loud" new="neutral" xml:id="PRqas18_s_100"/></u>
            <u who="#PRqas18_S2" xml:id="PRqas18_u_113"> the point is to learn norwegian<c function="rise" type="intonation"/> well enough to study further in norwegia- in norway in norwegian language<c function="fall" type="intonation"/><pause/> of er they use the norwegian language <pause/> if they study medici<c type="lengthening"/>ne or <pause/> if they stu- study <seg n="4" type="overlap" xml:id="PRqas18_ol_26"> pe- </seg><voice:pvc> petrochemistry </voice:pvc> anything </u>
            <u who="#PRqas18_SX" xml:id="PRqas18_u_114"><seg n="4" synch="#PRqas18_ol_26" type="overlap" xml:id="PRqas18_ol_27"><shift corresp="#PRqas18_s_102" feature="loud" new="p" xml:id="PRqas18_s_101"/><unclear> no </unclear><shift corresp="#PRqas18_s_101" feature="loud" new="neutral" xml:id="PRqas18_s_102"/></seg></u>
            <u who="#PRqas18_SX-f" xml:id="PRqas18_u_115"><shift corresp="#PRqas18_s_104" feature="loud" new="p" xml:id="PRqas18_s_103"/> mhm <shift corresp="#PRqas18_s_103" feature="loud" new="neutral" xml:id="PRqas18_s_104"/></u>
            <u who="#PRqas18_S2" xml:id="PRqas18_u_116"> they use the norwegian language<c function="fall" type="intonation"/> so it's a <emph> very </emph><pause/> hard <pause/> study<c function="fall" type="intonation"/><pause/> this <seg n="5" type="overlap" xml:id="PRqas18_ol_28"> first </seg> year<c function="fall" type="intonation"/><pause/></u>
            <u who="#PRqas18_SX-f" xml:id="PRqas18_u_117"><seg n="5" synch="#PRqas18_ol_28" type="overlap" xml:id="PRqas18_ol_29"><shift corresp="#PRqas18_s_106" feature="loud" new="p" xml:id="PRqas18_s_105"/> hm <shift corresp="#PRqas18_s_105" feature="loud" new="neutral" xml:id="PRqas18_s_106"/></seg></u>
            <u who="#PRqas18_S2" xml:id="PRqas18_u_118"> if not<c function="rise" type="intonation"/> they have to go home<c function="fall" type="intonation"/> if they do not succeed<c function="fall" type="intonation"/></u>
            <u who="#PRqas18_SX-f" xml:id="PRqas18_u_119"><shift corresp="#PRqas18_s_108" feature="loud" new="p" xml:id="PRqas18_s_107"/> mhm yeah <shift corresp="#PRqas18_s_107" feature="loud" new="neutral" xml:id="PRqas18_s_108"/></u>
            <u who="#PRqas18_S2" xml:id="PRqas18_u_120"> they have to go home<c function="fall" type="intonation"/><pause/></u>
            <u who="#PRqas18_S1" xml:id="PRqas18_u_121"> okay <pause dur="PT1S"/><supplied reason="unintelligible"> xxx </supplied> er <unclear> base </unclear> to the floor for one or two questions <voice:track medium="1" num="10" type="md"/><pause/></u>
            <u who="#PRqas18_S4" xml:id="PRqas18_u_122"> i'd like to ask about the beginning <pause/> level of those student<c function="fall" type="intonation"/> for instance who come to your course<c function="fall" type="intonation"/> er have they got <emph> any </emph> e<c type="lengthening"/>r previous knowledge of the<c type="lengthening"/> norwegian language or do you start from the  scratch </u>
            <u who="#PRqas18_S2" xml:id="PRqas18_u_123"> we prefer to start from scratch<c function="fall" type="intonation"/><pause/></u>
            <u who="#PRqas18_SX-f" xml:id="PRqas18_u_124"><seg n="8" type="overlap" xml:id="PRqas18_ol_30"><shift corresp="#PRqas18_s_110" feature="loud" new="p" xml:id="PRqas18_s_109"/> oh<c function="fall" type="intonation"/><vocal subtype="wordstart" type="wordlike" voice:desc="laughing" voice:syl="1"/><shift corresp="#PRqas18_s_109" feature="loud" new="neutral" xml:id="PRqas18_s_110"/></seg></u>
            <u who="#PRqas18_S2" xml:id="PRqas18_u_125"><seg n="8" synch="#PRqas18_ol_30" type="overlap" xml:id="PRqas18_ol_31"> because </seg><pause/> er if they have stayed in norway for some while and <emph> no</emph>body ha<c type="lengthening"/>s <pause/> you know s- <pause/> s- e<c type="lengthening"/>r <seg n="9" type="overlap" xml:id="PRqas18_ol_32"> gi- </seg> e<c type="lengthening"/>r s- er <pause/></u>
            <u who="#PRqas18_SX-f" xml:id="PRqas18_u_126"><seg n="9" synch="#PRqas18_ol_32" type="overlap" xml:id="PRqas18_ol_33"><shift corresp="#PRqas18_s_112" feature="loud" new="p" xml:id="PRqas18_s_111"/><supplied reason="unintelligible"> xx </supplied><shift corresp="#PRqas18_s_111" feature="loud" new="neutral" xml:id="PRqas18_s_112"/></seg></u>
            <u who="#PRqas18_S2" xml:id="PRqas18_u_127"> advised them <pause/> i think it's better to start from zero<c function="fall" type="intonation"/><pause/></u>
            <u who="#PRqas18_SX-f" xml:id="PRqas18_u_128"><shift corresp="#PRqas18_s_114" feature="loud" new="p" xml:id="PRqas18_s_113"/> yeah <shift corresp="#PRqas18_s_113" feature="loud" new="neutral" xml:id="PRqas18_s_114"/><anchor synch="#PRqas18_oc_31" type="other_continuation" xml:id="PRqas18_oc_30"/></u>
            <u who="#PRqas18_S2" xml:id="PRqas18_u_129"><anchor synch="#PRqas18_oc_30" type="other_continuation" xml:id="PRqas18_oc_31"/> and most of them do<c function="fall" type="intonation"/> they we have erm <pause/> we have erm<c type="lengthening"/> contracts with the universities<c function="rise" type="intonation"/> around in the world<c function="rise" type="intonation"/><pause/> and we have <emph> exchanges </emph> but that this is not erasmus and those <anchor synch="#PRqas18_oc_33" type="other_continuation" xml:id="PRqas18_oc_32"/></u>
            <u who="#PRqas18_SX-f" xml:id="PRqas18_u_130"><anchor synch="#PRqas18_oc_32" type="other_continuation" xml:id="PRqas18_oc_33"/><shift corresp="#PRqas18_s_116" feature="loud" new="p" xml:id="PRqas18_s_115"/> mhm <shift corresp="#PRqas18_s_115" feature="loud" new="neutral" xml:id="PRqas18_s_116"/><anchor synch="#PRqas18_oc_35" type="other_continuation" xml:id="PRqas18_oc_34"/></u>
            <u who="#PRqas18_S2" xml:id="PRqas18_u_131"><anchor synch="#PRqas18_oc_34" type="other_continuation" xml:id="PRqas18_oc_35"/> sort of thing they stay for <pause/> up to six years in norway<c function="fall" type="intonation"/></u>
            <u who="#PRqas18_SX-f" xml:id="PRqas18_u_132"><shift corresp="#PRqas18_s_118" feature="loud" new="p" xml:id="PRqas18_s_117"/> mhm <shift corresp="#PRqas18_s_117" feature="loud" new="neutral" xml:id="PRqas18_s_118"/><anchor synch="#PRqas18_oc_37" type="other_continuation" xml:id="PRqas18_oc_36"/></u>
            <u who="#PRqas18_S2" xml:id="PRqas18_u_133"><anchor synch="#PRqas18_oc_36" type="other_continuation" xml:id="PRqas18_oc_37"/> to study<c function="fall" type="intonation"/></u>
            <u who="#PRqas18_SX-f" xml:id="PRqas18_u_134"><shift corresp="#PRqas18_s_120" feature="loud" new="p" xml:id="PRqas18_s_119"/> hm <shift corresp="#PRqas18_s_119" feature="loud" new="neutral" xml:id="PRqas18_s_120"/></u>
            <u who="#PRqas18_S1" xml:id="PRqas18_u_135"><shift corresp="#PRqas18_s_122" feature="loud" new="p" xml:id="PRqas18_s_121"/> okay <shift corresp="#PRqas18_s_121" feature="loud" new="neutral" xml:id="PRqas18_s_122"/><pause/> one more question<c function="rise" type="intonation"/><pause/></u>
            <u who="#PRqas18_S5" xml:id="PRqas18_u_136"> erm <pause dur="PT1S"/> one of the first steps <pause/> in <voice:pvc> acculturing </voice:pvc> students to your own culture <pause/> is not to call them <emph> foreign </emph> students<c function="fall" type="intonation"/><pause/> now the americans started this business of calling <pause/> anyone who is coming in <pause/> learning english just like in norway <pause/> to be able to<c type="lengthening"/> er pursue studies of the university level <unclear> you know </unclear> in medicine engineering whatever<c function="rise" type="intonation"/></u>
            <u who="#PRqas18_SX-f" xml:id="PRqas18_u_137"><shift corresp="#PRqas18_s_124" feature="loud" new="p" xml:id="PRqas18_s_123"/> yeah <shift corresp="#PRqas18_s_123" feature="loud" new="neutral" xml:id="PRqas18_s_124"/></u>
            <u who="#PRqas18_SX-f" xml:id="PRqas18_u_138"><shift corresp="#PRqas18_s_126" feature="loud" new="p" xml:id="PRqas18_s_125"/> mhm <shift corresp="#PRqas18_s_125" feature="loud" new="neutral" xml:id="PRqas18_s_126"/></u>
            <u who="#PRqas18_S5" xml:id="PRqas18_u_139"> they are calling them international students<c function="fall" type="intonation"/></u>
            <u who="#PRqas18_SX-2" xml:id="PRqas18_u_140"><shift corresp="#PRqas18_s_128" feature="loud" new="p" xml:id="PRqas18_s_127"/> mhm <shift corresp="#PRqas18_s_127" feature="loud" new="neutral" xml:id="PRqas18_s_128"/></u>
            <u who="#PRqas18_S5" xml:id="PRqas18_u_141"> which is a <emph> euphemism </emph><c function="fall" type="intonation"/><pause/> because ob- obviously everyone has a past<c function="fall" type="intonation"/><pause/> everyone <pause/> has an ethnic <pause/> national <emph> identity </emph><c function="fall" type="intonation"/><pause/> but <emph> somehow </emph><c function="rise" type="intonation"/> somehow<c function="fall" type="intonation"/><pause/> it sounds better<c function="fall" type="intonation"/><pause/> because the word <emph> foreign </emph><pause/> has its own<c type="lengthening"/><pause/> negative connotation<c function="fall" type="intonation"/> built in<c function="fall" type="intonation"/><pause/><emph> i </emph> am norwegian<c function="rise" type="intonation"/><pause/><emph> you </emph> are <pause/> a foreigner<c function="fall" type="intonation"/><pause/> so i wonder if in europe for example there are <pause/> language centers <pause/> such as yours <pause dur="PT1S"/> which actually use the same termin<seg n="3" type="overlap" xml:id="PRqas18_ol_34">olgy </seg> s in the united states<c function="rise" type="intonation"/><pause/></u>
            <u who="#PRqas18_SX-f" xml:id="PRqas18_u_142"><seg n="3" synch="#PRqas18_ol_34" type="overlap" xml:id="PRqas18_ol_35"><shift corresp="#PRqas18_s_130" feature="loud" new="p" xml:id="PRqas18_s_129"/> yeah <shift corresp="#PRqas18_s_129" feature="loud" new="neutral" xml:id="PRqas18_s_130"/></seg></u>
            <u who="#PRqas18_S5" xml:id="PRqas18_u_143"> or else <pause/> you <emph> still </emph> call all these students foreigner<c function="fall" type="intonation"/><pause dur="PT1S"/></u>
            <u who="#PRqas18_SX-f" xml:id="PRqas18_u_144"><shift corresp="#PRqas18_s_132" feature="loud" new="p" xml:id="PRqas18_s_131"/> yeah<c function="rise" type="intonation"/><shift corresp="#PRqas18_s_131" feature="loud" new="neutral" xml:id="PRqas18_s_132"/><pause/></u>
            <u who="#PRqas18_S2" xml:id="PRqas18_u_145"> well it's a matter of erm tradition i think<c function="fall" type="intonation"/> in <emph> our </emph> country <pause/> it <pause/> especially for the students who are not <emph> immigrants </emph><pause dur="PT1S"/></u>
            <u who="#PRqas18_SX-f" xml:id="PRqas18_u_146"><shift corresp="#PRqas18_s_134" feature="loud" new="p" xml:id="PRqas18_s_133"/> mhm <shift corresp="#PRqas18_s_133" feature="loud" new="neutral" xml:id="PRqas18_s_134"/><pause/></u>
            <u who="#PRqas18_S2" xml:id="PRqas18_u_147"> and we have it in our name<c function="fall" type="intonation"/><pause/> we also call it international groups <pause/> e<c type="lengthening"/>r but <emph> that </emph> is something else<c function="fall" type="intonation"/><pause/> we reserve that word for those e- erasmus students er the <emph> exchange </emph> students<c function="fall" type="intonation"/><pause/></u>
            <u who="#PRqas18_SX-f" xml:id="PRqas18_u_148"><shift corresp="#PRqas18_s_136" feature="loud" new="p" xml:id="PRqas18_s_135"/> mhm <shift corresp="#PRqas18_s_135" feature="loud" new="neutral" xml:id="PRqas18_s_136"/><pause/></u>
            <u who="#PRqas18_S2" xml:id="PRqas18_u_149"> and they this is a habit of long tradition<c function="rise" type="intonation"/><pause/> a<c type="lengthening"/>nd i appreciate your advice <pause/><vocal subtype="wordstart" type="wordlike" voice:desc="laughing" voice:syl="1"/><pause/> but but erm<c type="lengthening"/> er in in our context it it's not negative to say foreigner<c function="fall" type="intonation"/></u>
            <u who="#PRqas18_SX-f" xml:id="PRqas18_u_150"><shift corresp="#PRqas18_s_138" feature="loud" new="p" xml:id="PRqas18_s_137"/><emph> m</emph>hm <shift corresp="#PRqas18_s_137" feature="loud" new="neutral" xml:id="PRqas18_s_138"/><anchor synch="#PRqas18_oc_39" type="other_continuation" xml:id="PRqas18_oc_38"/></u>
            <u who="#PRqas18_S5" xml:id="PRqas18_u_151"><anchor synch="#PRqas18_oc_38" type="other_continuation" xml:id="PRqas18_oc_39"/> yeah right <anchor synch="#PRqas18_oc_41" type="other_continuation" xml:id="PRqas18_oc_40"/></u>
            <u who="#PRqas18_S2" xml:id="PRqas18_u_152"><anchor synch="#PRqas18_oc_40" type="other_continuation" xml:id="PRqas18_oc_41"/> because i mean stranger <pause/></u>
            <u who="#PRqas18_SX-f" xml:id="PRqas18_u_153"><shift corresp="#PRqas18_s_140" feature="loud" new="p" xml:id="PRqas18_s_139"/> mhm<c function="rise" type="intonation"/><shift corresp="#PRqas18_s_139" feature="loud" new="neutral" xml:id="PRqas18_s_140"/><pause/></u>
            <u who="#PRqas18_S1" xml:id="PRqas18_u_154"> now <seg n="6" type="overlap" xml:id="PRqas18_ol_36"> thank </seg> you for your remark<c function="fall" type="intonation"/> the problem is that i <seg n="7" type="overlap" xml:id="PRqas18_ol_37"> kno<c type="lengthening"/>w </seg><anchor synch="#PRqas18_oc_43" type="other_continuation" xml:id="PRqas18_oc_42"/></u>
            <u who="#PRqas18_S5" xml:id="PRqas18_u_155"><seg n="6" synch="#PRqas18_ol_36" type="overlap" xml:id="PRqas18_ol_38"> but </seg></u>
            <u who="#PRqas18_S5" xml:id="PRqas18_u_156"><seg n="7" synch="#PRqas18_ol_37" type="overlap" xml:id="PRqas18_ol_39"> it's </seg></u>
            <u who="#PRqas18_S5" xml:id="PRqas18_u_157"><anchor synch="#PRqas18_oc_42" type="other_continuation" xml:id="PRqas18_oc_43"/> it should <unclear> to respond </unclear> the <emph> perspective </emph> of the student i'm talking ma'am<c function="fall" type="intonation"/><emph> not </emph> from <seg n="8" type="overlap" xml:id="PRqas18_ol_40"> your <emph> own </emph></seg> perspec<seg n="9" type="overlap" xml:id="PRqas18_ol_41">tive<c function="fall" type="intonation"/></seg></u>
            <u who="#PRqas18_S2" xml:id="PRqas18_u_158"><seg n="8" synch="#PRqas18_ol_40" type="overlap" xml:id="PRqas18_ol_42"> i see </seg></u>
            <u who="#PRqas18_S2" xml:id="PRqas18_u_159"><seg n="9" synch="#PRqas18_ol_41" type="overlap" xml:id="PRqas18_ol_43"> i </seg><seg n="5" type="overlap" xml:id="PRqas18_ol_44"> see your </seg> point<c function="fall" type="intonation"/><anchor synch="#PRqas18_oc_45" type="other_continuation" xml:id="PRqas18_oc_44"/></u>
            <u who="#PRqas18_SX-m" xml:id="PRqas18_u_160"><seg n="5" synch="#PRqas18_ol_44" type="overlap" xml:id="PRqas18_ol_45"><shift corresp="#PRqas18_s_142" feature="loud" new="p" xml:id="PRqas18_s_141"/> mhm <shift corresp="#PRqas18_s_141" feature="loud" new="neutral" xml:id="PRqas18_s_142"/></seg></u>
            <u who="#PRqas18_S5" xml:id="PRqas18_u_161"><anchor synch="#PRqas18_oc_44" type="other_continuation" xml:id="PRqas18_oc_45"/> you know <pause/><seg n="1" type="overlap" xml:id="PRqas18_ol_46"> em</seg>pathize with <emph> them </emph><c function="fall" type="intonation"/><pause/></u>
            <u who="#PRqas18_S2" xml:id="PRqas18_u_162"><seg n="1" synch="#PRqas18_ol_46" type="overlap" xml:id="PRqas18_ol_47"> i s- </seg></u>
            <u who="#PRqas18_SX-f" xml:id="PRqas18_u_163"><shift corresp="#PRqas18_s_144" feature="loud" new="p" xml:id="PRqas18_s_143"/><vocal subtype="wordstart" type="wordlike" voice:desc="laughing" voice:syl="1"/><shift corresp="#PRqas18_s_143" feature="loud" new="neutral" xml:id="PRqas18_s_144"/></u>
            <u who="#PRqas18_S5" xml:id="PRqas18_u_164"> if i were<c function="rise" type="intonation"/><pause/> called a foreigner <pause/> all through <pause/> in a <seg n="7" type="overlap" xml:id="PRqas18_ol_48"> social </seg> contact <voice:track medium="1" num="11" type="md"/><pause/></u>
            <u who="#PRqas18_SX-2" xml:id="PRqas18_u_165"><seg n="7" synch="#PRqas18_ol_48" type="overlap" xml:id="PRqas18_ol_49"><shift corresp="#PRqas18_s_146" feature="loud" new="p" xml:id="PRqas18_s_145"/> mhm <shift corresp="#PRqas18_s_145" feature="loud" new="neutral" xml:id="PRqas18_s_146"/></seg></u>
            <u who="#PRqas18_S5" xml:id="PRqas18_u_166"> for the rest of my life or for my <unclear> sojourns like for </unclear> two years or three years <pause/><emph> i </emph><unclear> wouldn't </unclear> personally like it<c function="fall" type="intonation"/></u>
            <u who="#PRqas18_SX-m" xml:id="PRqas18_u_167"><shift corresp="#PRqas18_s_148" feature="loud" new="p" xml:id="PRqas18_s_147"/> hm <shift corresp="#PRqas18_s_147" feature="loud" new="neutral" xml:id="PRqas18_s_148"/><pause/></u>
            <u who="#PRqas18_S5" xml:id="PRqas18_u_168"> that i <pause/> you know i'm trying to accultu<seg n="8" type="overlap" xml:id="PRqas18_ol_50">rate </seg> in norway and they still call me a foreigner<c function="fall" type="intonation"/></u>
            <u who="#PRqas18_SX-f" xml:id="PRqas18_u_169"><seg n="8" synch="#PRqas18_ol_50" type="overlap" xml:id="PRqas18_ol_51"><shift corresp="#PRqas18_s_150" feature="loud" new="p" xml:id="PRqas18_s_149"/> mhm <shift corresp="#PRqas18_s_149" feature="loud" new="neutral" xml:id="PRqas18_s_150"/></seg></u>
            <u who="#PRqas18_SS" xml:id="PRqas18_u_170"> mhm </u>
            <u who="#PRqas18_S5" xml:id="PRqas18_u_171"> i'm trying to be <emph> like </emph> you<c function="rise" type="intonation"/><pause/> you still call me a foreigner<c function="fall" type="intonation"/> that's <seg n="2" type="overlap" xml:id="PRqas18_ol_52"> the </seg> psychology<c function="fall" type="intonation"/><pause/></u>
            <u who="#PRqas18_S2" xml:id="PRqas18_u_172"><seg n="2" synch="#PRqas18_ol_52" type="overlap" xml:id="PRqas18_ol_53"> ok- </seg></u>
            <u who="#PRqas18_S5" xml:id="PRqas18_u_173"> you know the student's psychology that's important<c function="fall" type="intonation"/></u>
            <u who="#PRqas18_S2" xml:id="PRqas18_u_174"> okay<c function="fall" type="intonation"/> but the first week they <emph> are </emph> foreigners<c function="fall" type="intonation"/></u>
            <u who="#PRqas18_SX-f" xml:id="PRqas18_u_175"><seg n="9" type="overlap" xml:id="PRqas18_ol_54"> yeah </seg></u>
            <u who="#PRqas18_SS" xml:id="PRqas18_u_176"><seg n="9" synch="#PRqas18_ol_54" type="overlap" xml:id="PRqas18_ol_55"><vocal subtype="wordstart" type="wordlike" voice:desc="laughing" voice:syl="1"/></seg><vocal type="wordlike" voice:desc="laughing" voice:syl="6"/><anchor synch="#PRqas18_oc_47" type="other_continuation" xml:id="PRqas18_oc_46"/></u>
            <u who="#PRqas18_S1" xml:id="PRqas18_u_177"><anchor synch="#PRqas18_oc_46" type="other_continuation" xml:id="PRqas18_oc_47"/> but that's a good remark but it's very <seg n="3" type="overlap" xml:id="PRqas18_ol_56"> diffi</seg>cult to <emph> find </emph><seg n="6" type="overlap" xml:id="PRqas18_ol_57"> a solution<c function="fall" type="intonation"/></seg></u>
            <u who="#PRqas18_SX-f" xml:id="PRqas18_u_178"><seg n="3" synch="#PRqas18_ol_56" type="overlap" xml:id="PRqas18_ol_58"> ye<c type="lengthening"/>ah </seg></u>
            <u who="#PRqas18_S5" xml:id="PRqas18_u_179"><seg n="6" synch="#PRqas18_ol_57" type="overlap" xml:id="PRqas18_ol_59"><unclear> very difficult </unclear></seg> first week yeah<c function="fall" type="intonation"/></u>
            <u who="#PRqas18_SX-1" xml:id="PRqas18_u_180"> uhu <pause/></u>
            <u who="#PRqas18_SX-5" xml:id="PRqas18_u_181"><supplied reason="unintelligible"> xx </supplied><vocal subtype="wordstart" type="wordlike" voice:desc="laughing" voice:syl="4"/></u>
            <u who="#PRqas18_S1" xml:id="PRqas18_u_182"> we have the same kind of confusion <voice:pvc> over<emph>sea </emph></voice:pvc> students <shift corresp="#PRqas18_s_152" feature="tempo" new="a" xml:id="PRqas18_s_151"/> must come from overseas<c function="rise" type="intonation"/><shift corresp="#PRqas18_s_151" feature="tempo" new="neutral" xml:id="PRqas18_s_152"/><emph> ex</emph>change students <pause/> foreign <supplied reason="unintelligible"> xxx </supplied> students <pause/> foreign <emph> non</emph>-<emph>native </emph> students and er we we <pause/> we miss the <unclear> verbs </unclear><c function="fall" type="intonation"/> i remember that in the middle ages in italy they called them <foreign type="LN" xml:lang="ita"><emph> ultra </emph> montanae<c function="fall" type="intonation"/></foreign><seg n="4" type="overlap" xml:id="PRqas18_ol_60"> coming from </seg></u>
            <u who="#PRqas18_SS" xml:id="PRqas18_u_183"><seg n="4" synch="#PRqas18_ol_60" type="overlap" xml:id="PRqas18_ol_61"><vocal subtype="wordstart" type="wordlike" voice:desc="laughing" voice:syl="3"/></seg><vocal subtype="wordstart" type="wordlike" voice:desc="laughing" voice:syl="3"/><seg n="5" type="overlap" xml:id="PRqas18_ol_62"><vocal type="wordlike" voice:desc="laughing" voice:syl="3"/></seg></u>
            <u who="#PRqas18_S1" xml:id="PRqas18_u_184"><seg n="5" synch="#PRqas18_ol_62" type="overlap" xml:id="PRqas18_ol_63"> the other side </seg> of the mountains<c function="fall" type="intonation"/> maybe we have to invent this kind of erm <pause/></u>
            <u who="#PRqas18_S1" xml:id="PRqas18_u_185"> all of <supplied reason="unintelligible"> x </supplied> e<c type="lengthening"/>r <pause/><emph> new </emph> words<c function="fall" type="intonation"/><pause/> i <emph> think </emph> we have to go on with the discussion and e<c type="lengthening"/>r invite our next speaker<c function="rise" type="intonation"/><pause/> e<c type="lengthening"/>r thank you very much for this er <pause/><emph> lively </emph> presentation and this er open er discussion<c function="fall" type="intonation"/><pause/> er </u>
         </div>
      </body>
   </text>
</TEI>