<TEI xmlns="http://www.tei-c.org/ns/1.0" xmlns:voice="http://www.univie.ac.at/voice/ns/1.0" xmlns:xi="http://www.w3.org/2001/XInclude" version="5" xml:id="PRwgd537" xml:lang="eng">
   <teiHeader>
      <fileDesc>
         <titleStmt>
            <title>working group discussion about the development of a mathematical theorem</title>
            <principal>Prof. Barbara Seidlhofer</principal>
            <editor/>
            <funder>Austrian Science Foundation (FWF)</funder>
            <sponsor/>
            <respStmt>
               <resp>Corpus Compilation</resp>
               <orgName>VOICE Project</orgName>
               <persName>Barbara Seidlhofer</persName>
               <persName>Angelika Breiteneder</persName>
               <persName>Marie-Luise Pitzl</persName>
               <persName>Stefan Majewski</persName>
               <persName>Theresa Klimpfinger</persName>
            </respStmt>
         </titleStmt>
         <editionStmt>
		<edition>Version 1.0 XML, <date>May 2011</date></edition>
	  <respStmt>
		<resp>Researchers</resp>
		<name>Barbara Seidlhofer</name> 		
		<name>Angelika Breiteneder</name> 
		<name>Theresa Klimpfinger</name> 
		<name>Stefan Majewski</name> 
		<name>Marie-Luise Pitzl</name> 
	  </respStmt>
	</editionStmt>
         <publicationStmt>
		<publisher>Barbara Seidlhofer, Stefan Majewski, Marie-Luise Pitzl</publisher> 
	  <distributor>VOICE Project, University of Vienna, Austria</distributor> 
	  <address>
		<addrLine>Spitalgasse 2, AAKH Hof 8</addrLine> 
		<addrLine>1090 Vienna</addrLine> 
		<addrLine>Austria</addrLine> 
		<addrLine>Telephone: +43 1 427742446</addrLine> 
	  	<addrLine>Email: voice@univie.ac.at</addrLine> 
		<addrLine>Website: http://www.univie.ac.at/voice</addrLine> 
	  </address>
	  <availability status="free">
	  	<p>
		  The Vienna-Oxford International Corpus of English (VOICE)
		  was created by Barbara Seidlhofer (project director) and
		  Angelika Breiteneder, Theresa Klimpfinger, Stefan Majewski,
		  Marie-Luise Pitzl (project researchers). VOICE 1.0 XML is
		  available for download at the VOICE Project's website <ref target="http://www.univie.ac.at/voice/">http://www.univie.ac.at/voice/</ref>
		  under a Creative Commons
		  Attribution-NonCommercial-ShareAlike 3.0 Unported (CC
		  BY-NC-SA 3.0) License (<ref target="http://creativecommons.org/licenses/by-nc-sa/3.0/">
		  http://creativecommons.org/licenses/by-nc-sa/3.0/
		  </ref>). The original audio files are held at the Department
		  of English, University of Vienna. 23 selected audio files
		  are available as audio streams in the VOICE Online interface
		  at the VOICE Project's website <ref target="http://www.univie.ac.at/voice">http://www.univie.ac.at/voice</ref>.
		</p>
		<p>
		The recommended citation for VOICE 1.0 XML is:
		</p>
		<p>
		<bibl><title>VOICE</title>. <date>2011</date>. <title level="m">The Vienna-Oxford International Corpus of
		English</title> (<edition>version 1.0
		XML</edition>). Director: Barbara Seidlhofer; Researchers:
		Angelika Breiteneder, Theresa Klimpfinger, Stefan Majewski,
		Marie-Luise Pitzl.</bibl>
		</p>
		<p>The short citation for VOICE 1.0 XML is:
		</p>
		<p>
		<bibl><title>VOICE</title>. <date>2011</date>. <title level="m">The Vienna-Oxford International Corpus of
		English</title> (<edition>version 1.0
		XML</edition>).</bibl></p>
		<p>
		  For further information about availability and copyright
		  permissions, please see the README file included in the
		  download package. For further enquiries please contact the
		  VOICE Project at <ref target="mailto:voice@univie.ac.at">voice@univie.ac.at</ref>.
		</p>
	  </availability>
	</publicationStmt>
         <notesStmt>
            <note xml:id="PRwgd537_wc">Words: 3030</note>
            <note xml:id="PRwgd537_tn_0">This working group discussion between two mathematicians focuses on the development of a mathematical theorem. S10 does most of development and is also the one who writes the results down. Since he is often speaking and writing at the same time, his speech is relatively slow. This speech event could not be recorded in its entirety; the beginning and end of the conversation are missing. </note>
         </notesStmt>
         <sourceDesc>
            <recordingStmt>
               <recording dur="PT00H21M44S" type="audio">
                  <date>2005-10-27</date>
                  <equipment>
                     <p>Portable minidisc recorder with electret condenser stereo microphone</p>
                  </equipment>
                  <respStmt>
                     <resp>recording</resp>
                     <name>R19</name>
                  </respStmt>
               </recording>
            </recordingStmt>
         </sourceDesc>
      </fileDesc>
      <encodingDesc>
         <classDecl>
            <taxonomy>
               <category xml:id="PRwgd537_domain">
                  <catDesc>Domain</catDesc>
                  <category sameAs="#ED" xml:id="PRwgd537_ED">
                     <catDesc>educational</catDesc>
                  </category>
                  <category sameAs="#LE" xml:id="PRwgd537_LE">
                     <catDesc>leisure</catDesc>
                  </category>
                  <category sameAs="#PB" xml:id="PRwgd537_PB">
                     <catDesc>professional business</catDesc>
                  </category>
                  <category sameAs="#PO" xml:id="PRwgd537_PO">
                     <catDesc>professional organizational</catDesc>
                  </category>
                  <category sameAs="#PR" xml:id="PRwgd537_PR">
                     <catDesc>professional research/science</catDesc>
                  </category>
               </category>
               <category xml:id="PRwgd537_spet">
                  <catDesc>Speech Event Type</catDesc>
                  <category sameAs="#int" xml:id="PRwgd537_int">
                     <catDesc>interview</catDesc>
                  </category>
                  <category sameAs="#prc" xml:id="PRwgd537_prc">
                     <catDesc>press conference</catDesc>
                  </category>
                  <category sameAs="#sve" xml:id="PRwgd537_sve">
                     <catDesc>service encounter</catDesc>
                  </category>
                  <category sameAs="#sed" xml:id="PRwgd537_sed">
                     <catDesc>seminar discussion</catDesc>
                  </category>
                  <category sameAs="#wgd" xml:id="PRwgd537_wgd">
                     <catDesc>working group discussion</catDesc>
                  </category>
                  <category sameAs="#wsd" xml:id="PRwgd537_wsd">
                     <catDesc>workshop discussion</catDesc>
                  </category>
                  <category sameAs="#mtg" xml:id="PRwgd537_mtg">
                     <catDesc>meeting</catDesc>
                  </category>
                  <category sameAs="#pan" xml:id="PRwgd537_pan">
                     <catDesc>panel</catDesc>
                  </category>
                  <category sameAs="#qas" xml:id="PRwgd537_qas">
                     <catDesc>question-answer session</catDesc>
                  </category>
                  <category sameAs="#con" xml:id="PRwgd537_con">
                     <catDesc>conversation</catDesc>
                  </category>
               </category>
            </taxonomy>
         </classDecl>
         <tagsDecl><namespace name="http://www.tei-c.org/ns/1.0">
      <tagUsage gi="TEI" occurs="1"/>
      <tagUsage gi="teiHeader" occurs="1"/>
      <tagUsage gi="fileDesc" occurs="1"/>
      <tagUsage gi="titleStmt" occurs="1"/>
      <tagUsage gi="title" occurs="5"/>
      <tagUsage gi="principal" occurs="1"/>
      <tagUsage gi="editor" occurs="1"/>
      <tagUsage gi="funder" occurs="1"/>
      <tagUsage gi="sponsor" occurs="1"/>
      <tagUsage gi="respStmt" occurs="3"/>
      <tagUsage gi="resp" occurs="3"/>
      <tagUsage gi="orgName" occurs="1"/>
      <tagUsage gi="persName" occurs="5"/>
      <tagUsage gi="editionStmt" occurs="1"/>
      <tagUsage gi="edition" occurs="3"/>
      <tagUsage gi="date" occurs="4"/>
      <tagUsage gi="name" occurs="8"/>
      <tagUsage gi="publicationStmt" occurs="1"/>
      <tagUsage gi="publisher" occurs="1"/>
      <tagUsage gi="distributor" occurs="1"/>
      <tagUsage gi="address" occurs="1"/>
      <tagUsage gi="addrLine" occurs="6"/>
      <tagUsage gi="availability" occurs="1"/>
      <tagUsage gi="p" occurs="7"/>
      <tagUsage gi="ref" occurs="5"/>
      <tagUsage gi="bibl" occurs="2"/>
      <tagUsage gi="notesStmt" occurs="1"/>
      <tagUsage gi="note" occurs="2"/>
      <tagUsage gi="sourceDesc" occurs="1"/>
      <tagUsage gi="recordingStmt" occurs="1"/>
      <tagUsage gi="recording" occurs="1"/>
      <tagUsage gi="equipment" occurs="1"/>
      <tagUsage gi="encodingDesc" occurs="1"/>
      <tagUsage gi="classDecl" occurs="1"/>
      <tagUsage gi="taxonomy" occurs="1"/>
      <tagUsage gi="category" occurs="17"/>
      <tagUsage gi="catDesc" occurs="17"/>
      <tagUsage gi="tagsDecl" occurs="1"/>
      <tagUsage gi="namespace" occurs="2"/>
      <tagUsage gi="tagUsage" occurs="81"/>
      <tagUsage gi="gi" occurs="5"/>
      <tagUsage gi="att" occurs="14"/>
      <tagUsage gi="val" occurs="42"/>
      <tagUsage gi="list" occurs="11"/>
      <tagUsage gi="label" occurs="20"/>
      <tagUsage gi="item" occurs="40"/>
      <tagUsage gi="profileDesc" occurs="1"/>
      <tagUsage gi="textClass" occurs="1"/>
      <tagUsage gi="catRef" occurs="2"/>
      <tagUsage gi="settingDesc" occurs="1"/>
      <tagUsage gi="setting" occurs="1"/>
      <tagUsage gi="locale" occurs="1"/>
      <tagUsage gi="activity" occurs="1"/>
      <tagUsage gi="particDesc" occurs="1"/>
      <tagUsage gi="listPerson" occurs="3"/>
      <tagUsage gi="personGrp" occurs="2"/>
      <tagUsage gi="person" occurs="2"/>
      <tagUsage gi="age" occurs="2"/>
      <tagUsage gi="sex" occurs="2"/>
      <tagUsage gi="occupation" occurs="2"/>
      <tagUsage gi="langKnowledge" occurs="2"/>
      <tagUsage gi="langKnown" occurs="2"/>
      <tagUsage gi="relationGrp" occurs="1"/>
      <tagUsage gi="relation" occurs="2"/>
      <tagUsage gi="revisionDesc" occurs="1"/>
      <tagUsage gi="change" occurs="5"/>
      <tagUsage gi="text" occurs="1"/>
      <tagUsage gi="body" occurs="1"/>
      <tagUsage gi="div" occurs="1"/>
      <tagUsage gi="u" occurs="344">Used to mark a stretch of speech commonly
		preceded and followed by a pause or by a change of speaker. A
		<gi>u</gi> is, however, not required to be bounded by a pause or
		a change of speaker, nor does it represent a turn in a
		conversation analytic sense. At a minimum, a <gi>u</gi> is some
		phonetic production or noise made by a given speaker or a group of speakers.</tagUsage>
      <tagUsage gi="w" occurs="122">
		  Used with the <att>type</att> attribute set to
		  <val>spelt</val> to mark words or word fragments which are
		  spelt out, i.e. words whose constituents are pronounced as
		  individual letters.
		</tagUsage>
      <tagUsage gi="pause" occurs="416">Used to mark a pause either between or
		within utterances. Used without <att>dur</att> attribute to
		indicate a brief pause up to half a second.
		</tagUsage>
      <tagUsage gi="anchor" occurs="46">Used to mark other-continuation,
		i.e. whenever a speaker continues another speaker's <gi>u</gi>
		without a pause. Other-continuation is to be interpreted
		temporally and does not relate to form or content of the
		speakers' utterances.</tagUsage>
      <tagUsage gi="incident" occurs="53">Used to mark contextual information
		relevant to the understanding of the interaction or the
		interaction as such. The <att>voice:desc</att> attribute
		provides a short prose description of the contextual
		event.</tagUsage>
      <tagUsage gi="seg" occurs="216">Used with different <att>type</att> attributes to mark:
		<list>
		  <label><att>type</att><val>overlap</val></label>
		  <item>overlaps</item>
		  <label><att>type</att><val>onomatopoeia</val></label>
		  <item>onomatopoeic sounds</item>
		  <label><att>type</att><val>ipa</val></label>
		  <item>transcriptions in the international phonetic alphabet</item>
		</list>
		</tagUsage>
      <tagUsage gi="unclear" occurs="101">Used to mark speech which cannot be
		transcribed with certainty, because it is difficult to hear or
		understand for the transcriber.</tagUsage>
      <tagUsage gi="c" occurs="87">Used to mark lengthening of sounds and
		intonation (fall, rise). The following <att>type</att>
		attributes are used to mark:
		<list>
		  <label><val>lengthening</val></label><item>lengthened
		  sounds</item>
		  <label><val>intonation</val></label><item>a significant change in
		  intonation, marked with the following <att>function</att>
		  attribute for:
		  <list>
			<label><val>fall</val></label><item>falling
			intonation</item>
			<label><val>rise</val></label><item>rising intonation</item>
		  </list>
		</item>
		</list>
		Intonation may or may not coincide with
		syntactic boundaries.
		</tagUsage>
      <tagUsage gi="emph" occurs="5">Used to mark speech which is stressed or
		emphasized in a way that goes beyond regular nuclear
		stress.</tagUsage>
      <tagUsage gi="shift" occurs="36">Used to mark the point at which some
		paralinguistic feature changes. The following attribute values
		are used to mark:
		<list>
          <label>
            <val>voice</val>
          </label>
          <item>voice quality
          <list>
            <item><val>imitating</val></item>
            <item><val>laugh</val></item>
            <item><val>neutral</val></item>
            <item><val>phone</val></item>
            <item><val>reading</val></item>
            <item><val>reading_aloud</val></item>
            <item><val>sigh</val></item>
            <item><val>singing</val></item>
            <item><val>whisp</val></item>
            <item><val>yawning</val></item>
          </list>
          </item>
          <label>
          <val>tempo</val></label>
          <item>speed of utterance
            <list>
              <label><val>a</val></label>
              <item>accelerando</item>
              <label><val>l</val></label>
              <item>lento</item>
              <label><val>neutral</val></label>
              <item>neutral</item>
            </list>
          </item>
          <label>
          <val>loud</val></label>
          <item>loudness
            <list>
              <item><val>f</val></item>
              <item><val>neutral</val></item>
              <item><val>p</val></item>
            </list>
          </item>
		  </list>
		</tagUsage>
      <tagUsage gi="supplied" occurs="46">Used to mark text supplied by the
		transcriber because the original is unintelligible or needed to
		be anonymized. The <att>reason</att> attribute is used to mark:
		<list>
		  <label><val>unintelligible</val></label><item>unintelligible
		  speech</item>
		  <label><val>anonymization</val></label><item>anonymized
		  speech</item>
		</list>
		</tagUsage>
      <tagUsage gi="foreign" occurs="6">Used to mark a word or phrase as
		belonging to some language other than English. The following
		values for the <att>type</att> attribute are used to mark:
		<list>
		  <label><val>L1</val></label><item>the speaker's first
		  language</item>
		  <label><val>LN</val></label><item>a language other than the
		  speaker's first language</item>
		  <label><val>LQ</val></label><item>a language where it cannot
		  be ascertained whether it is the speaker's first or other
		  language.</item>
		</list>
		Whenever possible, the 
		<att>voice:translation</att> attribute provides a rough translation of the
		non-English speech into English.
		</tagUsage>
      <tagUsage gi="vocal" occurs="2">Used to mark laughter and other speaker
		noises and non-verbal feedback.
        <list>
          <label>
            <val>speaker_noise</val>
          </label>
          <item>
            <list>
              <item>
                <val>coughing</val>
              </item>
              <item>
                <val>nods</val>
              </item>
              <item>
                <val>shakes head</val>
              </item>
              <item>
                <val>smacks lips</val>
              </item>
              <item>
                <val>sniffs</val>
              </item>
              <item>
                <val>swallows</val>
              </item>
              <item>
                <val>whistles</val>
              </item>
            </list>
          </item>
          <label>
            <val>wordlike</val>
          </label>
          <item>
            <val>laughing</val>
          </item>
        </list>
        </tagUsage></namespace><namespace name="http://www.univie.ac.at/voice/ns/1.0">
      <tagUsage gi="voice:track" occurs="8">Used to mark the beginning of a new
		audio track used in transcription (usually three minutes in length) and thus refers to the audio recording
		of the transcribed speech event.
		</tagUsage>
      <tagUsage gi="voice:pvc" occurs="86">Used to mark a pronunciation variation
		or coinage as described in <ref target="http://www.univie.ac.at/voice/documents/VOICE_mark-up_conventions_v2-1.pdf">the
			VOICE mark-up conventions [2.1].</ref>the
			VOICE mark-up conventions [2.1]. An existing word corresponding to the PVC may be provided within a <att>comment</att>comment attribute within the <gi>voice:pvc</gi>voice:pvc element. Additional phonetic
			transcription may be provided within a <att>voice:ipa</att>voice:ipa attribute
			within the <gi>voice:pvc</gi>voice:pvc element.</tagUsage></namespace></tagsDecl>
      </encodingDesc>
      <profileDesc>
         <textClass>
            <catRef target="#PRwgd537_PR #PRwgd537_wgd"/>
            <catRef target="#PR #wgd"/>
         </textClass>
         <settingDesc>
            <setting>
               <name type="country">AT</name>
               <name type="city">Vienna</name>
               <locale>room at Vienna University of Technology</locale>
               <activity>developing mathematical theorem, writing calculations down</activity>
            </setting>
         </settingDesc>
         <particDesc>
            <listPerson type="main">
               <listPerson type="groups">
                  <personGrp role="speakers" size="4"/>
                  <personGrp role="interactants" size="2"/>
               </listPerson>
               <listPerson type="identified">
                  <person role="participant" sameAs="#P516" xml:id="PRwgd537_S10">
                     <age value="4">50+</age>
                     <sex value="1">male</sex>
                     <occupation>mathematician</occupation>
                     <langKnowledge>
                        <langKnown level="L1" tag="rus-RU"/>
                     </langKnowledge>
                  </person>
                  <person role="participant" sameAs="#P517" xml:id="PRwgd537_S11">
                     <age value="4">50+</age>
                     <sex value="1">male</sex>
                     <occupation>mathematician</occupation>
                     <langKnowledge>
                        <langKnown level="L1" tag="jpn-JP"/>
                     </langKnowledge>
                  </person>
               </listPerson>
               <relationGrp>
                  <relation mutual="#PRwgd537_S10 #PRwgd537_S11" name="fairly_symmetrical" type="power"/>
                  <relation mutual="#PRwgd537_S10 #PRwgd537_S11" name="acquainted" type="acquaintedness"/>
               </relationGrp>
            </listPerson>
         </particDesc>
      </profileDesc>
      <revisionDesc>
         <change when="2009-05-19" who="SM">conversion to XML</change>
         <change when="2009-05-12" who="AB">finalized for publication</change>
         <change when="2008-09-30" who="AB">proof-reading</change>
         <change when="2007-12-14" who="JL">checking</change>
         <change when="2006-01-25" who="UF">transcription</change>
      </revisionDesc>
   </teiHeader>
   <text>
      <body>
         <div type="medium" voice:end="00:44" voice:end_medium_number="1" voice:end_track="8" voice:medium_type="md" voice:start="00:00" voice:start_medium_number="1" voice:start_track="1">
            <u who="#PRwgd537_S10" xml:id="PRwgd537_u_1"><voice:track medium="1" num="1" type="md"/> er so c- c- can we prove that if er three form omega alpha define er this er distribution  <w voice:mode="spelt"> h  </w><pause/> and satisfies this condition so in fact er we have definition that <pause/> you say that <anchor synch="#PRwgd537_oc_1" type="other_continuation" xml:id="PRwgd537_oc_0"/></u>
            <u who="#PRwgd537_S11" xml:id="PRwgd537_u_2"><anchor synch="#PRwgd537_oc_0" type="other_continuation" xml:id="PRwgd537_oc_1"/> yeah </u>
            <u who="#PRwgd537_S10" xml:id="PRwgd537_u_3"> er three er <pause/> okay triple <pause dur="PT1S"/> er triple er <pause/> say er <incident voice:desc="S10 starts writing"/> rho one rho two <pause/><seg n="1" type="overlap" xml:id="PRwgd537_ol_0"> rho </seg> three <pause/></u>
            <u who="#PRwgd537_S11" xml:id="PRwgd537_u_4"><seg n="1" synch="#PRwgd537_ol_0" type="overlap" xml:id="PRwgd537_ol_1"> yeah </seg></u>
            <u who="#PRwgd537_S10" xml:id="PRwgd537_u_5"> er of er two forms <pause dur="PT1S"/> er on <pause/> er on  <w voice:mode="spelt"> h  </w><seg n="2" type="overlap" xml:id="PRwgd537_ol_2"><unclear> are </unclear></seg> er of <voice:pvc> quaternionic </voice:pvc> type <pause/></u>
            <u who="#PRwgd537_S11" xml:id="PRwgd537_u_6"><seg n="2" synch="#PRwgd537_ol_2" type="overlap" xml:id="PRwgd537_ol_3"> yeah </seg></u>
            <u who="#PRwgd537_S10" xml:id="PRwgd537_u_7"><voice:pvc> quaternionic </voice:pvc> type <pause/> er if </u>
            <u who="#PRwgd537_S11" xml:id="PRwgd537_u_8"> yah <anchor synch="#PRwgd537_oc_3" type="other_continuation" xml:id="PRwgd537_oc_2"/></u>
            <u who="#PRwgd537_S10" xml:id="PRwgd537_u_9"><anchor synch="#PRwgd537_oc_2" type="other_continuation" xml:id="PRwgd537_oc_3"/> e<c type="lengthening"/>r <incident voice:desc="S10 stops writing"/> they are <voice:pvc> non-degenerate </voice:pvc> or could <unclear> you </unclear> say <unclear> trip- </unclear> of <voice:pvc> non-degenerate </voice:pvc><pause/></u>
            <u who="#PRwgd537_S11" xml:id="PRwgd537_u_10"> yeah </u>
            <u who="#PRwgd537_S10" xml:id="PRwgd537_u_11"><voice:pvc> non-degenerate </voice:pvc><pause/> er <incident voice:desc="S10 starts writing"/> two form  of <voice:pvc> quaternionic </voice:pvc> type if <pause/><w voice:mode="spelt"> j  </w> alpha equal rho associate er operator rho alpha say rho </u>
            <u who="#PRwgd537_S11" xml:id="PRwgd537_u_12"> and er <seg n="3" type="overlap" xml:id="PRwgd537_ol_4"> gives er yeah  <w voice:mode="spelt"> j  </w></seg></u>
            <u who="#PRwgd537_S10" xml:id="PRwgd537_u_13"><seg n="3" synch="#PRwgd537_ol_4" type="overlap" xml:id="PRwgd537_ol_5"> rho<c type="lengthening"/><unclear> erm erm </unclear></seg> gamma minus one rh<seg n="4" type="overlap" xml:id="PRwgd537_ol_6">o<c type="lengthening"/> be</seg>ta <pause/></u>
            <u who="#PRwgd537_S11" xml:id="PRwgd537_u_14"><seg n="4" synch="#PRwgd537_ol_6" type="overlap" xml:id="PRwgd537_ol_7"> right </seg></u>
            <u who="#PRwgd537_S10" xml:id="PRwgd537_u_15"> er is a er er <voice:pvc> hypercom<seg n="5" type="overlap" xml:id="PRwgd537_ol_8">plex </seg></voice:pvc></u>
            <u who="#PRwgd537_S11" xml:id="PRwgd537_u_16"><voice:pvc><seg n="5" synch="#PRwgd537_ol_8" type="overlap" xml:id="PRwgd537_ol_9"> hyper</seg>complex </voice:pvc> almost <voice:pvc> hypercomplex </voice:pvc></u>
            <u who="#PRwgd537_S10" xml:id="PRwgd537_u_17"> almost <voice:pvc> hypercomplex </voice:pvc><seg n="6" type="overlap" xml:id="PRwgd537_ol_10"> structure </seg><pause/><incident voice:desc="S10 stops writing"/></u>
            <u who="#PRwgd537_S11" xml:id="PRwgd537_u_18"><seg n="6" synch="#PRwgd537_ol_10" type="overlap" xml:id="PRwgd537_ol_11"> yah </seg></u>
            <u who="#PRwgd537_S10" xml:id="PRwgd537_u_19"> and <pause/> then er in particular we prove that er our <pause/> er this <pause/> form three er er tri- er </u>
            <u who="#PRwgd537_S11" xml:id="PRwgd537_u_20"> yah </u>
            <u who="#PRwgd537_S10" xml:id="PRwgd537_u_21"> triple of er <pause/> one form associate with xi <voice:pvc> admissive </voice:pvc> xi<c function="rise" type="intonation"/></u>
            <u who="#PRwgd537_S11" xml:id="PRwgd537_u_22"> yah </u>
            <u who="#PRwgd537_S10" xml:id="PRwgd537_u_23"> which we call also admissible <pause/> er differential of this er form er exactly <voice:pvc> quaternionic </voice:pvc> type<c function="fall" type="intonation"/><seg n="7" type="overlap" xml:id="PRwgd537_ol_12"> but </seg> can we prove that er <emph> if </emph> we have such three form  which <unclear> are </unclear> c- er <pause/></u>
            <u who="#PRwgd537_S11" xml:id="PRwgd537_u_24"><seg n="7" synch="#PRwgd537_ol_12" type="overlap" xml:id="PRwgd537_ol_13"> yah </seg></u>
            <u who="#PRwgd537_S10" xml:id="PRwgd537_u_25"><unclear> such that </unclear> e<c type="lengthening"/>r the <unclear> ex- er </unclear><pause/> differential of them are er <voice:pvc> quaternionic </voice:pvc> er type<c function="rise" type="intonation"/> then they are admissible<c function="fall" type="intonation"/><pause/></u>
            <u who="#PRwgd537_S11" xml:id="PRwgd537_u_26"> but anyway<c type="lengthening"/> was the given<c type="lengthening"/> omega alpha first<c function="fall" type="intonation"/><pause/></u>
            <u who="#PRwgd537_S10" xml:id="PRwgd537_u_27"> yes <pause/> o- o- okay <seg n="8" type="overlap" xml:id="PRwgd537_ol_14"> gi- given om- </seg></u>
            <u who="#PRwgd537_S11" xml:id="PRwgd537_u_28"><seg n="8" synch="#PRwgd537_ol_14" type="overlap" xml:id="PRwgd537_ol_15"> then the </seg> then the omega one more question er <seg n="9" type="overlap" xml:id="PRwgd537_ol_16"> one </seg> one mo<c type="lengthening"/>re assumption  <w voice:mode="spelt"> d  </w> omega alpha is <pause/></u>
            <u who="#PRwgd537_S10" xml:id="PRwgd537_u_29"><seg n="9" synch="#PRwgd537_ol_16" type="overlap" xml:id="PRwgd537_ol_17"> yes </seg></u>
            <u who="#PRwgd537_S11" xml:id="PRwgd537_u_30"> rho alpha <pause/></u>
            <u who="#PRwgd537_S10" xml:id="PRwgd537_u_31"><shift corresp="#PRwgd537_s_2" feature="loud" new="p" xml:id="PRwgd537_s_1"/> er  <w voice:mode="spelt"><unclear> d </unclear></w><shift corresp="#PRwgd537_s_1" feature="loud" new="neutral" xml:id="PRwgd537_s_2"/><w voice:mode="spelt"> d  </w> okay rho <seg n="1" type="overlap" xml:id="PRwgd537_ol_18"> rho alpha yes </seg> yes i assumes  that er it er if <unclear> er </unclear><seg n="2" type="overlap" xml:id="PRwgd537_ol_19"><unclear> er rho rho </unclear></seg></u>
            <u who="#PRwgd537_S11" xml:id="PRwgd537_u_32"><shift corresp="#PRwgd537_s_4" feature="loud" new="p" xml:id="PRwgd537_s_3"/><seg n="1" synch="#PRwgd537_ol_18" type="overlap" xml:id="PRwgd537_ol_20"><supplied reason="unintelligible"> xxx </supplied></seg><shift corresp="#PRwgd537_s_3" feature="loud" new="neutral" xml:id="PRwgd537_s_4"/></u>
            <u who="#PRwgd537_S11" xml:id="PRwgd537_u_33"><seg n="2" synch="#PRwgd537_ol_19" type="overlap" xml:id="PRwgd537_ol_21"> but then<c type="lengthening"/></seg> maybe <seg n="3" type="overlap" xml:id="PRwgd537_ol_22"><unclear> so </unclear></seg></u>
            <u who="#PRwgd537_S10" xml:id="PRwgd537_u_34"><seg n="3" synch="#PRwgd537_ol_22" type="overlap" xml:id="PRwgd537_ol_23"> but </seg> can we prove that then <pause/> a<c type="lengthening"/>h probably ye- er <pause/> yes or not <pause/></u>
            <u who="#PRwgd537_S11" xml:id="PRwgd537_u_35"> but er not using the metric<c function="rise" type="intonation"/><pause/></u>
            <u who="#PRwgd537_S10" xml:id="PRwgd537_u_36"> er okay so <unclear> wha- er </unclear> we we can do so w- er w- we we assumes  that we have omega alpha <pause/></u>
            <u who="#PRwgd537_S11" xml:id="PRwgd537_u_37"> yah <pause/></u>
            <u who="#PRwgd537_S10" xml:id="PRwgd537_u_38"> and so it is one form <pause/></u>
            <u who="#PRwgd537_S11" xml:id="PRwgd537_u_39"> right <pause/></u>
            <u who="#PRwgd537_S10" xml:id="PRwgd537_u_40"><incident voice:desc="S10 starts writing"/> on  <w voice:mode="spelt"> n  </w> er such that <pause/><w voice:mode="spelt"> d  </w> omega alpha <pause/> er restricted to  <w voice:mode="spelt"> h  </w><pause/> er is of <voice:pvc> quaternionic </voice:pvc><pause/> type <pause/></u>
            <u who="#PRwgd537_S11" xml:id="PRwgd537_u_41"> yah <pause/> yah yah </u>
            <u who="#PRwgd537_S10" xml:id="PRwgd537_u_42"> er then <pause/> er <incident voice:desc="S10 stops writing"/><pause/> e<c type="lengthening"/>r erm <pause/><voice:pvc> quaternionic </voice:pvc> type er okay <pause/> er <pause dur="PT2S"/> er this means that er we h- we <seg n="3" type="overlap" xml:id="PRwgd537_ol_24"> have this  <w voice:mode="spelt"><unclear> j </unclear></w> alpha </seg> but <pause/></u>
            <u who="#PRwgd537_S11" xml:id="PRwgd537_u_43"><seg n="3" synch="#PRwgd537_ol_24" type="overlap" xml:id="PRwgd537_ol_25"> this mhm yah </seg></u>
            <u who="#PRwgd537_S10" xml:id="PRwgd537_u_44"> erm <pause/> and we want to prove that <seg n="4" type="overlap" xml:id="PRwgd537_ol_26"> that omega alpha can be ass</seg>ociated with some xi alpha<c function="fall" type="intonation"/><pause dur="PT1S"/></u>
            <u who="#PRwgd537_S11" xml:id="PRwgd537_u_45"><seg n="4" synch="#PRwgd537_ol_26" type="overlap" xml:id="PRwgd537_ol_27"> yah yah yah yah yah </seg></u>
            <u who="#PRwgd537_S10" xml:id="PRwgd537_u_46"> erm </u>
            <u who="#PRwgd537_S11" xml:id="PRwgd537_u_47"><supplied reason="unintelligible"> xxx </supplied> e<c type="lengthening"/>r there exist er admissibl<c type="lengthening"/>e triple then gives e<c type="lengthening"/>r xi yah <seg n="5" type="overlap" xml:id="PRwgd537_ol_28"> that means </seg><pause dur="PT1S"/></u>
            <u who="#PRwgd537_S10" xml:id="PRwgd537_u_48"><seg n="5" synch="#PRwgd537_ol_28" type="overlap" xml:id="PRwgd537_ol_29"> mhm </seg></u>
            <u who="#PRwgd537_S11" xml:id="PRwgd537_u_49"> because definition xi alpha xi <seg n="6" type="overlap" xml:id="PRwgd537_ol_30"><supplied reason="unintelligible"> xxx </supplied><pause/> but this is a metric </seg></u>
            <u who="#PRwgd537_S10" xml:id="PRwgd537_u_50"><seg n="6" synch="#PRwgd537_ol_30" type="overlap" xml:id="PRwgd537_ol_31"> ah aha okay but okay </seg> okay okay er let us check so <voice:track medium="1" num="2" type="md"/><unclear> you note </unclear><pause/> er we er <unclear> you note </unclear> er by er xi alpha <pause/> er the <incident voice:desc="S10 starts writing"/> dual <pause dur="PT2S"/> er triple <pause dur="PT2S"/><incident voice:desc="S10 stops writing"/><seg n="7" type="overlap" xml:id="PRwgd537_ol_32"><unclear> er on </unclear></seg><pause/></u>
            <u who="#PRwgd537_S11" xml:id="PRwgd537_u_51"><seg n="7" synch="#PRwgd537_ol_32" type="overlap" xml:id="PRwgd537_ol_33"> yah </seg></u>
            <u who="#PRwgd537_S10" xml:id="PRwgd537_u_52"> er er er er er which is basis  of e<c type="lengthening"/>r <pause/> er <incident voice:desc="S10 starts writing"/> on e<c type="lengthening"/>r  <w voice:mode="spelt"> g  </w><pause/><w voice:mode="spelt"> m  </w><pause/><seg n="8" type="overlap" xml:id="PRwgd537_ol_34"> mod </seg><w voice:mode="spelt"> h  </w></u>
            <u who="#PRwgd537_S11" xml:id="PRwgd537_u_53"><seg n="8" synch="#PRwgd537_ol_34" type="overlap" xml:id="PRwgd537_ol_35"> yah yah </seg></u>
            <u who="#PRwgd537_S11" xml:id="PRwgd537_u_54"> right </u>
            <u who="#PRwgd537_S10" xml:id="PRwgd537_u_55"> yes <incident voice:desc="S10 stops writing"/> or you know that some <incident voice:desc="S10 starts writing"/> omega <pause/> alpha xi bar <pause/> er beta equal delta alpha beta<c function="fall" type="intonation"/><shift corresp="#PRwgd537_s_6" feature="loud" new="p" xml:id="PRwgd537_s_5"/><seg n="1" type="overlap" xml:id="PRwgd537_ol_36"> delta alpha beta </seg><shift corresp="#PRwgd537_s_5" feature="loud" new="neutral" xml:id="PRwgd537_s_6"/><pause dur="PT1S"/></u>
            <u who="#PRwgd537_S11" xml:id="PRwgd537_u_56"><seg n="1" synch="#PRwgd537_ol_36" type="overlap" xml:id="PRwgd537_ol_37"><unclear> yeah yeah yeah </unclear></seg></u>
            <u who="#PRwgd537_S10" xml:id="PRwgd537_u_57"> erm <pause dur="PT1S"/> okay <incident voice:desc="S10 stops writing"/> and then we can write er then we we have this er equation star <pause/><incident voice:desc="S10 starts writing"/> which is  <w voice:mode="spelt"> x  </w><w voice:mode="spelt"> y  </w> equal <pause dur="PT3S"/><incident voice:desc="S10 stops writing"/> er equal e<c type="lengthening"/>r <pause dur="PT1S"/> rho by definition rho alpha of <incident voice:desc="S10 starts writing"/><w voice:mode="spelt"> x  </w><seg n="2" type="overlap" xml:id="PRwgd537_ol_38"><w voice:mode="spelt"> y  </w> xi bar </seg> alpha <voice:pvc> modulo </voice:pvc><w voice:mode="spelt"> h  </w><pause/><incident voice:desc="S10 stops writing"/></u>
            <u who="#PRwgd537_S11" xml:id="PRwgd537_u_58"><seg n="2" synch="#PRwgd537_ol_38" type="overlap" xml:id="PRwgd537_ol_39"><unclear> bu- but but </unclear> you mean <unclear> er </unclear></seg></u>
            <u who="#PRwgd537_S11" xml:id="PRwgd537_u_59"> er where this come <pause/><seg n="3" type="overlap" xml:id="PRwgd537_ol_40"> come out </seg></u>
            <u who="#PRwgd537_S10" xml:id="PRwgd537_u_60"><seg n="3" synch="#PRwgd537_ol_40" type="overlap" xml:id="PRwgd537_ol_41"> no </seg> be- no no because <pause dur="PT1S"/> we <pause/> er <pause/> a<c type="lengthening"/>h er <pause dur="PT1S"/> in fact we need <pause/> that omega alpha will be orth- orth- ortho- <voice:pvc> orthonormal </voice:pvc><pause dur="PT2S"/></u>
            <u who="#PRwgd537_S11" xml:id="PRwgd537_u_61"><shift corresp="#PRwgd537_s_8" feature="tempo" new="l" xml:id="PRwgd537_s_7"/> y<seg n="4" type="overlap" xml:id="PRwgd537_ol_42">es </seg><shift corresp="#PRwgd537_s_7" feature="tempo" new="neutral" xml:id="PRwgd537_s_8"/></u>
            <u who="#PRwgd537_S10" xml:id="PRwgd537_u_62"><seg n="4" synch="#PRwgd537_ol_42" type="overlap" xml:id="PRwgd537_ol_43"> you see </seg> because er then er <anchor synch="#PRwgd537_oc_5" type="other_continuation" xml:id="PRwgd537_oc_4"/></u>
            <u who="#PRwgd537_S11" xml:id="PRwgd537_u_63"><anchor synch="#PRwgd537_oc_4" type="other_continuation" xml:id="PRwgd537_oc_5"/> and then this come out <seg n="5" type="overlap" xml:id="PRwgd537_ol_44"> and then </seg></u>
            <u who="#PRwgd537_S10" xml:id="PRwgd537_u_64"><seg n="5" synch="#PRwgd537_ol_44" type="overlap" xml:id="PRwgd537_ol_45"> then this c- </seg> yes </u>
            <u who="#PRwgd537_S11" xml:id="PRwgd537_u_65"> bracket <unclear> in </unclear><supplied reason="unintelligible" voice:ipa="praʊs"> x </supplied></u>
            <u who="#PRwgd537_S10" xml:id="PRwgd537_u_66"> mhm </u>
            <u who="#PRwgd537_S11" xml:id="PRwgd537_u_67"> but this this you have to use a  <w voice:mode="spelt"> g  </w><w voice:mode="spelt"> g  </w> inverse  <w voice:mode="spelt"> g  </w> inverse <pause/> go to  <w voice:mode="spelt"> g  </w><pause/> minus two </u>
            <u who="#PRwgd537_S10" xml:id="PRwgd537_u_68"> e<c type="lengthening"/>r no no for m- for normat- no we define rho alpha by by this formula <pause/> but i think we need er in fact <pause/> er <pause dur="PT1S"/> c- okay ca- can we say er that we have notion <pause dur="PT1S"/> er i think so er we h- we have notion of <voice:pvc> orthogonality </voice:pvc> for this er <seg n="6" type="overlap" xml:id="PRwgd537_ol_46"> xi alpha </seg> which vanished on  <w voice:mode="spelt"> h  </w><pause/></u>
            <u who="#PRwgd537_S11" xml:id="PRwgd537_u_69"><seg n="6" synch="#PRwgd537_ol_46" type="overlap" xml:id="PRwgd537_ol_47"> yes yes yah </seg></u>
            <u who="#PRwgd537_S10" xml:id="PRwgd537_u_70"> because <pause/> er in fact er <pause/><w voice:mode="spelt"> h  </w> alpha we can say that <shift corresp="#PRwgd537_s_10" feature="loud" new="p" xml:id="PRwgd537_s_9"/> er er <shift corresp="#PRwgd537_s_9" feature="loud" new="neutral" xml:id="PRwgd537_s_10"/> omega alpha belong to <pause dur="PT1S"/><w voice:mode="spelt"> h  </w><pause/> er zero <pause/></u>
            <u who="#PRwgd537_S11" xml:id="PRwgd537_u_71"> yah yah yah </u>
            <u who="#PRwgd537_S10" xml:id="PRwgd537_u_72"> which is <seg n="7" type="overlap" xml:id="PRwgd537_ol_48"> three-dimensional  <w voice:mode="spelt"> h  </w><unclear> zero </unclear> it is a- </seg><voice:pvc> annihilator </voice:pvc><incident voice:desc="someone coughs"/><seg n="1" type="overlap" xml:id="PRwgd537_ol_49"> of </seg><w voice:mode="spelt"> h  </w></u>
            <u who="#PRwgd537_S11" xml:id="PRwgd537_u_73"><seg n="7" synch="#PRwgd537_ol_48" type="overlap" xml:id="PRwgd537_ol_50"> okay yeah yes yes yes </seg></u>
            <u who="#PRwgd537_S11" xml:id="PRwgd537_u_74"><seg n="1" synch="#PRwgd537_ol_49" type="overlap" xml:id="PRwgd537_ol_51"> yah </seg></u>
            <u who="#PRwgd537_S11" xml:id="PRwgd537_u_75"> right </u>
            <u who="#PRwgd537_S10" xml:id="PRwgd537_u_76"> yeah so er we can speak er that  <w voice:mode="spelt"> h  </w> alpha er <pause/> belong  to this </u>
            <u who="#PRwgd537_S11" xml:id="PRwgd537_u_77"> okay </u>
            <u who="#PRwgd537_S10" xml:id="PRwgd537_u_78"> er but on this space we have orth- er e<c type="lengthening"/>r <voice:pvc> conformal </voice:pvc> metric </u>
            <u who="#PRwgd537_S11" xml:id="PRwgd537_u_79"> yah <pause/></u>
            <u who="#PRwgd537_S10" xml:id="PRwgd537_u_80"> so er w- w- w- er we have this <voice:pvc> conformal </voice:pvc> metric </u>
            <u who="#PRwgd537_S11" xml:id="PRwgd537_u_81"> mhm <pause/></u>
            <u who="#PRwgd537_S10" xml:id="PRwgd537_u_82"><incident voice:desc="S10 starts writing"/><voice:pvc> conformal </voice:pvc> metric <pause dur="PT3S"/> er because er yah <incident voice:desc="S10 stops writing"/><pause/> we have here <voice:pvc> conformal </voice:pvc> metric <pause/> and then we have that er <pause/> omega alpha <voice:pvc> orthonormal </voice:pvc><pause/></u>
            <u who="#PRwgd537_S11" xml:id="PRwgd537_u_83"> right <pause dur="PT1S"/></u>
            <u who="#PRwgd537_S10" xml:id="PRwgd537_u_84"><voice:pvc> orthonormal </voice:pvc> er no <unclear> yes<c type="lengthening"/> in this<c type="lengthening"/></unclear><seg n="2" type="overlap" xml:id="PRwgd537_ol_52"> cl- clear </seg> sense <pause/></u>
            <u who="#PRwgd537_S11" xml:id="PRwgd537_u_85"><seg n="2" synch="#PRwgd537_ol_52" type="overlap" xml:id="PRwgd537_ol_53"> yah yah </seg></u>
            <u who="#PRwgd537_S10" xml:id="PRwgd537_u_86"><seg n="4" type="overlap" xml:id="PRwgd537_ol_54"> yeah </seg></u>
            <u who="#PRwgd537_S11" xml:id="PRwgd537_u_87"><seg n="4" synch="#PRwgd537_ol_54" type="overlap" xml:id="PRwgd537_ol_55"> yah </seg> er bu- but er er <pause/> here <pause/> e<c type="lengthening"/>r so<c type="lengthening"/><pause dur="PT1S"/><voice:pvc> orthonormal </voice:pvc> yah </u>
            <u who="#PRwgd537_S10" xml:id="PRwgd537_u_88"> er <seg n="3" type="overlap" xml:id="PRwgd537_ol_56"> er this means </seg> that if we choose er some er <unclear> different </unclear> metric er is- i- from this <voice:pvc> conformal </voice:pvc> class then <pause/></u>
            <u who="#PRwgd537_S11" xml:id="PRwgd537_u_89"><seg n="3" synch="#PRwgd537_ol_56" type="overlap" xml:id="PRwgd537_ol_57"> e<c type="lengthening"/>r </seg></u>
            <u who="#PRwgd537_S10" xml:id="PRwgd537_u_90"> e<c type="lengthening"/>r s- scalar product will be zero and scalar square will be er the same <pause dur="PT2S"/></u>
            <u who="#PRwgd537_S11" xml:id="PRwgd537_u_91"> but <supplied reason="unintelligible"> xxx </supplied> he<c type="lengthening"/>re yah okay  <w voice:mode="spelt"> g  </w> so no  <w voice:mode="spelt"> g  </w> minus is exist but <voice:track medium="1" num="3" type="md"/><w voice:mode="spelt"> g  </w> minus two <pause/> er not necessary  exist in this <unclear> proportion </unclear><pause/></u>
            <u who="#PRwgd537_S10" xml:id="PRwgd537_u_92"> er yes but we n- we need  <w voice:mode="spelt"> g  </w> minus two i think we ne<seg n="4" type="overlap" xml:id="PRwgd537_ol_58">ed  <w voice:mode="spelt"> g  </w> minus </seg></u>
            <u who="#PRwgd537_S11" xml:id="PRwgd537_u_93"><seg n="4" synch="#PRwgd537_ol_58" type="overlap" xml:id="PRwgd537_ol_59"><w voice:mode="spelt">  h  </w> is </seg> pseudo<supplied reason="unintelligible">xx </supplied><supplied reason="unintelligible"> x </supplied> we proved er if  <w voice:mode="spelt"> h  </w> is pseudo<supplied reason="unintelligible">xx </supplied><supplied reason="unintelligible"> xxx xx </supplied> such other <unclear> admissible </unclear> stuff </u>
            <u who="#PRwgd537_S10" xml:id="PRwgd537_u_94"> yes yes <seg n="5" type="overlap" xml:id="PRwgd537_ol_60"> this is true </seg></u>
            <u who="#PRwgd537_S11" xml:id="PRwgd537_u_95"><seg n="5" synch="#PRwgd537_ol_60" type="overlap" xml:id="PRwgd537_ol_61"> but er on the o</seg>ther hand <emph> if </emph> there exist<unclear>ed </unclear> locally <unclear> admiss- </unclear><pause/><seg n="6" type="overlap" xml:id="PRwgd537_ol_62"><supplied reason="unintelligible"> x </supplied></seg><pause/></u>
            <u who="#PRwgd537_S10" xml:id="PRwgd537_u_96"><seg n="6" synch="#PRwgd537_ol_62" type="overlap" xml:id="PRwgd537_ol_63"> yes </seg></u>
            <u who="#PRwgd537_S11" xml:id="PRwgd537_u_97"> the<c type="lengthening"/>n <pause dur="PT1S"/> and also <voice:pvc> annihilator </voice:pvc><pause/> then<c type="lengthening"/><pause/> but er you cannot er generate the <pause/> er <pause/> er <voice:pvc><unclear> hermitian </unclear></voice:pvc> metric  <w voice:mode="spelt"> g  </w><w voice:mode="spelt"> g  </w> inverse is okay because er <pause dur="PT1S"/></u>
            <u who="#PRwgd537_S10" xml:id="PRwgd537_u_98"> er <pause/><seg n="8" type="overlap" xml:id="PRwgd537_ol_64"> no </seg> you see in fact i think <unclear> that </unclear> w- we can prove the following er we er <seg n="7" type="overlap" xml:id="PRwgd537_ol_65"> can give </seg></u>
            <u who="#PRwgd537_S11" xml:id="PRwgd537_u_99"><shift corresp="#PRwgd537_s_12" feature="loud" new="p" xml:id="PRwgd537_s_11"/><seg n="8" synch="#PRwgd537_ol_64" type="overlap" xml:id="PRwgd537_ol_66"> erm </seg><shift corresp="#PRwgd537_s_11" feature="loud" new="neutral" xml:id="PRwgd537_s_12"/></u>
            <u who="#PRwgd537_S11" xml:id="PRwgd537_u_100"><seg n="7" synch="#PRwgd537_ol_65" type="overlap" xml:id="PRwgd537_ol_67"> a<c type="lengthening"/>h no no </seg> okay yah yah </u>
            <u who="#PRwgd537_S10" xml:id="PRwgd537_u_101"> we can give <seg n="9" type="overlap" xml:id="PRwgd537_ol_68"> er </seg> er independent <seg n="1" type="overlap" xml:id="PRwgd537_ol_69"> def- independent </seg> definition of admi- admissibility of three one form <pause/></u>
            <u who="#PRwgd537_S11" xml:id="PRwgd537_u_102"><seg n="9" synch="#PRwgd537_ol_68" type="overlap" xml:id="PRwgd537_ol_70"> yah yah </seg></u>
            <u who="#PRwgd537_S11" xml:id="PRwgd537_u_103"><seg n="1" synch="#PRwgd537_ol_69" type="overlap" xml:id="PRwgd537_ol_71"> yah yah yah yah </seg></u>
            <u who="#PRwgd537_S11" xml:id="PRwgd537_u_104"> yah </u>
            <u who="#PRwgd537_S10" xml:id="PRwgd537_u_105"> you say th<unclear>at </unclear> three one form are admissible if <pause/> they form <voice:pvc> orthonormal </voice:pvc> basis of er  <w voice:mode="spelt"> h  </w> zero </u>
            <u who="#PRwgd537_S11" xml:id="PRwgd537_u_106"> mhm </u>
            <u who="#PRwgd537_S10" xml:id="PRwgd537_u_107"><w voice:mode="spelt">  h  </w> zero is well define<unclear>d </unclear><pause dur="PT1S"/> and also <voice:pvc> conformal </voice:pvc> metric is is defined on this  <w voice:mode="spelt"> h  </w> zero </u>
            <u who="#PRwgd537_S11" xml:id="PRwgd537_u_108"> mhm </u>
            <u who="#PRwgd537_S10" xml:id="PRwgd537_u_109"> er and they form <voice:pvc> orthonormal </voice:pvc> basis </u>
            <u who="#PRwgd537_S11" xml:id="PRwgd537_u_110"> mhm </u>
            <u who="#PRwgd537_S10" xml:id="PRwgd537_u_111"> with respect to some metric from this <voice:pvc> conformal </voice:pvc> class <pause/> and that's all <pause dur="PT1S"/></u>
            <u who="#PRwgd537_S11" xml:id="PRwgd537_u_112"> okay okay </u>
            <u who="#PRwgd537_S10" xml:id="PRwgd537_u_113"> er because i think then it will be automatically <pause dur="PT1S"/> er<c type="lengthening"/>m <pause dur="PT1S"/> yes i think it is clear <pause/></u>
            <u who="#PRwgd537_S11" xml:id="PRwgd537_u_114"> yah <supplied reason="unintelligible"> xxx </supplied><seg n="2" type="overlap" xml:id="PRwgd537_ol_72"> here </seg></u>
            <u who="#PRwgd537_S10" xml:id="PRwgd537_u_115"><seg n="2" synch="#PRwgd537_ol_72" type="overlap" xml:id="PRwgd537_ol_73"> i think </seg> it is clear </u>
            <u who="#PRwgd537_S11" xml:id="PRwgd537_u_116"> then<c type="lengthening"/><anchor synch="#PRwgd537_oc_7" type="other_continuation" xml:id="PRwgd537_oc_6"/></u>
            <u who="#PRwgd537_S10" xml:id="PRwgd537_u_117"><anchor synch="#PRwgd537_oc_6" type="other_continuation" xml:id="PRwgd537_oc_7"/> and all this <unclear> w- </unclear> will be <voice:pvc> automatical </voice:pvc> er all this <anchor synch="#PRwgd537_oc_9" type="other_continuation" xml:id="PRwgd537_oc_8"/></u>
            <u who="#PRwgd537_S11" xml:id="PRwgd537_u_118"><anchor synch="#PRwgd537_oc_8" type="other_continuation" xml:id="PRwgd537_oc_9"/> and <anchor synch="#PRwgd537_oc_11" type="other_continuation" xml:id="PRwgd537_oc_10"/></u>
            <u who="#PRwgd537_S10" xml:id="PRwgd537_u_119"><anchor synch="#PRwgd537_oc_10" type="other_continuation" xml:id="PRwgd537_oc_11"/> er quat- the <voice:pvc> automatical </voice:pvc> will be <voice:pvc> quaternionic </voice:pvc> type<c function="fall" type="intonation"/><pause/></u>
            <u who="#PRwgd537_S11" xml:id="PRwgd537_u_120"> so <pause/> you mean<c type="lengthening"/> so if we take a bracket <pause/> then <pause dur="PT2S"/> rho alpha show up or <pause dur="PT1S"/></u>
            <u who="#PRwgd537_S10" xml:id="PRwgd537_u_121"> e<c type="lengthening"/><seg n="4" type="overlap" xml:id="PRwgd537_ol_74">r ye- </seg></u>
            <u who="#PRwgd537_S11" xml:id="PRwgd537_u_122"><seg n="4" synch="#PRwgd537_ol_74" type="overlap" xml:id="PRwgd537_ol_75"> so i</seg>t's now starting from here <pause/></u>
            <u who="#PRwgd537_S10" xml:id="PRwgd537_u_123"> yes <pause dur="PT1S"/></u>
            <u who="#PRwgd537_S11" xml:id="PRwgd537_u_124"> so<c type="lengthening"/> rho alpha is not yet <pause/> shown before </u>
            <u who="#PRwgd537_S10" xml:id="PRwgd537_u_125"> yes yes </u>
            <u who="#PRwgd537_S11" xml:id="PRwgd537_u_126"> and then using this <pause/> bracket i- if we take bracket then </u>
            <u who="#PRwgd537_S10" xml:id="PRwgd537_u_127"> mhm </u>
            <u who="#PRwgd537_S11" xml:id="PRwgd537_u_128"> you can write down <pause/> cod- <seg n="5" type="overlap" xml:id="PRwgd537_ol_76"> er yah </seg></u>
            <u who="#PRwgd537_S10" xml:id="PRwgd537_u_129"><seg n="5" synch="#PRwgd537_ol_76" type="overlap" xml:id="PRwgd537_ol_77"> yes yah </seg><pause/> but you see i- i- in fact all all this absolutely clear <pause/> because er er wh- what er what is admissible basis er xi alpha <unclear> bar bar </unclear> xi alpha </u>
            <u who="#PRwgd537_S11" xml:id="PRwgd537_u_130"> yah </u>
            <u who="#PRwgd537_S10" xml:id="PRwgd537_u_131"> it's any er <incident voice:desc="S10 starts writing"/> any e<c type="lengthening"/>r <voice:pvc> orthonormal </voice:pvc> basis <incident voice:desc="S10 stops writing"/> of er <pause/> er this quotient<c function="fall" type="intonation"/></u>
            <u who="#PRwgd537_S11" xml:id="PRwgd537_u_132"> okay yes </u>
            <u who="#PRwgd537_S10" xml:id="PRwgd537_u_133"> so we have this <seg n="6" type="overlap" xml:id="PRwgd537_ol_78"> er this </seg> vector-bounded  is er not er er er <seg n="7" type="overlap" xml:id="PRwgd537_ol_79"> distribu</seg>tion but s- some quotient of <seg n="1" type="overlap" xml:id="PRwgd537_ol_80"> distribu</seg>tion so <pause/></u>
            <u who="#PRwgd537_S11" xml:id="PRwgd537_u_134"><seg n="6" synch="#PRwgd537_ol_78" type="overlap" xml:id="PRwgd537_ol_81"> yah yah </seg></u>
            <u who="#PRwgd537_S11" xml:id="PRwgd537_u_135"><seg n="7" synch="#PRwgd537_ol_79" type="overlap" xml:id="PRwgd537_ol_82"> right </seg></u>
            <u who="#PRwgd537_S11" xml:id="PRwgd537_u_136"><seg n="1" synch="#PRwgd537_ol_80" type="overlap" xml:id="PRwgd537_ol_83"> right </seg></u>
            <u who="#PRwgd537_S10" xml:id="PRwgd537_u_137"> some <supplied reason="unintelligible"> x </supplied><pause/> and er er <seg n="2" type="overlap" xml:id="PRwgd537_ol_84"> any </seg><voice:pvc> orthonormal </voice:pvc> basis i- is admissible <pause/></u>
            <u who="#PRwgd537_S11" xml:id="PRwgd537_u_138"><seg n="2" synch="#PRwgd537_ol_84" type="overlap" xml:id="PRwgd537_ol_85"> yah </seg></u>
            <u who="#PRwgd537_S10" xml:id="PRwgd537_u_139"> because we know that if we have <voice:pvc> orthonormal </voice:pvc><seg n="3" type="overlap" xml:id="PRwgd537_ol_86"> basis then </seg><pause/></u>
            <u who="#PRwgd537_S11" xml:id="PRwgd537_u_140"><seg n="3" synch="#PRwgd537_ol_86" type="overlap" xml:id="PRwgd537_ol_87"> yah yah </seg></u>
            <u who="#PRwgd537_S10" xml:id="PRwgd537_u_141"> then we have this formula all is okay <pause/> and then it's clear and er w- omega alpha it is er dua- dual dual <pause/><voice:pvc><seg n="4" type="overlap" xml:id="PRwgd537_ol_88"> orthono</seg>rmal </voice:pvc> basis again without any condition so er <pause/></u>
            <u who="#PRwgd537_S11" xml:id="PRwgd537_u_142"><seg n="4" synch="#PRwgd537_ol_88" type="overlap" xml:id="PRwgd537_ol_89"> mhm </seg></u>
            <u who="#PRwgd537_S10" xml:id="PRwgd537_u_143"> if you take any <voice:pvc> orthonormal </voice:pvc> basis of <pause/> er this er <seg n="5" type="overlap" xml:id="PRwgd537_ol_90"> du- </seg></u>
            <u who="#PRwgd537_S11" xml:id="PRwgd537_u_144"><seg n="5" synch="#PRwgd537_ol_90" type="overlap" xml:id="PRwgd537_ol_91"> and then </seg> by the way it <unclear> if </unclear><w voice:mode="spelt"> j  </w> alpha defined by this <pause/> er <supplied reason="unintelligible"> xxx </supplied> is <pause/> is automatically<c type="lengthening"/><pause/><w voice:mode="spelt"> j  </w> one  <w voice:mode="spelt"> j  </w><unclear> two </unclear><w voice:mode="spelt"> j  </w> three is er <supplied reason="unintelligible"> x<seg n="6" type="overlap" xml:id="PRwgd537_ol_92">xxxx </seg></supplied></u>
            <u who="#PRwgd537_S10" xml:id="PRwgd537_u_145"><seg n="6" synch="#PRwgd537_ol_92" type="overlap" xml:id="PRwgd537_ol_93"> quatr- yes yes </seg> yes it automati<seg n="7" type="overlap" xml:id="PRwgd537_ol_94">cally yah </seg></u>
            <u who="#PRwgd537_S11" xml:id="PRwgd537_u_146"><seg n="7" synch="#PRwgd537_ol_94" type="overlap" xml:id="PRwgd537_ol_95"> this is </seg><supplied reason="unintelligible"> xxx </supplied> calculation </u>
            <u who="#PRwgd537_S10" xml:id="PRwgd537_u_147"> er it <seg n="1" type="overlap" xml:id="PRwgd537_ol_96"> is </seg> yah it is yes it's it follow  from the fact that <pause/></u>
            <u who="#PRwgd537_S11" xml:id="PRwgd537_u_148"><seg n="1" synch="#PRwgd537_ol_96" type="overlap" xml:id="PRwgd537_ol_97"> yah<c function="rise" type="intonation"/></seg></u>
            <u who="#PRwgd537_S10" xml:id="PRwgd537_u_149"> er er this er struct- er lie bracket <seg n="2" type="overlap" xml:id="PRwgd537_ol_98"> which er you find </seg> here <pause/></u>
            <u who="#PRwgd537_S11" xml:id="PRwgd537_u_150"><seg n="2" synch="#PRwgd537_ol_98" type="overlap" xml:id="PRwgd537_ol_99"> mhm mhm </seg></u>
            <u who="#PRwgd537_S10" xml:id="PRwgd537_u_151"> is <voice:pvc> isomorphic </voice:pvc> by assumption <voice:track medium="1" num="4" type="md"/><voice:pvc> isomorphic </voice:pvc> to <seg n="3" type="overlap" xml:id="PRwgd537_ol_100"><unclear> er </unclear> standard lie bracket<unclear>ing </unclear> but here </seg> you kno<seg n="4" type="overlap" xml:id="PRwgd537_ol_101">w er <unclear> here you know </unclear> so all er all here is </seg><pause/></u>
            <u who="#PRwgd537_S11" xml:id="PRwgd537_u_152"><seg n="3" synch="#PRwgd537_ol_100" type="overlap" xml:id="PRwgd537_ol_102"> okay <supplied reason="unintelligible"> xxx </supplied><unclear> this </unclear> satisf<unclear>ies </unclear></seg></u>
            <u who="#PRwgd537_S11" xml:id="PRwgd537_u_153"><seg n="4" synch="#PRwgd537_ol_101" type="overlap" xml:id="PRwgd537_ol_103"> yah okay yah i see okay </seg></u>
            <u who="#PRwgd537_S10" xml:id="PRwgd537_u_154"> is true so <pause/> er <unclear> er n- </unclear><pause/></u>
            <u who="#PRwgd537_S11" xml:id="PRwgd537_u_155"> yah but then here <pause/></u>
            <u who="#PRwgd537_S10" xml:id="PRwgd537_u_156"> mhm </u>
            <u who="#PRwgd537_S11" xml:id="PRwgd537_u_157"> there are no <voice:pvc> isomorphic </voice:pvc><pause/> mor- <voice:pvc> morphism </voice:pvc> between <pause dur="PT1S"/> e<c type="lengthening"/>r <voice:pvc><unclear> non</unclear>-h </voice:pvc><w voice:mode="spelt"> h  </w> is <voice:pvc><unclear> isomorph </unclear></voice:pvc> to <pause/> yah <pause/> has <foreign type="LN" xml:lang="ger"> heisenberg </foreign> algebra  </u>
            <u who="#PRwgd537_S10" xml:id="PRwgd537_u_158"> yes <unclear> is </unclear><anchor synch="#PRwgd537_oc_13" type="other_continuation" xml:id="PRwgd537_oc_12"/></u>
            <u who="#PRwgd537_S11" xml:id="PRwgd537_u_159"><anchor synch="#PRwgd537_oc_12" type="other_continuation" xml:id="PRwgd537_oc_13"/> okay er er <pause/></u>
            <u who="#PRwgd537_S10" xml:id="PRwgd537_u_160"> oh but even ma- may- er may<seg n="5" type="overlap" xml:id="PRwgd537_ol_104">be <supplied reason="unintelligible"> x </supplied></seg></u>
            <u who="#PRwgd537_S11" xml:id="PRwgd537_u_161"><seg n="5" synch="#PRwgd537_ol_104" type="overlap" xml:id="PRwgd537_ol_105"> no this </seg> is just er <pause/> at the moment this is just <supplied reason="unintelligible"> xxxxxx </supplied> dis<seg n="6" type="overlap" xml:id="PRwgd537_ol_106">tribution </seg></u>
            <u who="#PRwgd537_S10" xml:id="PRwgd537_u_162"><seg n="6" synch="#PRwgd537_ol_106" type="overlap" xml:id="PRwgd537_ol_107"> distribution </seg> yes <seg n="7" type="overlap" xml:id="PRwgd537_ol_108"> yes </seg></u>
            <u who="#PRwgd537_S11" xml:id="PRwgd537_u_163"><seg n="7" synch="#PRwgd537_ol_108" type="overlap" xml:id="PRwgd537_ol_109"> and </seg> then <pause/> the converse is <pause dur="PT1S"/> er <pause dur="PT1S"/> so er so <supplied reason="unintelligible"> xx </supplied><unclear> omega </unclear> is  <w voice:mode="spelt"> h  </w> and er <seg n="8" type="overlap" xml:id="PRwgd537_ol_110"> rho </seg><supplied reason="unintelligible"> xx </supplied><unclear> triple </unclear><pause/></u>
            <u who="#PRwgd537_S10" xml:id="PRwgd537_u_164"><seg n="8" synch="#PRwgd537_ol_110" type="overlap" xml:id="PRwgd537_ol_111"> yes </seg></u>
            <u who="#PRwgd537_S11" xml:id="PRwgd537_u_165"> but that doesn't say  <w voice:mode="spelt"> h  </w> is <pause/><seg n="1" type="overlap" xml:id="PRwgd537_ol_112"> e<c type="lengthening"/>r er </seg><pause/></u>
            <u who="#PRwgd537_S10" xml:id="PRwgd537_u_166"><seg n="1" synch="#PRwgd537_ol_112" type="overlap" xml:id="PRwgd537_ol_113"> o- ortho- ortho- </seg></u>
            <u who="#PRwgd537_S11" xml:id="PRwgd537_u_167"> yah becau- <pause/> here <pause/></u>
            <u who="#PRwgd537_S10" xml:id="PRwgd537_u_168"> no  <w voice:mode="spelt"> h  </w> is er no  <w voice:mode="spelt"> h  </w> is distribution <unclear> our </unclear><seg n="2" type="overlap" xml:id="PRwgd537_ol_114"><supplied reason="unintelligible"> x </supplied></seg></u>
            <u who="#PRwgd537_S11" xml:id="PRwgd537_u_169"><seg n="2" synch="#PRwgd537_ol_114" type="overlap" xml:id="PRwgd537_ol_115"><w voice:mode="spelt">  h  </w></seg> is just a distribu<seg n="3" type="overlap" xml:id="PRwgd537_ol_116">tion if </seg><pause/></u>
            <u who="#PRwgd537_S10" xml:id="PRwgd537_u_170"><seg n="3" synch="#PRwgd537_ol_116" type="overlap" xml:id="PRwgd537_ol_117"> just <unclear> as </unclear></seg></u>
            <u who="#PRwgd537_S11" xml:id="PRwgd537_u_171"><unclear> pseu</unclear><seg n="4" type="overlap" xml:id="PRwgd537_ol_118"><unclear>do</unclear><supplied reason="unintelligible">xxx </supplied><supplied reason="unintelligible"> xxx </supplied><foreign type="LN" xml:lang="ger"> heisenberg </foreign></seg></u>
            <u who="#PRwgd537_S10" xml:id="PRwgd537_u_172"><seg n="4" synch="#PRwgd537_ol_118" type="overlap" xml:id="PRwgd537_ol_119"> a<c type="lengthening"/>h <supplied reason="unintelligible"> xxxx </supplied><unclear> assume </unclear></seg> a<c type="lengthening"/>h <anchor synch="#PRwgd537_oc_15" type="other_continuation" xml:id="PRwgd537_oc_14"/></u>
            <u who="#PRwgd537_S11" xml:id="PRwgd537_u_173"><anchor synch="#PRwgd537_oc_14" type="other_continuation" xml:id="PRwgd537_oc_15"/><foreign type="LN" xml:lang="ger"> heisenberg </foreign> then <seg n="5" type="overlap" xml:id="PRwgd537_ol_120"> it's <unclear> two </unclear> beta <unclear> converse </unclear></seg></u>
            <u who="#PRwgd537_S10" xml:id="PRwgd537_u_174"><seg n="5" synch="#PRwgd537_ol_120" type="overlap" xml:id="PRwgd537_ol_121"> ah no no th- no no this </seg> no no this <unclear> enough </unclear> of course no no i i speak about case when <pause/> e<c type="lengthening"/>r we have <supplied reason="unintelligible" voice:ipa="ɒʒ"> x </supplied> already has er ps<seg n="6" type="overlap" xml:id="PRwgd537_ol_122">eudo<supplied reason="unintelligible">xx </supplied></seg> e<c type="lengthening"/>r conform yes and this are the yes this interesting er <pause/></u>
            <u who="#PRwgd537_S11" xml:id="PRwgd537_u_175"><seg n="6" synch="#PRwgd537_ol_122" type="overlap" xml:id="PRwgd537_ol_123"> yah yah </seg></u>
            <u who="#PRwgd537_S10" xml:id="PRwgd537_u_176"> okay we will discuss this lat<seg n="7" type="overlap" xml:id="PRwgd537_ol_124">er because <pause/> this is simple </seg></u>
            <u who="#PRwgd537_S11" xml:id="PRwgd537_u_177"><seg n="7" synch="#PRwgd537_ol_124" type="overlap" xml:id="PRwgd537_ol_125"> okay yah okay okay </seg> okay </u>
            <u who="#PRwgd537_S10" xml:id="PRwgd537_u_178"> okay we </u>
            <u who="#PRwgd537_S11" xml:id="PRwgd537_u_179"> hm </u>
            <u who="#PRwgd537_S10" xml:id="PRwgd537_u_180"> er we can say er okay er till now i think er <pause/> erm <pause/> er <pause dur="PT1S"/> okay i i think er <pause dur="PT1S"/><incident voice:desc="S10 writes something down"/> i we can rewri- rewrite er this <anchor synch="#PRwgd537_oc_17" type="other_continuation" xml:id="PRwgd537_oc_16"/></u>
            <u who="#PRwgd537_S11" xml:id="PRwgd537_u_181"><anchor synch="#PRwgd537_oc_16" type="other_continuation" xml:id="PRwgd537_oc_17"/> hm <pause/></u>
            <u who="#PRwgd537_S10" xml:id="PRwgd537_u_182"> er so we have er this du- er dual <pause dur="PT1S"/> er <pause dur="PT1S"/> er <pause dur="PT2S"/> g- given an okay er two er given mis- is called du- du- okay you have dual one form<c function="fall" type="intonation"/><pause/></u>
            <u who="#PRwgd537_S11" xml:id="PRwgd537_u_183"> yah <pause/></u>
            <u who="#PRwgd537_S10" xml:id="PRwgd537_u_184"> and then we have er we give definition er <incident voice:desc="S10 writes something down"/><pause/> we definiti- admissible <pause/></u>
            <u who="#PRwgd537_S11" xml:id="PRwgd537_u_185"> right </u>
            <u who="#PRwgd537_S10" xml:id="PRwgd537_u_186"> er definition <unclear> er </unclear><pause dur="PT2S"/><incident voice:desc="S10 starts writing"/> three one forms <pause/></u>
            <u who="#PRwgd537_S11" xml:id="PRwgd537_u_187"> mhm <pause dur="PT1S"/></u>
            <u who="#PRwgd537_S10" xml:id="PRwgd537_u_188"> er <pause dur="PT1S"/> omega alpha <pause dur="PT1S"/> er which belong to in fact <pause/> er  <w voice:mode="spelt"> h  </w><pause/> zero <pause/></u>
            <u who="#PRwgd537_S11" xml:id="PRwgd537_u_189"> right <anchor synch="#PRwgd537_oc_19" type="other_continuation" xml:id="PRwgd537_oc_18"/></u>
            <u who="#PRwgd537_S10" xml:id="PRwgd537_u_190"><anchor synch="#PRwgd537_oc_18" type="other_continuation" xml:id="PRwgd537_oc_19"/> which is <voice:pvc><seg n="8" type="overlap" xml:id="PRwgd537_ol_126"> anni</seg>hila<seg n="1" type="overlap" xml:id="PRwgd537_ol_127">tor </seg></voice:pvc></u>
            <u who="#PRwgd537_S11" xml:id="PRwgd537_u_191"><seg n="8" synch="#PRwgd537_ol_126" type="overlap" xml:id="PRwgd537_ol_128"> yah </seg></u>
            <u who="#PRwgd537_S11" xml:id="PRwgd537_u_192"><seg n="1" synch="#PRwgd537_ol_127" type="overlap" xml:id="PRwgd537_ol_129"> yah </seg> yah <pause/></u>
            <u who="#PRwgd537_S10" xml:id="PRwgd537_u_193"><voice:pvc> annihilator </voice:pvc> of  <w voice:mode="spelt"> h  </w><pause dur="PT1S"/> er <pause dur="PT1S"/> three one form <pause/> are called <pause dur="PT1S"/> er admissible <pause dur="PT3S"/> admissible <pause/> er if <pause/> er they are er <pause/><voice:pvc> orthonormal </voice:pvc><pause/><incident voice:desc="S10 stops writing"/></u>
            <u who="#PRwgd537_S11" xml:id="PRwgd537_u_194"> is it also <voice:pvc> pointwise </voice:pvc> or at just one point er<c function="rise" type="intonation"/><pause/></u>
            <u who="#PRwgd537_S10" xml:id="PRwgd537_u_195"> e<c type="lengthening"/>r <seg n="2" type="overlap" xml:id="PRwgd537_ol_130"> er it at at we can say <unclear> at </unclear> any point er does <unclear> at </unclear> er yes er </seg> it's the same </u>
            <u who="#PRwgd537_S11" xml:id="PRwgd537_u_196"><shift corresp="#PRwgd537_s_14" feature="loud" new="p" xml:id="PRwgd537_s_13"/><seg n="2" synch="#PRwgd537_ol_130" type="overlap" xml:id="PRwgd537_ol_131"> this <unclear> er </unclear><pause/> er or or never mind never mind <unclear> okay </unclear><pause/> okay </seg><shift corresp="#PRwgd537_s_13" feature="loud" new="neutral" xml:id="PRwgd537_s_14"/></u>
            <u who="#PRwgd537_S11" xml:id="PRwgd537_u_197"> mhm </u>
            <u who="#PRwgd537_S10" xml:id="PRwgd537_u_198"><incident voice:desc="S10 starts writing"/><voice:pvc> orthonormal </voice:pvc><pause/> er with er respect er to er some <pause/> er metric <pause dur="PT1S"/></u>
            <u who="#PRwgd537_S11" xml:id="PRwgd537_u_199"> yah <pause/></u>
            <u who="#PRwgd537_S10" xml:id="PRwgd537_u_200"> er er in fact it's a  <w voice:mode="spelt"> g  </w> i don't know how to call it  er  <w voice:mode="spelt"> g  </w> minus <seg n="3" type="overlap" xml:id="PRwgd537_ol_132"> two star er </seg> but <pause dur="PT1S"/><incident voice:desc="S10 stops writing"/></u>
            <u who="#PRwgd537_S11" xml:id="PRwgd537_u_201"><seg n="3" synch="#PRwgd537_ol_132" type="overlap" xml:id="PRwgd537_ol_133"><w voice:mode="spelt">  g  </w> minus two mhm </seg></u>
            <u who="#PRwgd537_S10" xml:id="PRwgd537_u_202"> it <seg n="4" type="overlap" xml:id="PRwgd537_ol_134"> is </seg><w voice:mode="spelt"> g  </w> minus two but <unclear> dual to </unclear><w voice:mode="spelt"> g  </w> minus two <pause/></u>
            <u who="#PRwgd537_S11" xml:id="PRwgd537_u_203"><seg n="4" synch="#PRwgd537_ol_134" type="overlap" xml:id="PRwgd537_ol_135"> yah </seg></u>
            <u who="#PRwgd537_S10" xml:id="PRwgd537_u_204"> erm <pause dur="PT1S"/> er erm <pause/> f- f- f- from this conformal  cra- class <pause/></u>
            <u who="#PRwgd537_S11" xml:id="PRwgd537_u_205"> mhm <pause dur="PT3S"/></u>
            <u who="#PRwgd537_S10" xml:id="PRwgd537_u_206"><shift corresp="#PRwgd537_s_16" feature="loud" new="p" xml:id="PRwgd537_s_15"/><unclear> this </unclear><voice:pvc> conformal </voice:pvc> class <shift corresp="#PRwgd537_s_15" feature="loud" new="neutral" xml:id="PRwgd537_s_16"/><pause dur="PT1S"/> and before you have to to remark that <pause/> er on <pause/><incident voice:desc="S10 starts writing"/><w voice:mode="spelt"> h  </w> zero <voice:track medium="1" num="5" type="md"/><pause/> there exist <pause/> er <voice:pvc> conformal </voice:pvc><pause dur="PT2S"/> canonical <unclear> de</unclear><supplied reason="unintelligible">x </supplied> conf- <voice:pvc> conformal </voice:pvc> class of metric <pause/></u>
            <u who="#PRwgd537_S11" xml:id="PRwgd537_u_207"> yah <pause dur="PT3S"/></u>
            <u who="#PRwgd537_S10" xml:id="PRwgd537_u_208"><voice:pvc> conformal </voice:pvc> class of metric is well <seg n="5" type="overlap" xml:id="PRwgd537_ol_136"> defined </seg> and then er they are <voice:pvc> orthonormal </voice:pvc><incident voice:desc="S10 stops writing"/><pause/></u>
            <u who="#PRwgd537_S11" xml:id="PRwgd537_u_209"><seg n="5" synch="#PRwgd537_ol_136" type="overlap" xml:id="PRwgd537_ol_137"> right </seg></u>
            <u who="#PRwgd537_S10" xml:id="PRwgd537_u_210"> and then er it is clear that it is the same <pause/> er that they are dual<c function="fall" type="intonation"/><pause/><seg n="6" type="overlap" xml:id="PRwgd537_ol_138"><supplied reason="unintelligible"> xx </supplied></seg> or equivalently <incident voice:desc="S10 starts writing"/><pause/></u>
            <u who="#PRwgd537_S11" xml:id="PRwgd537_u_211"><seg n="6" synch="#PRwgd537_ol_138" type="overlap" xml:id="PRwgd537_ol_139"> right </seg></u>
            <u who="#PRwgd537_S10" xml:id="PRwgd537_u_212"> equivalently <pause/> e<c type="lengthening"/>r they are dual <pause dur="PT2S"/> dual to  <w voice:mode="spelt"> n  </w><pause/> admissible <pause dur="PT2S"/></u>
            <u who="#PRwgd537_S11" xml:id="PRwgd537_u_213"> right yah </u>
            <u who="#PRwgd537_S10" xml:id="PRwgd537_u_214"> er <unclear> the </unclear><pause dur="PT1S"/> basis <pause/><emph> even </emph> in one point <pause/></u>
            <u who="#PRwgd537_S11" xml:id="PRwgd537_u_215"> mhm </u>
            <u who="#PRwgd537_S10" xml:id="PRwgd537_u_216"> xi bar al<seg n="6" type="overlap" xml:id="PRwgd537_ol_140">pha </seg><pause dur="PT1S"/><incident voice:desc="S10 stops writing"/></u>
            <u who="#PRwgd537_S11" xml:id="PRwgd537_u_217"><seg n="6" synch="#PRwgd537_ol_140" type="overlap" xml:id="PRwgd537_ol_141"> yah </seg></u>
            <u who="#PRwgd537_S10" xml:id="PRwgd537_u_218"><shift corresp="#PRwgd537_s_18" feature="loud" new="p" xml:id="PRwgd537_s_17"/> er erm <shift corresp="#PRwgd537_s_17" feature="loud" new="neutral" xml:id="PRwgd537_s_18"/> but in i- er admissibility practically means that is has <voice:pvc> orthogonal </voice:pvc> er <pause dur="PT1S"/> erm <pause/> er er  </u>
            <u who="#PRwgd537_S11" xml:id="PRwgd537_u_219"> yah <anchor synch="#PRwgd537_oc_21" type="other_continuation" xml:id="PRwgd537_oc_20"/></u>
            <u who="#PRwgd537_S10" xml:id="PRwgd537_u_220"><anchor synch="#PRwgd537_oc_20" type="other_continuation" xml:id="PRwgd537_oc_21"/><voice:pvc> orthogonal </voice:pvc> with respect to s- to <seg n="7" type="overlap" xml:id="PRwgd537_ol_142"> some<supplied reason="unintelligible">x </supplied></seg><pause/></u>
            <u who="#PRwgd537_S11" xml:id="PRwgd537_u_221"><seg n="7" synch="#PRwgd537_ol_142" type="overlap" xml:id="PRwgd537_ol_143"> yah </seg></u>
            <u who="#PRwgd537_S10" xml:id="PRwgd537_u_222"> and then and then we can say that then er <incident voice:desc="S10 starts writing"/> we have su- pro- er <unclear> like </unclear> proposition <pause/> propositi- so if <pause/> omega <pause/></u>
            <u who="#PRwgd537_S11" xml:id="PRwgd537_u_223"> hm <anchor synch="#PRwgd537_oc_23" type="other_continuation" xml:id="PRwgd537_oc_22"/></u>
            <u who="#PRwgd537_S10" xml:id="PRwgd537_u_224"><anchor synch="#PRwgd537_oc_22" type="other_continuation" xml:id="PRwgd537_oc_23"/> er equal omega <pause/> alpha <pause/> er in er  <w voice:mode="spelt"> h  </w> zero <pause/> is er an admissible <pause dur="PT2S"/> admissible triple <pause dur="PT1S"/> then <pause dur="PT1S"/> er we have <pause/> er <pause dur="PT5S"/><w voice:mode="spelt"> d  </w><pause dur="PT1S"/> er omega alpha <pause/> restricted <seg n="1" type="overlap" xml:id="PRwgd537_ol_144"> to  <w voice:mode="spelt"> h  </w></seg></u>
            <u who="#PRwgd537_S11" xml:id="PRwgd537_u_225"><seg n="1" synch="#PRwgd537_ol_144" type="overlap" xml:id="PRwgd537_ol_145"> e<c type="lengthening"/>r </seg> yes<c type="lengthening"/><c type="lengthening"/><pause/></u>
            <u who="#PRwgd537_S10" xml:id="PRwgd537_u_226"> are <voice:pvc> non-degenerate </voice:pvc><pause dur="PT1S"/><incident voice:desc="S10 turns page"/> degenerate and <pause/> define <pause dur="PT1S"/></u>
            <u who="#PRwgd537_S11" xml:id="PRwgd537_u_227"> yah </u>
            <u who="#PRwgd537_S10" xml:id="PRwgd537_u_228"> er <voice:pvc> quaternionic </voice:pvc><pause/></u>
            <u who="#PRwgd537_S11" xml:id="PRwgd537_u_229"><w voice:mode="spelt">  d  </w> ome<seg n="2" type="overlap" xml:id="PRwgd537_ol_146">ga <supplied reason="unintelligible"> x </supplied></seg></u>
            <u who="#PRwgd537_S10" xml:id="PRwgd537_u_230"><seg n="2" synch="#PRwgd537_ol_146" type="overlap" xml:id="PRwgd537_ol_147"> er er </seg> hyp- e<c type="lengthening"/>r almost <pause/> er <voice:pvc> hypercomplex </voice:pvc><pause dur="PT2S"/> structure <pause dur="PT3S"/><w voice:mode="spelt"> j  </w><pause/> er alpha equal <pause/><w voice:mode="spelt"> g  </w> omega <pause/> gamma on  <w voice:mode="spelt"> h  </w><pause/> minus one composed  <w voice:mode="spelt"> d  </w> omega beta </u>
            <u who="#PRwgd537_S11" xml:id="PRwgd537_u_231"> mhm </u>
            <u who="#PRwgd537_S10" xml:id="PRwgd537_u_232"> er of  <w voice:mode="spelt"> h  </w><pause/> er and er then er <pause/> er so proof is very simple er follow <pause/> er <pause/> er indeed er <pause dur="PT1S"/> indeed er that equation star <pause dur="PT1S"/></u>
            <u who="#PRwgd537_S11" xml:id="PRwgd537_u_233"> mhm </u>
            <u who="#PRwgd537_S10" xml:id="PRwgd537_u_234"> star er <pause dur="PT1S"/> can be <unclear> rewritten </unclear><pause/> that <pause dur="PT1S"/><w voice:mode="spelt"> d  </w> omega alpha <pause dur="PT1S"/> on  <w voice:mode="spelt"> x  </w><w voice:mode="spelt"> y  </w><pause/> equal minus rho alpha <pause/> of  <w voice:mode="spelt"> x  </w><w voice:mode="spelt"> y  </w><pause dur="PT1S"/> rho alpha <pause/> of x- maybe xi bar <pause dur="PT2S"/> erm <pause dur="PT3S"/> er e<c type="lengthening"/>r <pause/><seg n="3" type="overlap" xml:id="PRwgd537_ol_148"> where </seg></u>
            <u who="#PRwgd537_S11" xml:id="PRwgd537_u_235"><seg n="3" synch="#PRwgd537_ol_148" type="overlap" xml:id="PRwgd537_ol_149"> x- er </seg> er </u>
            <u who="#PRwgd537_S10" xml:id="PRwgd537_u_236"> where er xi bar equal xi bar alpha <pause/> the dual <pause dur="PT1S"/><incident voice:desc="S10 stops writing"/> dual basis <pause/></u>
            <u who="#PRwgd537_S11" xml:id="PRwgd537_u_237"><shift corresp="#PRwgd537_s_20" feature="loud" new="p" xml:id="PRwgd537_s_19"/> er er so you <unclear> write </unclear><supplied reason="unintelligible"> xx </supplied><unclear> xi </unclear><shift corresp="#PRwgd537_s_19" feature="loud" new="neutral" xml:id="PRwgd537_s_20"/><pause/></u>
            <u who="#PRwgd537_S10" xml:id="PRwgd537_u_238"> er x- x- <unclear> a </unclear> xi <pause/></u>
            <u who="#PRwgd537_S11" xml:id="PRwgd537_u_239"> a<seg n="4" type="overlap" xml:id="PRwgd537_ol_150">h okay yah yah yah okay <voice:track medium="1" num="6" type="md"/> yes yes yes yes </seg></u>
            <u who="#PRwgd537_S10" xml:id="PRwgd537_u_240"><seg n="4" synch="#PRwgd537_ol_150" type="overlap" xml:id="PRwgd537_ol_151"> rh- rho rho alpha xi er dual basis </seg><incident voice:desc="S10 starts writing"/> of <pause/> e<c type="lengthening"/>rm erm erm <pause/><w voice:mode="spelt"> g  </w><pause/><w voice:mode="spelt"> m  </w><pause/> mod <w voice:mode="spelt"> h  </w><pause dur="PT1S"/><incident voice:desc="S10 stops writing"/></u>
            <u who="#PRwgd537_S11" xml:id="PRwgd537_u_241"> right </u>
            <u who="#PRwgd537_S10" xml:id="PRwgd537_u_242"> so it <pause/> er this this is of course <pause dur="PT1S"/> central formula and c- can be reformulated in i<seg n="5" type="overlap" xml:id="PRwgd537_ol_152">n su- in such </seg></u>
            <u who="#PRwgd537_S11" xml:id="PRwgd537_u_243"><seg n="5" synch="#PRwgd537_ol_152" type="overlap" xml:id="PRwgd537_ol_153"><unclear> yah </unclear> so maybe </seg> you need the xi alpha <pause/><shift corresp="#PRwgd537_s_22" feature="loud" new="p" xml:id="PRwgd537_s_21"/> because <shift corresp="#PRwgd537_s_21" feature="loud" new="neutral" xml:id="PRwgd537_s_22"/><pause/> xi alpha bar <pause/> bar xi alpha <pause/></u>
            <u who="#PRwgd537_S10" xml:id="PRwgd537_u_244"> n- n- <pause/><seg n="6" type="overlap" xml:id="PRwgd537_ol_154"> no </seg></u>
            <u who="#PRwgd537_S11" xml:id="PRwgd537_u_245"><seg n="6" synch="#PRwgd537_ol_154" type="overlap" xml:id="PRwgd537_ol_155"><w voice:mode="spelt">  d  </w> o</seg>mega alpha </u>
            <u who="#PRwgd537_S10" xml:id="PRwgd537_u_246"> no no but <seg n="7" type="overlap" xml:id="PRwgd537_ol_156"> i i i </seg></u>
            <u who="#PRwgd537_S11" xml:id="PRwgd537_u_247"><seg n="7" synch="#PRwgd537_ol_156" type="overlap" xml:id="PRwgd537_ol_157"> ah no this </seg> is <supplied reason="unintelligible"> xx </supplied></u>
            <u who="#PRwgd537_S10" xml:id="PRwgd537_u_248"><supplied reason="unintelligible"> x </supplied> i x- xi bar er er i er <seg n="8" type="overlap" xml:id="PRwgd537_ol_158"> drop- i dropped this a</seg>lpha er to simplify notation but <unclear> er er </unclear> by definition er xi bar means <pause/></u>
            <u who="#PRwgd537_S11" xml:id="PRwgd537_u_249"><seg n="8" synch="#PRwgd537_ol_158" type="overlap" xml:id="PRwgd537_ol_159"> ah yah yah okay yah yah </seg></u>
            <u who="#PRwgd537_S10" xml:id="PRwgd537_u_250"> triple of xi bar alpha <pause/></u>
            <u who="#PRwgd537_S11" xml:id="PRwgd537_u_251"> mhm mhm <pause dur="PT1S"/></u>
            <u who="#PRwgd537_S10" xml:id="PRwgd537_u_252"> okay er <pause/> uhu so er so till now we have er really mainly structure which er immediately follow  from <incident voice:desc="S10 writes something down"/><pause/> from definition <shift corresp="#PRwgd537_s_24" feature="loud" new="p" xml:id="PRwgd537_s_23"/> so this is number three <shift corresp="#PRwgd537_s_23" feature="loud" new="neutral" xml:id="PRwgd537_s_24"/><anchor synch="#PRwgd537_oc_25" type="other_continuation" xml:id="PRwgd537_oc_24"/></u>
            <u who="#PRwgd537_S11" xml:id="PRwgd537_u_253"><anchor synch="#PRwgd537_oc_24" type="other_continuation" xml:id="PRwgd537_oc_25"/> mhm <pause dur="PT1S"/></u>
            <u who="#PRwgd537_S10" xml:id="PRwgd537_u_254"> er okay number two number three and <emph> now </emph> er <pause dur="PT2S"/> er and er <pause/> only now we can speak about <voice:pvc> integrability </voice:pvc><pause dur="PT1S"/><incident voice:desc="S10 sorts sheets"/></u>
            <u who="#PRwgd537_S11" xml:id="PRwgd537_u_255"> erm<c type="lengthening"/> ho- how about this <unclear> propor</unclear><seg n="1" type="overlap" xml:id="PRwgd537_ol_160"><unclear>tion </unclear></seg></u>
            <u who="#PRwgd537_S10" xml:id="PRwgd537_u_256"><seg n="1" synch="#PRwgd537_ol_160" type="overlap" xml:id="PRwgd537_ol_161"> ah </seg> abou- er okay let us look at <unclear> this </unclear> yes yes er probably is best er this proposition <pause/><unclear> codi- </unclear> so <pause/> of course it's <unclear> natural </unclear> to understand er er <incident voice:desc="S10 sorts sheet, which causes loud background noise"/><supplied reason="unintelligible"><seg n="2" type="overlap" xml:id="PRwgd537_ol_162"> x</seg>xxxxxx </supplied> condition that some distribution er has such type<c function="fall" type="intonation"/><pause/></u>
            <u who="#PRwgd537_S11" xml:id="PRwgd537_u_257"><seg n="2" synch="#PRwgd537_ol_162" type="overlap" xml:id="PRwgd537_ol_163"> yah </seg></u>
            <u who="#PRwgd537_S11" xml:id="PRwgd537_u_258"> yeah but <pause/> i agree <pause/> so  <w voice:mode="spelt"> h  </w> if  <w voice:mode="spelt"> h  </w> is <voice:pvc> pseudo-<unclear>conformal </unclear></voice:pvc><voice:pvc><unclear> quaternionic </unclear></voice:pvc> structure then  <w voice:mode="spelt"> h  </w> is <pause/><voice:pvc> isomorph </voice:pvc> to the <voice:pvc> quaternionic </voice:pvc><foreign type="LN" xml:lang="ger"> heisenberg </foreign><pause/> algebra<c function="rise" type="intonation"/><pause/></u>
            <u who="#PRwgd537_S10" xml:id="PRwgd537_u_259"> er n- not  <w voice:mode="spelt"> h  </w> er no- not <seg n="3" type="overlap" xml:id="PRwgd537_ol_164"><vocal type="speaker_noise" voice:desc="spel"/> h <vocal type="speaker_noise" voice:desc="spel"/> er grading er <unclear> it is </unclear> er g- grad<unclear>ed </unclear><supplied reason="unintelligible"> xx </supplied></seg> g- associated graded algebra is <voice:pvc> isomorphic </voice:pvc><seg n="4" type="overlap" xml:id="PRwgd537_ol_165"> to </seg> yes  </u>
            <u who="#PRwgd537_S11" xml:id="PRwgd537_u_260"><seg n="3" synch="#PRwgd537_ol_164" type="overlap" xml:id="PRwgd537_ol_166"> ah grading grading grading yah yes yes yes </seg></u>
            <u who="#PRwgd537_S11" xml:id="PRwgd537_u_261"><seg n="4" synch="#PRwgd537_ol_165" type="overlap" xml:id="PRwgd537_ol_167"> okay </seg></u>
            <u who="#PRwgd537_S11" xml:id="PRwgd537_u_262"> and the converse<c type="lengthening"/></u>
            <u who="#PRwgd537_S10" xml:id="PRwgd537_u_263"> yes<c function="rise" type="intonation"/><pause/></u>
            <u who="#PRwgd537_S11" xml:id="PRwgd537_u_264"> suppose <pause/> locally admissible triple that means <pause/> er<seg n="5" type="overlap" xml:id="PRwgd537_ol_168">m<c type="lengthening"/></seg> so <pause/></u>
            <u who="#PRwgd537_S10" xml:id="PRwgd537_u_265"><seg n="5" synch="#PRwgd537_ol_168" type="overlap" xml:id="PRwgd537_ol_169"> mhm </seg></u>
            <u who="#PRwgd537_S11" xml:id="PRwgd537_u_266"><seg n="6" type="overlap" xml:id="PRwgd537_ol_170"> in here </seg></u>
            <u who="#PRwgd537_S10" xml:id="PRwgd537_u_267"><seg n="6" synch="#PRwgd537_ol_170" type="overlap" xml:id="PRwgd537_ol_171"> but er </seg> er yes but admis- admissibility assumes that we have metric in er <pause/></u>
            <u who="#PRwgd537_S11" xml:id="PRwgd537_u_268"> yah <seg n="7" type="overlap" xml:id="PRwgd537_ol_172"> yah but e<c type="lengthening"/>r </seg></u>
            <u who="#PRwgd537_S10" xml:id="PRwgd537_u_269"><seg n="7" synch="#PRwgd537_ol_172" type="overlap" xml:id="PRwgd537_ol_173"> er so er we ne</seg>ed some er other <pause/></u>
            <u who="#PRwgd537_S11" xml:id="PRwgd537_u_270"> but maybe just just this <pause/> p- part not only <supplied reason="unintelligible" voice:ipa="grobəry"> xxx </supplied><pause/></u>
            <u who="#PRwgd537_S10" xml:id="PRwgd537_u_271"> mhm <pause/></u>
            <u who="#PRwgd537_S11" xml:id="PRwgd537_u_272"> not <voice:pvc comment="necessary"> nessary </voice:pvc></u>
            <u who="#PRwgd537_S10" xml:id="PRwgd537_u_273"> yes o<seg n="1" type="overlap" xml:id="PRwgd537_ol_174">kay </seg></u>
            <u who="#PRwgd537_S11" xml:id="PRwgd537_u_274"><supplied reason="unintelligible" voice:ipa="grobəry"><seg n="1" synch="#PRwgd537_ol_174" type="overlap" xml:id="PRwgd537_ol_175"> xx</seg>x </supplied><voice:pvc> conformal </voice:pvc> metric on <anchor synch="#PRwgd537_oc_27" type="other_continuation" xml:id="PRwgd537_oc_26"/></u>
            <u who="#PRwgd537_S10" xml:id="PRwgd537_u_275"><anchor synch="#PRwgd537_oc_26" type="other_continuation" xml:id="PRwgd537_oc_27"/> mhm <pause dur="PT2S"/><seg n="2" type="overlap" xml:id="PRwgd537_ol_176"> yes </seg> so in fact o- o- o- okay we <pause/></u>
            <u who="#PRwgd537_S11" xml:id="PRwgd537_u_276"><seg n="2" synch="#PRwgd537_ol_176" type="overlap" xml:id="PRwgd537_ol_177"> er </seg></u>
            <u who="#PRwgd537_S10" xml:id="PRwgd537_u_277"> can define metric only on  <w voice:mode="spelt"> h  </w> er zero<c function="fall" type="intonation"/><pause dur="PT1S"/></u>
            <u who="#PRwgd537_S11" xml:id="PRwgd537_u_278"> mhm </u>
            <u who="#PRwgd537_S10" xml:id="PRwgd537_u_279"> on <voice:pvc> annihilator </voice:pvc><anchor synch="#PRwgd537_oc_29" type="other_continuation" xml:id="PRwgd537_oc_28"/></u>
            <u who="#PRwgd537_S11" xml:id="PRwgd537_u_280"><anchor synch="#PRwgd537_oc_28" type="other_continuation" xml:id="PRwgd537_oc_29"/> mhm <anchor synch="#PRwgd537_oc_31" type="other_continuation" xml:id="PRwgd537_oc_30"/></u>
            <u who="#PRwgd537_S10" xml:id="PRwgd537_u_281"><anchor synch="#PRwgd537_oc_30" type="other_continuation" xml:id="PRwgd537_oc_31"/> which is three-dimensional bundle <pause/> and assumes that we have s- fixed some metric on this  <w voice:mode="spelt"> h  </w> zero yes <pause/> we have distribution then we have dual <pause/> e<c type="lengthening"/>r this er <pause/> er er <unclear> this </unclear> er </u>
            <u who="#PRwgd537_S11" xml:id="PRwgd537_u_282"> yah but e<c type="lengthening"/>r from under only <pause/> locally admissible but er <pause/> why  <w voice:mode="spelt"> h  </w> becomes er or <pause/> tri- e<c type="lengthening"/>r graded <pause/><supplied reason="unintelligible"> xxx </supplied> becomes <pause/><shift corresp="#PRwgd537_s_26" feature="loud" new="p" xml:id="PRwgd537_s_25"/> er er er <shift corresp="#PRwgd537_s_25" feature="loud" new="neutral" xml:id="PRwgd537_s_26"/><supplied reason="unintelligible"> xxx </supplied> to <foreign type="LN" xml:lang="ger"> heisenberg </foreign><pause/><seg n="3" type="overlap" xml:id="PRwgd537_ol_178"><shift corresp="#PRwgd537_s_28" feature="loud" new="p" xml:id="PRwgd537_s_27"/><foreign type="LN" xml:lang="ger"> heisenberg </foreign> algebra <shift corresp="#PRwgd537_s_27" feature="loud" new="neutral" xml:id="PRwgd537_s_28"/></seg></u>
            <u who="#PRwgd537_S10" xml:id="PRwgd537_u_283"><seg n="3" synch="#PRwgd537_ol_178" type="overlap" xml:id="PRwgd537_ol_179"> e<c type="lengthening"/>r no </seg><unclear> er </unclear> we have to assume this but er we we we can try to <unclear> er </unclear> to <supplied reason="unintelligible"> xxxxx </supplied><pause/> so we we have <incident voice:desc="S10 starts writing"/> on manifold we have er we have distribution  <w voice:mode="spelt"> h  </w></u>
            <u who="#PRwgd537_S11" xml:id="PRwgd537_u_284"><w voice:mode="spelt">  h  </w> yes </u>
            <u who="#PRwgd537_S10" xml:id="PRwgd537_u_285"> and so <voice:pvc> co-dimensional </voice:pvc> three dis<seg n="4" type="overlap" xml:id="PRwgd537_ol_180">tribution and </seg> we have  <w voice:mode="spelt"> h  </w> zero er it will be <pause/></u>
            <u who="#PRwgd537_S11" xml:id="PRwgd537_u_286"><seg n="4" synch="#PRwgd537_ol_180" type="overlap" xml:id="PRwgd537_ol_181"> yes yah </seg></u>
            <u who="#PRwgd537_S10" xml:id="PRwgd537_u_287"> er  <w voice:mode="spelt"> g  </w> er star er <voice:track medium="1" num="7" type="md"/> okay it is <voice:pvc> annihila<seg n="5" type="overlap" xml:id="PRwgd537_ol_182">tor </seg></voice:pvc></u>
            <u who="#PRwgd537_S11" xml:id="PRwgd537_u_288"><voice:pvc><seg n="5" synch="#PRwgd537_ol_182" type="overlap" xml:id="PRwgd537_ol_183"> anni</seg>hilator </voice:pvc> yes <anchor synch="#PRwgd537_oc_33" type="other_continuation" xml:id="PRwgd537_oc_32"/></u>
            <u who="#PRwgd537_S10" xml:id="PRwgd537_u_289"><anchor synch="#PRwgd537_oc_32" type="other_continuation" xml:id="PRwgd537_oc_33"/> of  <w voice:mode="spelt"> h  </w></u>
            <u who="#PRwgd537_S11" xml:id="PRwgd537_u_290"> yah <anchor synch="#PRwgd537_oc_35" type="other_continuation" xml:id="PRwgd537_oc_34"/></u>
            <u who="#PRwgd537_S10" xml:id="PRwgd537_u_291"><anchor synch="#PRwgd537_oc_34" type="other_continuation" xml:id="PRwgd537_oc_35"/> it is in  <w voice:mode="spelt"> t  </w> star  </u>
            <u who="#PRwgd537_S11" xml:id="PRwgd537_u_292"> yah </u>
            <u who="#PRwgd537_S10" xml:id="PRwgd537_u_293"><w voice:mode="spelt">  m  </w> so it is such <pause/><incident voice:desc="S10 stops writing"/></u>
            <u who="#PRwgd537_S11" xml:id="PRwgd537_u_294"> yah <pause/></u>
            <u who="#PRwgd537_S10" xml:id="PRwgd537_u_295"> s- er <pause/> three-dimensional <seg n="6" type="overlap" xml:id="PRwgd537_ol_184"> er </seg> and i assume er <unclear> er g- er we </unclear> erm what we can <pause/></u>
            <u who="#PRwgd537_S11" xml:id="PRwgd537_u_296"><seg n="6" synch="#PRwgd537_ol_184" type="overlap" xml:id="PRwgd537_ol_185"> mhm </seg></u>
            <u who="#PRwgd537_S10" xml:id="PRwgd537_u_297"> er er we okay and we we choose some ba- basis of this yes <pause/> omega a<seg n="7" type="overlap" xml:id="PRwgd537_ol_186">lpha </seg></u>
            <u who="#PRwgd537_S11" xml:id="PRwgd537_u_298"><seg n="7" synch="#PRwgd537_ol_186" type="overlap" xml:id="PRwgd537_ol_187"> okay </seg><pause/> so suppose<c type="lengthening"/> omega alpha is admissible <pause/></u>
            <u who="#PRwgd537_S10" xml:id="PRwgd537_u_299"> in what sense<c function="rise" type="intonation"/><pause/></u>
            <u who="#PRwgd537_S11" xml:id="PRwgd537_u_300"> that er yah in this sense that means </u>
            <u who="#PRwgd537_S10" xml:id="PRwgd537_u_301"> mhm </u>
            <u who="#PRwgd537_S11" xml:id="PRwgd537_u_302"> admissible that is <anchor synch="#PRwgd537_oc_37" type="other_continuation" xml:id="PRwgd537_oc_36"/></u>
            <u who="#PRwgd537_S10" xml:id="PRwgd537_u_303"><anchor synch="#PRwgd537_oc_36" type="other_continuation" xml:id="PRwgd537_oc_37"/> yes yes </u>
            <u who="#PRwgd537_S11" xml:id="PRwgd537_u_304"> er <seg n="8" type="overlap" xml:id="PRwgd537_ol_188"><w voice:mode="spelt"> d  </w> omega alpha<c type="lengthening"/></seg></u>
            <u who="#PRwgd537_S10" xml:id="PRwgd537_u_305"><seg n="8" synch="#PRwgd537_ol_188" type="overlap" xml:id="PRwgd537_ol_189"><unclear> but </unclear><w voice:mode="spelt"> d  </w> er </seg> omega <seg n="9" type="overlap" xml:id="PRwgd537_ol_190"> yes </seg></u>
            <u who="#PRwgd537_S11" xml:id="PRwgd537_u_306"><seg n="9" synch="#PRwgd537_ol_190" type="overlap" xml:id="PRwgd537_ol_191"><unclear> is </unclear></seg><unclear> in fact </unclear> er <seg n="1" type="overlap" xml:id="PRwgd537_ol_192"><supplied reason="unintelligible"> xx </supplied><pause/> pre- previous <unclear> proportion </unclear></seg></u>
            <u who="#PRwgd537_S10" xml:id="PRwgd537_u_307"><seg n="1" synch="#PRwgd537_ol_192" type="overlap" xml:id="PRwgd537_ol_193"> de- define co- er yes <supplied reason="unintelligible"> x </supplied></seg><pause/> yes such that  <w voice:mode="spelt"> d  </w> omega alpha <seg n="2" type="overlap" xml:id="PRwgd537_ol_194"> is of </seg><voice:pvc> quaternionic </voice:pvc> type <pause/></u>
            <u who="#PRwgd537_S11" xml:id="PRwgd537_u_308"><seg n="2" synch="#PRwgd537_ol_194" type="overlap" xml:id="PRwgd537_ol_195"><shift corresp="#PRwgd537_s_30" feature="loud" new="p" xml:id="PRwgd537_s_29"/><supplied reason="unintelligible"> xxx </supplied><shift corresp="#PRwgd537_s_29" feature="loud" new="neutral" xml:id="PRwgd537_s_30"/></seg></u>
            <u who="#PRwgd537_S11" xml:id="PRwgd537_u_309"> right yah <pause/></u>
            <u who="#PRwgd537_S10" xml:id="PRwgd537_u_310"> er <voice:pvc> quaternionic </voice:pvc><pause/><incident voice:desc="S10 starts writing"/> type<c function="rise" type="intonation"/><pause/></u>
            <u who="#PRwgd537_S11" xml:id="PRwgd537_u_311"> and er  <w voice:mode="spelt"> j  </w> alpha gives er </u>
            <u who="#PRwgd537_S10" xml:id="PRwgd537_u_312"> yes  <w voice:mode="spelt"> j  </w> alpha <seg n="3" type="overlap" xml:id="PRwgd537_ol_196"> given by the form er <shift corresp="#PRwgd537_s_32" feature="loud" new="p" xml:id="PRwgd537_s_31"/><w voice:mode="spelt"> g  </w> omega <unclear> and gamma </unclear> minus one  <w voice:mode="spelt"><unclear> g </unclear></w><pause/><supplied reason="unintelligible"> x </supplied> beta <shift corresp="#PRwgd537_s_31" feature="loud" new="neutral" xml:id="PRwgd537_s_32"/></seg><incident voice:desc="S10 stops writing"/></u>
            <u who="#PRwgd537_S11" xml:id="PRwgd537_u_313"><seg n="3" synch="#PRwgd537_ol_196" type="overlap" xml:id="PRwgd537_ol_197"><shift corresp="#PRwgd537_s_34" feature="loud" new="p" xml:id="PRwgd537_s_33"/><unclear> quater- </unclear> hyper- hyperco- hypercom- -complex  structures yah <pause/> yah and <shift corresp="#PRwgd537_s_33" feature="loud" new="neutral" xml:id="PRwgd537_s_34"/> then<c type="lengthening"/></seg> from from this <unclear> theta </unclear><pause/> er <pause/> how to get <pause/><w voice:mode="spelt"> h  </w> is <voice:pvc> pseudo-con<seg n="4" type="overlap" xml:id="PRwgd537_ol_198"><unclear>formal </unclear></seg></voice:pvc><seg n="4" synch="#PRwgd537_ol_198" type="overlap" xml:id="PRwgd537_ol_199"><voice:pvc> quaternionic </voice:pvc> structure </seg></u>
            <u who="#PRwgd537_S10" xml:id="PRwgd537_u_314"><seg n="4" synch="#PRwgd537_ol_198" type="overlap" xml:id="PRwgd537_ol_200"> e<c type="lengthening"/>r okay er </seg> let us look i think er <pause/> mhm <pause/> aha <anchor synch="#PRwgd537_oc_39" type="other_continuation" xml:id="PRwgd537_oc_38"/></u>
            <u who="#PRwgd537_S11" xml:id="PRwgd537_u_315"><anchor synch="#PRwgd537_oc_38" type="other_continuation" xml:id="PRwgd537_oc_39"/> okay this <unclear> proportion </unclear> already <pause/><w voice:mode="spelt"> h  </w> is <pause dur="PT1S"/> er <voice:pvc> pseudo-conformal </voice:pvc><seg n="5" type="overlap" xml:id="PRwgd537_ol_201"><supplied reason="unintelligible"> xx </supplied></seg></u>
            <u who="#PRwgd537_S10" xml:id="PRwgd537_u_316"><seg n="5" synch="#PRwgd537_ol_201" type="overlap" xml:id="PRwgd537_ol_202"> yes yes </seg> yes </u>
            <u who="#PRwgd537_S11" xml:id="PRwgd537_u_317"> there are grad<unclear>ing </unclear></u>
            <u who="#PRwgd537_S10" xml:id="PRwgd537_u_318"> yes yes <pause dur="PT1S"/><incident voice:desc="S11 sorts sheets"/> mhm <pause/> er so what er what er let us er <pause/> look what we need <pause dur="PT1S"/> er <pause dur="PT1S"/> i- in fact e<c type="lengthening"/>r we need e<c type="lengthening"/>r <pause dur="PT1S"/> w- w- we have some map <pause dur="PT1S"/> er <pause dur="PT2S"/> er  <w voice:mode="spelt"> h  </w><pause/><incident voice:desc="S10 starts writing"/><unclear> wage </unclear><w voice:mode="spelt"> h  </w><pause/><unclear> to </unclear> go to <pause/> er  <w voice:mode="spelt"> t  </w><w voice:mode="spelt"> m  </w><pause dur="PT1S"/> mod <w voice:mode="spelt"> h  </w><pause/> which is def- defined by lie bracket </u>
            <u who="#PRwgd537_S11" xml:id="PRwgd537_u_319"> yah <anchor synch="#PRwgd537_oc_41" type="other_continuation" xml:id="PRwgd537_oc_40"/></u>
            <u who="#PRwgd537_S10" xml:id="PRwgd537_u_320"><anchor synch="#PRwgd537_oc_40" type="other_continuation" xml:id="PRwgd537_oc_41"/> so this is <seg n="6" type="overlap" xml:id="PRwgd537_ol_203"> er </seg><w voice:mode="spelt"> x  </w><w voice:mode="spelt"> y  </w><pause/></u>
            <u who="#PRwgd537_S11" xml:id="PRwgd537_u_321"><seg n="6" synch="#PRwgd537_ol_203" type="overlap" xml:id="PRwgd537_ol_204"> yah </seg></u>
            <u who="#PRwgd537_S10" xml:id="PRwgd537_u_322"> er go to <pause/> erm <pause/><w voice:mode="spelt"> x  </w><pause/><w voice:mode="spelt"> y  </w><pause/> mod <pause/> er  <w voice:mode="spelt"> h  </w><pause dur="PT1S"/> er  </u>
            <u who="#PRwgd537_S11" xml:id="PRwgd537_u_323"> it's a <voice:pvc><unclear> non-degenerous </unclear></voice:pvc> yeah er <pause dur="PT1S"/></u>
            <u who="#PRwgd537_S10" xml:id="PRwgd537_u_324"> and e<c type="lengthening"/>r <pause dur="PT2S"/> i think <incident voice:desc="S10 stops writing"/> er er er <pause dur="PT1S"/> we need that er <pause dur="PT4S"/> er no i think <unclear> it er </unclear> wh- what we need that this map er <pause/> so at er <pause dur="PT1S"/> if we restrict to to one <emph> point </emph> so this er this map in fact it is <voice:pvc> pointwise </voice:pvc></u>
            <u who="#PRwgd537_S11" xml:id="PRwgd537_u_325"> okay </u>
            <u who="#PRwgd537_S10" xml:id="PRwgd537_u_326"> so it <seg n="7" type="overlap" xml:id="PRwgd537_ol_205"> is <voice:pvc> pointwise </voice:pvc></seg> yes er or at one point <pause/></u>
            <u who="#PRwgd537_S11" xml:id="PRwgd537_u_327"><seg n="7" synch="#PRwgd537_ol_205" type="overlap" xml:id="PRwgd537_ol_206"> yah okay </seg></u>
            <u who="#PRwgd537_S10" xml:id="PRwgd537_u_328"> er and er <pause/> er we need that this map is <voice:pvc> isomorphic </voice:pvc> to map <pause/> of er <incident voice:desc="S10 starts writing"/><w voice:mode="spelt"> h  </w><pause/> er  <w voice:mode="spelt"> h  </w><w voice:mode="spelt"> n  </w><pause/> er <unclear> wage </unclear><w voice:mode="spelt"> h  </w><w voice:mode="spelt"> n  </w><pause/> go to <pause/> image  <w voice:mode="spelt"> h  </w><incident voice:desc="S10 stops writing"/></u>
            <u who="#PRwgd537_S11" xml:id="PRwgd537_u_329"> yah yah </u>
            <u who="#PRwgd537_S10" xml:id="PRwgd537_u_330"> er so if <pause/> we assume <pause/> er this <pause/> but er maybe we can write er this in such <pause/> er in such form <pause/> er <pause dur="PT1S"/> o- yah okay er of course we we can do this <pause dur="PT1S"/> er <pause dur="PT1S"/> aha <pause/> e<c type="lengthening"/>r in fact <pause dur="PT1S"/><shift corresp="#PRwgd537_s_36" feature="loud" new="p" xml:id="PRwgd537_s_35"/> y- y- <shift corresp="#PRwgd537_s_35" feature="loud" new="neutral" xml:id="PRwgd537_s_36"/> you you think er b- basis xi bar alpha <pause/><voice:track medium="1" num="8" type="md"/> this map i- if we choose some ba- basis er x- xi alpha <anchor synch="#PRwgd537_oc_43" type="other_continuation" xml:id="PRwgd537_oc_42"/></u>
            <u who="#PRwgd537_S11" xml:id="PRwgd537_u_331"><anchor synch="#PRwgd537_oc_42" type="other_continuation" xml:id="PRwgd537_oc_43"/> okay <pause/></u>
            <u who="#PRwgd537_S10" xml:id="PRwgd537_u_332"> then we can wr- this er map can be written <unclear> that </unclear><incident voice:desc="S10 starts writing"/><w voice:mode="spelt"> x  </w><w voice:mode="spelt"> y  </w><pause/> equal <pause/> er rho alpha of  <w voice:mode="spelt"> x  </w><pause/><w voice:mode="spelt"> y  </w> er xi bar alpha <pause/> yes </u>
            <u who="#PRwgd537_S11" xml:id="PRwgd537_u_333"> mhm </u>
            <u who="#PRwgd537_S10" xml:id="PRwgd537_u_334"> er and er </u>
            <u who="#PRwgd537_S11" xml:id="PRwgd537_u_335"> yah yah <seg n="1" type="overlap" xml:id="PRwgd537_ol_207"> yah </seg></u>
            <u who="#PRwgd537_S10" xml:id="PRwgd537_u_336"><seg n="1" synch="#PRwgd537_ol_207" type="overlap" xml:id="PRwgd537_ol_208"> if this </seg> three form <incident voice:desc="S10 stops writing"/> are admissible then i think all is <seg n="2" type="overlap" xml:id="PRwgd537_ol_209"> okay </seg></u>
            <u who="#PRwgd537_S11" xml:id="PRwgd537_u_337"><seg n="2" synch="#PRwgd537_ol_209" type="overlap" xml:id="PRwgd537_ol_210"> yah er </seg> i yes er </u>
            <u who="#PRwgd537_S10" xml:id="PRwgd537_u_338"> er er i- q- it has <voice:pvc> quat<seg n="3" type="overlap" xml:id="PRwgd537_ol_211">ernionic </seg></voice:pvc><seg n="3" synch="#PRwgd537_ol_211" type="overlap" xml:id="PRwgd537_ol_212"> type </seg></u>
            <u who="#PRwgd537_S11" xml:id="PRwgd537_u_339"><seg n="3" synch="#PRwgd537_ol_211" type="overlap" xml:id="PRwgd537_ol_213"> o<c type="lengthening"/>h yes yes yes </seg> yah <pause/> yah <seg n="4" type="overlap" xml:id="PRwgd537_ol_214"> yah </seg></u>
            <u who="#PRwgd537_S10" xml:id="PRwgd537_u_340"><seg n="4" synch="#PRwgd537_ol_214" type="overlap" xml:id="PRwgd537_ol_215"> so </seg><pause/> er rho rho alpha <pause/> er <unclear> o- </unclear> it is belong f- er two form <incident voice:desc="S10 starts writing"/><pause dur="PT1S"/> er <pause dur="PT1S"/> two form <anchor synch="#PRwgd537_oc_45" type="other_continuation" xml:id="PRwgd537_oc_44"/></u>
            <u who="#PRwgd537_S11" xml:id="PRwgd537_u_341"><anchor synch="#PRwgd537_oc_44" type="other_continuation" xml:id="PRwgd537_oc_45"/> right yeah <pause/></u>
            <u who="#PRwgd537_S10" xml:id="PRwgd537_u_342"> er on <pause/> er  <w voice:mode="spelt"> h  </w> er are of <voice:pvc> quaternionic </voice:pvc><pause/> er <voice:pvc> quaternionic </voice:pvc> type <pause/></u>
            <u who="#PRwgd537_S11" xml:id="PRwgd537_u_343"> mhm mhm <incident voice:desc="S10 stops writing"/></u>
            <u who="#PRwgd537_S10" xml:id="PRwgd537_u_344"> then of course it will be <supplied reason="unintelligible"> xx </supplied><incident voice:desc="discussion continues"/></u>
         </div>
      </body>
   </text>
</TEI>